battery_id,raw_cycle_index,discharge_cycle,ambient_temperature,capacity,capacity_reference,soh,voltage_mean,voltage_min,voltage_max,voltage_std,current_mean,current_min,current_max,current_std,temperature_mean,temperature_min,temperature_max,temperature_std,discharge_time,num_measurements,capacity_local_median,is_local_outlier,is_below_floor,is_anomalous,is_valid,protocol_block,segment_id,cc_duration_s,cv_duration_s,charge_duration_s,cv_time_fraction,charge_throughput_ah,charge_cc_ah,cc_time_3v8_4v1_s,charge_temp_max,charge_temp_rise,ica_peak_height,ica_peak_voltage,charge_ambient_temperature,cicli_interposti,temperature_mean_rise,temperature_max_rise,voltage_mean_rel,voltage_min_rel,voltage_max_rel,voltage_std_rel,temperature_mean_rise_rel,temperature_max_rise_rel,temperature_std_rel,discharge_time_rel,num_measurements_rel,cc_time_3v8_4v1_s_rel,charge_cc_ah_rel,cv_time_fraction_rel,ica_peak_height_rel,ica_peak_voltage_rel,charge_temp_rise_rel,charge_throughput_ah_rel,cv_duration_s_rel,charge_duration_s_rel,cc_duration_s_rel
B0005,1,0,24.0,1.8564874208181574,1.8353491942234077,1.0115172778353463,3.5298286688693397,2.612467347907089,4.191491807505295,0.2359570706808563,-1.8187019641679727,-2.0180146876333027,0.000728585272845447,0.593546181674474,32.572328114029,24.325993424022467,38.98218133148803,3.4869204762216834,3690.234,197,1.8355054271454785,False,False,False,True,B0005_p1,0,1403.125,5694.641,7597.875,0.7495044338055048,0.7836578105698254,0.5036708227771844,96.65889043601715,27.445134031590747,2.7897761976756357,2.7880543455939444,4.175,24.0,0.0,8.572328114028998,14.982181331488029,0.9964671453596559,1.0075278730602,1.0007235804663626,1.0050780216557909,1.0,1.0110254999167978,1.026808887894857,1.0105686730979304,1.0102564102564102,0.04089357767076507,0.3180313330759316,1.319393349762451,0.5361093673492521,1.0450563204005006,2.7897761976756357,0.4188351379057811,0.9640980763718776,0.7246736554283175,0.35415814794061373
B0005,3,1,24.0,1.846327249719927,1.8353491942234077,1.0059814533011329,3.5373201277859714,2.587208728940726,4.189773213846608,0.23476492928592219,-1.8175598506612867,-2.016820542901454,0.002927403359080335,0.5951796218062511,32.72523522519307,24.685948163596,39.033397966787035,3.4267342264664666,3672.344,196,1.8353491942234077,False,False,False,True,B0005_p1,0,3988.281,6090.374999999999,10516.0,0.5791531951312285,1.8856013558752658,1.5940297245139536,2348.4700990860215,29.34194895777482,9.84485793189549e-05,5.304541572398271,3.995,24.0,0.0,8.725235225193067,15.033397966787035,0.9985819768094288,0.997786598144743,1.0003132642165709,1.0,1.0178372910054423,1.0144816938555539,1.0090855768531664,1.0056695058468235,1.005128205128205,0.9935696961886292,1.0065133323676754,1.019514814969205,1.0199996391571131,1.0,9.84485793189549e-05,1.0077818319057972,1.0310955197848948,1.0029999388624038,1.0066688373642683
B0005,5,2,24.0,1.8353491942234077,1.8353491942234077,1.0,3.5437367282719,2.6519168938437794,4.188186735991303,0.22752543549673088,-1.8164865418840956,-2.016573862170142,0.0014836763652280672,0.5964980204475099,32.64286193755933,24.734266163954402,38.818796689817404,3.379475042762775,3651.641,195,1.8353058609027602,False,False,False,True,B0005_p1,0,3973.14,5920.25,10484.547,0.5646643579355407,1.8787377654597517,1.589392911667713,2363.6692102173015,29.553300732538816,0.0,5.281392641650074,3.9850000000000003,24.0,0.0,8.642861937559331,14.818796689817404,1.0003933767862936,1.0227420410545391,0.9999344907696449,0.969162796967965,1.0082280825689467,1.0,0.9951689561006943,1.0,1.0,1.0,1.003585523759302,0.994009328170788,1.0155483777827283,0.9974968710888611,0.0,1.0041135052465882,1.002293496050165,1.0,1.0028471475519074
B0005,7,3,24.0,1.8352625275821128,1.8353491942234077,0.9999527792086826,3.5436661072601456,2.592947964776547,4.188461118855572,0.23274431724182537,-1.8255891938692528,-2.0159359571668354,0.001547011952723541,0.5834624841611844,32.51487646204882,24.652243741292516,38.7623045063458,3.3865437316993527,3631.563,194,1.8352625275821128,False,False,False,True,B0005_p1,0,3961.86,5906.703000000001,10397.89,0.5680674636873444,1.8710412275536272,1.5837109127402689,2366.2855274000995,29.456340289732644,0.0,5.200532793111312,3.975,24.0,0.0,8.514876462048818,14.7623045063458,1.0003734405444569,1.0,1.0,0.9913930413275831,0.9932980106202237,0.9961878022450755,0.9972505041816838,0.9945016500800599,0.9948717948717949,1.0011068880414775,0.9999977564880768,1.0,1.0,0.9949937421777222,0.0,1.0,1.0,0.9917347883508938,1.0
B0005,9,4,24.0,1.8346455082120419,1.8353491942234077,0.9996165928458842,3.5423432526672167,2.547419651124539,4.188298524761055,0.2366885716567803,-1.8261139590277586,-2.017425579158831,0.001701454824503414,0.5834685498827803,32.38234901543077,24.518700434435164,38.66539257343368,3.3958806914600226,3629.172,194,1.8352043352523866,False,False,False,True,B0005_p1,0,3960.921,5748.719000000001,10495.203,0.5477472898809105,1.8685532230437336,1.583714465822556,2369.6496313731823,29.4813335075363,0.0,5.139056687476138,3.995,24.0,0.0,8.38234901543077,14.665392573433678,1.0,0.9824414858028468,0.9999611804694127,1.0081939085906453,0.9778380976473218,0.9896480045178611,1.0,0.9938468759661752,0.9948717948717949,1.0025301430208717,1.0,0.9642292947486641,0.9881788831873909,1.0,0.0,0.998670256714147,0.9732534376622626,1.0010163529239746,0.9997629901107055
B0005,11,5,24.0,1.8356616600675495,1.8353491942234077,1.0001702487162254,3.5413347346347575,2.5209480504077413,4.188815807948604,0.23931625998293235,-1.8168108743168803,-2.0162347618032066,0.0024899497555445145,0.5967015706365189,32.43418218230641,24.51442664842638,38.75169504640032,3.4173255675455376,3652.281,195,1.8351461429226603,False,False,False,True,B0005_p1,0,3976.328,5865.546,10792.672,0.5434748688739915,1.869298009591491,1.586718832653152,2372.512539831387,29.39582042914756,0.0,5.18575429092255,3.995,24.0,0.0,8.434182182306408,14.751695046400322,0.9997152963559645,0.9722324106203146,1.0000846824365721,1.0193867572590753,0.9838846658824797,0.995471856128292,1.0063149674661553,1.0001752636691283,1.0,1.0037413566906312,1.0018970381943413,0.956708320075715,0.9971582715124233,1.0,0.0,0.9990683166482571,0.9930321534703876,1.029388489555152,1.0036518201046982
B0005,13,6,24.0,1.8351461429226603,1.8353491942234077,0.9998893663933891,3.5410250495075215,2.487927319492314,4.18839163793879,0.2425153341196382,-1.816791144707133,-2.01583310669507,0.002314295882739856,0.5964919190059063,32.480416444757985,24.575581239008407,38.8207012322275,3.419542558294876,3650.828,195,1.8346455082120419,False,False,False,True,B0005_p1,0,3964.703,5707.5,10789.985,0.5289627372049173,1.8680425731260961,1.5848576304282704,2375.942589504483,29.438424119486054,0.0,5.141922577370882,3.995,24.0,0.0,8.480416444757985,14.8207012322275,0.999627872550549,0.9594975885706662,0.9999834113497034,1.0330134695045388,0.9892780971460255,1.0001285220689615,1.0069678145331662,0.9997773603703102,1.0,1.005192511386165,1.0007218249440695,0.931161826751004,0.9887299593960708,1.0,0.0,0.998397333857014,0.9662750945832216,1.0291322076194613,1.0007175922420277
B0005,15,7,24.0,1.8257567905665537,1.8353491942234077,0.9947735266471115,3.554133296801584,2.6652049047458775,4.188927891511958,0.22731251096165395,-1.8443412120754061,-2.0166395518034546,0.002227616056915605,0.5573831672048897,32.41046186109587,24.71132429046902,38.51713023385634,3.3516161723228617,3572.453,191,1.8257567905665537,False,False,False,True,B0005_p1,0,3976.484,5780.4529999999995,10127.562,0.5707645137102098,1.8688907259231158,1.5875195591187135,2381.5269219110555,29.510810563981206,0.010894320376223732,5.0868059872666045,3.995,24.0,0.0,8.410461861095868,14.517130233856342,1.003328317809261,1.0278667142383464,1.000111442518658,0.9682558278745635,0.9811175854703661,0.9796429857109552,0.9869652313614912,0.9783144071391464,0.9794871794871794,1.0075550807264237,1.0024026384668914,1.004747763593709,0.9781317010450639,1.0,0.010894320376223732,0.9988506390993195,0.9786259779779004,0.9659513186406622,1.003691195549565
B0005,17,8,24.0,1.8247738529891333,1.8353491942234077,0.9942379677570027,3.5529355991467955,2.6038584726333673,4.189029250882121,0.2324538495076242,-1.853972745505648,-2.018357230695621,0.005401028321021492,0.5424840616663397,32.3461408313,24.628487294051176,38.526267904657,3.3724043396197616,3550.594,190,1.8247738529891333,False,False,False,True,B0005_p1,0,3957.438,5610.561999999996,10147.952999999994,0.5528762303096989,1.8572532693547563,1.5794820429522778,2376.4783824999304,29.668813794471543,0.0,5.154857964329961,3.9450000000000003,24.0,0.0,8.346140831299998,14.526267904656997,1.0029902089447722,1.0042077619778846,1.0001356421870533,0.9901557707732261,0.9736142527770449,0.9802596127551021,0.9930868148874313,0.9723283312899598,0.9743589743589743,1.0054191898880178,0.9973275341220806,0.9732580470653279,0.9912172789599841,0.9874843554443055,0.0,0.992630863502191,0.9498635702523041,0.9678961809222653,0.9988838575820448
B0005,19,9,24.0,1.824613268496936,1.8353491942234077,0.994150472422217,3.5512057319376997,2.552853984885676,4.189223427076418,0.23672870147542147,-1.8535899338510957,-2.0160718378149842,0.0030191479674457028,0.5423346882876612,32.27679750791685,24.561560340089137,38.52698128472781,3.384318782535614,3551.25,190,1.8246195526864504,False,False,False,True,B0005_p1,0,3953.922,5670.0779999999995,10162.094,0.5579635457022932,1.8580506271123867,1.5786942864310896,2373.582783918472,29.779288735822295,0.0,5.198996701241554,3.9450000000000003,24.0,0.0,8.276797507916847,14.52698128472781,1.002501869140945,0.9845372986903242,1.0001820019809697,1.0083648447639622,0.9655250473172506,0.9803077529709202,0.9965953135652014,0.9725079765508164,0.9743589743589743,1.0041941459736912,0.9968301234219901,0.9822135245707151,0.9997046279812345,0.9874843554443055,0.0,0.9930570207380061,0.9599395805070948,0.9692449277970712,0.9979963956323544
B0005,21,10,24.0,1.8246195526864504,1.8353491942234077,0.9941538963970846,3.549292319740949,2.4724483018527317,4.188916055911241,0.2430973444996006,-1.863380178294828,-2.0160713863396573,0.002626400189938571,0.5267409991401001,32.15709350345252,24.43128509546442,38.54143406601644,3.4192563180601603,3530.25,189,1.824613268496936,False,False,False,True,B0005_p1,0,3936.328,5600.969000000001,10119.375,0.5534896176888395,1.856732743445014,1.5737033565473384,2370.8176657003023,29.71100043300344,0.0,5.144902184800763,3.9450000000000003,24.0,0.0,8.157093503452522,14.541434066016443,1.0019617147684658,0.9535279286122504,1.0001086167551183,1.0354925892850473,0.951561045604761,0.9812830535699604,1.0068835241058152,0.9667571374075381,0.9692307692307692,1.0030243045228582,0.9936787157715214,0.9743378261731809,0.9893029021210601,0.9874843554443055,0.0,0.99235266230487,0.9482394831769939,0.9651704551469892,0.9935555521901329
B0005,24,11,24.0,1.8142019357673917,1.8353491942234077,0.988477801105874,3.559759220648976,2.64956413267546,4.189876247266316,0.22886185175957943,-1.872968810287894,-2.016851865845563,0.00236452370176732,0.5116979707844124,32.36407129853099,24.74037188089418,38.52197451768004,3.3635991447660745,3491.016,187,1.8142019357673917,False,False,False,True,B0005_p1,0,3642.062,5527.343,9586.875,0.5765531520959645,1.7314068497162716,1.449917246058461,2278.3648185731486,30.37677905152779,0.0,4.90916736625408,3.9450000000000003,24.0,0.0,8.364071298530988,14.521974517680043,1.004916510552343,1.0218346718360745,1.0003378635662568,0.9748553689671708,0.975705921107104,0.9799698870056488,0.990493910232144,0.9560129267909961,0.958974358974359,0.963910181985105,0.9155168291686957,1.0149378180428417,0.943973927586193,0.9874843554443055,0.0,0.9253707637324878,0.9357746614312584,0.9143814224877813,0.9192808428364454
B0005,26,12,24.0,1.8137521577549054,1.8353491942234077,0.9882327371072072,3.558081969139198,2.5724981777366227,4.189286794768804,0.23460775776275253,-1.8826095043160833,-2.016393908986775,0.0018583785527610795,0.4942824152307196,32.3181954403762,24.733107699311514,38.582485834057856,3.3739283176724415,3470.281,186,1.8137521577549054,False,False,False,True,B0005_p1,0,3935.891,5536.688,9952.359,0.5563191601106833,1.8449986463994243,1.5690363279108874,2365.5168444097344,30.05302011094364,0.0,5.032865012561579,3.9450000000000003,24.0,0.0,8.3181954403762,14.582485834057856,1.004443024108443,0.9921133060448103,1.0001971310917785,0.9993305153216551,0.9703542992904228,0.9840533033345462,0.9935355874419302,0.9503346577607164,0.9538461538461539,1.000781680526381,0.990731828098795,0.9793188233305908,0.9677594994167082,0.9874843554443055,0.0,0.9860812360675487,0.9373567623088547,0.9492407254218995,0.9934452504631662
B0005,28,13,24.0,1.8134404914735822,1.8353491942234077,0.9880629240371364,3.555692244172496,2.5249886697730286,4.188837765892728,0.237911318298918,-1.882536787636365,-2.0158117255163046,0.0022664654273509715,0.49428703573729343,32.15709029211502,24.44798340505406,38.520294134873915,3.426023279669047,3470.0,186,1.8134404914735822,False,False,False,True,B0005_p1,0,3920.4839999999967,5530.843999999997,10758.031000000003,0.5141130379713533,1.8465002862835944,1.5664869503160288,2363.1860269963117,30.168468843680714,0.0008624557540564126,5.0049356321260685,3.955,24.0,0.0,8.157090292115022,14.520294134873915,1.0037684071116564,0.9737907216316333,1.0000899249214612,1.013402295745647,0.9515606709880341,0.9798564916442505,1.0088762212067188,0.9502577060559896,0.9538461538461539,0.999795579170342,0.989122082371345,0.9050210949140246,0.962389014978555,0.9899874843554443,0.0008624557540564126,0.9868838051729518,0.9363673778756094,1.0260844841460486,0.9895564204691727
B0005,30,14,24.0,1.8025980036306504,1.8353491942234077,0.9821553355100824,3.562746818017503,2.694621861688723,4.189110301768517,0.22392608690207388,-1.8817935155260215,-2.0193509920362724,0.001319946437255823,0.49541451927035984,32.04407000314609,24.463097121123557,38.21358592965045,3.360458061989185,3450.297,185,1.8134404914735822,False,False,False,True,B0005_p1,0,3921.547,5545.094000000001,9921.75,0.558882656789377,1.8460379461269096,1.565966092967371,2357.824224874488,30.06078601207466,0.0,5.112266466661928,3.9450000000000003,24.0,0.0,8.04407000314609,14.21358592965045,1.0057599063374005,1.0392116996921448,1.0001549931811526,0.9538310836426186,0.9383763542580235,0.9591592507249378,0.9895689417004788,0.9448620496921795,0.9487179487179487,0.9975271559499327,0.9887931990025951,0.9838314857211703,0.9830274454636067,0.9874843554443055,0.0,0.9866367020360053,0.9387798912523618,0.9463212859840296,0.9898247287890031
B0005,32,15,24.0,1.80210690024615,1.8353491942234077,0.9818877551575009,3.5614521756489204,2.64010141737067,4.18921207304098,0.22796979172772144,-1.8921861285036712,-2.0164420273602586,0.0030782527761262007,0.4770160473926998,31.931593674911532,24.32051139249706,38.1983618706913,3.385244667118977,3429.407,184,1.8134404914735822,False,False,False,True,B0005_p1,0,3908.891,5551.4529999999995,10000.25,0.5551314217144571,1.8353980169119612,1.5576230380669194,2348.2015400038044,29.84105303532721,0.0,5.08853893981833,3.9450000000000003,24.0,0.0,7.931593674911532,14.1983618706913,1.005394430076,1.0181852675929755,1.0001792911917047,0.971055567887123,0.9252554929542565,0.9581319028722197,0.9968679628916902,0.9391413339920327,0.9435897435897436,0.9934560766173897,0.9835251692658594,0.9772279829425204,0.9784649270087614,0.9874843554443055,0.0,0.9809500666704875,0.9398564647655381,0.9538084954934152,0.9866302696208347
B0005,34,16,24.0,1.802579500826209,1.8353491942234077,0.9821452541563545,3.5603420474985823,2.5739035098380962,4.188899969428112,0.23297600498562532,-1.9027629207037406,-2.016465255161054,0.0009018486465400538,0.4571130109358775,31.941655359029298,24.357321702352365,38.31926916027133,3.4008083552683144,3409.484,183,1.8134404914735822,False,False,False,True,B0005_p1,0,3899.094,5705.1089999999995,9936.031,0.5741838969705307,1.834900826301357,1.554900872726996,2344.6267525085996,29.90236309006016,0.0,4.966166217166152,3.955,24.0,0.0,7.941655359029298,14.319269160271332,1.0050810419960892,0.9926552884218438,1.0001047760884219,0.9923799338097978,0.9264292329212671,0.966290951957704,1.001451070946245,0.9336854307419595,0.9384615384615385,0.9919436875403765,0.9818063206989811,1.010767089604964,0.9549341220854132,0.9899874843554443,0.0,0.9806843372983697,0.9658703002334802,0.9476833858439473,0.9841574412018597
B0005,36,17,24.0,1.8030683142834096,1.8353491942234077,0.9824115868295804,3.5591189041401865,2.4942396831720126,4.188779799856791,0.23873643876806222,-1.9133470605822436,-2.0181069603406625,-0.00044812397487015555,0.4358942318853322,31.965008645476725,24.382419922756025,38.4787542519308,3.414795247499799,3390.422,182,1.8134404914735822,False,False,False,True,B0005_p1,0,3888.797,5578.406999999999,9989.532,0.5584252595617092,1.834661181521189,1.5529957747770773,2342.171899458154,30.108307461804788,0.0,4.9862085286700895,3.9450000000000003,24.0,0.0,7.9650086454767255,14.478754251930802,1.0047357498346154,0.9619320237253427,1.0000760854624589,1.0169169624024341,0.9291534971044368,0.977053302977005,1.005569852936042,0.928465311896761,0.9333333333333333,0.9909051102979121,0.9806033905047878,0.9830263045465633,0.9587880178882597,0.9874843554443055,0.0,0.9805562563257867,0.9444197549800621,0.952786229104605,0.9815584094339527
B0005,38,18,24.0,1.8027776247196041,1.8353491942234077,0.9822532030382449,3.557886771846508,2.4556793246645583,4.189272591516219,0.24145031412156678,-1.9131602105481538,-2.0170254305215485,0.002337558709004184,0.43619046586394566,31.966241678512723,24.355030419469987,38.54659017774874,3.433369080629228,3390.281,182,1.8134404914735822,False,False,False,True,B0005_p1,0,3909.703,5543.8279999999995,10158.782,0.5457177838839341,1.835329673902751,1.5575272695457756,2339.2184991404315,30.32132377942574,0.0,5.090231699399747,3.9450000000000003,24.0,0.0,7.9662416785127235,14.54659017774874,1.0043879201055932,0.9470607810196383,1.0001937400485812,1.0284769316097568,0.9292973358632426,0.981630997592692,1.011039371690378,0.928426699119656,0.9333333333333333,0.9896556121426897,0.9834646984403346,0.9606566451485572,0.9787904243469687,0.9874843554443055,0.0,0.9809135399450449,0.9385655584849955,0.9689290343207007,0.9868352238595003
B0005,41,19,24.0,1.8470259949329193,1.8353491942234077,1.0063621684343576,3.5520375235511907,2.632142800798914,4.187614060563439,0.23416563071224794,-1.8553455745575975,-2.01684718332263,0.005955165804640151,0.5400579358950733,32.37143341978575,24.549424447285215,38.44749852224995,3.358265608227543,3591.734,192,1.8251136435078368,False,False,False,True,B0005_p1,0,3870.953,5764.218999999999,10289.312,0.5602142300670832,1.8288344945944341,1.5455575075164543,2391.2264629518363,29.01875034428269,4.579780537720641,5.611344122164928,3.965,24.0,1.0,8.371433419785753,14.447498522249951,1.0027366830915312,1.0151159362065116,0.9997977638402038,0.9974472397751354,0.9765647451228012,0.9749441081256897,0.9889233201487101,0.983594499021125,0.9846153846153847,1.0116586756790733,0.9759066680708233,0.9861755264607382,1.0789940849133346,0.9924906132665832,4.579780537720641,0.9774421149370514,0.975877575019431,0.9813787853686,0.9770544643172651
B0005,45,20,24.0,1.847417311283644,1.8353491942234077,1.0065753792783518,3.5525668436897124,2.5027764692056795,4.1876287811083985,0.2441722414090925,-1.8746995273150975,-2.016190951623346,0.0016182635202416972,0.5078881766945342,32.70024990461686,24.917503693363493,38.992275791716615,3.4144547200965945,3552.297,190,1.8251136435078368,False,False,False,True,B0005_p1,0,4037.5310000000027,5778.547000000006,10283.077999999994,0.5619472107476,1.88243653382891,1.610631819301188,2451.7948959203723,29.356471957843606,3.8135241897085486,5.480363148574069,3.955,24.0,1.0,8.70024990461686,14.992275791716615,1.0028861096436088,0.9652243327688073,0.9998012783875619,1.0400711986742834,1.0149226428207423,1.0117066928935206,1.005469576326189,0.9727946969595314,0.9743589743589743,1.0372834258373105,1.016996342497037,0.9892261864462055,1.053808016715792,0.9899874843554443,3.8135241897085486,1.00609035552369,0.9783032937325619,0.9807841960172426,1.0190998672340776
B0005,49,21,24.0,1.8361774213478947,1.8353491942234077,1.000451264057594,3.556794038327039,2.617507742871704,4.187447226312926,0.23311973567394634,-1.873827212788385,-2.016760348146938,0.002519215784369448,0.5090210348494151,32.32266411829938,24.56596639952811,38.51424197364312,3.395181230789341,3531.578,189,1.8251136435078368,False,False,False,True,B0005_p1,0,4033.703,5752.280999999999,10281.39,0.5594847583838372,1.882375027570816,1.611056985243191,2451.835943007271,29.32754285404437,3.345382397609754,5.440282870956858,3.9450000000000003,24.0,1.0,8.322664118299379,14.514241973643117,1.004079442512789,1.0094717589511184,0.9997579319674041,0.9929921661766943,0.9708755903403845,0.9794480805325064,0.9997940267240717,0.9671208095209797,0.9692307692307692,1.0373007916712103,1.017264803732429,0.9848913978494797,1.046101060676537,0.9874843554443055,3.345382397609754,1.0060574827803275,0.9738564813568581,0.9806231971681751,1.018133654394653
B0005,53,22,24.0,1.8257807475776242,1.8353491942234077,0.9947865797550137,3.5614100044534203,2.694074478000972,4.187344026387161,0.22484633144049296,-1.883193546754683,-2.0160230713598764,0.0037933120349866447,0.49304941109665107,31.98795810666763,24.21658146702539,38.165816144899125,3.404274898198559,3492.907,187,1.8251136435078368,False,False,False,True,B0005_p1,0,3997.75,5619.313,10081.797,0.5573721629189716,1.8701735128097836,1.5970442529118307,2437.1764295311086,28.938506516868497,3.368368268458692,5.530270941104527,3.955,24.0,1.0,7.98795810666763,14.165816144899125,1.0053825251891801,1.0390005949205925,0.9997332928642022,0.9577509388834254,0.9318306532848386,0.9559356566807501,1.0024718791680893,0.9565307761633742,0.958974358974359,1.0310987760030301,1.0084167868494853,0.9811724813476392,1.0634046858487252,0.9899874843554443,3.368368268458692,0.9995362396450355,0.9513451074144068,0.9615863231859231,1.0090588763863437
B0005,57,23,24.0,1.8251136435078368,1.8353491942234077,0.9944231044709169,3.5566107947817986,2.6237674644021887,4.187438187636325,0.23067449635182954,-1.873239184822504,-2.01719076462715,0.00343888873867598,0.51045002675325,31.894456524691385,24.054990657817566,38.16526203587147,3.436465900023053,3511.594,188,1.8251136435078368,False,False,False,True,B0005_p1,0,3951.328,5738.312999999999,10797.328,0.5314567641179373,1.8616414126295429,1.581507814824853,2423.460487953216,28.754789972770777,3.443099215280842,5.467621069736412,3.995,24.0,1.0,7.894456524691385,14.165262035871471,1.0040277130410327,1.011885892059657,0.9997557739727745,0.982576473638825,0.9209232800797433,0.9558982643715598,1.011951305787949,0.9616482014524429,0.9641025641025641,1.0252959582827657,0.9986066610835957,0.9355521977411523,1.0513578679820823,1.0,3.443099215280842,0.9949761583092562,0.9714917103500883,1.0298325716886003,0.9973416526580949
B0005,61,24,24.0,1.8255815042203762,1.8353491942234077,0.9946780209271487,3.5586742170266272,2.5010798299873738,4.18774138117799,0.23845858592777874,-1.9139593751505897,-2.0161148625656655,0.0012614422239159216,0.4336815885962881,31.78039681801023,24.024851602995685,38.27549578575718,3.4449494445307676,3431.9370000000054,184,1.8251136435078368,False,False,False,True,B0005_p1,0,3956.453,5701.157000000001,10099.218,0.564514698068702,1.860069384502559,1.5817888684588537,2417.1720257197526,28.688602374299098,3.4775103803841283,5.57226589001192,3.955,24.0,1.0,7.780396818010232,14.27549578575718,1.0046102151018579,0.9645700044747754,0.9998281617861173,1.015733425998046,0.907617710675034,0.9633370431194627,1.0144494926438798,0.9398341731840576,0.9435897435897436,1.0226354920016631,0.9987841259234176,0.9937458737812913,1.0714798101827203,0.9899874843554443,3.4775103803841283,0.9941359693792458,0.9652012298569946,0.9632479114262161,0.9986352369846486
B0005,65,25,24.0,1.8140311275083907,1.8353491942234077,0.9883847352960877,3.564103182686905,2.6849988185249796,4.188261122540052,0.22371289710668404,-1.9030532722310995,-2.0168636304742815,0.0031353992245556606,0.45609178373993275,31.688747146342205,23.93622764909489,37.982160799183106,3.4231952488727075,3431.125,184,1.8251136435078368,False,False,False,True,B0005_p1,0,3944.657,5736.312000000001,10078.719,0.5691509010222431,1.860519291022216,1.5793087681621658,2410.43447053897,28.633407089003214,3.4116860815204255,5.56712674116084,3.955,24.0,1.0,7.688747146342205,13.982160799183106,1.006142806743334,1.0355004631789304,0.9999522506453218,0.9529229846516906,0.8969263710005718,0.9435422519016551,1.008043438475732,0.9396118074038494,0.9435897435897436,1.0197850274985683,0.9972181237492821,1.0019072335667072,1.0704916135775786,0.9899874843554443,3.4116860815204255,0.9943764272125801,0.9711529426822374,0.9612927482703829,0.9956578475766433
B0005,69,26,24.0,1.8147691941158939,1.8353491942234077,0.9887868749051747,3.559588063594272,2.547109116468133,4.187338767288234,0.23399060506233524,-1.9134590742247914,-2.024643671910137,0.0011043615738374486,0.434873129767018,31.596747992569153,23.811534187517502,38.11100191887773,3.461139819499428,3412.406,183,1.8251136435078368,False,False,False,True,B0005_p1,0,3931.484,5695.313,10617.375,0.5364144150508011,1.848220933845893,1.5692818772289958,2400.3221119499926,28.589954117359028,3.4746330277194453,5.390411890412609,3.995,24.0,1.0,7.596747992569153,14.111001918877733,1.0048681930849221,0.9823217245655895,0.999732037248171,0.9967017040154073,0.8861942626923874,0.9522366906196894,1.0192171439366287,0.9344856189313243,0.9384615384615385,1.0155067813948981,0.9908868745566051,0.9442794198578417,1.0365114700464562,1.0,3.4746330277194453,0.9878034255089229,0.9642118454237497,1.0126689307606709,0.992332894145679
B0005,73,27,24.0,1.813969388710352,1.8353491942234077,0.9883510965758742,3.556833231052199,2.471314764334132,4.187560306288175,0.23947202414141244,-1.913620909902553,-2.017291134571006,-3.060676830687782e-05,0.43491395027052004,31.565586498787077,23.754765330883426,38.18831137948753,3.480274215150429,3410.688,183,1.8199041089501267,False,False,False,True,B0005_p1,0,3931.469,5763.2029999999995,10564.157,0.5455431039125981,1.8498397720271518,1.5697243259822042,2393.0435301491525,28.50176643400805,3.469578186012523,5.636894795782652,3.955,24.0,1.0,7.565586498787077,14.18831137948753,1.004090506580375,0.9530907669206169,0.9997849299439974,1.0200502471549209,0.8825591365787383,0.957453677007182,1.0248517340148726,0.9340151455195076,0.9384615384615385,1.0124274241949238,0.9911662486248205,0.9603491465106275,1.0839071725976521,0.9899874843554443,3.469578186012523,0.9886686326232393,0.9757055670481483,1.0075930796056327,0.992329108045211
B0005,77,28,24.0,1.802765665167823,1.8353491942234077,0.98224668681135,3.5624410850948944,2.6613903306108773,4.18805176248713,0.22469381728284948,-1.9025819745719061,-2.01713712589233,0.0037901043107805275,0.45735642874148813,31.59124667045208,23.79410930748377,37.998541119085836,3.455173082508427,3410.718,183,1.8147691941158939,False,False,False,True,B0005_p1,0,3921.078,5724.859999999999,10143.984,0.5643601172872511,1.848052507926951,1.5667210877391395,2389.5312068013627,28.530897709955585,3.522036062068956,5.432776201663724,3.955,24.0,1.0,7.59124667045208,13.998541119085836,1.0056735982354463,1.0263955801520406,0.999902265687367,0.9571012926261784,0.8855525091286071,0.9446476263963323,1.0174600925166521,0.9340233610039979,0.9384615384615385,1.0109414618899586,0.9892699230510658,0.9934737568386177,1.0446576183232696,0.9899874843554443,3.522036062068956,0.9877134082947312,0.9692141284232503,0.9675176237943327,0.9897063500477048
B0005,81,29,24.0,1.804077040117352,1.8353491942234077,0.9829611965916448,3.5591407106855666,2.541762355407921,4.187667484260542,0.2337381121665522,-1.9130621638638965,-2.0159460285100574,0.0006901740069088986,0.4362089113558066,31.603485399391182,23.801300986918452,38.194201649765226,3.4825819327963465,3392.719,182,1.8140311275083907,False,False,False,True,B0005_p1,0,3879.625,5762.780999999994,10790.452999999994,0.5340629350778875,1.8373644744977817,1.551988588792971,2378.837286254768,28.577658552419905,3.544329804325919,5.451819101123251,3.955,24.0,1.0,7.603485399391182,14.194201649765226,1.004741905800829,0.9802596850905039,0.999810518810487,0.9956261903236857,0.8869802110056588,0.9578511634158958,1.025531297832212,0.9290943441592424,0.9333333333333333,1.0064171737618361,0.9799674261274699,0.9401399819860613,1.0483193391924759,0.9899874843554443,3.544329804325919,0.9820010630658964,0.9756341227923585,1.0291768447411218,0.9792433352011428
B0005,85,30,24.0,1.8518025516704486,1.8353491942234077,1.0089647013760794,3.5573161327793144,2.628919415830567,4.2010701773378685,0.2244802327371113,-1.920618117118412,-2.0167372379007014,0.0008475435827522827,0.4205282536761078,31.91556385491565,23.78129749955371,38.45796400011448,3.5076959837591097,3470.672,371,1.813969388710352,False,False,False,True,B0005_p1,0,14.75,32.37500000000001,1674.484,0.019334314332056925,0.011721969163161636,0.0062221564472586645,,24.01713143780734,0.11845380611313772,,,24.0,0.0,7.91556385491565,14.45796400011448,1.0042268292607792,1.0138728009750553,1.0030104274874447,0.9561915121645572,0.9233855435329728,0.9756503380634902,1.0329267434454577,0.9504417329085745,1.9025641025641025,,0.0039288372882462595,0.03403524329057197,,,0.11845380611313772,0.006264944347852786,0.005481061092795761,0.15970971373393622,0.003722998793495984
B0005,89,31,24.0,1.8307038456739428,1.8353491942234077,0.9974689565538342,3.561870782772737,2.6312552691827045,4.1996223345495824,0.22326557144507364,-1.9298830859597569,-2.0183057226929555,0.0011650883880798665,0.399294272689169,32.081128118597164,24.2036410699716,38.49126351534004,3.3915014198167084,3414.109,365,1.8093079637028517,False,False,False,True,B0005_p1,0,3945.625,5568.906999999999,10113.656,0.5506324320305138,1.8519201071914502,1.5708184040206212,2400.9250111754372,28.988708015070493,3.19262930482725,5.453146979761314,3.955,24.0,1.0,8.081128118597164,14.491263515340037,1.005512602453423,1.0147736495010837,1.0026647533252167,0.9510175652052212,0.9426993473770604,0.977897451369825,0.9987104165189528,0.9349519846008958,1.8717948717948718,1.0157618505995223,0.9918570789872551,0.9693081671256805,1.048574674307336,0.9899874843554443,3.19262930482725,0.9897804922304263,0.9428114127288942,0.9646249857051525,0.9959021772601757
B0005,93,32,24.0,1.8199041089501267,1.8353491942234077,0.9915846612067649,3.5617586337260088,2.654880745360911,4.199853323702163,0.22104596048351946,-1.9293005284805407,-2.016579511976592,0.0019472390588109682,0.4002852377219257,31.849792632896243,24.00078927251757,38.31473393357882,3.3803301579998144,3395.219,363,1.80460990458052,False,False,False,True,B0005_p1,0,3891.063,5684.968999999994,10137.89,0.5607645180604637,1.8398338272214465,1.5525256051662033,2390.354325853665,29.096040691287843,3.126264142837929,5.386987655102275,3.955,24.0,1.0,7.849792632896243,14.314733933578822,1.0054809428883476,1.02388508424607,1.0027199022560591,0.9415629547218517,0.9157130395008686,0.9659849064138288,0.9954207656649084,0.9297789678667755,1.8615384615384616,1.0112896997266003,0.9803065127398747,0.9871442282938068,1.0358530307198415,0.9899874843554443,3.126264142837929,0.9833208376851299,0.9624606146610033,0.9669363874280881,0.9821303630113128
B0005,97,33,24.0,1.8093079637028517,1.8353491942234077,0.9858112937840285,3.5597307651083123,2.6749688422803803,4.199103467081427,0.21897224844365457,-1.923330987770314,-2.0193879194408373,0.0018372947715281892,0.4135159697940358,31.465690433362017,23.53999092882516,37.861934640176806,3.416430218751927,3386.0,362,1.804077040117352,False,False,False,True,B0005_p1,0,3844.75,5710.0779999999995,10651.657,0.5360741525942865,1.8289894011626648,1.5359597630942048,2370.0056044778175,28.801172039065204,3.09513662708207,5.309417167940757,3.995,24.0,1.0,7.465690433362017,13.861934640176806,1.0049084775813308,1.0316322882749795,1.002540873109206,0.9327298123688927,0.870905818589011,0.9354291667758626,1.0060513101486699,0.9272543494828763,1.8564102564102565,1.00268074493382,0.9698463935520422,0.9436804373808204,1.0209371576261714,1.0,3.09513662708207,0.9775249065751774,0.9667115478804331,1.0159386953008078,0.9704406516131312
B0005,101,34,24.0,1.80460990458052,1.8353491942234077,0.983251530695283,3.5575937553540915,2.6159705726789904,4.199998536865001,0.22364252387843475,-1.9284469980320087,-2.015814483813837,0.0074961910680886356,0.40194096557758924,31.40934895665031,23.566095747572557,37.90665575786083,3.39766676229326,3368.187,360,1.804077040117352,False,False,False,True,B0005_p1,0,3843.844,5787.39,10032.485,0.5768650538724952,1.8187135985128813,1.529599622485057,2348.4388339140473,28.45707570576707,3.181678266715661,5.311082730405716,3.955,24.0,1.0,7.409348956650309,13.906655757860833,1.0043052018393168,1.0088789317083064,1.0027545720688418,0.9526232242553514,0.864333336065914,0.9384470310883379,1.0005259521742709,0.9223762686419612,1.8461538461538463,0.9935564687996871,0.9658304293448551,1.0154868756750217,1.0212574252855093,0.9899874843554443,3.181678266715661,0.9720328829369709,0.9798004064196217,0.9568830203155178,0.9702119711448662
B0005,105,35,24.0,1.7993770651972192,1.8353491942234077,0.9804003896700381,3.5597237883937995,2.658447162110498,4.19967522099872,0.22067304968852833,-1.9231439161693824,-2.019901495893039,0.001392374886299951,0.4145005123309109,31.902247475518077,23.9730227457941,38.34003238560517,3.4319633187951024,3368.266,360,1.7993770651972192,False,False,False,True,B0005_p1,0,3848.391,5773.860000000001,10574.297,0.5460277879465651,1.814306329020008,1.5279153807907548,2343.340229952159,28.65264667440442,3.3680966963784194,5.245082772895138,4.005,24.0,1.0,7.902247475518077,14.34003238560517,1.0049065080617177,1.0252605136021677,1.0026773800269184,0.9399745113537328,0.9218321289622239,0.9676920930738451,1.0106254107883768,0.9223979027511193,1.8461538461538463,0.9913993970995317,0.9647669537432557,0.9612023621319218,1.0085664260867344,1.0025031289111388,3.3680966963784194,0.9696773658975972,0.9775097884555901,1.0085602172416224,0.9713596644000545
B0005,109,36,24.0,1.7884432335370462,1.8353491942234077,0.9744430319668902,3.559061771422033,2.6979426084271156,4.1991847248803165,0.2174117074890921,-1.9170149640438081,-2.016522387288751,0.0025753372180031702,0.42729035615010547,31.649024294808623,23.755161868961988,38.0745950590744,3.429628733786301,3358.719,359,1.7884432335370462,False,False,False,True,B0005_p1,0,3816.657,5682.5779999999995,10461.735,0.5431773983951992,1.8081731547184299,1.5184239473739893,2336.8682985371875,28.898824039759212,3.2381603363355005,5.306589032636457,3.9450000000000003,24.0,1.0,7.649024294808623,14.074595059074397,1.0047196213247342,1.0404923836023128,1.0025602735039056,0.9260825633129579,0.8922925246282456,0.9497798879139507,1.0099379352199116,0.9197834617367917,1.841025641025641,0.9886613103203007,0.9587738068587662,0.9561846666405025,1.0203933411718178,0.9874843554443055,3.2381603363355005,0.9663994187250503,0.962055820311263,0.997824226454419,0.9633497902500341
B0005,113,37,24.0,1.7829230484252723,1.8353491942234077,0.9714353290571942,3.557015527748059,2.6617272246516333,4.200012480335,0.2202112122344345,-1.922048805055383,-2.017112121704317,0.0011747056452339859,0.4161258984825695,31.48874626238971,23.51454265913581,38.07252758016199,3.4678195183884166,3339.5,357,1.7829230484252723,False,False,False,True,B0005_p1,0,3789.453,5838.780999999999,9993.062000000005,0.5842834758755621,1.7985955336426296,1.506593423578775,2316.0189410771345,28.633513419804633,3.2207601874006357,5.391666254726028,3.955,24.0,1.0,7.488746262389711,14.072527580161989,1.0041419687574868,1.026525507186957,1.0027579010886425,0.9380072777660815,0.8735953830481643,0.9496403705863509,1.0211841443986258,0.91452034852276,1.8307692307692307,0.9798405508968041,0.9513036952631954,1.0285459267160963,1.036752669239562,0.9899874843554443,3.2207601874006357,0.9612805464443347,0.9885008608017024,0.9531229150863652,0.9564833184413382
B0005,117,38,24.0,1.7730337158018288,1.8353491942234077,0.9660470723403966,3.5562481933590964,2.699288287625812,4.1992373656547874,0.21711532049783672,-1.9162302821549877,-2.018009988339822,0.0023816748049826563,0.42893766203569794,31.329995610092634,23.27146353182613,37.80133585100446,3.5094402484809746,3331.265,356,1.773037755078937,False,False,False,True,B0005_p1,0,3746.985,5862.875,10602.281,0.5529824195378333,1.79297805820615,1.493691311249742,2295.944937522834,28.473512860821305,3.1971128704222913,5.149698040603616,3.955,24.0,1.0,7.3299956100926345,13.80133585100446,1.0039253510176942,1.041011360156018,1.0025728415504929,0.9248200792095745,0.8550764171166954,0.9313398476198758,1.0334403847892926,0.9122651980301458,1.8256410256410256,0.9713478212595403,0.9431569537845591,0.9734449777292409,0.9902250875958264,0.9899874843554443,3.1971128704222913,0.9582782205983007,0.9925799553490329,1.011229288208637,0.9457641107964441
B0005,121,39,24.0,1.773037755078937,1.8353491942234077,0.9660492731625184,3.5532756526091784,2.6127932408838532,4.1993957811187075,0.2242097776623701,-1.9220800182578983,-2.017724236336294,0.0021374370347549054,0.4172895950868297,31.569551201845574,23.439367870877128,38.39873985476869,3.562748483599031,3321.188,355,1.7730337158018288,False,False,False,True,B0005_p1,0,3749.469,5896.514999999999,10667.969,0.5527307962743424,1.7832703253883397,1.4880939872644219,2277.6553197499416,28.25409621799234,3.1406008168864368,5.138231728135654,3.955,24.0,1.0,7.569551201845574,14.398739854768692,1.0030862057011922,1.0076535574091308,1.0026106634281289,0.955039487134397,0.8830216367310608,0.9716537824331344,1.0491382964538916,0.9095056167898213,1.8205128205128205,0.9636100135773853,0.9396226525540573,0.9730020316364342,0.9880202534136152,0.9899874843554443,3.1406008168864368,0.9530898085660853,0.9982751799100104,1.0174945088233187,0.9463910890339385
B0005,125,40,24.0,1.7678721106662054,1.8353491942234077,0.9632347436827934,3.556266431640255,2.6637064901468075,4.1995786980260705,0.22065598640894563,-1.9162417890311958,-2.016792488625222,0.00151986195803867,0.42954821430451323,32.111426258867944,24.020578317587123,38.74929237918251,3.542509758652166,3321.844,355,1.7678721106662054,False,False,False,True,B0005_p1,0,3743.875,5830.266,10504.781,0.5550107136931269,1.7819367055373578,1.4871608075341831,2279.4867799561803,28.7817612001126,3.374418543798548,5.216400239624081,3.955,24.0,1.0,8.111426258867944,14.749292379182513,1.003930499666444,1.0272888335329005,1.0026543350540966,0.9399018289491052,0.946233759483988,0.99530971966957,1.0431785096457855,0.909685262050678,1.8205128205128205,0.9643848513585443,0.9390334177201416,0.9770154940586357,1.0030511194033402,0.9899874843554443,3.374418543798548,0.9523770397444566,0.987059278247103,1.0019298878625849,0.9449791259660866
B0005,129,41,24.0,1.7623150704093087,1.8353491942234077,0.9602069600466401,3.5563095420140822,2.6668454289754746,4.199546957512695,0.22086472080479183,-1.9158809823517762,-2.0172551326315866,0.0018244735178706453,0.4301866281036963,32.271676011112376,24.256086319320033,38.87275464755104,3.505491291733021,3311.828,354,1.7676172924938447,False,False,False,True,B0005_p1,0,3754.657,5795.7660000000005,10246.781,0.5656182170771484,1.7769173632611193,1.487340957507465,2278.181898537208,29.239711164174615,3.2515325621118762,4.998119136590624,3.965,24.0,1.0,8.271676011112376,14.87275464755104,1.0039426696823774,1.0284994011460218,1.0026467569693358,0.9407909498091975,0.9649276020565998,1.00364118348224,1.0322775180378532,0.9069423856288172,1.8153846153846154,0.9638327938145649,0.9391471692689022,0.9956884582082948,0.9610782847502073,0.9924906132665832,3.2515325621118762,0.9496943932039519,0.9812184563875989,0.9773222438699546,0.9477005749824577
B0005,133,42,24.0,1.7676172924938447,1.8353491942234077,0.9630959046143682,3.558950851054106,2.684431051981017,4.194091469340824,0.2248771520046519,-1.9114406265753041,-2.0159457514475405,0.0005228307091433465,0.43944109419390154,31.842291659678658,23.99270220171187,38.503541429116005,3.5341086843673057,3327.391,179,1.7676172924938447,False,False,False,True,B0005_p1,0,3709.515999999994,5808.264999999999,10166.218999999997,0.5713299113465883,1.7717560483021102,1.4742243592878135,2263.3371267183,29.20215112477588,3.1891612978439383,5.164308926611882,3.955,24.0,1.0,7.842291659678658,14.503541429116005,1.00468830861447,1.0352814975260614,1.0013442527757763,0.9578822215424354,0.9148380177894027,0.9787259878585133,1.0407046081609697,0.9112043051329526,0.9179487179487179,0.9575524007059442,0.9308649956178338,1.0057430637517368,0.9930345855048904,0.9899874843554443,3.1891612978439383,0.946935867692594,0.9833345268925826,0.9696383639655578,0.9363066842341713
B0005,135,43,24.0,1.762668359743147,1.8353491942234077,0.9603994516634671,3.5534418211598053,2.645224362345869,4.200715235801255,0.22263448201480376,-1.9158166997544155,-2.021877555086194,0.002427106886628309,0.4299853699579859,31.759815453754253,23.826487051861594,38.27009094548294,3.4611972406700215,3312.078,354,1.7676172924938447,False,False,False,True,B0005_p1,0,3729.968,5858.343999999999,10804.922,0.5421921602025446,1.7830335024500183,1.482651329306908,2269.7063403875236,28.994866075880225,4.982930268287994,5.320005184092749,3.955,24.0,0.0,7.759815453754253,14.270090945482941,1.0031331149188414,1.0201609898383854,1.0029256847796717,0.9483293892830787,0.9052168034789718,0.9629723144314747,1.0192340530025856,0.9070108479995705,1.8153846153846154,0.9602470305812633,0.9361860116222671,0.9544502983556875,1.0229731059747746,0.9899874843554443,4.982930268287994,0.9529632357600808,0.9918128607448179,1.0305568757524766,0.94146890601889
B0005,139,44,24.0,1.7517304870664143,1.8353491942234077,0.9544398921904477,3.5510121537420285,2.6603527244917,4.1990980807180325,0.22130511019697496,-1.9151304155635374,-2.0169903181968984,0.0006158711833322257,0.4310379045239763,31.41911167391793,23.348558306380394,38.11684755251712,3.5319955005201416,3293.172,352,1.7673642076278957,False,False,False,True,B0005_p1,0,3703.469,5866.327999999994,10758.985,0.5452492033402774,1.7720514811988974,1.470988657709652,2250.627130954923,28.689379753778315,3.296873925955058,5.023763633285723,3.995,24.0,1.0,7.419111673917929,14.116847552517122,1.0024472222075838,1.02599541550035,1.002539587108634,0.9426668236610657,0.8654722002271729,0.9526311648649165,1.0400823295713602,0.901833449673722,1.8051282051282052,0.952175169531448,0.9288218864286525,0.9598317773756079,0.9660094134855299,1.0,3.296873925955058,0.9470937652805448,0.9931645454325353,1.0261754752017422,0.9347803809321884
B0005,143,45,24.0,1.7418496047960008,1.8353491942234077,0.9490562396945016,3.551317608213948,2.6926849789916263,4.199398534411534,0.21900720749034402,-1.9148485784393638,-2.016185456554963,0.0008035192993614022,0.43231390245118795,31.331626572312267,23.236214188565974,38.04152715355532,3.538620015044167,3275.328,350,1.762668359743147,False,False,False,True,B0005_p1,0,3673.703,5905.281,10317.515,0.5723549711340377,1.7612390409815157,1.458464120856268,2226.4968071781714,28.49879598287713,3.395968630427916,5.0565238806414134,3.955,24.0,1.0,7.331626572312267,14.041527153555322,1.0025334517031839,1.0384647187563882,1.0026113207800174,0.9328787232253642,0.8552666760752814,0.9475484040619725,1.042033079649443,0.8969468794988336,1.794871794871795,0.9419663282636239,0.9209135562822337,1.007547532152014,0.9723088156158434,0.9899874843554443,3.395968630427916,0.9413149293798956,0.9997592565598776,0.9840687442194688,0.9272672431635646
B0005,147,46,24.0,1.7360913511847138,1.8353491942234077,0.9459188238668158,3.549003180550162,2.670544734728978,4.199122915612965,0.22112880899864104,-1.9144128654409127,-2.0170647431651068,0.0014889451776809062,0.4327839754033059,31.35934131425137,23.214801785728056,38.17980302242767,3.580882360514829,3265.016,349,1.7623150704093087,False,False,False,True,B0005_p1,0,3656.547,5925.5779999999995,10805.734,0.5483734839299208,1.7515467638250122,1.448902228714466,2204.7358607283813,28.4799079867521,3.448407837614578,4.991811349078896,3.955,24.0,1.0,7.35934131425137,14.17980302242767,1.001880091060608,1.0299260806643753,1.0025455164688997,0.9419158546007799,0.8584997233374069,0.9568795172263338,1.0544782593570055,0.8941229436300009,1.7897435897435898,0.932759901934709,0.9148759198596632,0.965331618132837,0.9598653729654603,0.9899874843554443,3.448407837614578,0.9361347778077274,1.0031955221042936,1.0306343230661277,0.9229369538550075
B0005,149,47,24.0,1.7936240148573608,1.8353491942234077,0.9772658088731163,3.5597648340955175,2.605158060541757,4.190409478081396,0.22690811654164278,-1.9388813849818083,-2.0168134548386294,0.002493114712392233,0.3772637665356265,34.31088483888259,26.647373946169793,40.71218198711114,3.3312911329320847,3328.937,356,1.7570177850353066,False,False,False,True,B0005_p1,0,3648.703,5679.188,9946.391,0.570979765424464,1.7429935781568953,1.4481678623651013,2240.91368059929,29.03785527005412,4.857274552413855,5.193798381535205,3.965,24.0,0.0,10.310884838882593,16.712181987111137,1.004918095222755,1.0047089628990151,1.0004651730481757,0.9665332774866449,1.2028103336371796,1.1277691662100173,0.9809800271575005,0.911627676433691,1.8256410256410256,0.9480656899504452,0.9144122211531017,1.0051266828735725,0.9987050535312407,0.9924906132665832,4.857274552413855,0.9315634270848466,0.9614818960763727,0.948671506742256,0.9209570757169612
B0005,153,48,24.0,1.7831890223273275,1.8353491942234077,0.9715802463856744,3.5623454342368555,2.672012007453096,4.199933846791869,0.22196151611679193,-1.927509725704535,-2.0165540953857675,0.002858970104521588,0.40406682162522617,33.43585640373788,25.69911743242072,39.885261233152924,3.3758093419223836,3329.266,356,1.7517304870664143,False,False,False,True,B0005_p1,0,3867.0,5440.844000000001,10063.547,0.5406487394553829,1.8137948947557965,1.5356319339600295,2356.069510344116,31.187717740405038,3.051520305865502,5.18787836317,3.955,24.0,1.0,9.43585640373788,15.885261233152924,1.0056465960927354,1.0304919511500348,1.0027391272380803,0.945462837196024,1.1007343953967044,1.0719670136285986,0.9940895009685957,0.9117177729136025,1.8256410256410256,0.9967847870419708,0.9696393934006575,0.9517333310132117,0.9975667050964329,0.9899874843554443,3.051520305865502,0.9694040238372086,0.9211304512855987,0.9598456661980723,0.9760567006406081
B0005,157,49,24.0,1.7673642076278957,1.8353491942234077,0.9629580099473776,3.558336657621618,2.674271233724938,4.199365021329158,0.22116302424041023,-1.9267185977839403,-2.022483480851903,0.0012369720338688353,0.4055885131371584,32.66698125020078,24.833281081823134,39.18287352945846,3.410710826213734,3301.579,353,1.7468706179837907,False,False,False,True,B0005_p1,0,3778.438,5513.594,10376.172,0.5313707213026152,1.7909892588533056,1.5027322883528038,2320.119697468445,30.582056460987562,3.3187772221654086,5.072501735780607,3.995,24.0,1.0,8.666981250200777,15.182873529458462,1.00451492241537,1.0313632475672914,1.0026033194923307,0.9420615971606812,1.0110417070966842,1.0245685832164246,1.0043670953431922,0.9041357022774145,1.8102564102564103,0.9815754621837067,0.9488656704113065,0.9354007319015782,0.975381165272086,1.0,3.3187772221654086,0.9572152833826174,0.9334469669458577,0.989663358846119,0.9537030586643647
B0005,161,50,24.0,1.7570177850353066,1.8353491942234077,0.9573207052725214,3.554013138622869,2.6309416727017187,4.19902365945384,0.22441709628144815,-1.9261308349663746,-2.0168041459037114,0.0027115029184951785,0.4068434847542995,32.28423408691397,24.361616832363048,38.951564804030774,3.477296802755773,3283.563,351,1.7418496047960008,False,False,False,True,B0005_p1,0,3729.280999999997,5568.140999999989,9756.858999999997,0.5706899115791251,1.775684314887958,1.4822981807857627,2282.0222974605235,29.82743733628493,3.379099088561066,5.057452559947647,3.995,24.0,1.0,8.284234086913969,14.951564804030774,1.0032943972741393,1.0146527074362042,1.0025218189446043,0.955922577380068,0.9663925571580081,1.0089594396220174,1.0239749622242313,0.8992020299914477,1.8,0.9654575553957181,0.9359630241275094,1.004616437411779,0.9724873894934014,1.0,3.379099088561066,0.9490353759920364,0.942681729553693,0.930594235497251,0.9412955026174568
B0005,165,51,24.0,1.7468706179837907,1.8353491942234077,0.9517919660639539,3.552376095886298,2.6629725743154204,4.199432142144215,0.22204569380260106,-1.9202346781375206,-2.0172800396238526,0.003127245831423531,0.42017980834668417,32.00739178780946,24.019157444608588,38.607510759873634,3.5114636089072517,3275.125,350,1.7417172507457144,False,False,False,True,B0005_p1,0,3717.406,5773.797,10610.906,0.5441379840703516,1.7680476994881105,1.473482712023843,2255.6666734887613,29.510756491862573,3.424242532214258,5.0687427705714905,3.955,24.0,1.0,8.00739178780946,14.607510759873634,1.002832261727185,1.0270057905095322,1.0026193446655751,0.9458213987838436,0.934097678168082,0.9857420319364424,1.0340362126790548,0.8968912880537818,1.794871794871795,0.9543072540515891,0.9303966995455457,0.9578756377602305,0.9746583614058945,0.9899874843554443,3.424242532214258,0.9449538970340167,0.9774991226069769,1.0120519274700186,0.9382981730803208
B0005,169,52,24.0,1.7417172507457144,1.8353491942234077,0.9489841258696758,3.549618661283733,2.612942119873717,4.199640922827531,0.22622259329090488,-1.9201011498853633,-2.0159193745006387,0.0012894534058489268,0.4206076443839264,32.06387071886056,24.006646494284762,38.920359903369054,3.565622841015737,3265.656,349,1.7417172507457144,False,False,False,True,B0005_p1,0,3666.203,5777.109,9978.078,0.5789801402634857,1.7555306354008988,1.4556154735478857,2230.266364958822,29.242612704276365,3.4263559078569834,4.940684535194268,3.995,24.0,1.0,8.063870718860557,14.920359903369054,1.002053840663532,1.0077109742921095,1.0026691912983579,0.9636132363509308,0.9406861953479909,1.0068536748075798,1.049984721189582,0.8942982072991293,1.7897435897435898,0.9435611190086048,0.9191148435913682,1.0192101770893667,0.9500343006660313,1.0,3.4263559078569834,0.9382640048483818,0.9780598415054894,0.9516937641654903,0.9253741929295836
B0005,173,53,24.0,1.7364225056478186,1.8353491942234077,0.9460992551788228,3.54938103086703,2.6157198442661476,4.199305653118061,0.22644463175198204,-1.9144278105456467,-2.0206059195730015,0.0010352326876111328,0.43285900358177537,32.43754560319043,24.328038456694348,39.23273115358871,3.6022709283889247,3266.093,349,1.7364225056478186,False,False,False,True,B0005_p1,0,3655.329,5821.875,10246.984,0.5681549810168534,1.750897081323918,1.450328741355621,2221.0523008516825,29.462118812271356,3.446499200582604,4.947870049351283,3.995,24.0,1.0,8.43754560319043,15.232731153588709,1.001986757831702,1.0087822354320028,1.0025891452623659,0.9645590269413419,0.9842770238089706,1.027933068550413,1.0607766454952123,0.8944178795232061,1.7897435897435898,0.9396629152890189,0.9157766583904653,1.000154061506957,0.9514159887435555,1.0,3.446499200582604,0.9357875473504147,0.9856386887913611,0.9773416056983674,0.922629522497009
B0005,177,54,24.0,1.7263217239235826,1.8353491942234077,0.9405957892683425,3.5472118680418956,2.6287695472774453,4.198949734540481,0.2256048866862126,-1.908340706503589,-2.017554048083073,0.002141440621650397,0.44542459211819263,32.16809876635083,24.121591093765634,38.964927068400804,3.563053000695821,3257.594,348,1.7263217239235826,False,False,False,True,B0005_p1,0,3621.828,5861.437999999999,10437.047,0.5615992722845838,1.7451617560022412,1.4393075760475562,2206.5367944937652,29.50834432489215,3.3870631293739812,4.950595090012378,3.955,24.0,1.0,8.16809876635083,14.964927068400804,1.00137440530954,1.0138150024557029,1.0025041692849175,0.9609820656451054,0.9528448582110817,1.0098611501083494,1.0492279689496171,0.8920904327670764,1.7846153846153847,0.9335218248626717,0.9088175975585365,0.9886136914781647,0.9519399813361422,0.9899874843554443,3.3870631293739812,0.9327222352465357,0.9923366724211455,0.9954695229083336,0.9141736457118625
B0005,181,55,24.0,1.7158065389330133,1.8353491942234077,0.9348665334822148,3.5467052098640246,2.6655106679421823,4.19834220599025,0.22260946236691775,-1.902207182631691,-2.016416703030436,0.0017702200905978112,0.4575237574010793,32.05752645824972,23.971565610462942,38.83927283461771,3.580382906894387,3248.593,347,1.7158065389330133,False,False,False,True,B0005_p1,0,3587.9220000000064,5862.983999999997,10805.827999999994,0.5425760987496747,1.7348996422936607,1.4260658823133168,2184.3990702615392,29.374561267657022,3.43973453150042,4.889707980400064,3.995,24.0,1.0,8.057526458249718,14.83927283461771,1.0012313762065614,1.027984635307515,1.0023591211316718,0.9482228160910687,0.9399461092796035,1.0013817683870632,1.0543311830413686,0.8896255135704741,1.7794871794871794,0.9241559947640553,0.9004564352278244,0.9551261662264471,0.9402321213851453,1.0,3.43973453150042,0.9272375278240284,0.9925984089601247,1.0306432886418453,0.9056155442140829
B0005,185,56,24.0,1.710533351135192,1.8353491942234077,0.931993408403664,3.544629653883431,2.650495153350403,4.198995776266302,0.22441087883425337,-1.9020484449938713,-2.0170229987437884,0.0014307662327893813,0.45824944020161834,31.975920928072714,23.83541998401671,38.82796377704433,3.6137129639045322,3238.766,346,1.710533351135192,False,False,False,True,B0005_p1,0,3589.312,5948.9220000000005,10805.375,0.5505521094825493,1.7261687467652167,1.4203458618728622,2161.8507777710506,29.242377848768914,3.452613937793064,4.8290658330212874,3.955,24.0,1.0,7.975920928072714,14.827963777044332,1.0006454488041194,1.0221937305937472,1.0025151618009072,0.9558960936662796,0.9304264631471307,1.0006186121193785,1.0641460322773753,0.886934394700903,1.7743589743589743,0.9146164651238584,0.8968446601484803,0.9691667709833224,0.9285713647297689,0.9899874843554443,3.452613937793064,0.9225711979752417,1.0071476422633743,1.0306000821971613,0.9059663895241123
B0005,189,57,24.0,1.706014499648521,1.8353491942234077,0.9295312875708035,3.5436291614253204,2.643236235233877,4.19916986492694,0.2251626394650501,-1.8964907679062355,-2.016783933430818,0.00490119980676573,0.4695119039783484,32.21689335291319,23.956923878018035,39.14007944734004,3.6809207416656733,3240.14,346,1.706014499648521,False,False,False,True,B0005_p1,0,3566.531,6027.875000000001,10685.968,0.5640925557703337,1.7194374452195667,1.4112196447831604,2142.2301926737123,29.194410076554547,3.5308440748319754,4.720301214050227,3.955,24.0,1.0,8.21689335291319,15.140079447340042,1.0003630107717922,1.0193942459086962,1.0025567256726247,0.9590982782220535,0.9585369626094777,1.0216807588529375,1.0839370037123126,0.8873106638905631,1.7743589743589743,0.9063155637064666,0.8910821206966721,0.9930027537729244,0.9076572347169496,0.9899874843554443,3.5308440748319754,0.9189735746591317,1.020514320764054,1.0192112258164325,0.9002163125400695
B0005,193,58,24.0,1.7003110272642588,1.8353491942234077,0.9264237195928877,3.5444946147995258,2.656450207001938,4.199246833083063,0.2250288003365719,-1.895971437908019,-2.0199829306240713,0.001796424269077256,0.4700220134159711,32.55632993697177,24.465118009505925,39.349611598028886,3.5876341260521625,3230.109,345,1.7003110272642588,False,False,False,True,B0005_p1,0,3543.375,5989.875000000001,10588.64,0.5656887947838439,1.7144045500621827,1.4040552928472698,2139.3310890885327,29.65122582795794,3.5862559491973514,4.859615335387461,3.955,24.0,1.0,8.556329936971771,15.349611598028886,1.0006073274041665,1.024490365054766,1.0025751019100873,0.9585281797457381,0.9981337418675044,1.0358203786260343,1.0564664816035387,0.8845636797264572,1.7692307692307692,0.9050890369265568,0.8865583557816566,0.9958126999774631,0.9344456671486748,0.9899874843554443,3.5862559491973514,0.9162836846218264,1.0140809517593825,1.0099282305663753,0.8943715830443276
B0005,197,59,24.0,1.6945798601797895,1.8353491942234077,0.923301062006796,3.5409201846556857,2.626177688152069,4.1992551886401595,0.22759267954042178,-1.8899648799839277,-2.016448312230377,0.004899013626111221,0.4809252461296192,32.40048085325998,24.267851748683743,39.29444535878087,3.6261445424786727,3229.7810000000027,345,1.6945798601797895,False,False,False,True,B0005_p1,0,3545.516,5974.0160000000005,10736.094,0.5564422219105013,1.7087444005302703,1.400897659594716,2121.2427511688843,29.592983253559662,3.50841855489103,4.7956584664364055,3.955,24.0,1.0,8.400480853259978,15.29444535878087,0.9995982693064938,1.0128154223790546,1.0025770968091348,0.9694492283523095,0.9799532567485624,1.0320976580568315,1.0678068141786368,0.8844738570960295,1.7692307692307692,0.8974363849220128,0.8845645410374604,0.979535455698548,0.9221475293432997,0.9899874843554443,3.50841855489103,0.9132585511033561,1.011396035995038,1.0239921667574192,0.8949119857844547
B0005,201,60,24.0,1.6849029086609286,1.8353491942234077,0.9180285222910197,3.541195668799061,2.6582230344240045,4.199610827671791,0.2253901682415922,-1.8893703824420507,-2.0264654916334726,0.002434406743192847,0.48225312231239975,32.29371860868794,24.14386556947967,39.10487658009542,3.637499367495382,3212.469,343,1.6849029086609286,False,False,False,True,B0005_p1,0,3505.594,6020.1720000000005,9790.859,0.614876794773574,1.7028315665072693,1.388584527238311,2103.591790672096,29.51162108922301,3.463213448512729,4.805541787467463,3.955,24.0,1.0,8.29371860868794,15.104876580095421,0.9996760382079598,1.0251740761998216,1.0026620060446607,0.9600674552504714,0.9674989685841466,1.019305203807445,1.0711505196996418,0.8797329748461035,1.758974358974359,0.8899687746402994,0.8767896973884762,1.0824010070606558,0.9240479732832261,0.9899874843554443,3.463213448512729,0.9100983673853671,1.0192102091471331,0.9338371033102336,0.8848354055923228
B0005,205,61,24.0,1.6744741591159717,1.8353491942234077,0.9123463613279831,3.540671044783382,2.695100237338448,4.1994453812630566,0.22200337643732754,-1.8776883243431417,-2.017330650607364,0.0014513205321675263,0.5029620620589579,32.136071448067796,23.934085583884677,39.0462609369598,3.654819125074113,3213.219,343,1.6745692479879102,False,False,False,True,B0005_p1,0,3480.703,6166.437,10274.359,0.6001772957320257,1.694207402771143,1.3772437209053705,2075.2025832589866,29.367459158203413,3.454301767606939,4.6661000694294295,3.995,24.0,1.0,8.136071448067796,15.046260936959797,0.9995279373667203,1.0393961907256029,1.0026225055207116,0.945641144580619,0.9491087298388347,1.0153497110395402,1.0762507452824448,0.8799383619583634,1.758974358974359,0.8779581230269548,0.8696288065980708,1.0565246807769193,0.8972350055383175,1.0,3.454301767606939,0.9054890815988629,1.0439727543436665,0.9799525911801434,0.8785527504757866
B0005,209,62,24.0,1.6745692479879102,1.8353491942234077,0.9123981710175166,3.5376048790268775,2.639091813583503,4.198991968341307,0.22747021165023182,-1.8831065986697755,-2.0225787607034706,0.005933998461667336,0.4936099038550067,32.38268549723498,24.080595341823642,39.398032192832,3.738665594798859,3203.578,342,1.6744741591159717,False,False,False,True,B0005_p1,0,3473.203,6143.280999999999,10711.063,0.5735454081448311,1.6830855295962417,1.3690218887494652,2048.4949002058033,29.23737726861414,3.5581561988569206,4.584472130472159,4.005,24.0,1.0,8.38268549723498,15.398032192831998,0.9986623618033709,1.017795902360475,1.0025142526543527,0.9689275665753037,0.9778773497384381,1.0390878905446224,1.1009413858975887,0.8772981790926325,1.7538461538461538,0.8666588756797644,0.8644373201695907,1.0096431230578304,0.8815389331925387,1.0025031289111388,3.5581561988569206,0.8995448656130703,1.0400524624312408,1.0216047483978086,0.8766597002418056
B0005,213,63,24.0,1.663716375981405,1.8353491942234077,0.9064849246224091,3.538422485261741,2.6857210282450983,4.197785116892181,0.22445639503179138,-1.876359921441716,-2.0158674131052456,0.0034449440902895195,0.5045046007331752,32.30899951427637,24.428816535813286,39.10678394120843,3.573601688124995,3195.125,341,1.663716375981405,False,False,False,True,B0005_p1,0,3473.516,6126.64,10806.015,0.5669657130773926,1.68373902982192,1.369784015124929,2052.4625306697935,29.660660346177963,3.49653409227356,4.5842753522861965,3.955,24.0,1.0,8.308999514276373,15.106783941208427,0.9988931712355872,1.0357789916067777,1.002226115456733,0.9560899735514756,0.9692815538264714,1.0194339160877286,1.052334287571382,0.8749833294127215,1.7487179487179487,0.8683374652416369,0.8649185473048546,0.9980605285808832,0.8815010951105977,0.9899874843554443,3.49653409227356,0.8998941364982088,1.037235154704748,1.0306611244148172,0.8767387035382371
B0005,215,64,24.0,1.659013868748246,1.8353491942234077,0.9039227379562642,3.53928626988912,2.69017866510873,4.201331130571617,0.2237217691429451,-1.8709550260104437,-2.016878594815316,0.0012286208011475699,0.5143997774045596,32.56636929496716,24.3288116844709,39.44448954135193,3.6987146279019267,3195.3129999999946,341,1.659013868748246,False,False,False,True,B0005_p1,0,3452.484,6130.860000000001,10481.047,0.5849472862777927,1.6772942013896472,1.3617409926384592,2038.6234756107453,29.685994740308107,3.2716960922023013,4.600803838189902,3.955,24.0,0.0,8.56636929496716,15.444489541351928,0.9991370167823813,1.0374981301796242,1.003072730377777,0.9529607758000023,0.9993048773935652,1.0422229189475596,1.0891768480569628,0.8750348131155266,1.7487179487179487,0.8624825617723922,0.8598399661211611,1.0297144682092525,0.8846793244500222,0.9899874843554443,3.2716960922023013,0.8964496221083793,1.0379495972626351,0.999666175372193,0.8714300858687586
B0005,219,65,24.0,1.6538540573335014,1.8353491942234077,0.9011113866172468,3.533690170241391,2.639895313359579,4.199339974904826,0.2284155018484487,-1.8705599868289542,-2.0190191551299326,0.0006759557151863035,0.5149956757914231,32.46542951751835,24.124885387020978,39.509602016775695,3.763161934375441,3186.297,340,1.6538540573335014,False,False,False,True,B0005_p1,0,3419.281,6259.233999999999,10153.36,0.6164692279206093,1.6669143500694776,1.3479423388988214,2003.6288945797342,29.59730563243775,3.4727109645306626,4.503617103896869,3.9850000000000003,24.0,1.0,8.465429517518352,15.509602016775695,0.9975572433813945,1.01810578122692,1.0025973396291732,0.9729541058079401,0.9875298057787006,1.0466168300583387,1.1081549313081167,0.8725657861766806,1.7435897435897436,0.847677367847734,0.8511271242311484,1.085204253591796,0.8659914826154763,0.9974968710888611,3.4727109645306626,0.890901988433978,1.0596832107522585,0.9684118922829952,0.8630494262795757
B0005,223,66,24.0,1.642653782130131,1.8353491942234077,0.8950088556990856,3.534367734544495,2.68991452927918,4.198916244859707,0.22401128563800174,-1.8640049795794804,-2.0179820220655023,0.0017286665299136564,0.5255367036226928,32.347056454418095,23.980294072799666,39.334865362245324,3.7686387838768005,3176.438,339,1.642653782130131,False,False,False,True,B0005_p1,0,3396.641,6237.266,10662.468,0.5849739478702304,1.6620341851497848,1.339457079690957,1985.5135293789074,29.46753663391266,3.472305529369976,4.463845537000117,4.005,24.0,1.0,8.347056454418095,15.334865362245324,0.997748519114652,1.0373962631799243,1.002496173584391,0.9541939944751139,0.9737210642646498,1.03482527517113,1.1097677233932841,0.8698659041236529,1.7384615384615385,0.8400132813831303,0.8457693028618416,1.0297614020580328,0.8583438879402858,1.0025031289111388,3.472305529369976,0.8882937268693338,1.055964046270821,1.0169698318868712,0.8573349386399317
B0005,227,67,24.0,1.6378578430223698,1.8353491942234077,0.8923957621674264,3.5312941932103548,2.65935818848874,4.198537488587242,0.22709204592021853,-1.8636932149873204,-2.0158401305926343,0.0008822013179447034,0.5263075365065475,32.371538940646154,23.969183667109306,39.43723270017243,3.798378346405976,3167.593,338,1.6378578430223698,False,False,False,True,B0005_p1,0,3355.391,6194.764999999999,10494.625,0.59027978608097,1.650881371536419,1.3246896619124193,1958.507255176842,29.380338854228082,3.5120874405483065,4.440234432228316,3.965,24.0,1.0,8.371538940646154,15.43723270017243,0.9968808614330239,1.025611861330937,1.0024057450805282,0.9673167393910068,0.97657705459801,1.0417332137892126,1.118525263846329,0.8674437054464006,1.7333333333333334,0.8285877087669085,0.8364447572463113,1.03910155714507,0.8538037560516691,0.9924906132665832,3.5120874405483065,0.8823329744021378,1.0487686616374647,1.0009612241711539,0.8469231623530362
B0005,231,68,24.0,1.6327350407099108,1.8353491942234077,0.8896045754392645,3.5309134771684274,2.6657030585650423,4.198943932259475,0.22674511548841458,-1.857820396301907,-2.0192083553177325,0.0032196054196979183,0.5360241740397207,32.45549347979197,24.037074564457942,39.51375235624076,3.806767841094206,3167.719,338,1.6327350407099108,False,False,False,True,B0005_p1,0,3344.687,6364.703,10467.75,0.6080297103006855,1.6474073350811924,1.3194317926372525,1942.0874163751034,29.43349608540407,3.517570941357839,4.3624447792308665,3.965,24.0,1.0,8.455493479791969,15.513752356240758,0.9967733856705775,1.028058832948761,1.0025027839835283,0.9658389614585907,0.9863707230191265,1.04689690269527,1.1209957554361332,0.8674782104812604,1.7333333333333334,0.821640950425783,0.8331247968692139,1.070347712495176,0.8388457399998349,0.9924906132665832,3.517570941357839,0.8804762347407842,1.0775390264247244,0.9983979279219216,0.8442214010590985
B0005,235,69,24.0,1.6277528915533617,1.8353491942234077,0.8868900243488071,3.5287226893409893,2.642986759012803,4.199579806494986,0.22927035359609077,-1.8572160981955346,-2.017754065523427,0.002329222708757339,0.5366022681919891,32.50017194695606,24.074008046047823,39.60170302810528,3.822022211269683,3159.077999999994,337,1.6277528915533617,False,False,False,True,B0005_p1,0,3338.703,6362.781,9904.406,0.6424192425068196,1.6407403071532118,1.3141013446461056,1924.1597108056562,29.478594943854127,3.5117293711986015,4.395185814859442,3.995,24.0,1.0,8.500171946956058,15.601703028105277,0.996154928431633,1.0192980325544512,1.002654599702349,0.9765954152243093,0.991582663879273,1.052831977837029,1.1254877772594671,0.8651118770985412,1.7282051282051283,0.814056257317309,0.8297590083346131,1.1308854732444196,0.8451414479457485,1.0,3.5117293711986015,0.8769129632159244,1.0772136333924354,0.9446670418855484,0.8427109993790795
B0005,239,70,24.0,1.622125485521159,1.8353491942234077,0.8838239015369116,3.52625493581969,2.6311169118893036,4.198782234828033,0.23073247098074154,-1.8568340008006827,-2.016206764491147,0.0036382151418645234,0.5375143566828329,32.50100298369444,24.043536678896338,39.687463597582074,3.84957926477219,3148.829,336,1.622125485521159,False,False,False,True,B0005_p1,0,3333.484,6417.593000000001,10805.656,0.5939105409241234,1.6362357192416306,1.3094882375484875,1906.7098388928052,29.485508821517058,3.492984022261833,4.300247072972458,3.965,24.0,1.0,8.501002983694441,15.687463597582074,0.9954582840509844,1.0147202904305277,1.002464178532301,0.9828234212092664,0.9916796079914592,1.0586192607906935,1.1336026246308153,0.86230519374714,1.7230769230769232,0.8066737217927012,0.8268461681748676,1.0454929720301718,0.8268858680534843,0.9924906132665832,3.492984022261833,0.8745054332025579,1.086493260284121,1.030626883545851,0.8413936888229265
B0005,243,71,24.0,1.6113256603765849,1.8353491942234077,0.8779395580133109,3.528684324337005,2.696157404617167,4.19910517813207,0.2247705585097621,-1.8448886500218815,-2.018425729441905,0.002409343074541808,0.5559145972091805,32.4728927422438,24.007622451152475,39.53535075538898,3.8316458393751693,3149.094,336,1.6113256603765849,False,False,False,True,B0005_p1,0,3300.063,6472.5470000000005,10777.328,0.6005706609282004,1.6309509331359893,1.2987767817603653,1888.9461634114193,29.46840138001844,3.4903419023984377,4.289543464832448,4.005,24.0,1.0,8.4728927422438,15.535350755388983,0.9961440980289171,1.039803899361904,1.002541281624552,0.957428178022332,0.9884004239615528,1.048354402895881,1.128321689572608,0.8623777638601385,1.7230769230769232,0.7991584250648004,0.8200826662815139,1.0572171428898194,0.8248276927537942,1.0025031289111388,3.4903419023984377,0.8716809170840376,1.0957969276599822,1.027925002386846,0.8329580045736094
B0005,247,72,24.0,1.6065631397488385,1.8353491942234077,0.8753446727224159,3.525556939424901,2.6667596238241567,4.198510853141954,0.22779895158764976,-1.8444180038305806,-2.0200094988659028,0.0018183081167425818,0.5567175936954798,32.50480154634882,23.99346277596251,39.6502371632164,3.8641045055376444,3140.547,335,1.6065631397488385,False,False,False,True,B0005_p1,0,3294.875,6413.468999999999,10745.86,0.5968316170134358,1.6197922234958377,1.2913189400813974,1860.531069655253,29.445806473811558,3.5443790885099986,4.2782509778828715,3.995,24.0,1.0,8.504801546348823,15.650237163216403,0.9952612403584332,1.0284663094093254,1.0023993858367553,0.9703278606414483,0.992122727130607,1.056107151667066,1.1378799364933854,0.8600371723288243,1.7179487179487178,0.7871368216892782,0.8153735840322118,1.0506351008723196,0.8226562831312003,1.0,3.5443790885099986,0.8657170134159493,1.0857950704479298,1.0249236328474658,0.8316485186250903
B0005,251,73,24.0,1.6015142233917594,1.8353491942234077,0.8725937431592733,3.5226805646793737,2.6403185448373043,4.198732430468704,0.23050584047552053,-1.8438790389835118,-2.0160906793454063,0.0023945547129780136,0.557421835420678,32.51218336210202,23.977316018708777,39.69929058154853,3.885789404543481,3131.625,334,1.6015142233917594,False,False,False,True,B0005_p1,0,3278.781,6464.3279999999995,10806.781,0.59817331358894,1.6146680175492967,1.2846503079064788,1845.9306346099522,29.461354450795127,3.50962563815418,4.215565364413871,3.995,24.0,1.0,8.512183362102022,15.699290581548532,0.9944492426099482,1.0182690052805743,1.0024522876831523,0.9818580704394119,0.9929838485966785,1.0594173676959986,1.1442655845700007,0.85759388724138,1.7128205128205127,0.7809598003945097,0.8111628299355415,1.0529969622026538,0.8106025924878043,1.0,3.50962563815418,0.8629783212529546,1.0944054576639453,1.0307341843190745,0.8275862852296648
B0005,255,74,24.0,1.590369231400328,1.8353491942234077,0.8665213336000955,3.524673458789008,2.69892986372897,4.198799630396931,0.22554614793423197,-1.83711254029409,-2.017218805788003,0.003459179478904217,0.5670761474198778,32.45692821941515,23.92726467831658,39.56076309770468,3.8707779902612707,3121.907,333,1.5955263892495937,False,False,False,True,B0005_p1,0,3239.547,6588.125,10806.593999999997,0.6096393553787625,1.6109361170161811,1.2730388673833244,1824.5920995016331,29.419371934150707,3.5050532018781837,4.177201651350416,4.015000000000001,24.0,1.0,8.456928219415147,15.56076309770468,0.9950118346478976,1.0408731298861817,1.002468331744759,0.9607318632313152,0.9865380917437127,1.0500692750847382,1.139845107042636,0.8549326179654572,1.7076923076923076,0.7719320840727503,0.8038310534229592,1.0731812581230644,0.8032257111970504,1.005006257822278,3.5050532018781837,0.8609837631009705,1.1153641887868746,1.0307163485461028,0.8176833608456634
B0005,259,75,24.0,1.5857889968242211,1.8353491942234077,0.8640257678567903,3.5213155754526824,2.6682466504352993,4.198753541225669,0.22838261270267754,-1.8315957075983758,-2.017576881832417,0.002911553978859486,0.5758422473114834,32.447059186431154,23.878754027011194,39.63708096307912,3.902676905350374,3122.125,333,1.590369231400328,False,False,False,True,B0005_p1,0,3211.204,6631.297,10429.547,0.6358183150236534,1.5994312036992016,1.2599725698384154,1795.7112257219017,29.36719581714494,3.532241813135659,4.18819050607463,4.005,24.0,1.0,8.447059186431154,15.637080963079121,0.9940639075000138,1.0290397982071504,1.0024573279011144,0.9728140118600442,0.9853868253837793,1.0552193467789455,1.1492385215902445,0.854992317152754,1.7076923076923076,0.7597134226564701,0.7955806409736909,1.119265502193236,0.8053387359891966,1.0025031289111388,3.532241813135659,0.8548348268041353,1.1226731731729187,0.9947541844201757,0.8105293978081003
B0005,263,76,24.0,1.5849430707374117,1.8353491942234077,0.8635648604232229,3.51803386486462,2.6479207279724903,4.200309982421394,0.23117872316851204,-1.8311195242792309,-2.0163186530776205,0.001691287375631991,0.5758733468618624,32.32889654966259,23.90454749592773,39.43977047692484,3.8494187253951466,3121.672,333,1.5857889968242211,False,False,False,True,B0005_p1,0,3201.047,6614.093000000001,10807.094,0.6120140159787637,1.5938916372362761,1.253986792490804,1776.8228774398854,29.297103402943527,3.496710345590202,4.113987539275336,3.995,24.0,1.0,8.328896549662588,15.439770476924842,0.9931374838436978,1.0212008740409415,1.00282893006037,0.9847242681080253,0.9716026310322835,1.0419044676909655,1.133555349890732,0.8548682633369491,1.7076923076923076,0.7517223094328563,0.7918010598201509,1.0773615021113176,0.7910703966187413,1.0,3.496710345590202,0.8518741403257468,1.119760550005646,1.030764037778647,0.8079657029778942
B0005,265,77,24.0,1.5955263892495937,1.8353491942234077,0.8693312391295159,3.5236841955396794,2.6741633856529066,4.201124089732316,0.22917796003491905,-1.8432799764914718,-2.016322017667326,0.0031344620126884833,0.5581982237984048,32.84488475360107,24.472949639670766,39.839022256254516,3.7930289092436635,3120.86,333,1.5849430707374117,False,False,False,True,B0005_p1,0,3197.516,6692.563,10719.016,0.6243635609835828,1.590117828706475,1.2509974300234923,1746.4218656231074,29.548289844330217,5.116127740917463,4.35097178096913,3.995,24.0,0.0,8.844884753601072,15.839022256254516,0.9947325666101138,1.0313216547264412,1.0030232991347916,0.9762018574580247,1.0317949378449505,1.0688467213493893,1.1169499914359156,0.8546458975567424,1.7076923076923076,0.7388605216305,0.7899134957852041,1.099101076711591,0.8366396202197742,1.0,5.116127740917463,0.8498571839518162,1.1330454570002926,1.0223632933306512,0.807074454927736
B0005,269,78,24.0,1.5747301747801037,1.8353491942234077,0.8580003084625104,3.519146638240668,2.6892528956736257,4.198150316653697,0.22719970590454205,-1.829798505957538,-2.0160583834613157,0.002214915830402201,0.577259511293026,32.31731555011648,23.81400684876703,39.41794949618613,3.864121159323799,3103.828,331,1.5747301747801037,False,False,False,True,B0005_p1,0,3224.328,6580.860000000001,10806.437000000005,0.6089759279584934,1.603633738312933,1.2637338928005537,1796.9111694336045,29.561095605794584,3.47453699610168,4.145077581498329,4.005,24.0,1.0,8.317315550116483,15.417949496186132,0.9934516186682127,1.0371410966225765,1.0023133073277215,0.9677753257081837,0.9702516561988364,1.0404319472700796,1.137884840607419,0.8499816931620605,1.6974358974358974,0.7602210840950995,0.7979556416719289,1.0720133908138496,0.7970486383604674,1.0025031289111388,3.47453699610168,0.8570809208783029,1.1141342302126922,1.0307013741270847,0.8138419833108691
B0005,273,79,24.0,1.5649019950937946,1.8353491942234077,0.8526453712564231,3.516233648608237,2.688809122993162,4.198524048997099,0.2273324183483178,-1.8236746835609148,-2.0176016183677974,0.0026959062866318295,0.5868747718090098,32.06376130177751,23.405971076202263,39.262781682151214,3.943799041030261,3095.094,330,1.5649019950937946,False,False,False,True,B0005_p1,0,3172.313,6746.813,10805.265,0.6244005121577305,1.5843284766426966,1.2403796121536526,1735.1780316259055,29.019647107560132,3.5270823905764495,4.000907158888358,4.005,24.0,1.0,8.063761301777511,15.262781682151214,0.9926292845733342,1.0369699506194585,1.0024025363626334,0.9683406249808622,0.940673431361173,1.0299609341856273,1.1613479386799854,0.8475898917774228,1.6923076923076923,0.7341035810448213,0.783209119397302,1.0991661238697363,0.7693263975160407,1.0025031289111388,3.5270823905764495,0.8467629966199058,1.1422299377503826,1.0305895905660014,0.8007130489214662
B0005,277,80,24.0,1.5597659473370362,1.8353491942234077,0.8498469676758273,3.514773138461639,2.6743555987897745,4.198840869468569,0.22847210016062755,-1.8176720770210877,-2.018404141903304,0.002592567167286657,0.5952075610841622,32.21997626855924,23.504268200620626,39.47237839941986,3.9798848350523506,3095.781,330,1.5597659473370362,False,False,False,True,B0005_p1,0,3133.641,6815.078000000001,10208.062,0.6676172225442989,1.572726520367653,1.2252880273822753,1702.2827625149775,28.88550118608269,3.5917218114150913,4.0094450442908345,4.005,24.0,1.0,8.219976268559243,15.47237839941986,0.9922169840020956,1.031395783918187,1.0024781776214347,0.9731951908471366,0.958896598358955,1.0441049110317815,1.1719742819766856,0.8477780263722529,1.6923076923076923,0.7201865452054859,0.773679886005133,1.1752428456486026,0.7709681303426821,1.0025031289111388,3.5917218114150913,0.8405621945722604,1.1537871465689065,0.9736292850802233,0.7909519771016643
B0005,281,81,24.0,1.5594815668184234,1.8353491942234077,0.8496920214021113,3.5132992979150073,2.6430294964336345,4.198119631667182,0.2314217062849809,-1.8179238657973993,-2.016777852675889,0.0015197601976623138,0.5952405875017754,32.7120225448885,23.986241979219916,40.037541469513684,3.9976006239496304,3094.328,330,1.5594815668184234,False,False,False,True,B0005_p1,0,3096.828,6855.0,10807.219,0.6342982408332801,1.5676261332348638,1.2145880483843625,1694.2745876657448,29.195907400785313,3.6263056501194306,3.906447143597988,4.015000000000001,24.0,1.0,8.712022544888498,16.037541469513684,0.9918009202720993,1.0193145147289537,1.0023059812512356,0.985759274133874,1.0162959733926753,1.0822431675936095,1.177191128652669,0.8473801230734346,1.6923076923076923,0.7167985183129679,0.7669236308664548,1.1165896330622944,0.751162870999009,1.005006257822278,3.6263056501194306,0.8378362326545437,1.1605459086058667,1.0307759600867827,0.781660129333192
B0005,285,82,24.0,1.55468935359061,1.8353491942234077,0.847080957936425,3.514484830704665,2.6584858447131823,4.198320288264955,0.23060759962593796,-1.817160673909645,-2.019500858990014,0.005375811737933425,0.5961269317003768,32.945022147355694,24.332016492731967,40.142730162011574,3.9422119635924115,3086.531,329,1.55468935359061,False,False,False,True,B0005_p1,0,3138.125,6764.703,10805.906,0.6260190492125325,1.5674354606816119,1.2241840854227812,1704.2956500501696,29.781642735382384,3.6328407179045072,3.9319957669690826,4.025,24.0,1.0,8.945022147355694,16.142730162011574,0.9921355950071818,1.0252754319897364,1.0023538882490752,0.9822915216824359,1.0434764078520005,1.0893414964727803,1.1608805849705808,0.8452449186543803,1.6871794871794872,0.7210381396360817,0.7729828272970656,1.1020153225270506,0.7560755644455222,1.0075093867334168,3.6328407179045072,0.8377343254648763,1.1452587001581083,1.0306507281621229,0.7920837687348872
B0005,289,83,24.0,1.5488741079890418,1.8353491942234077,0.8439124897125736,3.5109677353595243,2.629782173759164,4.1980467610750285,0.2329526759800367,-1.8110297241968543,-2.025028692484549,0.001299695920075446,0.6042377451924877,32.857549597381336,24.210935532035016,40.1165626728546,3.9688503842638565,3085.625,329,1.5488741079890418,False,False,False,True,B0005_p1,0,3118.859,6773.718999999994,10655.937000000005,0.6356755862952259,1.561743678526556,1.216683378255627,1688.6677368732906,29.71020972616952,3.492347503746025,3.9277367909317698,4.015000000000001,24.0,1.0,8.857549597381336,16.1165626728546,0.9911427224665289,1.0142055334248834,1.0022885833119721,0.9922805620439229,1.0332723479034314,1.087575665568645,1.1687249184709996,0.8449968110227702,1.6871794871794872,0.7144264220956894,0.7682466786231577,1.1190142490630162,0.7552566145019789,1.005006257822278,3.492347503746025,0.834692285518756,1.1467851016040576,1.0163469151313838,0.7872209012938367
B0005,293,84,24.0,1.538236598942558,1.8353491942234077,0.8381165849986563,3.5109358749578012,2.6622967647315545,4.199047008209673,0.2307329830817022,-1.8094435644526072,-2.017188769565156,0.003654247255878711,0.605972691577863,32.629663328789654,24.000424305912805,39.87503330866132,3.951047957236267,3067.203,327,1.5488741079890418,False,False,False,True,B0005_p1,0,3095.25,6868.3910000000005,10117.172,0.6788844748315043,1.556655559895542,1.2076459434110824,1665.9500899974164,29.58766933151088,3.53167783912885,3.8536236261316956,4.005,24.0,1.0,8.629663328789654,15.875033308661322,0.9911337283066041,1.0267451568242263,1.0025273934874186,0.9828256025442819,1.00668840646298,1.0712768142348361,1.1634825590817668,0.8399519558467001,1.676923076923077,0.7048152435188928,0.7625401986739134,1.1950772016141236,0.741005542977491,1.0025031289111388,3.53167783912885,0.8319728806461726,1.162812993983276,0.964960336388401,0.7812618315639623
B0005,297,85,24.0,1.527914258251028,1.8353491942234077,0.8324924014786925,3.509393098217416,2.682380966742509,4.197669918520713,0.2288570136594319,-1.8026537331443495,-2.0203529496154493,0.0013741929346254653,0.6147018605615803,32.379859014262976,23.66809609847637,39.61961987024145,3.988147604013235,3058.157,326,1.5488741079890418,False,False,False,True,B0005_p1,0,3048.594,6907.75,10805.86,0.6392596239447855,1.5459829018248712,1.1908193965105331,1628.6263988231383,29.26425769721006,3.4878759078707233,3.80116686875919,4.005,24.0,1.0,8.379859014262976,15.61961987024145,0.9906982039572279,1.0344908587371782,1.0021986117105601,0.9748347606924925,0.9775476279948924,1.0540410397137254,1.174407456081319,0.8374747134233623,1.6717948717948719,0.6890246705347625,0.7519154634304869,1.125323425135688,0.7309187385173807,1.0025031289111388,3.4878759078707233,0.826268752958604,1.1694764405794567,1.0306463407527289,0.7694855446684133
B0005,301,86,24.0,1.5285252629756445,1.8353491942234077,0.8328253107291718,3.5066782411556563,2.6401894768922713,4.197600624105256,0.2324429087783303,-1.8031542757366414,-2.016749317444538,0.0020536118932937353,0.6147768190719081,32.68215852457039,23.845674209557426,40.067324667444815,4.061372918664878,3058.812,326,1.5480915247767786,False,False,False,True,B0005_p1,0,3023.25,6904.594000000001,10806.328,0.638939887813881,1.5366370116023982,1.1799589631206917,1602.1502534062058,29.166832065867634,3.6506384508614964,3.7890547836617934,4.015000000000001,24.0,1.0,8.68215852457039,16.067324667444815,0.9899318024912729,1.0182192287533218,1.0021820675876731,0.9901091678614232,1.0128122032988505,1.0842529932599267,1.1959704382072192,0.8376540848347359,1.6717948717948719,0.6778233800570233,0.7450578930639747,1.1247605762641313,0.7285897300139749,1.005006257822278,3.6506384508614964,0.8212737319591509,1.1689421323537004,1.0306909778743898,0.7630885493177447
B0005,305,87,24.0,1.522647325284378,1.8353491942234077,0.8296226843789564,3.5109885623008092,2.693769409137257,4.197985718630326,0.2279824823099926,-1.7965666438696486,-2.016964364118414,0.002233821019065787,0.6225281437334834,32.99387423636739,24.23969113753901,40.24716716520102,4.008265788698764,3058.578,326,1.538236598942558,False,False,False,True,B0005_p1,0,3025.109,6991.764999999999,10744.828,0.6507098112691985,1.5381682642098542,1.18128165614019,1611.7681138114265,29.64168246762455,3.6116383714719866,3.8438113115589245,4.005,24.0,1.0,8.99387423636739,16.24716716520102,0.9911486018914742,1.038882941628718,1.0022740093567721,0.9711096244376894,1.049175220165513,1.0963890999574282,1.1803317468657748,0.8375900040557108,1.6717948717948719,0.6818924182979268,0.7458930770873847,1.1454798115798077,0.7391187527267367,1.0025031289111388,3.6116383714719866,0.8220921279329574,1.1837001115512322,1.0248252022714952,0.763557773369074
B0005,309,88,24.0,1.5174859938489869,1.8353491942234077,0.8268105048484147,3.510305462695178,2.695787450704935,4.198164128530042,0.2281087434098021,-1.7959771394311956,-2.0177154474110517,0.0029663849324865874,0.6233048468787379,33.04539707211165,24.30453859448875,40.30253125568348,4.01550117256657,3049.328,325,1.5323755631868592,False,False,False,True,B0005_p1,0,3025.5160000000033,6981.843999999997,10804.797000000006,0.6461800254090839,1.5311296281805664,1.178345248913696,1602.7352537776408,29.84083319742673,3.5917131676333476,3.794111049852954,4.015000000000001,24.0,1.0,9.045397072111648,16.302531255683483,0.9909557635477827,1.0396612224099337,1.002316604929383,0.9716474436945671,1.0551855869012352,1.100125171896421,1.1824623823401017,0.8350568963378382,1.6666666666666667,0.6780708767747984,0.744038950418807,1.1375057835819506,0.7295619892789984,1.005006257822278,3.5917131676333476,0.8183302460857622,1.1820204943434596,1.030544953444341,0.7636605028951057
B0005,312,89,24.0,1.605818899130659,1.8353491942234077,0.8749391691700009,3.5222215314850214,2.6920548172137724,4.222920057935785,0.23455024881444192,-1.822916991757235,-2.017087516284557,0.0015450426899526494,0.5880606956486941,32.856295641052824,24.112523495131093,40.09418103142496,3.9810906805855084,3177.219,339,1.5285252629756445,False,False,False,True,B0005_p1,0,3144.531,6725.2660000000005,10802.578,0.6225612071488862,1.5544942274256446,1.2194779993374814,1657.7041140183817,29.683647277202674,5.21509552648541,4.196823027496727,4.015000000000001,24.0,0.0,8.856295641052824,16.09418103142496,0.9943196579927581,1.038221689668873,1.0082271120830242,0.9990855513549948,1.0331260683499854,1.086065310720129,1.1723293726417348,0.8700797805698862,1.7384615384615385,0.7013266098541692,0.7700112776984102,1.0959282953961509,0.8069986661858741,1.005006257822278,5.21509552648541,0.8308177310759391,1.1385820482255498,1.0303333086303108,0.7937006860414048
B0005,315,90,24.0,1.5638491446744425,1.8353491942234077,0.8520717199737867,3.5163492154331264,2.629071246219689,4.200423045909808,0.2342514069587575,-1.8294275689587538,-2.0177115857667665,0.0029495288044011506,0.5790386830763732,33.33950238056361,24.719311536144843,40.52238496316615,3.9283338338688516,3082.937,329,1.527914258251028,False,False,False,True,B0005_p1,0,3141.141,6623.812000000003,10544.452999999994,0.6281797642798547,1.5720774035767464,1.229508329178681,1734.0999551392547,30.299187661483778,3.550537756549076,3.9576283581738436,4.005,24.0,1.0,9.339502380563609,16.522384963166147,0.9926619089738077,1.0139313560988696,1.0028559241007124,0.9978126105601606,1.089494272306154,1.1149613095454198,1.1567938307573187,0.8442607036124307,1.6871794871794872,0.7336474781003015,0.776344698310307,1.1058189465777875,0.7610044038980325,1.0025031289111388,3.550537756549076,0.8402152664654141,1.1214059687781832,1.005713742329544,0.7928450273356453
B0005,319,91,24.0,1.5480915247767786,1.8353491942234077,0.8434860949890375,3.5134397623234963,2.631343871050918,4.198372063670128,0.23338016528628605,-1.816317296828028,-2.0160877086861952,0.0016903309192767824,0.5967165768532282,33.35156485472646,24.73538913848975,40.56886357314186,3.951653441190732,3074.266,328,1.5269528268489705,False,False,False,True,B0005_p1,0,3123.344,6716.156999999999,10701.125,0.6276122370311532,1.5566235896012353,1.2162827393170073,1692.4161025051715,30.159651359558897,3.543728946266164,3.9757986068191733,4.015000000000001,24.0,1.0,9.351564854726462,16.56886357314186,0.9918405732358214,1.014807819823596,1.0023662496877288,0.9941014869476112,1.0909014132837738,1.118097772710992,1.1636608586186108,0.8418861547452228,1.682051282051282,0.7160122470561695,0.7679937043987847,1.1048198975475585,0.7644983244958217,1.005006257822278,3.543728946266164,0.8319557937461962,1.137039901955456,1.020656877211767,0.7883529453337573
B0005,323,92,24.0,1.5323755631868592,1.8353491942234077,0.834923167760048,3.515137522009075,2.6983970036642315,4.198353213898968,0.22724285807568523,-1.8033689952639713,-2.0174325692631547,0.0017335297510131795,0.6138243789661205,33.147486361012966,24.494140877553082,40.27804845768325,3.9517570424024644,3066.0,327,1.522647325284378,False,False,False,True,B0005_p1,0,3076.531,6716.218999999999,10805.813,0.621537592775296,1.540094278624397,1.1968664631336203,1646.1753542746449,29.922619314028488,3.5456263965698582,3.8706665270161027,4.005,24.0,1.0,9.147486361012966,16.278048457683248,0.9923198491174854,1.0406676263157373,1.002361749282777,0.9679591358338036,1.0670947541126774,1.0984730270892074,1.1636913665254385,0.8396225149186352,1.676923076923077,0.6964491254354942,0.7557337442845085,1.09412637143637,0.7442826881398064,1.0025031289111388,3.5456263965698582,0.8231215089995954,1.1370503985048845,1.0306418579648695,0.7765370305866436
B0005,327,93,24.0,1.5269528268489705,1.8353491942234077,0.8319685603453085,3.50830390643132,2.6338485871981514,4.197873789078739,0.2331667808997218,-1.802670753119494,-2.017976023705107,0.003201402568771493,0.6146945270651876,33.007275861749356,24.254986942423244,40.2921849196155,4.008284181289492,3056.437,326,1.5174859938489869,False,False,False,True,B0005_p1,0,3030.969,6868.4529999999995,10693.438,0.6423054026216826,1.535634001328074,1.1830577935810516,1623.514747743596,29.789042272226812,3.6041590473478706,3.8114044161777474,3.995,24.0,1.0,9.007275861749356,16.2921849196155,0.9903907261922551,1.0157737922153516,1.002247286045176,0.9931925590800064,1.0507385790574846,1.0994269818689477,1.180337163013278,0.8370036923125794,1.6717948717948719,0.6868620789769224,0.7470145781402523,1.1306850747135864,0.73288729593752,1.0,3.6041590473478706,0.8207376613159424,1.1628234905327046,1.0199237029506376,0.7650368766185579
B0005,331,94,24.0,1.5169573017136326,1.8353491942234077,0.8265224440602997,3.509190808443004,2.671566207861818,4.197955644238241,0.22983512055913674,-1.7958941337499832,-2.016684455267326,0.0012207622759792553,0.6233018675049735,32.91990812745461,24.1488106351578,40.184384347174266,4.0190435754293565,3048.219,325,1.5169573017136326,False,False,False,True,B0005_p1,0,3027.031,6831.781,10708.406,0.637983001391617,1.5248368477156764,1.1764002233462083,1596.880533701502,29.7396171935254,3.628230227464858,3.8823838890367877,4.015000000000001,24.0,1.0,8.919908127454612,16.184384347174266,0.9906410977537959,1.0303200234456096,1.002266829060422,0.9790010852908043,1.0405467463216653,1.092152398466686,1.1835055293716492,0.8347531972611766,1.6666666666666667,0.6755939142409416,0.7428108088507008,1.1230761171401167,0.7465357961360113,1.005006257822278,3.628230227464858,0.8149669955211994,1.156614950844828,1.0213513278160706,0.764042899042369
B0005,335,95,24.0,1.5118975960142693,1.8353491942234077,0.8237656358652771,3.5068097579555353,2.6540810507928123,4.197918434710392,0.23170359937392337,-1.795344963527795,-2.0185074328810417,0.0027177292470912523,0.624318776563091,32.99903328622305,24.205952380559673,40.320066232195046,4.044741656549233,3039.218,324,1.5118975960142693,False,False,False,True,B0005_p1,0,3015.844,6919.375000000003,10805.297000000006,0.640368793194671,1.5204508317827654,1.170877908089141,1582.1063113048556,29.817451931587808,3.6450057689015303,3.716855926105063,4.005,24.0,1.0,8.999033286223053,16.320066232195046,0.9899689295539256,1.0235766729015456,1.0022579452420473,0.9869600203006881,1.0497770461557268,1.1013084647695601,1.191072956927188,0.8322882780645742,1.6615384615384616,0.6693433685500376,0.7393238701529481,1.1272759559894812,0.7147067567823926,1.0025031289111388,3.6450057689015303,0.8126228376970313,1.1714445435973335,1.030592642676885,0.761219225313363
B0005,339,96,24.0,1.5065638960681105,1.8353491942234077,0.8208595404132801,3.50609090727422,2.656849703962618,4.197739340034368,0.23141529776276365,-1.7893518988259454,-2.0206154364574687,0.002966026743767936,0.6320325499876801,33.03772281691292,24.228213693022468,40.336505612651585,4.042950285126565,3039.047,324,1.5065638960681105,False,False,False,True,B0005_p1,0,2989.344,6907.639999999999,10363.61,0.6665283622212722,1.5137289528609537,1.1616726096714025,1564.9583033543572,29.804974649979396,3.5987017538437946,3.6777577844275338,4.015000000000001,24.0,1.0,9.037722816912918,16.336505612651585,0.9897659987168944,1.0246444356208197,1.0022151861782906,0.9857319765207392,1.0542903510800385,1.1024178247804062,1.1905454438649146,0.832241449802979,1.6615384615384616,0.6620885429270724,0.7335113966191175,1.1733260657014484,0.7071886536893174,1.005006257822278,3.5987017538437946,0.8090302504131046,1.1694578176691799,0.9884652145676871,0.7545304478199634
B0005,343,97,24.0,1.5015453526671363,1.8353491942234077,0.8181251597206198,3.5037157727265953,2.6363048614501152,4.19785490446139,0.23345025331554517,-1.7883879159763685,-2.0174212119307557,0.0019690360203288167,0.6328913986760089,33.07740307192613,24.25745983903501,40.43267631588412,4.058632380945664,3030.375,323,1.5015453526671363,False,False,False,True,B0005_p1,0,2973.563,6961.579,10805.094,0.6442867595598891,1.5095481449980848,1.1554723266170115,1550.7814476784934,29.81518660623584,3.6269578876261868,3.6441866665253784,4.025,24.0,1.0,9.077403071926128,16.432676315884123,0.9890955005809963,1.0167210824368798,1.002242777320656,0.9944000325160328,1.0589192283798088,1.108907602948334,1.19516341994945,0.829866627086288,1.6564102564102565,0.6560907257982702,0.7295963707806872,1.1341729649112497,0.7007333308911179,1.0075093867334168,3.6269578876261868,0.8067957684565871,1.1785896463729424,1.0305732808484713,0.7505472177209694
B0005,347,98,24.0,1.4908444050400238,1.8353491942234077,0.8122946901506912,3.5067479961367156,2.69951692300468,4.197306756122815,0.22782166398290293,-1.7815447770741009,-2.0224772834102507,0.002722369357879482,0.6414356710358949,33.05467981523988,24.228985806758885,40.314538591575015,4.045827846714321,3021.0,322,1.4960918298136696,False,False,False,True,B0005_p1,0,2963.343,6991.25,10805.5,0.6470084679098608,1.4993851882626978,1.147561648788888,1525.151386945053,29.836684573126362,3.666502475712491,3.617341985086258,4.005,24.0,1.0,9.05467981523988,16.314538591575015,0.9899514942535003,1.0410995360014161,1.0021119062625226,0.9704246059062638,1.0562684599556438,1.1009354492855277,1.1913928121470194,0.8272992881830388,1.6512820512820512,0.6452473892507318,0.7246013555813945,1.1389641358970073,0.6955714210432117,1.0025031289111388,3.666502475712491,0.801364056645151,1.1836129224713006,1.030612004505297,0.7479676212687979
B0005,351,99,24.0,1.485868384561201,1.8353491942234077,0.8095834783036573,3.5058813026542324,2.698216006032282,4.197528212001444,0.22798452244418208,-1.7753115642966961,-2.0179249554704706,0.0006217348755526608,0.6486068932660061,33.11570360624461,24.27409668200787,40.386661855917744,4.056672478286734,3021.75,322,1.4908444050400238,False,False,False,True,B0005_p1,0,2941.094,7006.2970000000005,10806.844,0.648320360689948,1.4936370108605346,1.139691362120063,1510.9582848830266,29.863474041359538,3.6533747374495533,3.6384924537440173,4.015000000000001,24.0,1.0,9.115703606244608,16.386661855917744,0.9897068275397846,1.04059782251157,1.0021647791130384,0.971118314552502,1.0633871551564098,1.1058024614898512,1.1945862787489776,0.8275046752952987,1.6512820512820512,0.6392426987463775,0.7196318444487565,1.1412735319880485,0.6996384021582573,1.005006257822278,3.6533747374495533,0.7982918755956298,1.1861603672979661,1.030740193162375,0.7423518246480189
B0005,355,100,24.0,1.480413677976106,1.8353491942234077,0.8066114517256833,3.504168333530808,2.6911707598773864,4.19743662221161,0.22887754440273086,-1.7742377662318358,-2.018486701026112,0.002574506411845257,0.6498057454815246,33.12942148982364,24.26045465629052,40.43384612547835,4.070998143447877,3012.265,321,1.4859035988304024,False,False,False,True,B0005_p1,0,2900.109,7051.827999999994,10367.906000000003,0.6801593301482471,1.4886854144096886,1.128135732983337,1496.0882703824511,29.847879865816882,3.628855141249197,3.5854065654036136,4.025,24.0,1.0,9.129421489823642,16.433846125478347,0.9892232580488453,1.0378807428591432,1.0021429119433942,0.9749222130362537,1.0649874069662517,1.1089865438784723,1.1988048207010462,0.824907212948918,1.646153846153846,0.632951626190075,0.7123353087498645,1.1973213986474613,0.6894306233686068,1.0075093867334168,3.628855141249197,0.7956454366086492,1.193868728459852,0.9888749604537042,0.7320069361360573
B0005,359,101,24.0,1.4752095869031632,1.8353491942234077,0.8037759743738409,3.5030568931470634,2.690162319231471,4.197717228550219,0.22926505227297364,-1.773860289771637,-2.0172029187594718,0.002304044135428048,0.6507355272479427,33.130681310493344,24.246954155128837,40.44479269068758,4.079963844026956,3002.641,320,1.485868384561201,False,False,False,True,B0005_p1,0,2903.078,7113.125,10806.719,0.6582131912562916,1.4833120215540487,1.1248346511572473,1480.3304163108276,29.817445053015998,3.642848138156314,3.540642160944962,4.015000000000001,24.0,1.0,9.130681310493344,16.444792690687578,0.9889094995267405,1.037491826205352,1.0022099070355406,0.9765728338143292,1.0651343706210423,1.1097252384862977,1.2014449901868665,0.8222716855243984,1.641025641025641,0.6262849344197088,0.7102509167099299,1.1586884187730246,0.6808229659920497,1.005006257822278,3.642848138156314,0.7927735635699853,1.204246260561941,1.030728270854239,0.7327563316220159
B0005,363,102,24.0,1.4859035988304024,1.8353491942234077,0.8096026649899359,3.4982324882487936,2.6355034454892072,4.192454851360723,0.23319573629206394,-1.7809702419814517,-2.017032616337778,0.0013818757062667917,0.6422230325919555,33.20069210329718,24.337824191545764,40.58499656066617,4.0996268557124855,3012.0,321,1.4808005946928984,False,False,False,True,B0005_p1,0,2952.937,7082.031000000001,10043.172,0.7051587884783812,1.4916614220510864,1.1386677968145653,1464.3813492971653,30.0408863638767,5.070127994747494,3.898438678234487,4.015000000000001,24.0,0.0,9.200692103297179,16.58499656066617,0.987547574791006,1.016412007217556,1.0009535083153027,0.993315896890429,1.0733014393417624,1.1191864567561274,1.2072352441657468,0.8248346428359195,1.646153846153846,0.6195373459903634,0.7189855377264357,1.241329302511312,0.7496229392877602,1.005006257822278,5.070127994747494,0.7972359989103088,1.1989820717242765,0.95790232997191,0.7453410771708238
B0005,366,103,24.0,1.4960918298136696,1.8353491942234077,0.8151537781052678,3.5065859365661325,2.6594753656507684,4.202845001527377,0.2327793636251861,-1.7879098523188452,-2.020648432189961,0.003790346438351921,0.633757279790088,33.78697527817091,25.05068794027295,40.99869158762305,4.00137718412186,3020.11,322,1.480413677976106,False,False,False,True,B0005_p1,0,2977.593,7049.889999999999,10569.812,0.6669834808793192,1.506116784654351,1.1535973335881278,1542.9585256931002,30.484119019984476,3.5880530752844244,3.6391704606789794,4.015000000000001,24.0,1.0,9.786975278170907,16.99869158762305,0.9899057449968575,1.0256570520419042,1.003434168842359,0.9915423242015937,1.1416939655114324,1.1471033676643625,1.17830322902231,0.827055562143157,1.6512820512820512,0.6527810740282266,0.7284124496450614,1.1741272357862353,0.699768774749285,1.005006257822278,3.5880530752844244,0.8049618375451768,1.1935406266406146,1.0081324448257039,0.7515644167133618
B0005,370,104,24.0,1.4808005946928984,1.8353491942234077,0.8068222654051783,3.501457140697961,2.644554999824577,4.197952808231904,0.2335250205477887,-1.780229415660985,-2.018056806197647,0.0029141195307161565,0.6432393686749752,33.673365085761986,24.845214918132577,40.997807625227495,4.065518600867025,3002.172000000006,320,1.4752095869031632,False,False,False,True,B0005_p1,0,2937.875,6971.125,9917.203,0.7029325708065066,1.4877716352063515,1.1362376031346322,1501.921552402293,30.320993292587357,3.6027921291366276,3.57847762240536,4.015000000000001,24.0,1.0,9.673365085761986,16.997807625227495,0.9884578909910917,1.0199028425364014,1.002266151960586,0.9947185095239528,1.12844083393531,1.1470437162355684,1.197191235572855,0.8221432501168668,1.641025641025641,0.6354195189030767,0.7174510479352656,1.237410370669266,0.6880982708436056,1.005006257822278,3.6027921291366276,0.7951570565612828,1.1802057763865896,0.9458876001032757,0.7415393274875942
B0005,374,105,24.0,1.4697543268466824,1.8353491942234077,0.8008036462339693,3.501658387162809,2.6719601666204564,4.198017952345714,0.23109365437747822,-1.7731015168894209,-2.017916668624779,0.0007844165488200334,0.6514705765655358,33.535818118317145,24.68293151974539,40.84213757482493,4.071805413255272,2992.703,319,1.4697543268466824,False,False,False,True,B0005_p1,0,2907.469,6281.891,10317.406,0.6088634100470602,1.4688834487424491,1.1231931311347019,1470.8273224105635,30.154996545118347,3.6088288601469003,3.5114167383511545,4.015000000000001,24.0,1.0,9.535818118317145,16.842137574824932,0.9885147026692644,1.0304719581407868,1.0022817051940913,0.9843619107862032,1.1123953716507133,1.1365388113056336,1.1990425410100738,0.8195501693622127,1.6358974358974359,0.6222644505638522,0.7092144167233665,1.071815319425105,0.6752032682117531,1.005006257822278,3.6088288601469003,0.7850620430544994,1.0635190223717017,0.9840583479667744,0.7338646494323373
B0005,378,106,24.0,1.4539012274845928,1.8353491942234077,0.7921659987432434,3.4966186408455298,2.6598211033173382,4.192162800008929,0.23123114842947284,-1.7705879947441516,-2.027591717224413,0.005446235642757207,0.654212957890516,33.32269982188509,24.442107279152207,40.69012464267011,4.102402769286851,2964.468,316,1.455023751906683,False,False,False,True,B0005_p1,0,2834.125,7129.859999999999,10806.109,0.6597990081351205,1.471555902067553,1.1031540342822062,1449.506357972568,29.97682928823835,3.6704951119287514,3.5762605079646,4.025,24.0,1.0,9.322699821885088,16.690124642670114,0.9870919872637248,1.02579038972213,1.0008837807128477,0.9849475777016697,1.0875341794988076,1.126280695526282,1.208052679707975,0.8118180292093335,1.6205128205128205,0.613244167883927,0.6965611908515628,1.1614800183280056,0.6876719463632184,1.0075093867334168,3.6704951119287514,0.7864903671799909,1.2070794824117612,1.0306700899905357,0.7153521325841903
B0005,382,107,24.0,1.4541462067235693,1.8353491942234077,0.7922994770152516,3.4991645719433246,2.688360455508818,4.196993378341778,0.22947771879895953,-1.7600629827474803,-2.017344770444764,0.0015596672777035013,0.667000512961465,33.346230327490304,24.375162099510042,40.69938049882204,4.1187097532725945,2983.375,318,1.4541462067235693,False,False,False,True,B0005_p1,0,2855.297,7061.141,10041.921,0.7031663563176805,1.4606339994292,1.103171065696968,1430.9334878259335,30.08507492258316,3.705281406428025,3.4753926125669397,4.015000000000001,24.0,1.0,9.346230327490304,16.699380498822038,0.98781070109697,1.0367969168793147,1.0020370869500963,0.977478703897364,1.0902791170807822,1.1269052979380478,1.212854669373499,0.8169957013846652,1.6307692307692307,0.60538652432435,0.6965719449458957,1.2378219159981543,0.6682762614573812,1.005006257822278,3.705281406428025,0.7806530278004447,1.1954454117635502,0.9577830115120853,0.7206960871913697
B0005,386,108,24.0,1.455023751906683,1.8353491942234077,0.7927776122855728,3.496080777360074,2.6376728619288525,4.197603515102162,0.23426793601664392,-1.765575132998529,-2.017072416845675,0.002686593832583876,0.6607978776580166,33.64948900485925,24.70475717255037,41.06026204078849,4.130055203457506,2975.297,317,1.4539012274845928,False,False,False,True,B0005_p1,0,2842.672,6999.0470000000005,10719.281,0.6529399686415535,1.461931768430352,1.101347059028251,1435.2115030179068,30.388201652887467,3.67969304649894,3.536315779938953,4.015000000000001,24.0,1.0,9.649489004859248,17.060262040788487,0.9869401489332494,1.0172486674471926,1.002182757816572,0.9978830174047293,1.1256555834659931,1.1512582565162854,1.2161956142463395,0.814783545260884,1.6256410256410256,0.6071964286770746,0.6954202179723281,1.1494056786905182,0.6799910548825304,1.005006257822278,3.67969304649894,0.7813466357135365,1.1849329482115487,1.0223885686238996,0.717509452630835
B0005,390,109,24.0,1.449042163761236,1.8353491942234077,0.7895185114211305,3.4959014526387993,2.645120521151077,4.196406678544622,0.23343364754226326,-1.7588271887545277,-2.0179388823247932,0.0031991265142638165,0.6677722505465497,33.79269513542102,24.851431185422516,41.19696040482682,4.127007891809572,2974.9850000000006,317,1.449042163761236,False,False,False,True,B0005_p1,0,2833.641,7142.7029999999995,10804.719,0.6610725369165085,1.4580011708064538,1.09648131452725,1421.6897398284716,30.35093185395905,3.6141351570716367,3.4473387839519147,4.015000000000001,24.0,1.0,9.79269513542102,17.196960404826818,0.9868895257416263,1.0201209422955102,1.0018970116860535,0.994329298896099,1.1423612121653202,1.1604829167164123,1.2152982589135688,0.8146981042221841,1.6256410256410256,0.601475762210301,0.692347855746683,1.163721880189133,0.6628818471288752,1.005006257822278,3.6141351570716367,0.7792458815633794,1.209253791836156,1.0305375139240636,0.715229967742424
B0005,394,110,24.0,1.4386709371480566,1.8353491942234077,0.7838676921406241,3.49758697990267,2.698012437629632,4.197098662004674,0.229142139192038,-1.7516428147438297,-2.029098489464331,0.003781794323562663,0.6759686601230658,33.52446663707275,24.582992198113057,40.84446688602949,4.107121567467311,2966.25,316,1.4386709371480566,False,False,False,True,B0005_p1,0,2831.297,7167.7970000000005,10805.687,0.6633356120716805,1.446107307594643,1.0889271504696723,1386.4808696141733,29.97632430805407,3.635147901431278,3.587633328877758,4.025,24.0,1.0,9.524466637072749,16.844466886029487,0.9873653484227292,1.0405193140318723,1.00206222354798,0.9760492757117221,1.11107117114259,1.136695997563959,1.209442245069422,0.8123060289880631,1.6205128205128205,0.5865799087371911,0.6875779529513238,1.1677056942602335,0.6898588032422333,1.0075093867334168,3.635147901431278,0.7728890664186047,1.2135021855678199,1.0306298402782685,0.7146383264426305
B0005,398,111,24.0,1.433445432156979,1.8353491942234077,0.7810205472989098,3.4956989619989507,2.6928942772989077,4.196909312093871,0.2296125408087406,-1.7513097768253418,-2.025048878675005,0.0013123608369275883,0.6767833456075123,33.39042251934235,24.38167771883123,40.764203830749366,4.147556736723813,2956.359,315,1.433445432156979,False,False,False,True,B0005_p1,0,2792.422,7123.625,10011.406,0.7115509050377139,1.4391291709364153,1.077793856754717,1373.5260302289505,30.072488379955132,3.7088741554598386,3.420423618451859,4.015000000000001,24.0,1.0,9.390422519342351,16.764203830749366,0.9868323628340803,1.0385454370392557,1.0020170160349031,0.9780529890352301,1.0954343317744109,1.13127969710717,1.2213493681194718,0.8095973837515791,1.6153846153846154,0.5810990913160293,0.6805480912210574,1.2525816923557174,0.6577063840425338,1.005006257822278,3.7088741554598386,0.769159519172149,1.2060239019974424,0.9548725376499337,0.7048260160631622
B0005,402,112,24.0,1.4333958900838095,1.8353491942234077,0.7809935540306394,3.492875380810072,2.6483923655058113,4.197105220217278,0.2334116463244922,-1.7511840784846122,-2.0170494375017745,0.0017334904566314662,0.6767869141766419,33.67370212742761,24.640411065560848,41.11212504270441,4.164046290316763,2956.344,315,1.4333958900838095,False,False,False,True,B0005_p1,0,2794.485,7186.453,10806.625,0.6650043838848855,1.440918014446584,1.078452787036117,1376.7699802772815,30.336671946542243,3.6923646563442354,3.3850116816887423,4.015000000000001,24.0,1.0,9.67370212742761,17.112125042704413,0.9860352686544711,1.0213827664428439,1.0020637893289237,0.9942355829486703,1.128480151336737,1.1547580684781813,1.2262051198643484,0.8095932760093338,1.6153846153846154,0.5824715126490604,0.6809641575610574,1.1706433238903007,0.6508970938847977,1.005006257822278,3.6923646563442354,0.7701155876348988,1.216660631150745,1.0307193052785208,0.705346731080856
B0005,406,113,24.0,1.42806487344776,1.8353491942234077,0.7780889205947633,3.49551076423368,2.6832134764261997,4.196244829545076,0.23026320374609258,-1.7446206812145286,-2.017587381204539,0.0022931157457021885,0.6838024379199837,33.91080564765892,24.932873139487384,41.27256611507568,4.130728324479157,2956.406,315,1.42806487344776,False,False,False,True,B0005_p1,0,2796.375,7205.218999999999,10805.563,0.6668064403492904,1.4365408652914156,1.0767450754031922,1370.7654052149771,30.483128850170555,3.632613859248952,3.35974923487467,4.025,24.0,1.0,9.910805647658918,17.272566115075684,0.9867792347909045,1.0348119256058543,1.001858370047764,0.9808245398768787,1.1561393259597053,1.1655849308563875,1.2163938311693732,0.8096102546772806,1.6153846153846154,0.5799311508097857,0.6798858624076204,1.1738155817286702,0.6460394287533451,1.0075093867334168,3.632613859248952,0.7677761687644277,1.2198376996439464,1.0306180133485976,0.7058237797398191
B0005,410,114,24.0,1.4229203181741186,1.8353491942234077,0.7752858816472794,3.4942333590450834,2.684960445221862,4.1968026018066595,0.23051595773401903,-1.7436362428649814,-2.0245398824990146,0.0014033494395084456,0.6846051890564013,33.7850680599871,24.80325379769347,41.15574924454392,4.144241804988197,2947.266,314,1.42806487344776,False,False,False,True,B0005_p1,0,2794.391,7206.141,10807.219,0.6667895783364804,1.4305742228979772,1.072368655061971,1351.6415347689863,30.274856346189882,3.633367572456681,3.373286288213839,4.025,24.0,1.0,9.785068059987097,17.15574924454392,0.9864186245683817,1.0354856640762724,1.0019915388287923,0.9819011657114752,1.14147148007242,1.1577019108665099,1.2203732055163647,0.8071072704025396,1.6102564102564103,0.5718403949784177,0.6771224726453452,1.1737858986119845,0.6486424415364007,1.0075093867334168,3.633367572456681,0.7645872265297129,1.219993793491902,1.0307759600867827,0.7053230048512568
B0005,414,115,24.0,1.417429032731308,1.8353491942234077,0.7722939248795462,3.491197414255986,2.669922120529456,4.196227405416926,0.23192515902293845,-1.7425325036061032,-2.01689808000431,0.00328323198086081,0.6854953037815841,33.61126807392732,24.578577776974136,41.03237216951879,4.1726745332912945,2937.984,313,1.42806487344776,False,False,False,True,B0005_p1,0,2765.203,7279.953,10805.547,0.6737236902490915,1.4260008706877956,1.062789968696306,1331.3147470755966,30.035870598156723,3.5844765692332388,3.258310673749934,4.005,24.0,1.0,9.61126807392732,17.032372169518787,0.9855615803542697,1.0296859623866543,1.0018542100167511,0.9879037713528107,1.1211969427766129,1.1493761960593212,1.2287459167174974,0.8045653995012105,1.6051282051282052,0.5632407196915695,0.6710742318971684,1.1859923923048314,0.626534011681636,1.0025031289111388,3.5844765692332388,0.7621429446278324,1.2324901048859234,1.0306164872931562,0.6979557581539984
B0005,418,116,24.0,1.412409228794446,1.8353491942234077,0.7695588573770451,3.4889094081576237,2.664105530655056,4.196558172556389,0.23255290311170276,-1.7419837011363046,-2.0197651300783948,0.0026192373361047815,0.6864030353770245,33.45598581472246,24.354940329833727,40.937269906716935,4.211566699707515,2929.125,312,1.4229203181741186,False,False,False,True,B0005_p1,0,2742.813,7307.250000000001,10510.453,0.6952364469923419,1.4195692421022816,1.054612181331589,1316.977109779243,30.03736523711485,3.682390239246505,3.325914976147174,4.015000000000001,24.0,1.0,9.45598581472246,16.937269906716935,0.9849156784935057,1.02744272806286,1.0019331810588776,0.990577697525147,1.1030825802441366,1.1429585182415802,1.240198664899737,0.8021393669311961,1.6,0.5571748805147604,0.6659105565369956,1.2238624660520767,0.6395335071346384,1.005006257822278,3.682390239246505,0.7587054850514214,1.237111464720674,1.0024708745165622,0.6923043721888205
B0005,422,117,24.0,1.412578792940193,1.8353491942234077,0.769651245324952,3.487376295811431,2.634098605983684,4.196870541112335,0.23502132753203192,-1.7421680980861822,-2.0182280835485455,0.0010338439367061337,0.686435308908867,33.723267448788484,24.616751003686066,41.240704611971786,4.224667834776898,2928.454,312,1.417429032731308,False,False,False,True,B0005_p1,0,2735.735,7238.062000000001,10202.781,0.7094205001557908,1.4190224807526723,1.053740071196492,1322.0803848288788,30.351591057822837,3.6917139064278786,3.3333454319579947,4.025,24.0,1.0,9.723267448788484,17.240704611971786,0.9844828823930606,1.0158702148157774,1.0020077594176309,1.001092148843908,1.1342621653592473,1.163434857286258,1.244056614062182,0.8019556139280942,1.6,0.5593339284168848,0.6653598826914776,1.2488314249700543,0.6409622945505477,1.0075093867334168,3.6917139064278786,0.7584132620145596,1.2253979927550105,0.9731255914060951,0.6905178375813381
B0005,426,118,24.0,1.4075983731469897,1.8353491942234077,0.7669376364875282,3.491994243745711,2.68378702970616,4.196795527524874,0.23071791602007982,-1.735841378420618,-2.0178512019397976,0.002279801917616979,0.6933478478788404,34.050076369857344,25.013633898401757,41.43649987692296,4.168989536988808,2929.375,312,1.4173547174485526,False,False,False,True,B0005_p1,0,2733.953,7281.547000000002,10140.858999999997,0.7180404539694324,1.4155364921574343,1.0519765007334339,1321.3584052637862,30.67648939138071,3.672116358118881,3.2705694142299655,4.025,24.0,1.0,10.050076369857344,17.43649987692296,0.9857865245318632,1.0350331229795584,1.0019898498357267,0.9827614231897752,1.1723858718625042,1.1766474864254184,1.2276607795653727,0.8022078293019494,1.6,0.559028479768668,0.6642463167671163,1.2640055976954012,0.6288912202538557,1.0075093867334168,3.672116358118881,0.7565501343913399,1.2327599677857513,0.9672195660909333,0.6900680488457441
B0005,430,119,24.0,1.4333920485221476,1.8353491942234077,0.7809914609348547,3.491585878898649,2.660031949282934,4.189287343772767,0.2314340526179757,-1.7567879869499758,-2.017223089332264,0.0036040078454246437,0.6705438927885254,33.889346908026745,25.159494190646395,41.16703904201915,4.072979899996419,2946.031,314,1.412578792940193,False,False,False,True,B0005_p1,0,2830.875,7179.984,10340.672,0.6943440426308851,1.4453971480562053,1.0895021291440645,1381.7072421289747,30.448107672298725,4.542266290806229,3.519548705560067,4.015000000000001,24.0,0.0,9.889346908026745,17.167039042019148,0.9856712435390473,1.0258717048771042,1.000197262167118,0.9858118643271041,1.153636069044346,1.1584637674269003,1.199388397313006,0.8067690662910182,1.6102564102564103,0.5845603251742442,0.6879410099838891,1.2222915182008054,0.6767669478446715,1.005006257822278,4.542266290806229,0.7725095132970702,1.2155654347272917,0.986277423335505,0.7145318108161318
B0005,432,120,24.0,1.4382550176792908,1.8353491942234077,0.7836410761538272,3.495576227046425,2.650011641082063,4.201144545237731,0.23397367076765024,-1.7573176114092575,-2.0257290511470427,0.0022668920626443224,0.6694688446745368,34.067648550088656,25.21215090210571,41.36216559728765,4.085856241889734,2955.438,315,1.412409228794446,False,False,False,True,B0005_p1,0,2815.875,7197.469000000003,10700.062999999995,0.6726566937035797,1.4456249983365157,1.085865882272581,1393.6806287867444,30.60906521554531,3.5549775881558467,3.413716636886777,4.025,24.0,1.0,10.067648550088656,17.36216559728765,0.986797714878258,1.0220072585646482,1.0030281829106782,0.9966295710322718,1.1744357444289257,1.1716312707912309,1.2031801506351107,0.8093451683777239,1.6153846153846154,0.5896259183655473,0.6856449857004998,1.1841141003523477,0.656416712035472,1.0075093867334168,3.5549775881558467,0.7726312905604222,1.2185256309653627,1.0205555852818433,0.7107457103481698
B0005,436,121,24.0,1.4173547174485526,1.8353491942234077,0.772253433793169,3.4938988589692483,2.6936969083341418,4.196925753814179,0.22954405726334065,-1.7427628393326555,-2.01734921830549,0.003419658941394484,0.6856017380135446,33.75168100943646,24.8439113089274,41.02198772703674,4.104311380057595,2937.625,313,1.4075983731469897,False,False,False,True,B0005_p1,0,2770.141,7270.124999999999,10628.938,0.6839935466741831,1.4251121148303798,1.0647195242591279,1340.5036009305932,30.19378282488405,3.596979837048263,3.388065601456575,4.025,24.0,1.0,9.75168100943646,17.021987727036738,0.9863241955274966,1.038854980865872,1.0020209415148924,0.9777612778941824,1.1375767329154607,1.1486754345400552,1.2086147167593777,0.8044670875368087,1.6051282051282052,0.5671282576834663,0.6722926052873613,1.204070978179878,0.6514843259799163,1.0075093867334168,3.596979837048263,0.7616679386021352,1.230826232502294,1.01377179195248,0.6992021424280515
B0005,440,122,24.0,1.406981663677643,1.8353491942234077,0.7666016189758266,3.49159162968384,2.697073130067154,4.196901090271507,0.22932881459420568,-1.7352637407600366,-2.016959683770622,0.0025963216962809578,0.6933146489933393,33.46482299584788,24.47190444990649,40.78818812957494,4.144480066638334,2929.078,312,1.406981663677643,False,False,False,True,B0005_p1,0,2705.781,7349.016,10807.109,0.680016829662771,1.4149618195993683,1.044485489867698,1306.9619797632695,29.935657831042917,3.63687470524221,3.313650492823454,4.015000000000001,24.0,1.0,9.464822995847882,16.78818812957494,0.9856728669800242,1.0401570593413663,1.0020150530651795,0.9768444345232852,1.1041134765196723,1.1328982022616443,1.220443367477807,0.8021264960054945,1.6,0.5529377690049596,0.659516290599271,1.1970705473057013,0.6371751942825464,1.005006257822278,3.63687470524221,0.7562429938806964,1.2441824144535452,1.0307654684556233,0.6829572473535157
B0005,444,123,24.0,1.4012037783587625,1.8353491942234077,0.7634535067053846,3.4885729299834787,2.6806995515145213,4.196688955833435,0.23087953878001954,-1.7344350518111926,-2.0173176445033945,0.002009419144474731,0.6942236682134463,33.40210697922146,24.335820690902352,40.81506138506309,4.186006847766958,2918.375,311,1.4012037783587625,False,False,False,True,B0005_p1,0,2703.157,7332.594,10722.515,0.6838501974583389,1.409086666721244,1.0405912176230903,1291.0441642622404,29.8881671331284,3.657438259154709,3.2673376371683953,4.015000000000001,24.0,1.0,9.402106979221458,16.81506138506309,0.9848206910374223,1.0338424017489052,1.001964405719519,0.9834498682672888,1.0967973757134295,1.1347116595922664,1.232671942301727,0.7991954849888037,1.594871794871795,0.5462034021856846,0.6570573421406641,1.2038186327719687,0.6282697883371392,1.005006257822278,3.657438259154709,0.7531029492939686,1.241402183248421,1.0226970225799932,0.6822949321783203
B0005,448,124,24.0,1.3967008232726328,1.8353491942234077,0.761000047112898,3.4869021151089825,2.6695398084864568,4.196339302740304,0.23172009682163183,-1.7280392046289716,-2.0174893103299003,0.004647788990613573,0.7011017090448697,33.410688917712235,24.324432889352373,40.858374219876424,4.202402162925674,2919.812,311,1.3967008232726328,False,False,False,True,B0005_p1,0,2696.0,7357.406999999999,10772.969,0.682950726025481,1.4046849221863176,1.0361861200424132,1276.6135513643924,29.861095412731405,3.6568374270412995,3.3325364326303495,4.035,24.0,1.0,9.410688917712235,16.858374219876424,0.9843490216493024,1.0295385193803956,1.0018809256338244,0.9870302924991746,1.0977984968063952,1.1376344903537612,1.2374999432382578,0.7995890066958936,1.594871794871795,0.540098227724102,0.6542758447964512,1.2022352443711979,0.6408067336955682,1.0100125156445556,3.6568374270412995,0.7507503851333799,1.2456030039092871,1.0275092476575287,0.6804884574417066
B0005,452,125,24.0,1.391284788852726,1.8353491942234077,0.7580490912746558,3.4855485210036417,2.671695307817951,4.196181412764837,0.2320368945792356,-1.7326888725308258,-2.0162082324346313,0.0022916013939350667,0.6961086414901655,33.38984948261314,24.27764742305546,40.839876773287166,4.223993508985999,2900.422,309,1.391284788852726,False,False,False,True,B0005_p1,0,2669.703,7263.718999999997,10745.718999999997,0.6759639815632624,1.3987999981301869,1.0277394842504708,1262.6015370143168,29.859618167527618,3.6581631803855643,3.1947678666105435,4.015000000000001,24.0,1.0,9.389849482613137,16.839876773287166,0.9839669033708658,1.0303698123183085,1.0018432292171724,0.9883797178948986,1.0953674845047319,1.1363862482072198,1.243858042365422,0.7942790652202667,1.5846153846153845,0.5341701501870648,0.6489424112929848,1.189936098743551,0.6143154929899436,1.005006257822278,3.6581631803855643,0.7476051182255923,1.2297417019274535,1.0249101844838882,0.6738509185079735
B0005,456,126,24.0,1.3862287677978349,1.8353491942234077,0.7552942906782328,3.4838912547260388,2.661289185949965,4.195770804194879,0.23259470683920805,-1.7260735249920125,-2.0178551648279797,0.002276420033202403,0.7028749959302109,33.3700433438796,24.239023397259928,40.85376069244676,4.228319663198283,2901.375,309,1.3862287677978349,False,False,False,True,B0005_p1,0,2672.484,7303.344,10807.094,0.6757916605518561,1.3947962584053637,1.0255065287194012,1249.7052628773654,29.76623045605718,3.637933343198437,3.194815047293921,4.035,24.0,1.0,9.370043343879601,16.853760692446762,0.9834990587382614,1.026356572558257,1.0017451959399601,0.9907557638472013,1.0930570107955977,1.1373231609303112,1.2451319841217279,0.7945400437775784,1.5846153846153845,0.5287141100266204,0.6475324629852197,1.1896327527108672,0.6143245652687377,1.0100125156445556,3.637933343198437,0.7454652724189567,1.2364501821066674,1.030764037778647,0.6745528615347336
B0005,460,127,24.0,1.3804366761974138,1.8353491942234077,0.7521384380379553,3.483198941484065,2.667817533540102,4.195456241846729,0.2320093486771037,-1.7195393742714093,-2.01649929452358,0.0016756334707971991,0.7094441800501549,33.27215987470977,24.12349712975845,40.74795214258888,4.234132939694458,2901.187,309,1.3804366761974138,False,False,False,True,B0005_p1,0,2655.343,7360.062000000001,10113.641,0.7277361338018624,1.388712527504559,1.0181875547965102,1230.5113508676848,29.659062062043006,3.6710075445211814,3.2047171935836745,4.035,24.0,1.0,9.272159874709772,16.74795214258888,0.9833036193941345,1.0288743043750233,1.0016700938107477,0.9882623839208009,1.0816384710631255,1.1301830029220306,1.2468438453513624,0.7944885600747719,1.5846153846153845,0.5205937216377917,0.6429110655800444,1.2810734293390145,0.6162286290798284,1.0100125156445556,3.6710075445211814,0.7422137508537375,1.2460524932436927,0.9646235550281761,0.6702263583266445
B0005,464,128,24.0,1.3752364150256224,1.8353491942234077,0.7493050474286049,3.4836274447098883,2.684008069130594,4.19654355365607,0.23099757689946665,-1.7185829844462923,-2.0162911974216766,0.0022384407354535305,0.7104295747135849,33.222444215660225,24.053006415445992,40.68794001196382,4.243207916713656,2891.64,308,1.3804366761974138,False,False,False,True,B0005_p1,0,2641.844,7120.7660000000005,10585.812,0.6726707407990998,1.3812267319534963,1.0121099972212175,1217.96813435346,29.636312800311195,3.6661496639408213,3.211175212585645,4.035,24.0,1.0,9.222444215660225,16.687940011963818,0.9834245854313757,1.0351183693583663,1.0019296907792965,0.9839526610813865,1.0758389194841111,1.1261332725774407,1.2495161939536028,0.7918741190604442,1.5794871794871794,0.5152870499343212,0.6390735319169695,1.1841388282172898,0.6174704285759348,1.0100125156445556,3.6661496639408213,0.738212879338549,1.205539875629433,1.0096585002671072,0.6668191203121766
B0005,468,129,24.0,1.3705128024895008,1.8353491942234077,0.7467313614232449,3.480172442538601,2.6585256208771644,4.194357133255019,0.2328888860424913,-1.717672415155695,-2.0164165307282076,0.004913397668118928,0.7114589545468621,33.26207748383125,24.058082195374322,40.7810749453613,4.270669269535446,2882.906,307,1.375392016895762,False,False,False,True,B0005_p1,0,2603.485,7539.093999999999,10806.562,0.697640378133212,1.3821862521206567,1.0024669557413,1212.1012751967774,29.674942267630755,3.6786730394408274,3.20241921766329,4.025,24.0,1.0,9.262077483831249,16.781074945361297,0.9824492417323465,1.0252907721217106,1.0014076803465846,0.9920088437010708,1.080462315560862,1.132418191342908,1.257602859922419,0.7894823176758066,1.5743589743589743,0.5128049517069878,0.6329846556150731,1.2280942365626886,0.6157867559080202,1.0075093867334168,3.6786730394408274,0.7387257061822498,1.2763624648132803,1.0307132964352204,0.6571370517888063
B0005,472,130,24.0,1.3705085566270399,1.8353491942234077,0.7467290480419688,3.478452148610975,2.6372250579822927,4.195863681881766,0.2349115652478485,-1.7177080769362936,-2.0166833595676397,0.001179478056536671,0.7112700457368812,33.312029905516525,24.086387020526896,40.88159339768709,4.285594428971785,2883.265,307,1.3752364150256224,False,False,False,True,B0005_p1,0,2627.328000000006,7452.75,10805.281000000003,0.6897321781821313,1.3786681529383855,1.0060280280094933,1203.6835580004579,29.66255999018432,3.672603676777701,3.113004132842922,4.025,24.0,1.0,9.312029905516525,16.88159339768709,0.9819636044564188,1.0170759667402585,1.0017673705965349,1.0006246076122713,1.0862894865488142,1.1392013637171443,1.2619979376039974,0.7895806296402083,1.5743589743589743,0.5092436593062015,0.6352332126277438,1.214173002806845,0.5985933089329702,1.0075093867334168,3.672603676777701,0.7368454166779553,1.2617444960411923,1.0305911166214432,0.6631551846859823
B0005,476,131,24.0,1.3647355108681518,1.8353491942234077,0.743583572632135,3.4785782556105507,2.6514257735606432,4.1955845546644195,0.23371613114596132,-1.7109669363015376,-2.0156447128046424,0.0025249486819050103,0.7178817791871309,33.25287943255863,24.008188700976785,40.81191473576834,4.288549064319252,2882.969,307,1.3705128024895008,False,False,False,True,B0005_p1,0,2607.015,7488.547,10733.391,0.6976869658433201,1.3734302004479901,0.9984874174015352,1187.4711142217402,29.574918567388586,3.6779637179351816,3.076522828040966,4.045,24.0,1.0,9.252879432558629,16.81191473576834,0.9819992043377914,1.0225526349076333,1.0017007286463229,0.9955325604077621,1.0793893221861022,1.1344993178373577,1.2628680021368583,0.7894995701932364,1.5743589743589743,0.5023846437939475,0.6304718678457842,1.2281762474383084,0.591578392144006,1.0125156445556946,3.6779637179351816,0.7340459313361791,1.267804898942777,1.023734358766287,0.6580280474322666
B0005,480,132,24.0,1.375392016895762,1.8353491942234077,0.7493898279546375,3.4825195584604582,2.676384659108382,4.188483624251573,0.22996700565473227,-1.7184206130755166,-2.015672372070857,0.0023505638634883142,0.7104440687417272,33.745054045019884,24.719545529723796,41.11793533148924,4.196060981362627,2891.656,308,1.3705085566270399,False,False,False,True,B0005_p1,0,2678.516,7653.046,10805.547,0.7082516044768488,1.387664123577278,1.019839903022865,1184.3635932048774,30.038979775800122,4.992405613433963,3.3393896831616576,4.035,24.0,0.0,9.745054045019884,17.117935331489242,0.983111830237876,1.0321783142065581,1.000005373189666,0.9795628604077125,1.1368036681974023,1.1551501575867944,1.2356326274697758,0.7918785006521725,1.5794871794871794,0.5010699416336662,0.6439544027863486,1.2467737544402993,0.642124531468209,1.0100125156445556,4.992405613433963,0.7416534190385738,1.295654445466447,1.0306164872931562,0.6760753787362501
B0005,482,133,24.0,1.3861115151535393,1.8353491942234077,0.7552304049366723,3.4886823636752826,2.6949138502817815,4.200346502821317,0.2305166507714859,-1.7260471943596487,-2.01575998810726,0.0021180176276842364,0.7029280466636602,33.88841975386692,24.843079939814473,41.248795355864885,4.172985355606769,2901.25,309,1.3698500035838939,False,False,False,True,B0005_p1,0,2697.172,7264.250000000003,10751.266000000003,0.6756646147532765,1.3951797857101154,1.033770855865568,1287.2339492415447,30.44925709999368,2.403488128509508,3.059700833796057,4.025,24.0,0.0,9.88841975386692,17.248795355864885,0.9848515840604859,1.039324308428234,1.0028376493486448,0.9819041177600157,1.153527912409708,1.1639808357528267,1.2288374459388436,0.7945058125922017,1.5846153846153845,0.5445914105397194,0.6527507818959297,1.1894091070935757,0.5883437246754744,1.0075093867334168,2.403488128509508,0.7456702530998223,1.2298315997943354,1.0254392488297304,0.6807842780916035
B0005,484,134,24.0,1.3698500035838939,1.8353491942234077,0.7463702318312888,3.4858502383832755,2.6973343716306273,4.1981749992980655,0.229689874761782,-1.712021613408506,-2.016014837696764,0.0015018865835744713,0.7169288800053295,33.7353756996425,24.576580515525826,41.16242984455477,4.220925520758632,2891.703,308,1.3647827949260758,False,False,False,True,B0005_p1,0,2641.609,7417.764999999999,10805.625,0.6864725548036323,1.378910867283991,1.0100659032744852,1213.0593743832926,30.051459766235475,3.663487015627492,3.103894778136251,4.035,24.0,1.0,9.735375699642503,17.162429844554772,0.9840520778890062,1.0402578101342947,1.0023192003379866,0.9783823991957536,1.135674646390416,1.1581527301975723,1.242954598308897,0.7918913715778741,1.5794871794871794,0.5132102957299052,0.6377828359039918,1.20843491078985,0.5968416894222275,1.0100125156445556,3.663487015627492,0.736975138215905,1.255821564077286,1.0306239268134332,0.6667598047381785
B0005,488,135,24.0,1.3647827949260758,1.8353491942234077,0.7436093356085064,3.478794177297151,2.642540259937964,4.195715092938243,0.23415766646771544,-1.711022510206629,-2.0165238233233063,0.0014907630238953716,0.7178849800923008,33.59131052719714,24.340286688400784,41.16437554618679,4.292879138992345,2883.016,307,1.3647355108681518,False,False,False,True,B0005_p1,0,2597.812,7525.094,10806.672,0.6963377809560612,1.3743705588978588,0.9973063217059606,1193.1484364025632,29.83228995796081,3.6441505853947476,3.1321605745453396,4.045,24.0,1.0,9.591310527197138,17.16437554618679,0.982060158816564,1.019125835086201,1.0017318948121579,0.9974133154383245,1.118868806654814,1.1582840297674863,1.2641430983685906,0.789512441118938,1.5743589743589743,0.5047865544150623,0.6297260921892102,1.2258012040262085,0.6022768626118918,1.0125156445556946,3.6441505853947476,0.7345485169746037,1.2739922762326121,1.03072378806638,0.6557051485918229
B0005,492,136,24.0,1.3543220466259964,1.8353491942234077,0.7379097399495421,3.4812826020756744,2.699226257883075,4.195755769877104,0.2296261723890385,-1.703421414006958,-2.0182163733141314,0.002981994184247595,0.7252203529345469,33.32366688599416,24.03013803682012,40.864216180205034,4.2977729880449305,2873.453,306,1.3547039213192407,False,False,False,True,B0005_p1,0,2573.562,7454.875,10502.453,0.7098222672360448,1.3624379242616314,0.9869071382947426,1169.0381477993585,29.749204122508385,3.733133813161693,3.0618269414334254,4.055,24.0,1.0,9.323666885994157,16.864216180205034,0.9827626386727016,1.0409874376772101,1.0017416064789748,0.9781110538421812,1.0876469918055935,1.1380287167171355,1.2655842117342317,0.7868936185128823,1.5692307692307692,0.4945861894490237,0.6231597674913949,1.2495386773756858,0.5887525496405212,1.0150187734668334,3.733133813161693,0.7281709799858387,1.2621042568079008,1.0017078467958604,0.6495842861686177
B0005,496,137,24.0,1.3546417018378962,1.8353491942234077,0.7380839058319288,3.480352041587074,2.676480329780849,4.195911764444989,0.23135076723711012,-1.703574708739156,-2.016150778973011,0.0015383602403595874,0.7250143495493764,33.691961507697364,24.392658600566655,41.25434553511566,4.308684792274605,2874.031,306,1.3546417018378962,False,False,False,True,B0005_p1,0,2586.109,7435.656999999999,10689.219,0.6956221029805826,1.363695744793776,0.9906941012249241,1179.3264061947793,30.125015931862148,3.700609937670901,3.1049816036651907,4.035,24.0,1.0,9.691961507697364,17.25434553511566,0.9824999423662667,1.0322152106941724,1.0017788503648455,0.9854571035835854,1.1306101888279376,1.1643553721856392,1.2687974589655364,0.787051903514064,1.5692307692307692,0.4989388536674128,0.6255509579565364,1.224541357227673,0.5970506729191453,1.0100125156445556,3.700609937670901,0.7288432369696088,1.2588506650833802,1.0195213012064326,0.652751233006719
B0005,500,138,24.0,1.3547039213192407,1.8353491942234077,0.7381178064550584,3.4781127815565127,2.642142168479886,4.195824004004723,0.23421513644395944,-1.7034912994217157,-2.0176181286216193,0.0030940952671648994,0.7251866928085958,33.887639684793655,24.647812199908287,41.45023191903855,4.288100406630046,2874.234,306,1.3543220466259964,False,False,False,True,B0005_p1,0,2591.406,7474.6410000000005,10436.453999999998,0.7162050443570203,1.3638849763699588,0.9912973818343153,1175.8165258828287,30.142009338201902,3.6567742225030244,3.1413141842783268,4.025,24.0,1.0,9.887639684793655,17.45023191903855,0.9818678014722765,1.01897230656828,1.0017578974568977,0.9976581134003489,1.1534369139011478,1.177574150202716,1.2627358839236555,0.7871074949591156,1.5692307692307692,0.49745392494017016,0.6259318855936896,1.260774626499659,0.6040369918327118,1.0075093867334168,3.6567742225030244,0.7289443740121261,1.265450624485436,0.9954129634785364,0.6540882312853054
B0005,504,139,24.0,1.349314997503458,1.8353491942234077,0.7351816219770616,3.4765867130506125,2.644725254926797,4.196258226051591,0.23433904836584496,-1.7023383270190764,-2.017297732143782,0.0056941514906116535,0.726300026957014,33.67308060941856,24.39982529977077,41.27708509224051,4.3052968556355395,2864.984,305,1.349314997503458,False,False,False,True,B0005_p1,0,2572.578,7528.093999999999,10193.25,0.7385371692051111,1.3578987924465684,0.9831076986770994,1153.3252399604405,29.843375053160454,3.649666487658365,3.121738382473199,4.035,24.0,1.0,9.673080609418562,17.27708509224051,0.9814369938409857,1.0199685033612744,1.0018615684793917,0.9981859261459,1.128407648511276,1.1658898798518706,1.2677997982857647,0.784574387241243,1.564102564102564,0.4879385131282438,0.6207606989095026,1.3000870784100929,0.6002728002423696,1.0100125156445556,3.649666487658365,0.7257449875767896,1.2745001737856123,0.972216539255344,0.6493359179779195
B0005,508,140,24.0,1.3441891937970554,1.8353491942234077,0.7323887999230702,3.4733769291841643,2.632270655366611,4.196612664794988,0.23574646332423185,-1.7014238498912502,-2.017223266913469,0.0031481012336326926,0.7272134622451198,33.411988203265814,24.071743981632668,41.064605154983276,4.343168774264048,2855.093,304,1.3441891937970554,False,False,False,True,B0005_p1,0,2561.703,7613.437,10733.703,0.7093019995056692,1.3530605448748225,0.9766615396041779,1130.1769602014344,29.564480083595075,3.6573879830991842,3.014419987899134,4.035,24.0,1.0,9.411988203265814,17.064605154983276,0.9805308750271098,1.015165244780935,1.001946191144695,1.0041809227694067,1.0979500642144897,1.1515513379510132,1.278952109591562,0.7818657420047589,1.558974358974359,0.4781451462480796,0.6166904203258101,1.2486228218415587,0.5796367618125725,1.0100125156445556,3.6573879830991842,0.7231591292319834,1.288948674074183,1.0237641168473945,0.6465909951386469
B0005,512,141,24.0,1.3389913790695755,1.8353491942234077,0.7295567422722212,3.4726366397371127,2.6391006118876117,4.195850781215982,0.23483898171754727,-1.6950436046971957,-2.0197342717689364,0.0017629793721903892,0.7333519547642081,33.29926524979532,23.873389284419225,40.99284868101728,4.376203061199199,2855.625,304,1.3389913790695755,False,False,False,True,B0005_p1,0,2545.954,7603.312000000001,10647.812,0.7140727127789259,1.3473420650108827,0.9708577220381303,1120.11290987963,29.574314879183014,3.729778777671555,3.024192525802647,4.045,24.0,1.0,9.299265249795319,16.99284868101728,0.9803218920476952,1.0177992955269513,1.0017642905474622,1.000315432257494,1.0848004329858367,1.1467090774444428,1.2886798621060203,0.782011429929722,1.558974358974359,0.4738873379734272,0.6130257334827602,1.2570209674461141,0.581515903487529,1.0125156445556946,3.729778777671555,0.720102820381207,1.2872345198328068,1.0155719651025457,0.6426158420539848
B0005,516,142,24.0,1.3389145230206971,1.8353491942234077,0.7295148668355903,3.473439372740961,2.637841830893275,4.1960023929619235,0.23479831383576488,-1.695057731610264,-2.016896104476736,0.005009392491167575,0.7335626760276208,33.59980731390034,24.168977704033605,41.29040553417739,4.38509807605157,2855.594,304,1.3389145230206971,False,False,False,True,B0005_p1,0,2546.922,7578.484999999999,10621.235,0.7135220150952313,1.347962575677681,0.9719370836297756,1127.5880478234378,29.926917344820954,3.6688306674388116,2.9942748204420915,4.035,24.0,1.0,9.599807313900342,17.29040553417739,0.9805485027814924,1.0173138322583333,1.0018004880294584,1.0001422041611763,1.1198599944150327,1.166788768082521,1.2912992164534036,0.7820029405957486,1.558974358974359,0.477049852385975,0.6137072714840469,1.2560515444129412,0.5757630880451987,1.0100125156445556,3.6688306674388116,0.7204344596084247,1.2830313289833597,1.0130370916359095,0.6428601717375172
B0005,520,143,24.0,1.3340066759761655,1.8353491942234077,0.7268407996553617,3.4754777099091454,2.668286095904868,4.196207586734141,0.23268564565922872,-1.6937809113323188,-2.0199925086996786,0.0025365511428236684,0.7343985203891996,33.61961195858585,24.28428480579148,41.22740227746052,4.3315046908749135,2847.437,303,1.3340066759761655,False,False,False,True,B0005_p1,0,2524.312,7343.844,9969.577999999994,0.736625361675289,1.3402676326692222,0.9641805202899619,1114.2044657717731,29.766294155994522,3.6499542239791936,3.087847411261954,4.055,24.0,1.0,9.61961195858585,17.22740227746052,0.9811239233499677,1.029055010803047,1.0018494782830132,0.9911431250271582,1.1221702938368545,1.1625371909784123,1.2755173353904343,0.7797691503628095,1.5538461538461539,0.4713876463573936,0.608809568326562,1.2967216198122486,0.59375597349413,1.0150187734668334,3.6499542239791936,0.7163218067736606,1.2433067990721725,0.9508830472122443,0.6371532562988091
B0005,524,144,24.0,1.3286444309174914,1.8353491942234077,0.7239191512434131,3.4722884821666766,2.6490198126838553,4.195534582569042,0.23410417256729069,-1.6869434054016965,-2.0167450744074586,0.0028787153794497824,0.7406453707024624,33.3945201718652,24.00593985304127,41.04619550953222,4.355772728473297,2847.36,303,1.3286444309174914,False,False,False,True,B0005_p1,0,2512.313,7628.984,10501.094,0.7264942109841128,1.339248975224923,0.9584390363535168,1093.4103886409982,29.462747298392184,3.6667988415576502,3.020083264176874,4.045,24.0,1.0,9.394520171865203,17.046195509532218,0.9802236075095794,1.0216247486139354,1.0016887977499964,0.9971854538893807,1.0959123410699423,1.1503090207888034,1.282663651708146,0.7797480639526175,1.5538461538461539,0.46259027444050715,0.6051842406173381,1.2788872051717506,0.5807257418273205,1.0125156445556946,3.6667988415576502,0.715777373316344,1.2915807684930152,1.0015782274618064,0.6341246283311374
B0005,528,145,24.0,1.3231708992276219,1.8353491942234077,0.7209368677046201,3.471373665098864,2.664058512378051,4.1957439573980455,0.23334669694409094,-1.6860649112944592,-2.0163628111205263,0.004270068564987734,0.7415168583920652,33.16734508187535,23.715060546682704,40.85874389007758,4.389640806041505,2837.328,302,1.3286444309174914,False,False,False,True,B0005_p1,0,2476.516,7709.875,10570.735,0.7293603519528207,1.332100226445627,0.9465739807464572,1073.5606774811376,29.271930927566483,3.706644440810347,2.9328642359786175,4.045,24.0,1.0,9.167345081875347,16.858743890077577,0.9799653555552765,1.027424594927277,1.001738786235758,0.9939589258662056,1.069411361759774,1.1376594363874297,1.2926369342364104,0.7770008059390285,1.5487179487179488,0.45419243642067875,0.597692324705023,1.2839326287383526,0.5639545701670269,1.0125156445556946,3.706644440810347,0.7119566404142459,1.305275548812933,1.00822047914898,0.625089225767695
B0005,532,146,24.0,1.3181691588445197,1.8353491942234077,0.7182116422277218,3.4726160162875095,2.6883611693898826,4.19586805747139,0.2313300011614801,-1.6795829780331424,-2.0162121238671036,0.0023204014455349238,0.7474505249209339,33.10962161613893,23.563561594833335,40.79196924883506,4.41254377922931,2837.281,302,1.3286444309174914,False,False,False,True,B0005_p1,0,2526.125,7622.014999999999,10804.765,0.705430890907854,1.3266790800646446,0.9546603352175892,1064.1902321201787,29.36355715804258,3.7742985637355453,2.956727976937736,4.035,24.0,1.0,9.10962161613893,16.79196924883506,0.9803160700682505,1.0367971921957013,1.0017684152736845,0.985368648822931,1.0626776641027806,1.1331533592314889,1.2993812740023514,0.7769879350133269,1.5487179487179488,0.45022807232080647,0.602798266871771,1.241808299191929,0.568543280960415,1.0100125156445556,3.7742985637355453,0.7090592449420625,1.2904009224773951,1.0305419013334576,0.6376108696420368
B0005,536,147,24.0,1.3184664436640334,1.8353491942234077,0.7183736194800341,3.4738146874457896,2.6869753836302124,4.195347750909715,0.23107179563833466,-1.679793840292355,-2.0168197393548124,0.004169727934917151,0.7476125202754746,33.46501751186519,23.955208980751504,41.14127834456325,4.41399055456936,2838.515,302,1.3286444309174914,False,False,False,True,B0005_p1,0,2483.687,7540.062000000001,10037.5,0.7511892403486925,1.3260301316949346,0.9468133604639316,1071.727082877211,29.66310389082133,3.697429555203996,2.9327847988599456,4.035,24.0,1.0,9.465017511865192,17.141278344563247,0.9806544537518129,1.0362627480886484,1.00164419147241,0.9842688017378881,1.1041361676736647,1.1567253875843857,1.2998073123327583,0.7773258652753652,1.5487179487179488,0.4534166956376619,0.5978434755107019,1.322359206198325,0.5639392953631112,1.0100125156445556,3.697429555203996,0.7087124068499064,1.2765263464237153,0.9573613433179325,0.6268992341980786
B0005,540,148,24.0,1.318293040102702,1.8353491942234077,0.7182791396056444,3.4701426486639693,2.6507536817766586,4.196065828878837,0.23433499047226858,-1.6851739865098712,-2.0187637742643867,0.0033179608221933095,0.7426401126844396,33.4426191014044,23.967802824849826,41.14429319149828,4.405907457499604,2828.328,301,1.323872422244268,False,False,False,True,B0005_p1,0,2504.125,7590.328000000003,10555.125,0.7191130375054775,1.326489576313285,0.950541355147475,1068.6079109962322,29.609551859753193,3.6968548109109847,3.002572418453012,4.045,24.0,1.0,9.442619101404397,17.144293191498278,0.9796178408320866,1.0222934350343174,1.0018156334289532,0.9981686412235365,1.1015232939988762,1.1569288350705842,1.2974270470042137,0.7745361605919092,1.5435897435897437,0.4520970643341379,0.6001974318355291,1.2658937247306707,0.5773586164921901,1.0125156445556946,3.6968548109109847,0.7089579624323192,1.2850363392234214,1.0067316213089605,0.6320579222890258
B0005,544,149,24.0,1.323872422244268,1.8353491942234077,0.7213190963392875,3.467523652225441,2.6646322789106516,4.184534803011309,0.22993104314578544,-1.6863812036302581,-2.016191969154752,0.0021406905839278507,0.7416010886402903,33.037928170775885,23.58968747789601,40.66184230912503,4.378936217766459,2838.265,302,1.3236741274998955,False,False,False,True,B0005_p1,0,2525.422,8123.795999999999,10807.328,0.7516932955120822,1.3346353544371077,0.950932852334678,987.4308600479212,29.24035466838343,5.035026259608276,3.1312951827795423,4.035,24.0,0.0,9.037928170775885,16.661842309125028,0.978878500725349,1.0276458745442976,0.9990625874914806,0.9794096752234679,1.0543143065166756,1.1243721509840308,1.2894847068033424,0.7772574029046119,1.5487179487179488,0.41775340465561284,0.6004446337116576,1.3232465218705125,0.6021104581683041,1.0100125156445556,5.035026259608276,0.7133115693993198,1.375352036491423,1.0307863563394775,0.6374334277334384
B0005,547,150,24.0,1.3601216766554785,1.8353491942234077,0.7410696999439322,3.4767525840839255,2.6400211837268666,4.201240476440081,0.23540364113204323,-1.715777469309528,-2.021651287065962,0.0028823561171506806,0.7135712492118176,33.4949493613756,24.237681569505874,41.046694544970684,4.298521877619114,2864.547,305,1.3231708992276219,False,False,False,True,B0005_p1,0,2608.39,7674.734999999997,10790.062999999995,0.7112780527787466,1.3728944598403563,0.9961201354718543,1169.0782533476422,29.82861578831074,3.6572754369174056,3.1022080591679764,4.045,24.0,1.0,9.494949361375603,17.046694544970684,0.981483819069791,1.0181543245717914,1.0030510865976476,1.0027206442123353,1.10762785034286,1.150342696629623,1.2658047405578936,0.7844547150171662,1.564102564102564,0.49460315694519885,0.6289771022294006,1.2521013757095285,0.5965173536213825,1.0125156445556946,3.6572754369174056,0.7337595984645436,1.2993263754754547,1.0291396471397376,0.6583751066418297
B0005,551,151,24.0,1.3395306867947354,1.8353491942234077,0.7298505870222325,3.4758956827369127,2.674198661305034,4.195703567262997,0.23141450235644928,-1.7007216920098716,-2.017592416950431,0.0024155477323689854,0.7281444869556635,33.491363029025784,24.167374158398008,41.0462053156659,4.320694493018863,2846.39,303,1.318633896753293,False,False,False,True,B0005_p1,0,2579.297,7480.030999999999,10574.641,0.7073555499425465,1.3490243549372973,0.9797080492143666,1128.6456195952478,29.749012593536026,3.67170896923842,2.9882557267294745,4.045,24.0,1.0,9.491363029025784,17.0462053156659,0.9812419166662428,1.0313352591846126,1.0017291430436877,0.9857285884239021,1.107209488807684,1.1503096825249677,1.2723340086371604,0.7794824299540946,1.5538461538461539,0.47749728037938394,0.6186140686070718,1.245196380991579,0.574605688610935,1.0125156445556946,3.67170896923842,0.7210019400273381,1.2663631470889931,1.0085930274336123,0.6510318385808685
B0005,555,152,24.0,1.3290286565120697,1.8353491942234077,0.7241284986503194,3.475812179626641,2.696427051131168,4.195744519551191,0.22982866330880042,-1.6928138295817332,-2.0171105982760715,0.004008579519805372,0.7355491829025723,33.329808599922345,23.987394863111092,40.868302643225604,4.3265778248452476,2837.969,302,1.318633896753293,False,False,False,True,B0005_p1,0,2508.437,7541.0779999999995,10074.109,0.7485602945133907,1.3373028097065787,0.9583486584305155,1100.0112113405883,29.560275150643996,3.6670369732698305,2.9833592600563423,4.045,24.0,1.0,9.329808599922345,16.868302643225604,0.9812183438207235,1.0399078916200073,1.00173892045048,0.9789735801163476,1.0883634499073473,1.138304478852625,1.2740664993695883,0.77717634345764,1.5487179487179488,0.4653828913900604,0.6051271735607748,1.3177313301037545,0.5736641568741064,1.0125156445556946,3.6670369732698305,0.7147372222551677,1.276698354394998,0.9608530535463287,0.633146299970216
B0005,559,153,24.0,1.3236741274998955,1.8353491942234077,0.7212110543683119,3.4746554404904435,2.6928340297696836,4.196363050482315,0.23034104902999514,-1.6861104874993165,-2.0165753451036377,0.003616989953114752,0.7415448385525264,33.27302769298771,23.87546148452671,40.85283588259973,4.342373783875506,2838.156,302,1.318633896753293,False,False,False,True,B0005_p1,0,2488.437,7522.875,10423.047,0.7217539170647508,1.3314050220420053,0.9502591009492862,1081.6772965672442,29.475615420352657,3.7066071073683595,2.9635489953119842,4.045,24.0,1.0,9.27302769298771,16.852835882599727,0.9808917975055614,1.0385222018914462,1.0018865954350562,0.9811561280921174,1.081739705904629,1.1372607530394148,1.2787180052572897,0.7772275533109635,1.5487179487179488,0.45762634292968657,0.6000192089271199,1.270542608407499,0.5698548808763473,1.0125156445556946,3.7066071073683595,0.7115850802404861,1.273616601342576,0.9941342243971055,0.6280981660129332
B0005,563,154,24.0,1.318633896753293,1.8353491942234077,0.7184648572073213,3.472301781313945,2.681747855329962,4.1957929878569455,0.23135728351469487,-1.685043785043406,-2.0157688095228656,0.0028522205733032915,0.7425021379234665,33.229879126701434,23.800482246729,40.85270645265791,4.372506036726199,2829.843,301,1.318633896753293,False,False,False,True,B0005_p1,0,2507.735,7527.391,10534.046,0.7145773808088554,1.327435941589368,0.9520670673635429,1070.0358161693166,29.414812446477324,3.700068447001911,2.94394934716143,4.045,24.0,1.0,9.229879126701434,16.852706452657912,0.9802273618457122,1.0342466920893523,1.0017504923152722,0.9854848601893296,1.076706234750432,1.1372520188658835,1.2875911829653495,0.7749510425586742,1.5435897435897437,0.4527011696661835,0.6011608076516839,1.2579093619805477,0.5660861039201639,1.0125156445556946,3.700068447001911,0.7094637584896945,1.274381156459026,1.0047211386433768,0.6329691104683154
B0005,567,155,24.0,1.3134751321324272,1.8353491942234077,0.7156540762196475,3.4729305773503527,2.696791414385091,4.195797286482793,0.23009227143713637,-1.678524839793589,-2.016274841649268,0.0012910201456034266,0.7485063258578094,33.20860833999321,23.75244046991811,40.8263251809212,4.375591656512413,2829.625,301,1.3134751321324272,False,False,False,True,B0005_p1,0,2486.187,7615.999999999996,10266.812000000005,0.7418076809042566,1.3221597878324416,0.944280422110807,1057.8826124256416,29.395124167825006,3.718636530236413,2.9279368630007365,4.045,24.0,1.0,9.208608339993212,16.826325180921202,0.9804048703454699,1.0400484124707425,1.0017515186172303,0.9800964400304658,1.0742249033751885,1.1354717615151069,1.288499819064955,0.7748913433713774,1.5435897435897437,0.44755950107265063,0.596244109963574,1.305844337729112,0.5630070955189662,1.0125156445556946,3.718636530236413,0.7066438560315188,1.289382587883629,0.979232769904127,0.627530250942739
B0005,571,156,24.0,1.3132020634442203,1.8353491942234077,0.7155052932583089,3.4696192030612285,2.664695973142795,4.196349384378125,0.23314646442584394,-1.6839115230941766,-2.016821101865832,0.004289580699201413,0.7436617614037866,33.236115055926255,23.770683336009036,40.90308836809665,4.397428370935168,2819.437,300,1.3132020634442203,False,False,False,True,B0005_p1,0,2457.454,7614.468999999999,10568.109,0.7205138591965695,1.3212688595761306,0.9369909199500872,1053.3426655726842,29.410028325661973,3.7202306215961976,2.8938696706727614,4.035,24.0,1.0,9.236115055926255,16.903088368096647,0.9794700726556551,1.0276704389524571,1.0018833326366674,0.9931060194339884,1.077433683483363,1.1406518843538385,1.2949301728985478,0.7721013648384384,1.5384615384615385,0.4456387810187053,0.5916413218233939,1.268359667212219,0.5564563835663177,1.0100125156445556,3.7202306215961976,0.7061676889416701,1.289123390832415,1.0079700152996596,0.6202778492930089
B0005,575,157,24.0,1.3077959946944353,1.8353491942234077,0.7125597672696851,3.470018470757559,2.679191623358613,4.195609431921248,0.2319010543734744,-1.6773783325850857,-2.0165933442123594,0.0019608791198133632,0.749467869640777,33.18660088296571,23.69874029857621,40.84337405460518,4.3975602464184975,2819.579,300,1.3077959946944353,False,False,False,True,B0005_p1,0,2449.359,7641.437000000001,10798.344,0.7076489691382309,1.3162099762156363,0.9325291500894941,1038.8749307878657,29.31427764174688,3.707352391899356,2.86991875683092,4.055,24.0,1.0,9.186600882965713,16.843374054605178,0.9795827855318086,1.033260852031598,1.001706668120541,0.9878010956697888,1.0716576361480412,1.136622251264095,1.29496900685513,0.7721402514650263,1.5384615384615385,0.43951790136165364,0.5888240400741389,1.245712902733169,0.55185091047449,1.0150187734668334,3.707352391899356,0.7034639092034178,1.29368905123552,1.0299294762091293,0.6182346170737987
B0005,579,158,24.0,1.3030329186405918,1.8353491942234077,0.7099645793518572,3.470762691935287,2.699983457940659,4.195339917236225,0.23041567165870697,-1.676425373206175,-2.018075144841628,0.001890284329441244,0.7504749213693337,33.174058099115534,23.681325932299053,40.81792110626284,4.403923127546659,2810.672,299,1.3034100438655642,False,False,False,True,B0005_p1,0,2461.484,7513.906,10279.047,0.7309924743023356,1.310655784609988,0.9333688800527381,1031.9161792757673,29.362572362769285,3.7229082534862066,2.854596326154792,4.055,24.0,1.0,9.174058099115534,16.817921106262837,0.979792878434908,1.0412794605283704,1.0016423211736851,0.9814739891497243,1.0701944649204196,1.1349046389049329,1.2968427125904827,0.7697010741198272,1.5333333333333334,0.436573855095781,0.5893542682063975,1.2868057423275743,0.548904591071135,1.0150187734668334,3.7229082534862066,0.7004954061454118,1.2720981569582892,0.9803997254244747,0.6212950482854013
B0005,583,159,24.0,1.3033573559038205,1.8353491942234077,0.7101413507609438,3.468111467035994,2.666300786624286,4.1954020570061195,0.232919708838876,-1.67627880896028,-2.018091528339797,0.0024103529115243262,0.7506572509412427,33.253984518546055,23.748579260944844,40.946993847659506,4.4204604450448715,2811.485,299,1.3033573559038205,False,False,False,True,B0005_p1,0,2450.547,7596.921,10299.39,0.7376088292607621,1.3117408019068604,0.9309960947589093,1029.7634739715459,29.411970172612595,3.708719336391141,2.8412458557662164,4.045,24.0,1.0,9.253984518546055,16.946993847659506,0.9790444402655418,1.028289353602227,1.0016571571165602,0.9921401358684249,1.0795182353556316,1.1436147078868066,1.3017125295837004,0.7699237137495171,1.5333333333333334,0.43566310781569795,0.5878560276175572,1.2984528712011056,0.5463374559486991,1.0125156445556946,3.708719336391141,0.7010753064067711,1.2861525287457316,0.982340009539754,0.6185344762308612
B0005,587,160,24.0,1.3034100438655642,1.8353491942234077,0.7101700580837299,3.4648625780221494,2.6308501373847837,4.195685302232799,0.2358919511891503,-1.6817992883033976,-2.0177167019715503,0.0043239362691777465,0.7455663662944304,33.3198093248819,23.789078897860136,41.074938058306316,4.448685891734653,2802.422,298,1.3030329186405918,False,False,False,True,B0005_p1,0,2470.015,7627.688,10543.077999999994,0.7234782859426824,1.3123673608772357,0.9349240029774968,1028.4953211477875,29.44296145322608,3.7003384240400834,2.896626005831436,4.055,24.0,1.0,9.319809324881902,17.074938058306316,0.9781272821071961,1.0146174057956858,1.0017247822463256,1.0048006399706129,1.0871969902353151,1.1522486215118397,1.3100242016517922,0.7674418158849678,1.528205128205128,0.4351265890768336,0.5903362147367343,1.2735781085692908,0.5569863937149558,1.0150187734668334,3.7003384240400834,0.7014101782210039,1.291361356750119,1.0055825969400485,0.6234483298248802
B0005,591,161,24.0,1.2978870806495706,1.8353491942234077,0.707160841508826,3.467864133752208,2.673348140468748,4.195561297751176,0.23263190858264068,-1.6750812261110137,-2.0160479224870884,0.002138526794169908,0.7514866168761039,33.33765795318198,23.827460066666994,41.02476444658572,4.4180440266599135,2801.625,298,1.3030329186405918,False,False,False,True,B0005_p1,0,2455.453,7682.764999999999,10430.109,0.7365948908108246,1.3055793260832103,0.9288803050797456,1017.8815032157318,29.42301028796411,3.701257472072413,2.885158477934147,4.065,24.0,1.0,9.337657953181981,17.02476444658572,0.9789746183239217,1.0310072461092097,1.0016951760310346,0.9909142276498902,1.0892791116920135,1.1488628127467413,1.3010009561791827,0.7672235578470064,1.528205128205128,0.43063619004545645,0.5865200609866881,1.2966679802950924,0.5547813258202818,1.0175219023779725,3.701257472072413,0.697782233152738,1.300685847925653,0.994807787117555,0.6197727834905827
B0005,595,162,24.0,1.2980735056918902,1.8353491942234077,0.7072624162080201,3.464021404592563,2.632763831012711,4.196066962029683,0.2358468286065869,-1.675366426273468,-2.017067096348242,0.0014821450901276818,0.7513142100782045,33.29076744042025,23.738230385656273,41.06214198725253,4.452871364364479,2802.031,298,1.3030329186405918,False,False,False,True,B0005_p1,0,2411.656,7734.25,10154.094,0.7616878472860307,1.304889724833938,0.918362451503638,1012.6270437225749,29.346694244289665,3.684879081266857,2.8488669677158986,4.035,24.0,1.0,9.290767440420247,17.06214198725253,0.9778898196791964,1.015355443602045,1.0018159039700454,1.0046084367198946,1.0838091259264202,1.1513851188049986,1.3112567162805755,0.7673347407371097,1.528205128205128,0.4284131803830029,0.5798788047482129,1.3408404740202688,0.5478029042504149,1.0100125156445556,3.684879081266857,0.6974136676507506,1.3094022164310612,0.9684819000763694,0.6087181273442271
B0005,599,163,24.0,1.293463613844243,1.8353491942234077,0.7047506915388638,3.4664623858156745,2.6687371180046218,4.196640912532072,0.23332688158658493,-1.6744879201095209,-2.018208092691312,0.0016645655980570856,0.7524291600776425,33.27568841807217,23.73611267134457,40.98366325567302,4.4397651815234,2793.39,297,1.3005532121662409,False,False,False,True,B0005_p1,0,2441.875,7646.281000000001,10316.906,0.7411409001884868,1.3000487800811442,0.9227743408181949,1004.0112663485199,29.392476256063365,3.725631700913194,2.8187864780160816,4.055,24.0,1.0,9.275688418072171,16.983663255673022,0.9785789062665208,1.0292289526275187,1.0019529353250234,0.9938745207654681,1.0820500912572504,1.146089227834753,1.307397280678483,0.7649684073543921,1.523076923076923,0.4247680944560839,0.5826645905762569,1.3046705674317574,0.5420187873346132,1.0150187734668334,3.725631700913194,0.6948263677657966,1.2945091364844312,0.9840106587342305,0.6163456053469835
B0005,603,164,24.0,1.288003392619118,1.8353491942234077,0.7017756602792481,3.46850906693551,2.696396337945361,4.1956235749123225,0.2310130188837717,-1.6674467270234996,-2.018933300007017,0.0026884191804450396,0.7584698210792726,33.32067807371405,23.80026564355092,40.98234242711097,4.41924833390441,2793.39,297,1.2980735056918902,False,False,False,True,B0005_p1,0,2429.266,7727.953,10571.39,0.7310252483353656,1.2964321960748433,0.9182269323860838,994.6203214819809,29.451852683469095,3.7262351720624984,2.8213089851291433,4.055,24.0,1.0,9.320678073714049,16.98234242711097,0.9791566823243024,1.039896046729086,1.0017100447762322,0.9840184374490578,1.0872983336300839,1.1460000958633996,1.3013555938575692,0.7649684073543921,1.523076923076923,0.42079505760898817,0.579793234324706,1.2868634362374092,0.5425038351582521,1.0150187734668334,3.7262351720624984,0.6928934418884607,1.3083361394673134,1.0082829520436123,0.6131630092936147
B0005,607,165,24.0,1.2874525221379407,1.8353491942234077,0.7014755154986739,3.466806213058136,2.6794834862925194,4.195862008850563,0.2324429767597101,-1.6674702882406252,-2.0237906818969758,0.0026918488897051404,0.7586689544577084,33.37314972896719,23.849121770252687,41.06375085817118,4.432728785638638,2792.485,297,1.2979802931707303,False,False,False,True,B0005_p1,0,2404.813,7457.592999999997,9892.375,0.7538728566193656,1.2925232211233684,0.9124985640656539,993.7227897065991,29.48700718737772,3.698472154716246,2.7983498840467815,4.035,24.0,1.0,9.373149728967192,17.063750858171183,0.9786759683573282,1.0333734123057998,1.0017669711583745,0.9901094574335497,1.0934193843592632,1.151493688411042,1.3053252420752253,0.7647205735722652,1.523076923076923,0.4204153379039202,0.5761761881689429,1.3270833216286537,0.5380890757488367,1.0100125156445556,3.698472154716246,0.6908042442300072,1.2625644119909187,0.943519543572078,0.606990908310743
B0005,611,166,24.0,1.3090153642307354,1.8353491942234077,0.7132241473997104,3.471070722008039,2.6787137407179737,4.18482689434833,0.2297938191642851,-1.6888978346592105,-2.017308526034403,0.001335599326393533,0.739392013708175,33.71351889594897,24.92195746617458,41.047029587744966,4.153195340111811,2802.016,298,1.2978870806495706,False,False,False,True,B0005_p1,0,2520.594,7680.5,10212.234,0.7520881327239466,1.3214361202812164,0.9495863008426122,1017.5195582771674,29.072715879630877,4.401144527025934,3.115961913181181,4.045,24.0,0.0,9.713518895948972,17.047029587744966,0.979879835020078,1.033076551132725,0.9991323246404553,0.9788251586948802,1.1331249535411931,1.1503653059400343,1.2230097925867323,0.7673306329948645,1.528205128205128,0.4304830616224945,0.5995943848056047,1.3239415752525554,0.5991620545703743,1.0125156445556946,4.401144527025934,0.7062570833936056,1.3003023852731377,0.9740272040365693,0.6362148081961503
B0005,613,167,24.0,1.3250793286429356,1.8353491942234077,0.7219766858609253,3.475472204020004,2.655378369801326,4.201968615940368,0.23559285682799622,-1.6979281889133206,-2.017696449416675,0.003306917134878647,0.7314040443688112,33.86531768239223,25.09329713312876,41.051007697556734,4.009191205685926,2820.39,300,1.2957685597680666,False,False,False,True,B0005_p1,0,,,,,,,,,,,,,,9.86531768239223,17.051007697556734,0.9811223690429034,1.024076998795523,1.0032249307565464,1.0035266236085276,1.1508329535645279,1.1506337561991908,1.180604258497143,0.7723623433957499,1.5384615384615385,,,,,,,,,,
B0006,1,0,24.0,2.035337591005598,2.013326371345464,1.010932762801604,3.556946061827572,2.4757677568281857,4.179823027658306,0.2260193210975841,-1.990533350635129,-2.015537581193984,0.00043376246575117864,0.2014980448792201,32.142777859921516,24.27707330832413,39.16298653238707,3.4516879795744755,3690.234,197,2.013612723669314,False,False,False,True,B0006_p1,0,1523.6870000000001,5556.843999999999,7597.875,0.7313681786025696,0.8536211530154707,0.5514049774297372,134.42965193509482,27.35587045298397,2.673656631075506,5.439472267677802,4.195,24.0,0.0,8.142777859921516,15.162986532387073,0.9980290405165012,1.0144594693835025,1.0003764916190079,1.0,0.9994673497199197,1.0109195187256288,1.0304126772615276,1.0105686730979304,1.0102564102564102,0.0519610066733197,0.3171445404981804,1.3193383207035152,0.9015324623983113,1.0500625782227786,431.4007107951754,0.41553056223253654,0.9814737001996738,0.7246736554283175,0.3516002250334482
B0006,3,1,24.0,2.0251402460314116,2.013326371345464,1.0058678388432636,3.56147580138708,2.35152551190002,4.177288238505559,0.23141504289722925,-1.990277542145709,-2.0149020169266376,-0.00020764608327879694,0.2019092784154672,32.29307515705474,24.63823886086074,39.2462026826329,3.3954199016861684,3672.344,196,2.013326371345464,False,False,False,True,B0006_p1,0,4374.531,5497.4839999999995,10516.0,0.5227732978318752,2.0695847219039996,1.7546602877354132,2589.1856742079294,31.874973194517526,0.0,6.137433090576769,3.995,24.0,0.0,8.293075157054737,15.246202682632898,0.9993000217312241,0.9635505254741934,0.9997698287381062,1.0238728342932928,1.0179152607178572,1.0164675570607564,1.0136152896864206,1.0056695058468235,1.005128205128205,1.0007962689730006,1.009205490451276,0.9430473803057551,1.0172117614848544,1.0,0.0,1.0074442275038735,0.9709892815541527,1.0029999388624038,1.0094501587371913
B0006,5,2,24.0,2.013326371345464,2.013326371345464,1.0,3.5667524696413215,2.4404797151065436,4.1781213228922995,0.22354896090021636,-1.9899467848963859,-2.014434345552428,-0.0006575492150127537,0.20247271551126877,32.24414709253608,24.704057719023776,38.999202460252846,3.3498112511075084,3651.641,195,2.0133055184431026,False,False,False,True,B0006_p1,0,4359.937000000001,5661.734999999999,10484.547,0.5400075940333902,2.0664880148785976,1.7511428970615568,2602.0588609457873,32.149172607204065,0.011544528036196766,6.147379527783945,3.995,24.0,0.0,8.244147092536082,14.999202460252846,1.0007805806329801,1.0,0.9999692147002666,0.9890701370777892,1.011909693107806,1.0,1.0,1.0,1.0,1.0057721335413004,1.0071824378952172,0.974136875411297,1.0188602736173198,1.0,1.862736427230273,1.00593679483683,1.0,1.0,1.0060825027263849
B0006,7,3,24.0,2.0132846655407413,2.013326371345464,0.999979285124699,3.5687953371516272,2.4791558539003917,4.1785623580417175,0.22097908742082084,-1.9896009282099438,-2.0142051662535234,0.0001981188152475248,0.202976043273228,32.14711742429942,24.648384924528084,38.843627771866515,3.34097552798371,3631.563,194,2.0132846655407413,False,False,False,True,B0006_p1,0,4333.5779999999995,5764.015,10397.89,0.5543446795455617,2.054292104121508,1.738655114679172,2587.1256263424184,32.01707420321111,0.006197617584234649,6.033584473716441,3.9850000000000003,24.0,0.0,8.147117424299417,14.843627771866515,1.0013537805257458,1.015847760812943,1.0000747696944698,0.9776999875396177,1.0,0.9896278026249331,0.9973623220947516,0.9945016500800599,0.9948717948717949,1.0,1.0,1.0,1.0,0.9974968710888611,1.0,1.0,1.0180651337443383,0.9917347883508938,1.0
B0006,9,4,24.0,2.000528337624771,2.013326371345464,0.9936433387537956,3.563970503289941,2.280187848173442,4.17824995156942,0.23503509475204634,-1.9895483606575701,-2.013995769332238,-0.0011423311186216645,0.20279390598185937,32.06687277315468,24.634206199911688,38.97798888258284,3.335733628730513,3629.172,194,2.0131928855838543,False,False,False,True,B0006_p1,0,4290.437,6167.281,10495.203,0.5876285575419551,2.042114728673591,1.7232393416372866,2575.952522284321,31.921070464263895,0.000875277346636949,5.816013806725949,3.9850000000000003,24.0,0.0,8.066872773154678,14.977988882582842,1.0,0.9343195249930181,1.0,1.0398893935734355,0.990150546878654,0.9985856862905732,0.9957974878816407,0.9938468759661752,0.9948717948717949,0.9956812672935819,0.9911335072081101,1.060041846209616,0.9639400644942862,0.9974968710888611,0.14122803395670272,0.9940722278864405,1.0892917100500115,1.0010163529239746,0.9900449466930099
B0006,11,5,24.0,2.0138990759931645,2.013326371345464,1.00028445693448,3.5735512387791406,2.4392842568466446,4.193216523251186,0.22547907676393128,-1.9901040351037365,-2.0151519685741275,-0.0015410535505561715,0.2022953831615659,32.03447836207717,24.343399604359956,38.83989920742278,3.4066857624064704,3652.281,195,2.013101105626967,False,False,False,True,B0006_p1,0,4305.187,6470.969,10792.672,0.5995706160624542,2.0455350146719304,1.72505393145906,2572.555578152564,32.03240226041504,0.0,5.977429048561406,3.9850000000000003,24.0,0.0,8.034478362077166,14.839899207422782,1.0026882196360367,0.9995101543960808,1.0035820192317946,0.997609742693548,0.9861743661768891,0.9893792184449667,1.016978422673862,1.0001752636691283,1.0,0.9943682486689087,0.9921771816012966,1.0815845054271427,0.9906928583829963,0.9974968710888611,0.0,0.9957371741671944,1.1429303914789373,1.029388489555152,0.993448600671316
B0006,13,6,24.0,2.013101105626967,2.013326371345464,0.9998881126668269,3.5711391343785897,2.2812068449406446,4.193732603145628,0.2359700655161548,-1.9900886222380372,-2.0145081864690626,-0.0031490941234930576,0.20215665889240747,32.11157496697372,24.430946389444678,39.04610837498471,3.418111771999715,3650.828,195,2.000528337624771,False,False,False,True,B0006_p1,0,4266.094,6507.313000000001,10789.985,0.6030882341356361,2.031732731558034,1.710328470756076,2561.3630826865024,32.00263278190103,0.006613555586199027,5.88367971630475,3.995,24.0,0.0,8.11157496697372,15.046108374984712,1.0020114170647685,0.9347370645287475,1.0037055350339663,1.0440260787009197,0.9956374192889759,1.00312722725466,1.02038936398868,0.9997773603703102,1.0,0.990042020614075,0.9837077269183871,1.0879300485575747,0.9751549417987421,1.0,1.0671125632246867,0.9890184202537636,1.1493496251590727,1.0291322076194613,0.9844276484696942
B0006,15,7,24.0,1.9687898262728398,2.013326371345464,0.9778791229745522,3.5681507462163036,2.366410527029613,4.176826628115461,0.22690300607421549,-1.9891170520197212,-2.0146816699579064,-0.0008455879137331849,0.20448152340391518,32.112576242471775,24.650435471431692,38.87507521022778,3.361489124744099,3572.453,191,1.9687898262728398,False,False,False,True,B0006_p1,0,4263.219,5262.296000000001,10127.562,0.5196014598577625,2.0195657309030044,1.7087496900501011,2560.3130934111955,32.2043613029437,0.0,5.80108794614579,3.995,24.0,0.0,8.112576242471775,14.875075210227777,1.001172917374738,0.969649742377106,0.9996593493758257,1.003909776263109,0.9957603186466149,0.9917244099908645,1.003486128847627,0.9783144071391464,0.9794871794871794,0.9896361689365933,0.9827996798349573,0.93732560089459,0.9614662679235777,1.0,0.0,0.9830956984409216,0.9294493649031618,0.9659513186406622,0.9837642243891769
B0006,17,8,24.0,1.9681661764334244,2.013326371345464,0.9775693620494029,3.5692834155812436,2.436020049578708,4.176369138969733,0.2225588245195615,-1.9892116643905464,-2.015071955488147,-0.0009662247647393986,0.20469906582242786,32.03566207329278,24.564976908542672,38.7260539826455,3.3625006565584763,3550.594,190,1.9681661764334244,False,False,False,True,B0006_p1,0,4230.328,5049.952999999998,10147.952999999994,0.4976326752794382,2.007966612252574,1.6970986980023666,2541.54392255243,32.08909051113987,0.00216717872072536,5.782820789062638,3.995,24.0,0.0,8.035662073292777,14.726053982645503,1.0014907284688237,0.9981726274960491,0.9995498563701339,0.9846893771682088,0.9863196582052179,0.9817891332335054,1.003788095656665,0.9723283312899598,0.9743589743589743,0.9823813334281606,0.9760985279219832,0.8976954116117529,0.9584386883541316,1.0,0.34967932294470333,0.9774494134617022,0.8919444304616869,0.9678961809222653,0.9761744221518571
B0006,19,9,24.0,1.9572307917560536,2.013326371345464,0.9721378608119444,3.563388513484579,2.1864377487643725,4.176897989902666,0.24025262256048352,-1.989191243247005,-2.0155176072270926,0.00013882260841396987,0.20487136240289794,31.99527968872302,24.515019617858613,38.98629728904917,3.385578589102732,3551.25,190,1.9572307917560536,False,False,False,True,B0006_p1,0,4213.5,5223.328,10162.094,0.5140011497630312,1.9980737675041316,1.686967313069728,2525.279808907927,31.997731444743632,0.003546768341369244,5.7542899791244055,3.9850000000000003,24.0,0.0,7.99527968872302,14.986297289049169,0.9998367018456452,0.8959049055930872,0.9996764287243644,1.0629738262807815,0.9813630112751869,0.9991396095067138,1.0106774189093186,0.9725079765508164,0.9743589743589743,0.9760947760693296,0.9702713889758512,0.9272230233803217,0.9537100216614683,0.9974968710888611,0.5722793142951298,0.9726337182017172,0.9225666690510951,0.9692449277970712,0.9722912567859631
B0006,21,10,24.0,1.9455991514129352,2.013326371345464,0.9663605360281116,3.566658719765511,2.3406023605912454,4.177579509962451,0.2287529216435241,-1.9891317699701738,-2.014079047237871,-0.0021060459646946015,0.20545737080452486,31.874127571841353,24.40648205159496,38.65978861919643,3.3793205188021544,3530.25,189,1.9455991514129352,False,False,False,True,B0006_p1,0,4222.828,5335.063,10119.375,0.5272126984126985,1.9988832320087995,1.6877801684565807,2520.7394317118196,32.16534007453746,0.006812099116388026,5.655280849140478,3.9850000000000003,24.0,0.0,7.874127571841353,14.659788619196434,1.000754275736314,0.9590747040849967,0.9998395400910093,1.012094543655229,0.9664924612914194,0.977371207438806,1.0088092329634661,0.9667571374075381,0.9692307692307692,0.9743397869996545,0.9707389086006404,0.9510557562217331,0.9373003516858126,0.9974968710888611,1.099148023220484,0.9730277539394021,0.9423017855833947,0.9651704551469892,0.9744437506374642
B0006,24,11,24.0,1.9347505044841131,2.013326371345464,0.9609721166028138,3.5687035970122842,2.4263021374140443,4.177996110793395,0.2245021597962224,-1.9887805507702212,-2.0134697854511865,-0.000990785360248984,0.20658439837520928,32.120959708576166,24.666067568688486,38.84979195732924,3.3808182139223475,3491.016,187,1.9347505044841131,False,False,False,True,B0006_p1,0,3567.672,5405.766,9586.875,0.5638715431253667,1.7284690992892457,1.4148905995250372,2138.4674940986997,30.352216278441432,0.01746476287451415,5.142292254806461,3.9850000000000003,24.0,0.0,8.120959708576166,14.849791957329238,1.0013280395328676,0.9941906594819289,0.9999392471060929,0.993287470761375,0.9967893287452525,0.9900387701733117,1.0092563313245149,0.9560129267909961,0.958974358974359,0.826580461468346,0.8137845094057783,1.017185812241609,0.8522781569077825,0.9974968710888611,2.8179800765604828,0.8413940236743516,0.9547896537015598,0.9143814224877813,0.8232624404129798
B0006,26,12,24.0,1.9232799539368028,2.013326371345464,0.955274803583641,3.569207084156356,2.4753697700007034,4.176316409477926,0.22161053340015757,-1.9887320866401275,-2.0148749194363664,-0.00032364926356916147,0.20729429121144527,32.11021168908644,24.819105859024557,38.75128344015104,3.3388085030048718,3470.281,186,1.9232799539368028,False,False,False,True,B0006_p1,0,4125.953,5767.219000000001,9952.359,0.5794826131171515,1.9610953586693718,1.6492937864367712,2468.7267165647704,32.18060237026164,0.005764186139060712,5.5120341552006575,3.9850000000000003,24.0,0.0,8.11021168908644,14.751283440151042,1.0014693109445156,1.0142963920897152,0.9995372363755387,0.9804937574539345,0.9954700867446808,0.9834711865008304,0.9967154125179444,0.9503346577607164,0.9538461538461539,0.9542353457551128,0.9486031890465577,1.045347117955921,0.9135587939826209,0.9974968710888611,0.9300648290600424,0.9546331579305803,1.0186310380122,0.9492407254218995,0.9520892435765552
B0006,28,13,24.0,1.911889930948487,2.013326371345464,0.9496174878347274,3.5659271296109383,2.342364523655007,4.1779924550101715,0.22991046226842987,-1.9887200290368634,-2.0144081790374893,-0.0004261867664927878,0.20720696558261123,31.989061278918154,24.627666776864352,38.76853764058789,3.374254229146447,3470.0,186,1.911889930948487,False,False,False,True,B0006_p1,0,4097.047000000006,6623.516000000003,10758.031000000003,0.6156810665446123,1.9575006995371154,1.6378370412158063,2449.797696988588,32.076511477048484,0.006579434066686929,5.411553754514702,3.995,24.0,0.0,7.989061278918154,14.768537640587887,1.0005490018279306,0.9597967601024484,0.9999383721504858,1.0172159669887946,0.9805997462476915,0.9846215276928084,1.0072968224794328,0.9502577060559896,0.9538461538461539,0.9469187240250179,0.9420137595937368,1.1106466594923086,0.8969052771347721,1.0,1.0616069767556384,0.9528833293034613,1.1698738990786401,1.0260844841460486,0.9454190048038841
B0006,30,14,24.0,1.9010667141979305,2.013326371345464,0.9442416993363512,3.5612417270649486,2.188400081882664,4.177439981618572,0.24035876978340462,-1.9887874042287874,-2.014472686005532,-0.0010580730504302503,0.2076990497369646,31.878814448635442,24.450913129560714,38.84686112344348,3.4094253817648514,3450.297,185,1.911889930948487,False,False,False,True,B0006_p1,0,4071.157,5416.203,9921.75,0.5458919041499736,1.9467011062973343,1.6287476364170879,2431.543425149446,32.07848903390586,0.006321424484823979,5.343296392961464,3.995,24.0,0.0,7.878814448635442,14.846861123443482,0.9992343437684252,0.8967089823924741,0.9998061461233204,1.0634434641082275,0.967067741669742,0.9898433708583465,1.0177962655769437,0.9448620496921795,0.9487179487179487,0.9398629121025992,0.9367859230193764,0.9847517695984429,0.8855923731967263,1.0,1.019976531127746,0.9476262418531839,0.9566330815553892,0.9463212859840296,0.9394447267361983
B0006,32,15,24.0,1.8891989948061458,2.013326371345464,0.9383471163414174,3.557881987836072,2.1206980945954057,4.17561570814845,0.24452370921534203,-1.9885910895930397,-2.0146756268214814,-0.0037766213378683127,0.20803603116200292,31.767450711024402,24.26604433063594,38.865889781652804,3.442042131356067,3429.407,184,1.911889930948487,False,False,False,True,B0006_p1,0,4072.11,5125.938,10000.25,0.5125809854753631,1.9360658601075607,1.6251499600839068,2420.291512853638,32.105341901779,0.008534041201606613,5.36363537146639,3.9850000000000003,24.0,0.0,7.767450711024402,14.865889781652804,0.9982916481917433,0.8689677203495308,0.9993695342663785,1.0818708242635975,0.9533986447596019,0.9911120155252712,1.0275331573437356,0.9391413339920327,0.9435897435897436,0.9355137176988795,0.9347166935886477,0.9246611438492828,0.8889633342885163,0.9974968710888611,1.3769873803306776,0.9424491561950946,0.9053652281500284,0.9538084954934152,0.9396646373966271
B0006,34,16,24.0,1.878278372248849,2.013326371345464,0.932922947308158,3.56282437243777,2.369981457799298,4.177602520456299,0.22899254958827592,-1.9884892463229662,-2.015931347705288,0.0009547908042232252,0.20896148657331484,31.78991634963658,24.34725293029431,38.647578733807656,3.4218510147625074,3409.484,183,1.911889930948487,False,False,False,True,B0006_p1,0,4048.516,5597.719,9936.031,0.5633757583888375,1.9332526075302616,1.6150706011608296,2404.747664318726,32.085857911982885,0.0006173521347108135,5.483827318491169,4.005,24.0,0.0,7.789916349636581,14.647578733807656,0.9996784118019177,0.97111295092073,0.9998450472995571,1.0131547536566934,0.9561561401339993,0.9765571717978355,1.02150561875126,0.9336854307419595,0.9384615384615385,0.9295055639483841,0.928919477776277,1.016291450385488,0.9088838222751121,1.0025031289111388,0.09961120161418463,0.941079705097242,0.9886932185981862,0.9476833858439473,0.9342201755685487
B0006,36,17,24.0,1.8675697161520206,2.013326371345464,0.9276040599934937,3.5591953280168633,2.247991649924625,4.176354539745044,0.2362539061879907,-1.9883474274444874,-2.01432419683381,0.0003362560415229371,0.20936627777425315,31.82883467218067,24.380274264917215,38.79218188173866,3.438861518594519,3390.422,182,1.911889930948487,False,False,False,True,B0006_p1,0,3998.375,5593.547,9989.532,0.5599408460776741,1.9146189235724498,1.5958077817202803,2365.249103972127,31.9088312502423,0.0,5.193099395422975,3.9850000000000003,24.0,0.0,7.828834672180669,14.792181881738657,0.9986601529758258,0.9211269554955038,0.9995463622697671,1.0452819035147345,0.9609330839924506,0.9861978942505254,1.0265836672014188,0.928465311896761,0.9333333333333333,0.9142382108889038,0.9178403285661108,1.0100951028098621,0.8606988794215454,0.9974968710888611,0.0,0.9320090943888489,0.9879563420047036,0.952786229104605,0.9226498288481252
B0006,38,18,24.0,1.8675892574453767,2.013326371345464,0.927613765967465,3.5580906165580983,2.4115317107898875,4.177450270459645,0.23248821605250242,-1.9774549866256104,-2.015920256743369,-0.0022772410696178776,0.2555143974441181,31.890449470827843,24.455293448252306,38.77022223929529,3.452471732465585,3390.281,182,1.911889930948487,False,False,False,True,B0006_p1,0,3991.687,6130.437,10158.782,0.6034618126464374,1.9097392231922625,1.5896311785193362,2347.6720513607097,32.042697066607694,0.0027928385755373597,5.302162707562799,4.005,24.0,0.0,7.890449470827843,14.770222239295293,0.9983501864770163,0.9881383958500174,0.9998086085995228,1.0286209821510142,0.9684958568651482,0.9847338402448838,1.0306466465309456,0.928426699119656,0.9333333333333333,0.9074441640778614,0.9142878107902759,1.0886039587159757,0.8787749190651314,1.0025031289111388,0.4506309945037131,0.9296337260707811,1.0827841642182126,0.9689290343207007,0.9211065313696905
B0006,41,19,24.0,1.979626548250818,2.013326371345464,0.9832616193905387,3.565899462157853,2.2033558468593775,4.174584178175673,0.23666435566343638,-1.9892347833261184,-2.0202081897757225,0.0009741380235390647,0.20388604102481026,31.51177053595285,24.511611712923585,37.54320599748628,3.103623335557848,3591.734,192,1.901407930553079,False,False,False,True,B0006_p1,0,3991.734,4736.109,10289.312,0.46029404103986743,1.8953922525074667,1.586244409116845,2451.892168735875,28.597753861232963,4.184291363802782,6.082161698689255,3.995,24.0,1.0,7.511770535952849,13.543205997486282,1.0005412387297064,0.9028371894347772,0.9991226533988542,1.0470978963840718,0.9220157443107919,0.9029284079186954,0.9265069291685416,0.983594499021125,0.9846153846153847,0.9477282988388426,0.9123398859983507,0.8303390616415861,1.0080511386199078,1.0,675.1451355189583,0.9226498260421475,0.8365119526081671,0.9813787853686,0.9211173769111807
B0006,45,20,24.0,1.9575499080884022,2.013326371345464,0.9722963628496122,3.570814209348872,2.35887751155593,4.175224020262452,0.22578171830729027,-1.9890474874073771,-2.0141161810049812,-0.0003149484747221053,0.2051049765214555,31.874488497680712,24.910587532936997,37.90362577530197,3.1350663437202995,3552.297,190,1.901407930553079,False,False,False,True,B0006_p1,0,4295.297000000006,5451.0,10283.077999999994,0.5300941994216132,2.02415714058962,1.7165953029143286,2572.9879701542777,28.999939091310562,3.078467275817477,5.972840088235714,3.995,24.0,1.0,7.874488497680712,13.903625775301968,1.0019202476711335,0.9665630478116672,0.9992757897823152,0.9989487500929567,0.9665367623393315,0.9269576707258868,0.9358934306175578,0.9727946969595314,0.9743589743589743,0.9945353808704961,0.9873121405282761,0.9562537875463539,0.9899322888831106,1.0,496.7178490729096,0.9853307309747098,0.9627790774382766,0.9807841960172426,0.9911664218343379
B0006,49,21,24.0,1.9458150170787551,2.013326371345464,0.9664677544448036,3.5666817833633124,2.218672914041916,4.177217300859919,0.23460941833641036,-1.988682950523383,-2.014039356997488,-0.0012008977604898057,0.2054837524109853,31.53911453638972,24.567665011550126,37.6701605139887,3.1381261956274136,3531.578,189,1.901407930553079,False,False,False,True,B0006_p1,0,4238.875,6005.5470000000005,10281.39,0.5841181980257534,2.003740415640463,1.6935732339733012,2546.0774796875985,28.954767078368718,2.607115372473892,6.101678331950258,3.955,24.0,1.0,7.539114536389722,13.670160513988698,1.0007607470574935,0.9091134420451661,0.9997528509013414,1.038006030622123,0.9253720234722187,0.9113924923817753,0.9368068707124594,0.9671208095209797,0.9692307692307692,0.9841336863440789,0.9740708319175827,1.0537093970210003,1.011285805068355,0.9899874843554443,420.66412408306854,0.9753921614264964,1.0607255549756394,0.9806231971681751,0.9781466954096593
B0006,53,22,24.0,1.9242461121680094,2.013326371345464,0.9557546851592055,3.5668392745025836,2.339723057947995,4.176681511062203,0.2275721037589103,-1.9885447318884866,-2.014851230713757,0.000529325755565477,0.20672257429749546,31.220866832188786,24.224319222372547,37.34166959188387,3.158169521103049,3492.907,187,1.901407930553079,False,False,False,True,B0006_p1,0,4187.188,5795.922,10081.797,0.5748897741146741,1.9861773950641646,1.6726932340604237,2515.1198924168825,28.573880662844978,2.6148467383441414,5.79889712986595,3.955,24.0,1.0,7.220866832188786,13.341669591883871,1.0008049368562377,0.9587144049856814,0.9996246178363197,1.0068701324018923,0.886309409344216,0.8894919331370214,0.9427902900675078,0.9565307761633742,0.958974358974359,0.972167670099834,0.9620615497220563,1.0370619495905595,0.9611031643175234,0.9899874843554443,421.91159793332935,0.9668427343313614,1.0237006853906092,0.9615863231859231,0.9662195996010688
B0006,57,23,24.0,1.9459811331421641,2.013326371345464,0.9665502627086267,3.571051969392875,2.3997508208942735,4.190384318239257,0.22747354651355792,-1.9885639445355097,-2.013606338093071,-0.0023840361465472604,0.205949863235092,31.119005145018026,24.029961629396936,37.28979017254232,3.191016881727366,3511.594,188,1.901407930553079,False,False,False,True,B0006_p1,0,4126.735,6654.420999999999,10797.328,0.6163025704137172,1.9723265810619972,1.647780747316451,2482.0048161555474,28.35410437907863,2.6704543311119693,5.873452633511136,3.955,24.0,1.0,7.119005145018026,13.289790172542318,1.001986959795654,0.9833111113523466,1.0029041744296028,1.0064340756750878,0.8738066207055067,0.8860331212782555,0.9525960248274759,0.9616482014524429,0.9641025641025641,0.9593677210273368,0.9477329537091721,1.1117678100905506,0.9734599157593845,0.9899874843554443,430.88401225416146,0.9601003562759823,1.1753324731729762,1.0298325716886003,0.9522696949264557
B0006,61,24,24.0,1.901407930553079,2.013326371345464,0.9444111782444929,3.5666308474029793,2.491410879472442,4.176973413125379,0.22068728350290212,-1.9880563928902786,-2.014324216253238,-0.0016423681986834993,0.2082194776973129,31.033244078156734,24.015743593007034,37.16794481484507,3.1782747530407116,3431.9370000000054,184,1.901407930553079,False,False,False,True,B0006_p1,0,4090.922,5912.562,10099.218,0.5854475069257837,1.946733752863215,1.629454275365557,2451.816736539836,28.29238390325409,2.6994975351552384,5.814921398050734,3.995,24.0,1.0,7.033244078156734,13.167944814845072,1.0007464551433807,1.0208693250145187,0.9996944801151588,0.9764089301357566,0.8632800672762531,0.877909665513182,0.9487921900047104,0.9398341731840576,0.9435897435897436,0.9476991420807511,0.9371923514953306,1.0561073796283558,0.9637590098194118,1.0,435.570200720702,0.9476421337342923,1.0443021441307305,0.9632479114262161,0.9440056230671284
B0006,65,25,24.0,1.878674213680085,2.013326371345464,0.9331195579704279,3.5527392240854914,2.1387303309558976,4.1734521552365464,0.24761140866112302,-1.9772969675547487,-2.0138293357975146,-0.0013483637694533895,0.254357010276143,31.001249222460967,23.89771458163466,37.51577848501052,3.2517471075044155,3431.125,184,1.901407930553079,False,False,False,True,B0006_p1,0,4053.125,5194.922,10078.719,0.5154347491977899,1.9243534762416121,1.6121803182814038,2422.6063009392224,28.21188042033004,2.699324121574108,5.524214272227919,3.955,24.0,1.0,7.001249222460967,13.515778485010522,0.9968486610104988,0.8763565284796999,0.9988517210821551,1.0955320432726037,0.8593529291205736,0.9010998098616693,0.9707254718991493,0.9396118074038494,0.9435897435897436,0.9364084512448716,0.9272571107806472,0.9298091390005416,0.9155775138796108,0.9899874843554443,435.5422200363869,0.9367477353297512,0.9175494790907736,0.9612927482703829,0.9352837309031937
B0006,69,26,24.0,1.8683061328264219,2.013326371345464,0.9279698311297,3.5560959755046615,2.346064498302046,4.1764585468168685,0.23504747924467745,-1.9771693646864965,-2.022139165928567,-0.00026012091102195506,0.25515829145991487,30.921434744041356,23.81688709830912,37.24165964092258,3.2514088568578026,3412.406,183,1.8822317526092551,False,False,False,True,B0006_p1,0,4013.031,6567.437,10617.375,0.6185556222700997,1.9276089738498763,1.600687380070702,2406.1943368333605,28.181745758886848,2.7073321628678926,5.6711140591402796,4.005,24.0,1.0,6.921434744041356,13.241659640922578,0.9977905182497974,0.961312845085305,0.9995712547661543,1.0399441875289743,0.8495562766037512,0.8828242485567035,0.9706244958675889,0.9344856189313243,0.9384615384615385,0.9300647453425553,0.9206468646693461,1.1158321619992397,0.9399245314033212,1.0025031289111388,436.83433610920736,0.9383324649802876,1.159968984772336,1.0126689307606709,0.9260317917434508
B0006,73,27,24.0,1.8560244070082998,2.013326371345464,0.9218696150927371,3.5504500858303394,2.327337743316428,4.17626102066065,0.24060676598781225,-1.9660385076397233,-2.019521715890847,0.00022521118946577974,0.2937138458930206,30.929360248207214,23.762584263292904,37.27233216178077,3.2941943415901576,3410.688,183,1.878674213680085,False,False,False,True,B0006_p1,0,3986.625,6540.062,10564.157,0.6190803487680087,1.9094516746717545,1.584593874701942,2370.904153454106,28.075949119303758,2.7364170792836546,5.572676725066369,4.005,24.0,1.0,6.929360248207214,13.272332161780767,0.9962063610102494,0.9536394541246264,0.9995239799122064,1.0645406986419979,0.8505290751720177,0.8848691920088284,0.9833970019955712,0.9340151455195076,0.9384615384615385,0.9164240535184223,0.9113905692529145,1.1167787328192917,0.9236096302856317,1.0025031289111388,441.52725496398597,0.9294937515657283,1.1551338944687453,1.0075930796056327,0.9199384434755762
B0006,77,28,24.0,1.8451997961855777,2.013326371345464,0.9164931341720167,3.546007083640312,2.4863117233366316,4.172855540858831,0.23544926884929754,-1.9445990482746272,-2.0145859231710013,0.0012030807811573936,0.35770783733733696,31.00810965793079,23.77382410040801,37.207134503019795,3.341032131000837,3410.718,183,1.8683061328264219,False,False,False,True,B0006_p1,0,3934.828,5461.718999999999,10143.984,0.5384195203777923,1.8901553939778828,1.5672174690809364,2342.8559971565733,28.099632347736115,2.7932110703642223,5.466340143362486,4.005,24.0,1.0,7.008109657930792,13.207134503019795,0.9949597170815395,1.0187799177130579,0.998708930587419,1.0417218656613965,0.8601949981754964,0.8805224503114786,0.9973792194698227,0.9340233610039979,0.9384615384615385,0.9055826177520477,0.9013964045250743,0.9712720988305968,0.9059855161015827,1.0025031289111388,450.6910974096765,0.9201005982477763,0.9646723133456441,0.9675176237943327,0.9079859644847745
B0006,81,29,24.0,1.857228890885317,2.013326371345464,0.9224678707427697,3.554257954720065,2.2921663510920895,4.1881878017349035,0.24271286255725477,-1.9769156942357176,-2.01454229289152,0.0017843402447845862,0.25589338077612045,30.96779499306422,23.756892194026193,37.49607769896255,3.31669361949765,3392.719,182,1.857228890885317,False,False,False,True,B0006_p1,0,3906.437,6868.171999999994,10790.452999999994,0.6365045100516167,1.8844508029627145,1.5517292109201328,2314.2975424638644,28.15103439695118,2.851682520011,5.389355045539805,4.005,24.0,1.0,6.967794993064221,13.496077698962551,0.9972747954673277,0.93922778251489,1.002378471915437,1.073858913382291,0.8552466633514113,0.899786354289603,0.9901135827880125,0.9290943441592424,0.9333333333333333,0.89454393667606,0.8924882213954595,1.1482107315856402,0.8932260862538621,1.0025031289111388,460.12560169330897,0.9173236849725303,1.2130860946335347,1.0291768447411218,0.9014345651560904
B0006,85,30,24.0,1.9247760889090635,2.013326371345464,0.9560179195501104,3.555857469677978,2.4343006861812118,4.189991619197343,0.22078536256948547,-1.9997552547832569,-2.015096988943597,-0.002790026577360228,0.14700435354987934,31.10097217303459,23.74029655014346,37.250073961181094,3.2531629586518043,3470.672,371,1.8560244070082998,False,False,False,True,B0006_p1,0,17.687999999999995,1648.563,1674.484,0.9845200073574906,0.047627647023171626,0.007220482029859862,10.998537147462937,23.941020332727746,0.10606338872342036,,,24.0,0.0,7.100972173034592,13.250073961181094,0.9977235968691452,0.9974681088774949,1.0028101879408897,0.9768428712081705,0.8715932032420921,0.8833852330677676,0.9711481378469458,0.9504417329085745,1.9025641025641025,0.004251257471022873,0.004152912195695713,1.7760069568351882,,,17.11357425363286,0.023184457033942105,0.29117629136651585,0.15970971373393622,0.004081615699544348
B0006,89,31,24.0,1.8822317526092551,2.013326371345464,0.9348865536149507,3.5537306734803207,2.472619908000758,4.186982490201218,0.22368965836687763,-1.9884344406296768,-2.0246589334484746,0.000219946169021966,0.20901478223207898,31.307368922041046,24.18583594954418,37.39699052067588,3.156544785963643,3414.109,365,1.855276687885587,False,False,False,True,B0006_p1,0,4031.031,6086.235000000001,10113.656,0.6017838653005402,1.9209859596926566,1.5979673280448092,2384.928596962221,28.482333092467393,2.3055432282285793,5.630156949344254,4.005,24.0,1.0,7.3073689220410465,13.396990520675878,0.9971268477670711,1.0131696209951129,1.0020899990984307,0.9896926390213311,0.8969269180098283,0.8931801911586466,0.9423052671758839,0.9349519846008958,1.8717948717948718,0.9218449126237229,0.9190824071740511,1.0855770561266467,0.9331363427280084,1.0025031289111388,372.00475777875755,0.9351084764618427,1.0749770167625299,0.9646249857051525,0.9301854033779939
B0006,93,32,24.0,1.855276687885587,2.013326371345464,0.9214982301382882,3.5452650003621513,2.403422072720937,4.1864831065416155,0.23215332099258618,-1.9771310999966942,-2.014540253971324,-0.0013831277471471597,0.25597312110332004,31.131339987164562,23.96227406279053,37.2852066420257,3.2111654279221145,3395.219,363,1.8451997961855777,False,False,False,True,B0006_p1,0,3932.11,6223.891000000003,10137.89,0.613923706017722,1.889561355482824,1.5613641894962775,2337.117973003427,28.58710834674342,2.3062150956317033,5.485522499554125,3.995,24.0,1.0,7.131339987164562,13.285206642025699,0.9947514989502515,0.9848154270014129,1.0019704792838215,1.0271392722764339,0.8753206337611854,0.8857275363294047,0.9586108551221938,0.9297789678667755,1.8615384615384616,0.9033647029763905,0.8980298486536766,1.1074765009398155,0.9091647798170741,1.0,372.11316514561946,0.9198114288088892,1.0992904118613824,0.9669363874280881,0.9073587691279585
B0006,97,33,24.0,1.8392508917181876,2.013326371345464,0.9135383700800853,3.538408778928339,2.4006679782182205,4.187721936001791,0.23624667070508096,-1.965705768920947,-2.0140910758505797,0.0011594939858130299,0.29518219456583883,30.828713779105055,23.520157783193987,37.080390421974414,3.273173572550457,3386.0,362,1.8392508917181876,False,False,False,True,B0006_p1,0,3877.266,6775.14,10651.657,0.6360644170198121,1.873388558573749,1.5381757051052274,2280.843770731126,28.294010828400918,2.2624144230499432,5.318916508745488,4.005,24.0,1.0,6.828713779105055,13.080390421974414,0.992827739640941,0.9836869216154968,1.002266974102115,1.0452498908404435,0.838175445800975,0.8720723956248214,0.9771217920019484,0.9272543494828763,1.8564102564102565,0.8816130718614147,0.8846928249994316,1.147416833767111,0.8815516766054746,1.0025031289111388,365.0458248351784,0.9119387427012868,1.1966543824463705,1.0159386953008078,0.8947031759899096
B0006,101,34,24.0,1.8185396073994429,2.013326371345464,0.9032512727601889,3.5297688311332673,2.3194299432177345,4.184171356892756,0.2439099480182485,-1.9542494702422435,-2.0132183154407977,0.0012199865224596935,0.3301024928060525,30.761533072057244,23.52943289153009,36.98024266357476,3.26325912224477,3368.187,360,1.8185396073994429,False,False,False,True,B0006_p1,0,3823.422,6020.5779999999995,10032.485,0.6001083480314199,1.8464867255102844,1.5152024002641085,2233.4843138354436,27.970800137688457,2.3708299329887517,5.256862120230567,4.005,24.0,1.0,6.761533072057244,12.980242663574757,0.9904034918007594,0.9503991894956093,1.0014171974850647,1.0791552989088933,0.8299294977497735,0.8653955233934448,0.9741620878387931,0.9223762686419612,1.8461538461538463,0.8633072515280444,0.8714795634116911,1.0825545372301113,0.8712668469515196,1.0025031289111388,382.53891931306185,0.8988433153229253,1.063380394878955,0.9568830203155178,0.8822783390537797
B0006,105,35,24.0,1.8134770059567056,2.013326371345464,0.9007367269246053,3.5300676840423306,2.3401731734980076,4.186779863144672,0.244307450843308,-1.9490605727432448,-2.0142775706959855,0.000712613725765745,0.3456683188151143,31.30305692941581,23.947667716448013,37.598741245467004,3.3257051599027356,3368.266,360,1.8134770059567056,False,False,False,True,B0006_p1,0,3798.734,6784.937,10574.297,0.6416442624980175,1.8404870942060845,1.5033663234020105,2205.4906618872797,28.158791899243404,2.569493682286467,5.200379900819301,4.015000000000001,24.0,1.0,7.30305692941581,13.598741245467004,0.9904873457240135,0.9588988423105345,1.0020415034222756,1.0809140106116324,0.8963976519638553,0.9066309546459556,0.9928037464209952,0.9223979027511193,1.8461538461538463,0.8524868832926834,0.8646719586359262,1.1574824945086908,0.8619055427952068,1.005006257822278,414.5937769414304,0.8959227806569141,1.1983847707460702,1.0085602172416224,0.8765814299408019
B0006,109,36,24.0,1.7971018450305436,2.013326371345464,0.8926033407239274,3.5248882875629555,2.3829603510808774,4.186482965601712,0.24375960384087478,-1.9373547119632697,-2.014866249205715,0.0010041973417186346,0.3750698159946979,31.06432144678013,23.724670891624807,37.33680914521836,3.3542974150774905,3358.719,359,1.7971018450305436,False,False,False,True,B0006_p1,0,3763.688,6704.531,10461.735,0.6408622470364619,1.8275766007178813,1.4899426458520133,2181.188169072958,28.40104385792931,2.460090242876788,4.965597963308583,4.005,24.0,1.0,7.064321446780131,13.33680914521836,0.9890340799142674,0.9764311239017387,1.0019704455520186,1.0784901160535354,0.8670945905002225,0.8891678861299628,1.001339228879985,0.9197834617367917,1.841025641025641,0.8430932564170223,0.856951233900662,1.156071791943282,0.8229930292581084,1.0025031289111388,396.9412777475504,0.8896381371720363,1.1841831170127182,0.997824226454419,0.8684943480883465
B0006,113,37,24.0,1.7810046294120476,2.013326371345464,0.8846080073057602,3.5190926887152725,2.351855540704836,4.184741677172267,0.24666463745510467,-1.9312604088713479,-2.014036681172477,0.0009279755162790197,0.38980058555195723,30.96654665282149,23.509674105704782,37.39499820465976,3.4007883405434325,3339.5,357,1.7810046294120476,False,False,False,True,B0006_p1,0,3719.11,6289.093999999994,9993.062000000005,0.6293460402827472,1.8084572416385079,1.471566015237368,2136.902063548429,28.132231098068214,2.4817996615697027,5.022355712713505,4.015000000000001,24.0,1.0,6.9665466528214885,13.394998204659757,0.987407916386165,0.9636857565940316,1.0015536948909458,1.091343148263891,0.8550934385753686,0.8930473630285242,1.0152178990440341,0.91452034852276,1.8307692307692307,0.8259753766072432,0.8463817825704386,1.1352973402733293,0.8323999994682995,1.005006257822278,400.4441429046615,0.8803311067643282,1.1108068463112446,0.9531229150863652,0.8582076981191986
B0006,117,38,24.0,1.7710130422682329,2.013326371345464,0.8796452812986808,3.5151810230271,2.3535104841115886,4.186114015167315,0.24783168845894557,-1.925413982519257,-2.013562007420154,0.0004104562259902084,0.4032503267568939,30.826455697992966,23.239016261869025,37.35233964342659,3.473951745369301,3331.265,356,1.7710130422682329,False,False,False,True,B0006_p1,0,3685.578,6917.235000000001,10602.281,0.6524289442998162,1.801383510362728,1.457243805552933,2098.3739267057836,27.966969935040385,2.424280079589316,4.882496545262942,4.005,24.0,1.0,6.826455697992966,13.352339643426589,0.9863103580072273,0.9643638787666964,1.0018821429280318,1.0965066493228866,0.8378982826039215,0.8902033077298368,1.0370589519695323,0.9122651980301458,1.8256410256410256,0.8110831207189526,0.8381442606125098,1.1769373250495734,0.8092198868735693,1.0025031289111388,391.163224681068,0.8768877156021913,1.2217518128276936,1.011229288208637,0.8504699811564487
B0006,121,39,24.0,1.7604712448170943,2.013326371345464,0.8744092710813738,3.514029112834162,2.3948058223938364,4.186378094589789,0.24620396352215285,-1.9198444871883995,-2.0146073733834746,0.0009332187923950495,0.4166720426682412,31.080769482413952,23.40832459139638,37.58677381866742,3.524616662385745,3321.188,355,1.7659390941842175,False,False,False,True,B0006_p1,0,3644.063,7027.485000000001,10667.969,0.6587462899451622,1.787086665630926,1.4399158866858883,2058.900500163447,27.75957410527405,2.3674914634874398,4.802432004578592,4.015000000000001,24.0,1.0,7.080769482413952,13.586773818667417,0.9859871482074059,0.9812848709907375,1.0019453462848282,1.0893049422790453,0.8691134684391564,0.9058330837704007,1.0521836599660481,0.9095056167898213,1.8205128205128205,0.7958254826126258,0.828177983390105,1.188333385801026,0.7959500733766127,1.005006257822278,382.00024950068035,0.8699282161701882,1.241224642269552,1.0174945088233187,0.8408901374337788
B0006,125,40,24.0,1.7502913788006587,2.013326371345464,0.8693530287545856,3.514139684003936,2.4418858444380294,4.185742966026202,0.24380262902937214,-1.908733158939213,-2.0156412315711094,0.0014623495361316455,0.4405439902279281,31.694287817425337,23.993875243611917,38.207044569893476,3.541321887482378,3321.844,355,1.7604712448170943,False,False,False,True,B0006_p1,0,3618.281,6895.937,10504.781,0.6564569980088113,1.7745050484310954,1.4289938372130124,2042.7749725112344,28.315119077831064,2.73276912431135,4.702584106292956,4.015000000000001,24.0,1.0,7.694287817425337,14.207044569893476,0.9860181729225856,1.0005761692354096,1.0017933380108024,1.0786804767195548,0.9444184263843455,0.9471866659271685,1.0571705753007883,0.909685262050678,1.8205128205128205,0.7895924928080255,0.8218960880442926,1.1842036592593599,0.7794013868171397,1.005006257822278,440.9386489516395,0.8638036649563718,1.2179900684154241,1.0019298878625849,0.8349407810359016
B0006,129,41,24.0,1.7394925037732578,2.013326371345464,0.8639893305578625,3.509578354212467,2.391848815367812,4.1849954235358595,0.24822681012659126,-1.90276801874341,-2.014135597110891,-0.0009765358148676846,0.4523465874192101,31.875581783696685,24.22249363678538,38.340431886092745,3.5260807752049357,3311.828,354,1.7546766553637203,False,False,False,True,B0006_p1,0,3596.907,6665.031000000001,10246.781,0.6504512002354691,1.7631023701501227,1.4201865327914716,2026.3547123325231,28.759435057679752,2.5817039266650568,4.7704390040412825,4.015000000000001,24.0,1.0,7.875581783696685,14.340431886092745,0.9847383279330556,0.9800732210812051,1.001614425188686,1.098254825831545,0.9666709553255173,0.9560796265064219,1.052620733194788,0.9069423856288172,1.8153846153846154,0.7832455802300207,0.8168305035317678,1.1733696096239135,0.790647586823772,1.005006257822278,416.56392824757904,0.8582530043380033,1.1772064570312815,0.9773222438699546,0.8300085979760836
B0006,133,42,24.0,1.7546766553637203,2.013326371345464,0.8715311537846229,3.5110708693292705,2.3166154227865463,4.175622772952551,0.2572766067465748,-1.9093247566511207,-2.013918427729744,0.0005605769329787213,0.43888773455084645,31.543288143901563,23.931600807664452,38.521539672721865,3.634659703403752,3327.391,179,1.7546766553637203,False,False,False,True,B0006_p1,0,3557.4540000000034,6621.0,10166.218999999997,0.6512745790740886,1.7530387092584507,1.4062799978158527,1994.751539247059,28.681906125997056,2.4873002805004987,4.6289424119840925,4.015000000000001,24.0,1.0,7.543288143901563,14.521539672721865,0.9851571066842898,0.9492459242528104,0.9993712251188126,1.1382947506310548,0.9258843037419732,0.9681541209409791,1.085034179821943,0.9112043051329526,0.9179487179487179,0.7710300261171176,0.8088320598736735,1.174854928900892,0.7671960891819343,1.005006257822278,401.3316805521582,0.8533541582238205,1.1694295123314675,0.9696383639655578,0.8209045735417717
B0006,135,43,24.0,1.7659390941842175,2.013326371345464,0.8771250996946299,3.5159179315855056,2.4110989960643794,4.191704957733779,0.24598521855518196,-1.9306372167933323,-2.0164764928559697,0.0006125224393033973,0.3913947338973055,31.420983409991024,23.80004225730534,38.03707160241571,3.5081719161772016,3312.078,354,1.7546766553637203,False,False,False,True,B0006_p1,0,3621.64,7204.094000000001,10804.922,0.6667418793027845,1.7796542977619259,1.4242695729477601,2020.4388888480553,28.544862281131994,4.597412759221957,5.136285611112211,4.005,24.0,0.0,7.420983409991024,14.037071602415708,0.9865171241849287,0.98796108860881,1.0032202492240334,1.0883371269351683,0.9108722783174033,0.9358545322401816,1.0472745039044622,0.9070108479995705,1.8153846153846154,0.7809589407934845,0.8191788934578758,1.2027568837665463,0.8512826220444825,1.0025031289111388,741.8032327320009,0.8663102458464506,1.272418083855921,1.0305568757524766,0.8357158911181477
B0006,139,44,24.0,1.7337887419624838,2.013326371345464,0.861156326484627,3.50585340727078,2.4510125175432287,4.185468369564667,0.24431167408297183,-1.907114151507875,-2.014424639912736,0.000726309956247418,0.4422052936741676,31.15837149963786,23.325044766777037,37.934285687720596,3.6256374299154595,3293.172,352,1.7546766553637203,False,False,False,True,B0006_p1,0,3618.531,7143.9220000000005,10758.985,0.6639959066770704,1.7815611077552853,1.426880060745406,2014.9080837112515,28.227586320387818,2.5692174544531916,4.744703794993534,4.025,24.0,1.0,7.158371499637859,13.934285687720596,0.9836931602083933,1.0043158737896845,1.0017276175621173,1.0809326959153638,0.8786385572751725,0.9290017735706797,1.0823408121029976,0.901833449673722,1.8051282051282052,0.7788211222505856,0.8206803342989062,1.1978033364032612,0.786382260107977,1.0075093867334168,414.5492069385993,0.8672384536653551,1.2617902462760977,1.0261754752017422,0.8349984700863814
B0006,143,45,24.0,1.713325912040734,2.013326371345464,0.8509926340932763,3.5010379345914444,2.471216186082459,4.184201889006967,0.2435154606775506,-1.8953541357988335,-2.0136840343383655,0.0006105952606363766,0.4660772511913581,31.15661421699882,23.22751550921504,37.88470784051604,3.66886365748169,3275.328,350,1.7502913788006587,False,False,False,True,B0006_p1,0,3539.359,6775.860000000001,10317.515,0.6567337193112878,1.7472715338139853,1.3948935622509935,1944.3479622101356,28.067108057487324,2.796861528789634,4.579792805098183,4.015000000000001,24.0,1.0,7.156614216998818,13.884707840516043,0.9823420062987607,1.0125944382105112,1.0014245048780082,1.0774099289167076,0.8784228634846547,0.9256964080130154,1.0952448906691972,0.8969468794988336,1.794871794871795,0.7515475639886039,0.8022830695254869,1.1847028456188344,0.7590500845805211,1.005006257822278,451.28010735999965,0.8505467797439564,1.1967815519447664,0.9840687442194688,0.8167290400680455
B0006,147,46,24.0,1.7024077813673466,2.013326371345464,0.8455697027549801,3.497407662636496,2.470968641396993,4.185838836583766,0.24459591902905917,-1.8892713805954209,-2.015243276008703,0.0013481309742365592,0.4777097893062262,31.206611383963253,23.20127236203539,38.065368726791895,3.719915578953458,3265.016,349,1.7447409841836798,False,False,False,True,B0006_p1,0,3496.109,7315.844000000001,10805.734,0.677033508320675,1.7330062812565004,1.3756453106111253,1894.8765262386055,28.067128360555888,2.8368374366940223,4.430695153646919,4.015000000000001,24.0,1.0,7.206611383963253,14.065368726791895,0.9813234030438803,1.012493005412716,1.001816283157377,1.0821903094003835,0.8845596557217856,0.9377411075065115,1.1104851288930342,0.8941229436300009,1.7897435897435898,0.7324254017449903,0.7912122990907074,1.2213222807075386,0.7343387952796478,1.005006257822278,457.7303130012896,0.8436026589303367,1.2921558497527705,1.0306343230661277,0.8067488343350461
B0006,149,47,24.0,1.82371946178183,2.013326371345464,0.9058240570122152,3.5388872766749144,2.4288023941361625,4.1729165619005535,0.23098677589569044,-1.9819359924929794,-2.014822027548639,0.000883957804000857,0.23645151610760437,33.61169282822636,26.602945710082057,39.788440481350335,3.1543964421418815,3328.937,356,1.7447409841836798,False,False,False,True,B0006_p1,0,3499.469,6224.766,9946.391,0.6258316207356015,1.7181103053145987,1.3747332833515669,1949.4879367539347,28.576958595190668,4.435511666342439,5.066334036652811,4.005,24.0,0.0,9.61169282822636,15.788440481350335,0.9929619993790992,0.9952151534396706,0.9987235350372318,1.0219780095523854,1.1797660850644833,1.052618665771659,0.9416639343780879,0.911627676433691,1.8256410256410256,0.7535343150344221,0.7906877400497232,1.1289575670657526,0.8396889210257724,1.0025031289111388,715.6801151502776,0.83635151099864,1.0994449581267935,0.948671506742256,0.8075241751734942
B0006,153,48,24.0,1.8081284050314708,2.013326371345464,0.8980801278747154,3.5327430295356828,2.3551430866643166,4.186982012423103,0.24180188757564916,-1.9653277079992455,-2.014147642384201,0.0013785124508379858,0.2976263378401198,32.85630077141311,25.5878756709222,39.212903178007906,3.3014338549444924,3329.266,356,1.7337887419624838,False,False,False,True,B0006_p1,0,3855.328,6226.313,10063.547,0.6186996493383495,1.8578932380029431,1.5286161870914705,2257.8639314049046,30.7089708928189,2.466557653887474,5.255977575473892,4.005,24.0,1.0,8.85630077141311,15.212903178007906,0.991238010043733,0.965032846651421,1.0020898847495716,1.0698283952071996,1.0870471493387954,1.0142474720453543,0.9855581725247888,0.9117177729136025,1.8256410256410256,0.8727306893855743,0.8791945994266613,1.1160919770088613,0.8711202434257833,1.0025031289111388,397.9848095438873,0.9043958423806763,1.0997181959240412,0.9598456661980723,0.8896408464322092
B0006,157,49,24.0,1.7757610945034283,2.013326371345464,0.8820035935439142,3.521214759733266,2.365933525789291,4.186537777937825,0.2452054406792465,-1.9470636598230844,-2.0135457323415866,0.0013469218858249991,0.3489537540343098,32.210981559158874,24.788511221807962,38.66937823121345,3.4005903322527105,3301.579,353,1.729207034132373,False,False,False,True,B0006_p1,0,3731.032,6663.391,10376.172,0.6421820108610381,1.8210149183856525,1.4792702897419818,2171.799785625099,30.106699115532898,2.712641202720029,5.019278312632664,4.015000000000001,24.0,1.0,8.210981559158874,14.66937823121345,0.9880033396692799,0.9694542884926219,1.001983564043432,1.084887077301585,1.0078388626962682,0.9780105488999555,1.015158788761132,0.9041357022774145,1.8102564102564103,0.8394643706171735,0.8508129514892011,1.1584525558854166,0.8318899543874281,1.005006257822278,437.6909620271474,0.8864440041083576,1.176916793173824,0.989663358846119,0.8609587735584777
B0006,161,50,24.0,1.7447409841836798,2.013326371345464,0.8665962007032699,3.5093111439506677,2.3481961394586457,4.182282350256796,0.248638831497769,-1.9241628426386395,-2.0143501433980724,0.0011884652184539464,0.40618903288986047,31.965090081650274,24.29903895658481,38.5170065164806,3.5201708513727663,3283.563,351,1.713325912040734,False,False,False,True,B0006_p1,0,3638.6249999999945,5902.5,9756.858999999997,0.6049590344597582,1.781156660020605,1.4417118799439665,2082.4537779896973,29.363372970921308,2.656171351523703,4.905086238370764,4.005,24.0,1.0,7.965090081650274,14.517006516480599,0.9846633524916054,0.9621862967855608,1.000965092738375,1.100077773397164,0.9776574543891767,0.9678518944557191,1.0508564774235962,0.8992020299914477,1.8,0.8049295159020912,0.8292109618358674,1.0913048447685814,0.8129638790570263,1.0025031289111388,428.5794203050553,0.8670415742956351,1.042524950390649,0.930594235497251,0.8396352852077417
B0006,165,51,24.0,1.729207034132373,2.013326371345464,0.8588806359183485,3.50716091973708,2.46945948630322,4.185961817428056,0.24245866501899874,-1.9124470439353747,-2.013955993405398,0.0023455920246722457,0.43177529573802614,31.744801840189538,23.984895747102637,38.292505299491516,3.5757503955650507,3275.125,350,1.7081086552553244,False,False,False,True,B0006_p1,0,3582.812,7043.266000000001,10610.906,0.6637761186462307,1.768504706120673,1.4167342943876706,2016.2616578188095,29.053108404174978,2.795606564026503,4.808923237796079,4.015000000000001,24.0,1.0,7.744801840189538,14.292505299491516,0.9840600298177498,1.0118746208039722,1.0018457167350028,1.072734241663866,0.9506186589492449,0.9528843508423837,1.067448320971172,0.8968912880537818,1.794871794871795,0.7793443183775056,0.8148449237726458,1.1974068537834226,0.7970259236022562,1.005006257822278,451.07761587902746,0.8608827841827058,1.2440119504003637,1.0120519274700186,0.8267560893100344
B0006,169,52,24.0,1.7081086552553244,2.013326371345464,0.8484012724245156,3.500928918686389,2.4666715880697576,4.1836566973224585,0.24306097840857094,-1.8950209973545986,-2.0143598768040447,0.0008097171102984877,0.4667188589869889,31.876564068962466,23.99541497188152,38.52091685291118,3.6558828773689824,3265.656,349,1.7081086552553244,False,False,False,True,B0006_p1,0,3523.031,6467.359999999999,9978.078,0.6481568895332347,1.7379203234562912,1.3908094537774616,1952.1100203238616,28.824607780532247,2.841625243689869,4.61550392593024,4.025,24.0,1.0,7.876564068962466,14.520916852911178,0.9823114179689877,1.0107322641532672,1.0012940216156785,1.075399117333111,0.9667915237688849,0.968112597412489,1.0913698126007192,0.8942982072991293,1.7897435897435898,0.7545478273058127,0.7999340651490292,1.1692308295708331,0.7649688085144649,1.0075093867334168,458.50283678656245,0.8459947443547668,1.142292954368228,0.9516937641654903,0.812961252803111
B0006,173,53,24.0,1.6975954237461768,2.013326371345464,0.8431794506380549,3.4973019898820894,2.4482931262785135,4.184390004467988,0.2453760679343642,-1.8837082435178907,-2.0146981664689427,2.3587764193591595e-05,0.48819038959426053,32.24289319481841,24.295032488841088,38.95436345473558,3.672889296106637,3266.093,349,1.6975954237461768,False,False,False,True,B0006_p1,0,3474.11,6782.218999999999,10246.984,0.661874655020443,1.7252078618104913,1.3725634369974675,1914.3293718264226,29.04334125546153,2.8286332977581914,4.501898766470831,4.035,24.0,1.0,8.242893194818407,14.954363454735578,0.9812937527551618,1.0032015882466079,1.0014695274264915,1.0856420006164995,1.011755786191731,0.9970105740197794,1.0964466415510168,0.8944178795232061,1.7897435897435898,0.7399444976055647,0.7894397373056599,1.1939767430672046,0.7461400078315049,1.0100125156445556,456.40655611820915,0.8398064999369963,1.1979047058896257,0.9773416056983674,0.8016724286490287
B0006,177,54,24.0,1.6820634524029463,2.013326371345464,0.8354648686585566,3.4929038301187156,2.4745215382882586,4.184732708741646,0.24387936455970977,-1.8716651994380054,-2.0150505202774576,0.0028840576269616946,0.508922907014493,32.07305565938816,24.10547107270791,38.731363854696035,3.6834438401651113,3257.594,348,1.6820634524029463,False,False,False,True,B0006_p1,0,3446.218,6997.266,10437.047,0.6704258397993225,1.7133465273459727,1.3586759979252943,1874.4363313621895,29.041516878949153,2.793281137251693,4.405417222933721,4.005,24.0,1.0,8.07305565938816,14.731363854696035,0.9800596909807129,1.0139488244753672,1.00155154843472,1.079019985439274,0.9909094516435517,0.9821431435260262,1.0995974292424082,0.8920904327670764,1.7846153846153847,0.7245246664006021,0.7814522767938402,1.209402497285482,0.7301492573982584,1.0025031289111388,450.7024028647999,0.8340325720517061,1.2358872324472978,0.9954695229083336,0.7952361766651022
B0006,181,55,24.0,1.6714768322295086,2.013326371345464,0.830206595422726,3.488659224822318,2.469127855241356,4.185835940524748,0.24489747465620212,-1.8654809345089407,-2.016431910751689,0.0008062258329325605,0.5191412899392004,32.030140929891196,23.97620032331416,38.74827601131975,3.7478860406495396,3248.593,347,1.6714768322295086,False,False,False,True,B0006_p1,0,3389.0779999999945,7420.0929999999935,10805.827999999994,0.6866750979193817,1.6997638970329363,1.336890183526175,1825.6504280706533,28.954766991435342,2.8454217641623742,4.4189353536053755,4.015000000000001,24.0,1.0,8.030140929891196,14.748276011319753,0.9788687144301271,1.011738733150487,1.0018155900300982,1.08352451227153,0.9856419776080152,0.9832706805846487,1.118834990899986,0.8896255135704741,1.7794871794871794,0.7056674826617096,0.7689220088786077,1.238715050863844,0.7323897382816441,1.005006257822278,459.115414187621,0.8274207419785702,1.3105687567503592,1.0306432886418453,0.7820507672874458
B0006,185,56,24.0,1.6607591387047655,2.013326371345464,0.8248832193038405,3.4822930804774015,2.4177173347922416,4.185703389994729,0.24894941761288453,-1.8592903578575999,-2.013961242413253,0.001300028898722823,0.5292867036601664,31.984935871368258,23.819965773306656,38.84227056628921,3.8030419719405057,3238.766,346,1.6607591387047655,False,False,False,True,B0006_p1,0,3375.859,7441.625,10805.375,0.6886965977580602,1.6857824232221659,1.325915459319158,1783.6756388008741,28.827764021851614,2.802883865905276,4.268180860045625,4.035,24.0,1.0,7.984935871368258,14.842270566289208,0.9770824638595795,0.9906729893416433,1.0017838660950644,1.1014519307639206,0.9800933821761989,0.9895373174420774,1.135300375710169,0.886934394700903,1.7743589743589743,0.6894429944333891,0.762609817280424,1.2423616987226016,0.70740384569715,1.0100125156445556,452.2518254490539,0.8206147605980647,1.3143718312496084,1.0306000821971613,0.779000401054279
B0006,189,57,24.0,1.651121015038069,2.013326371345464,0.8200960552335385,3.477575664197982,2.3775131079338427,4.184887437252902,0.25149169273248084,-1.848156298789804,-2.0142789765419593,3.3324869557570366e-05,0.5476209059238868,32.23677365476226,23.938135747847074,39.221381996208315,3.8864318857653655,3240.14,346,1.651121015038069,False,False,False,True,B0006_p1,0,3320.969,7356.781000000001,10685.968,0.6884524640163624,1.673689212599851,1.307808650370795,1745.4946040417917,28.786886386344246,2.9406761240576316,4.167216305431371,4.025,24.0,1.0,8.23677365476226,15.221381996208315,0.9757588231967107,0.9741990860309396,1.0015885803291853,1.1126999741048642,1.011004656713973,1.014812756647844,1.160194289896316,0.8873106638905631,1.7743589743589743,0.6746849036896236,0.7521955558231113,1.2419212981005592,0.6906700856820086,1.0075093867334168,474.4849265204831,0.8147279587172356,1.299386318858089,1.0192112258164325,0.7663341931309418
B0006,193,58,24.0,1.6401349256190927,2.013326371345464,0.8146393694346857,3.4787436506489255,2.443723814618984,4.1845671326128535,0.24743822906353016,-1.8415742473538441,-2.0170700253976435,0.0008339594777993074,0.5572043810030383,32.56097148037261,24.442914706328594,39.466510899162515,3.7845576572627713,3230.109,345,1.6401349256190927,False,False,False,True,B0006_p1,0,3303.828,7276.687,10588.64,0.6872163941733783,1.6652168234433142,1.3005792408731642,1730.6428765500336,29.207075464293986,2.9520803828525466,4.287153294326937,4.035,24.0,1.0,8.560971480372608,15.466510899162515,0.9760865437684342,1.0013292876365083,1.0015119203294818,1.0947658273723353,1.0507976054007566,1.0311555524467393,1.1297823589348588,0.8845636797264572,1.7692307692307692,0.668944275039613,0.7480375089300879,1.2396915123939525,0.7105483171740905,1.0100125156445556,476.3250301796577,0.810603720913109,1.285239771907375,1.0099282305663753,0.7623788010738471
B0006,197,59,24.0,1.6291999416165441,2.013326371345464,0.8092080672085887,3.4740152461288862,2.4324278256917147,4.184590722398005,0.24781476646180828,-1.8297533943331723,-2.0153270924031044,0.002267298724556321,0.5744007772604264,32.48984985901219,24.244880453394085,39.352653481724175,3.835762334103568,3229.7810000000027,345,1.6291999416165441,False,False,False,True,B0006_p1,0,3279.578,7457.094000000001,10736.094,0.6945816607045358,1.6547534163622186,1.2886097950755326,1696.4802743335215,29.18554105903438,2.967656868805001,4.11037598513385,4.035,24.0,1.0,8.489849859012189,15.352653481724175,0.9747598199597847,0.9967006939803729,1.0015175661825122,1.0964317796300873,1.0420679384944846,1.0235646543479866,1.1450681983456217,0.8844738570960295,1.7692307692307692,0.6557394264351755,0.7411531960513718,1.252977950963536,0.6812494302581674,1.0100125156445556,478.8383323866344,0.8055102840741594,1.3171040325977819,1.0239921667574192,0.7567829631773099
B0006,201,60,24.0,1.6088496302961666,2.013326371345464,0.7991002617330274,3.4718387718772696,2.494085641889116,4.181227276564003,0.24226020864399292,-1.8170860697729954,-2.0264444143525524,0.002587585651271363,0.59213769752695,32.42612199208859,24.11448837545242,39.31890647034385,3.8710134033093055,3212.469,343,1.6088496302961666,False,False,False,True,B0006_p1,0,3260.031,6537.219,9790.859,0.6676859507424221,1.6349303060429285,1.2772266960082415,1657.2733199750596,29.094562723441733,2.8896824537411447,4.028911507865993,4.035,24.0,1.0,8.42612199208859,15.318906470343848,0.9741491318944352,1.0219653236413941,1.0007125770428034,1.0718561911766684,1.0342458017061371,1.0213147339625692,1.1555914984850202,0.8797329748461035,1.758974358974359,0.6405847876502428,0.7346061247137697,1.2044599242654856,0.6677475927314478,1.0100125156445556,466.25697930957364,0.7958606776333231,1.1546317515743851,0.9338371033102336,0.752272371698398
B0006,205,61,24.0,1.6035244898969248,2.013326371345464,0.7964553153025671,3.463180130644551,2.382347172890769,4.182601669503782,0.25041818458745746,-1.8111560774496664,-2.014269976996697,0.0017194503246426888,0.6001337686853253,32.29984271249387,23.928926832055478,39.47196886600465,3.9277765847941004,3213.219,343,1.6035244898969248,False,False,False,True,B0006_p1,0,3229.328,7060.281,10274.359,0.6871748398123911,1.6269456560792492,1.2626234481636962,1610.8377864481474,28.972067174585955,2.9403611919376793,3.9731382523788397,4.025,24.0,1.0,8.29984271249387,15.471968866004651,0.9717196389385521,0.9761798707623199,1.0010415168993727,1.1079503441183205,1.018745929417801,1.0315194362503348,1.1725366865059952,0.8799383619583634,1.758974358974359,0.6226360908207963,0.726206961635795,1.2396165511604087,0.6585037915167449,1.0075093867334168,474.43411149105094,0.7919738642888821,1.2470172129214812,0.9799525911801434,0.7451874640308771
B0006,209,62,24.0,1.5989712144027983,2.013326371345464,0.7941937468063061,3.463469391967206,2.406668297987779,4.183991041340736,0.24879153893443376,-1.8113056300795982,-2.0248983473305704,0.0007053447084269127,0.600869683312538,32.610757585145336,24.062133136477676,39.74009698783903,4.013744044379012,3203.578,342,1.5989712144027983,False,False,False,True,B0006_p1,0,3189.515,7513.360000000001,10711.063,0.7014579225236562,1.6217192595576966,1.2480268221403523,1576.0901451664654,28.849413778690618,3.039289003487408,3.853194131054981,4.025,24.0,1.0,8.610757585145336,15.740096987839031,0.971800801597555,0.9861455856774911,1.0013740417250911,1.1007534122581393,1.0569084912736224,1.04939559483576,1.1982000606905825,0.8772981790926325,1.7538461538461538,0.6092051074437707,0.7178116071459326,1.2653822583788383,0.6386243779034342,1.0075093867334168,490.39634378517934,0.7894297292503123,1.3270419756488077,1.0216047483978086,0.7360003673638735
B0006,213,63,24.0,1.5876273123575604,2.013326371345464,0.7885593388897908,3.46021805164007,2.4204142690378765,4.182425008087469,0.24872123545615055,-1.803802475704306,-2.0134062122749032,0.00037116990278515926,0.609256745218589,32.25699351958767,24.423808071870038,39.03600072360686,3.6982862582092104,3195.125,341,1.5876273123575604,False,False,False,True,B0006_p1,0,3193.0,7627.937,10806.015,0.7058973173737034,1.6153893837071327,1.245385270749206,1568.244104981463,29.329113559805148,2.97473440546743,3.8145678378507557,4.035,24.0,1.0,8.256993519587667,15.036000723606861,0.970888521228193,0.9917780729975085,1.0009992357006983,1.1004423615128234,1.01348649952688,1.0024533479997706,1.1040282514384923,0.8749833294127215,1.7487179487179487,0.6061723825907085,0.7162922998555769,1.273390623956887,0.6322224963399142,1.0100125156445556,479.9803093747649,0.7863484362648288,1.347279058451164,1.0306611244148172,0.7368045527275615
B0006,215,64,24.0,1.5829719744686166,2.013326371345464,0.7862470769757759,3.462574876665621,2.4507845245525193,4.190985194174346,0.24661339893460255,-1.7982439953659044,-2.014898941623113,0.0010117048958550698,0.6170700333090209,32.47193402838835,24.297842706066838,39.16106395962828,3.78790549192839,3195.3129999999946,341,1.5829719744686166,False,False,False,True,B0006_p1,0,3157.266,7327.75,10481.047,0.6991429386777867,1.6042055252397798,1.2335346453275664,1544.8084018335821,29.176041721553197,2.6089982018468554,3.7931711096516807,4.025,24.0,0.0,8.471934028388347,15.16106395962828,0.9715498131842785,1.004222452406463,1.0030479848626919,1.091116448527544,1.0398688992894762,1.0107913403932214,1.130781768876094,0.8750348131155266,1.7487179487179487,0.5971137953658534,0.709476327371105,1.2612061853843841,0.6286762249166361,1.0075093867334168,420.967922977946,0.7809042940004863,1.2942587387081879,0.999666175372193,0.7285587106081858
B0006,219,65,24.0,1.567137636713563,2.013326371345464,0.778382312484328,3.4537077937586056,2.3930328819230717,4.181860480163402,0.24848682009830836,-1.7857963808615818,-2.014097659688176,0.0007636707747866177,0.6325019447665697,32.40219271195366,24.115666972211724,39.20051799483514,3.8463769615603374,3186.297,340,1.567137636713563,False,False,False,True,B0006_p1,0,3129.735,7015.5470000000005,10153.36,0.6909581655727759,1.5911872585582059,1.2192649754607965,1500.3797803004795,29.06181349745949,2.8117025360875623,3.7924432690168572,4.035,24.0,1.0,8.40219271195366,15.200517994835138,0.9690618344260844,0.9805583988714283,1.0008641246061944,1.0994052140835513,1.031308654873865,1.0134217492640538,1.148236922390375,0.8725657861766806,1.7435897435897436,0.5799408289351841,0.7012690240673656,1.2464414128394028,0.6285555933686742,1.0100125156445556,453.674738376873,0.7745671880672768,1.2391161013364282,0.9684118922829952,0.7222057616131521
B0006,223,66,24.0,1.5613446139713882,2.013326371345464,0.7755049733580822,3.4514035349888337,2.3938995980718403,4.183449364094532,0.24884801817648583,-1.7850748194527644,-2.01648199199959,0.0005527600059578974,0.6334473857166003,32.30987415652578,23.949350638183297,39.15878418316098,3.8820938385045634,3176.438,339,1.5613446139713882,False,False,False,True,B0006_p1,0,3112.547,7553.2970000000005,10662.468,0.7084004378723575,1.5866138465192483,1.2094039428982575,1466.1247120031069,28.902663443706384,2.8034608062917528,3.6749454266178434,4.045,24.0,1.0,8.30987415652578,15.158784183160982,0.9684152918220856,0.9809135405853313,1.0012443995896319,1.1010032990455954,1.0199772169406727,1.0106393472140283,1.1588992774506541,0.8698659041236529,1.7384615384615385,0.5667002394761399,0.6955973802322634,1.2779060826435404,0.6090816234738531,1.0125156445556946,452.34491612117677,0.7723409165308278,1.3340958204507987,1.0169698318868712,0.7182395240145673
B0006,227,67,24.0,1.5511711892790419,2.013326371345464,0.7704519303755142,3.450781146333252,2.4373294683003053,4.182943907496545,0.24531300054344063,-1.7785916660457872,-2.014359351341952,-9.517952000869487e-05,0.6414164907293518,32.35440526839345,23.94684852697399,39.18225956809825,3.903699189649736,3167.593,338,1.5511711892790419,False,False,False,True,B0006_p1,0,3075.329,7411.156,10494.625,0.7061858808675869,1.5750489432991288,1.1955333320383013,1432.5692576778854,28.83769850148563,2.851235243422366,3.579046054267686,4.025,24.0,1.0,8.35440526839345,15.182259568098253,0.9682406583185235,0.99870916902659,1.0011234263104252,1.085362965219803,1.02544309027335,1.0122044560922823,1.1653489993978323,0.8674437054464006,1.7333333333333334,0.5537300713545937,0.6876195985877905,1.2739111728221169,0.5931873614861549,1.0075093867334168,460.05343257629664,0.7667112871334715,1.3089902653515224,1.0009612241711539,0.7096512396915436
B0006,231,68,24.0,1.5406741606295171,2.013326371345464,0.7652381563948406,3.446105572450592,2.3705330061374523,4.182592999177517,0.249252351248828,-1.7727874712030285,-2.016181081460114,0.0015048652079400844,0.6485964889257356,32.4731363791227,24.029360363522056,39.38159156766375,3.9310242954599364,3167.719,338,1.5406741606295171,False,False,False,True,B0006_p1,0,3061.297,7412.781999999999,10467.75,0.7081542833942346,1.5655588560400082,1.18686830663357,1405.85494693233,28.8794927672878,2.881441082774188,3.567507971457377,4.045,24.0,1.0,8.4731363791227,15.381591567663747,0.9669287580437194,0.9713389508889905,1.0010394417898494,1.1027922304979096,1.0400164791845157,1.0254939626572956,1.173506207002042,0.8674782104812604,1.7333333333333334,0.543404206049273,0.6826358468755769,1.2774620367507854,0.5912750516708916,1.0125156445556946,464.92721495174675,0.7620916484559529,1.3092774564687328,0.9983979279219216,0.7064132686662153
B0006,235,69,24.0,1.5253138744624433,2.013326371345464,0.7576088488043337,3.4418152533277144,2.351294851260762,4.1775564354981025,0.24876521050750453,-1.7601807681971697,-2.0224281819207026,0.004482527231908509,0.6631565458391762,32.52334649341759,24.054796737761627,39.44712875501599,3.938262085403885,3159.077999999994,337,1.5301570318067428,False,False,False,True,B0006_p1,0,3058.406,6383.000000000001,9904.406,0.6444606572064998,1.550419707607746,1.1827817992437313,1386.236948637655,28.950383897583738,2.8839943239588024,3.581689553244231,4.045,24.0,1.0,8.523346493417591,15.447128755015989,0.9657249548363367,0.9634560110072916,0.9998340175721041,1.1006369247525518,1.0461794091731196,1.0298633407976274,1.1756668630514104,0.8651118770985412,1.7282051282051283,0.5358212738194182,0.6802854627451437,1.1625630785070635,0.5936254922503899,1.0125156445556946,465.3391863504192,0.7547221276356719,1.1273929281395194,0.9446670418855484,0.7057461524864673
B0006,239,70,24.0,1.5301570318067428,2.013326371345464,0.7600143988498849,3.445008015985666,2.436845595522602,4.183199732433941,0.24479137176910862,-1.7653027883569699,-2.015670909853089,0.0010131499204386121,0.6571846357909039,32.518264823491045,24.004853828853747,39.40950590627068,3.9548553266160913,3148.829,336,1.5253138744624433,False,False,False,True,B0006_p1,0,3038.875,7772.828000000001,10805.656,0.7193295807306841,1.557914285971521,1.174008121237866,1359.5543659717264,28.9326271382961,2.876539607257648,3.4736123569684048,4.045,24.0,1.0,8.518264823491045,15.409505906270681,0.9666207991355542,0.9985108994918308,1.0011846540829044,1.0830550706035422,1.0455556707805207,1.0273550175154391,1.1806203484774087,0.86230519374714,1.7230769230769232,0.5255076723482554,0.6752392187075592,1.2976215110793037,0.5757128904219687,1.0125156445556946,464.1363504865031,0.758370381138053,1.372870330384591,1.030626883545851,0.7012392531067863
B0006,243,71,24.0,1.5246566834474087,2.013326371345464,0.7572824282972623,3.441164687975023,2.39030487147494,4.183585552184287,0.2475013732087286,-1.7593486488770236,-2.0154336980599203,0.002939357955384793,0.6641591087376718,32.5437072434024,23.98676553992143,39.48443326993031,3.9769918282845635,3149.094,336,1.5246566834474087,False,False,False,True,B0006_p1,0,3011.266,7775.219000000001,10777.328,0.7214421793602275,1.545656573306035,1.1611248621669845,1328.9006647200606,28.908083251448843,2.8735182519254465,3.4803267656437358,4.055,24.0,1.0,8.543707243402402,15.484433269930307,0.9655424153478389,0.9794405815704914,1.001276994118761,1.095045202360685,1.048678544624891,1.0323504406959836,1.1872286317534153,0.8623777638601385,1.7230769230769232,0.5136591169709879,0.6678293195492326,1.3014324949445681,0.5768257295153104,1.0150187734668334,463.6488477822564,0.7524035020165817,1.3732926390938471,1.027925002386846,0.6948683051280029
B0006,247,72,24.0,1.5145492986655427,2.013326371345464,0.7522621867081595,3.443620591429828,2.4892160721496315,4.183170360974043,0.2406026011996967,-1.7526167898737661,-2.014176241235146,0.005138941784565251,0.6716629492050046,32.562223096007365,23.972655907518135,39.4416762582387,3.975934247345534,3140.547,335,1.5246566834474087,False,False,False,True,B0006_p1,0,2985.828,7760.5,10745.86,0.7221851019834615,1.5390454575236716,1.1517674382495393,1303.903520738046,28.89162012676732,2.8986593630671003,3.4254779928338426,4.065,24.0,1.0,8.562223096007365,15.4416762582387,0.9662315073177467,1.0199699906298791,1.0011776244747577,1.064522271951327,1.0509512322075858,1.0294998216844122,1.1869129181624838,0.8600371723288243,1.7179487179487178,0.5039969870274356,0.6624473298501589,1.3027726766954657,0.5677351510956619,1.0175219023779725,467.7054244909593,0.7491853054567548,1.3706929059731694,1.0249236328474658,0.6889983288635858
B0006,251,73,24.0,1.509391504602082,2.013326371345464,0.7497003596060718,3.439943269617906,2.450611393803655,4.183501501534186,0.24316998214821461,-1.7516949849801624,-2.0151247064734266,0.0019635914622084336,0.6726373836789596,32.58978020040808,23.95941142019243,39.53866201326228,4.000898498406376,3131.625,334,1.5145492986655427,False,False,False,True,B0006_p1,0,2964.203,7842.844000000001,10806.781,0.7257335926396584,1.5304542755975101,1.1411544790222254,1278.4561831258156,28.906891490587697,2.9064288489033423,3.3887828759262772,4.045,24.0,1.0,8.589780200408079,15.538662013262282,0.9651997025347028,1.0041515111288966,1.001256877885631,1.0758813935346072,1.0543336683461055,1.035965882482017,1.1943653532967287,0.85759388724138,1.7128205128205127,0.4941608440303107,0.6563432099831936,1.309173911860392,0.5616533406780871,1.0125156445556946,468.9590490863209,0.7450032410322628,1.3852368576063703,1.0307341843190745,0.6840082259970861
B0006,255,74,24.0,1.5039974333050705,2.013326371345464,0.7470211758563419,3.43602719305159,2.4111946043456745,4.183243008796117,0.24559891719465526,-1.7510429704034998,-2.0150071612077523,0.0010096976995750016,0.6733747307759468,32.57089563557426,23.89672125029287,39.5867547936938,4.02666129809132,3121.907,333,1.509391504602082,False,False,False,True,B0006_p1,0,2954.422,7858.249999999997,10806.593999999997,0.7271717619816197,1.5240711840825225,1.1347005388143645,1256.7693967076102,28.864999475314598,2.910648433529154,3.3998447608107667,4.065,24.0,1.0,8.57089563557426,15.5867547936938,0.964100906525392,0.9880002646284685,1.0011950116160049,1.0866279749978438,1.0520157239922543,1.0391722383238668,1.202056174585966,0.8549326179654572,1.7076923076923076,0.4857782644611595,0.6526311798322043,1.3117682712815744,0.5634867259456139,1.0175219023779725,469.6398888716838,0.7418960434228374,1.3879579316234332,1.0307163485461028,0.6817511995861157
B0006,259,75,24.0,1.4935201918040188,2.013326371345464,0.7418172299635307,3.436309312279291,2.4609139768640715,4.182038001412004,0.2415711613630848,-1.7388746112390865,-2.0158858292130217,0.0015563666004580641,0.6864768027433327,32.537854347094196,23.846991377084784,39.499752884420865,4.020828997942116,3122.125,333,1.5040760088360112,False,False,False,True,B0006_p1,0,2923.704,7497.75,10429.547,0.7188950776097945,1.5160567441204849,1.124432905626083,1235.4572486216584,28.79786265611228,2.8857626657533473,3.4252961397731383,4.065,24.0,1.0,8.537854347094196,15.499752884420865,0.9641800652129964,1.0083730512616187,1.000906611592531,1.0688075700341837,1.0479601437472077,1.0333718026338035,1.2003150913690308,0.854992317152754,1.7076923076923076,0.4775404936049827,0.6467256767214414,1.2968376970788775,0.5677050109589824,1.0175219023779725,465.62451240845854,0.7379947287334813,1.3242848702738652,0.9947541844201757,0.6746628305755661
B0006,263,76,24.0,1.4876323024497422,2.013326371345464,0.7388927714961527,3.430470227771154,2.378420264362521,4.182440318401142,0.24728531582711172,-1.738622547139575,-2.0170367841185635,0.00120406950854599,0.6863796794736801,32.65645090520509,23.868790356430857,39.9686395722832,4.103220643198136,3121.672,333,1.5039974333050705,False,False,False,True,B0006_p1,0,2907.672,7894.062999999999,10807.094,0.7304519605362921,1.511318019554419,1.115542946892414,1206.2924369811012,28.740807964185244,2.923625000286961,3.3103057347473634,4.065,24.0,1.0,8.65645090520509,15.968639572283202,0.9625417002201473,0.9745707983721908,1.0010028999893,1.0940892779708244,1.0625170172933247,1.0646325772719794,1.224910998146996,0.8548682633369491,1.7076923076923076,0.4662674377689623,0.6416125529865429,1.317685525790739,0.5486466211201234,1.0175219023779725,471.7336880745931,0.7356879854244073,1.3942833777985018,1.030764037778647,0.6709633471463997
B0006,265,77,24.0,1.5302876214401704,2.013326371345464,0.760079261474885,3.4417311090871063,2.3844697219937414,4.189962701965466,0.25068575483973593,-1.7870762809520677,-2.015207980747731,0.0004792431384679534,0.6310954422556229,33.180785234653264,24.45395460946014,40.42668250871336,4.098677157793769,3120.86,333,1.4935201918040188,False,False,False,True,B0006_p1,0,2855.391,7855.531000000001,10719.016,0.7328593408200903,1.4898897798598172,1.0865509517940988,1084.5279225109136,29.03089109050934,4.575389915848312,3.5319406479526196,4.055,24.0,0.0,9.180785234653264,16.426682508713363,0.9657013451458158,0.9770495969435431,1.0028032670452485,1.1091341820795138,1.1268752807306854,1.0951703967089763,1.2235546574269436,0.8546458975567424,1.7076923076923076,0.41920187851263285,0.6249375983888537,1.3220282756585138,0.5853801605560499,1.0150187734668334,738.2497957742793,0.7252570249725755,1.3874776901426864,1.0223632933306512,0.6588991821538692
B0006,269,78,24.0,1.5040760088360112,2.013326371345464,0.7470602035728905,3.4355429213552537,2.448639661640692,4.181214475643097,0.24384503322302606,-1.7612682208672186,-2.013340550431054,0.0013906428309179838,0.6615169962236325,32.71220835503141,23.812647163051572,40.02451449021777,4.174127825229612,3103.828,331,1.4887593608730894,False,False,False,True,B0006_p1,0,3034.203,7790.5940000000055,10806.437000000005,0.7209216136641524,1.5578487464526696,1.1626432363295254,1283.20296910003,29.11199322326797,2.9616029048350647,3.4907671044234334,4.035,24.0,1.0,8.712208355031407,16.02451449021777,0.963965026698135,1.0033435830192066,1.0007095133388475,1.0788680898556706,1.0693608427744716,1.0683577698668945,1.2460785137818047,0.8499816931620605,1.6974358974358974,0.4959956161518814,0.6687026233745408,1.300493429927291,0.5785561003794588,1.0100125156445556,477.8615112311413,0.7583384774381264,1.3760082377575085,1.0307013741270847,0.7001611601314204
B0006,273,79,24.0,1.4887593608730894,2.013326371345464,0.7394525706620445,3.4272336842373576,2.362869757217078,4.182157933832856,0.24872769369277464,-1.7545532300777185,-2.0143052426244057,0.001681226390227438,0.6692392427565726,32.543943889007906,23.379533041996073,40.02167483360719,4.293837140083576,3095.094,330,1.4876323024497422,False,False,False,True,B0006_p1,0,2967.36,7878.3279999999995,10805.265,0.7291193691223676,1.52510015111682,1.1305773062041624,1200.8588369861886,28.548022058686282,3.023893080983825,3.3635971138293246,4.045,24.0,1.0,8.543943889007906,16.021674833607193,0.9616335716228964,0.9681988924517336,1.0009353155767926,1.10047093533825,1.048707591168985,1.0681684493601475,1.2818146510983135,0.8475898917774228,1.6923076923076923,0.4641671918668743,0.6502596729270163,1.3152816217521597,0.5574790787270584,1.0125156445556946,487.9121759102936,0.7423969298509326,1.3915041943856434,1.0305895905660014,0.6847367233265446
B0006,277,80,24.0,1.4782779285546637,2.013326371345464,0.7342465432302272,3.4307536518687556,2.479712742728869,4.1802491747767325,0.23981868986409427,-1.7364250156958492,-2.01522796444188,0.006848118425125903,0.6892528926488453,32.6655410721976,23.483667289937664,40.078211781584145,4.279541188128675,3095.781,330,1.478459982215684,False,False,False,True,B0006_p1,0,2915.5,7301.4529999999995,10208.062,0.7152633869190841,1.5058864545221935,1.112002884266203,1162.2472885764782,28.440539775376276,3.05500495774713,3.3394853035244965,4.065,24.0,1.0,8.665541072197598,16.078211781584145,0.9626212250358942,1.016075949076517,1.0004784833914884,1.0610539342366765,1.0636327698373345,1.071937779637992,1.2775469622993778,0.8477780263722529,1.6923076923076923,0.44924269495935537,0.6395764604939475,1.2902863747252697,0.5534828124263437,1.0175219023779725,492.9321495276472,0.7330439772907401,1.2896140494035842,0.9736292850802233,0.6727697066950221
B0006,281,81,24.0,1.478459982215684,2.013326371345464,0.7343369675467273,3.430880434209888,2.4609902569842412,4.182775550999248,0.2412584602938845,-1.7371686757879778,-2.0164424024266667,0.0002472528891452739,0.6891473173604608,33.160922870564626,23.948764926788748,40.565789328351094,4.287969337587418,3094.328,330,1.4782779285546637,False,False,False,True,B0006_p1,0,2890.562,7925.608999999999,10807.219,0.7333624866859827,1.5000593660660781,1.1007761697318497,1145.1019320050852,28.73984325523221,3.1627367232964723,3.2921373608086704,4.065,24.0,1.0,9.160922870564626,16.565789328351094,0.9626567983777655,1.0084043074608395,1.0010831327666572,1.0674240552634917,1.1244373185590102,1.1044446777920112,1.2800629695687293,0.8473801230734346,1.6923076923076923,0.4426155113402775,0.6331193348457563,1.3229359164900356,0.5456354137660475,1.0175219023779725,510.31492025932124,0.7302074340141416,1.3998551680712714,1.0307759600867827,0.6670151085315645
B0006,285,82,24.0,1.473214844899973,2.013326371345464,0.731731757884567,3.431984614031654,2.4794507375590507,4.182970513713943,0.2403918787539756,-1.7358183569582517,-2.0141732645976056,0.001003005257382598,0.6899134259363504,33.414445545408455,24.305636072230342,40.75221353269305,4.242923162320275,3086.531,329,1.473214844899973,False,False,False,True,B0006_p1,0,2868.141,7932.406000000001,10805.906,0.7340806036994955,1.4945458137473557,1.0955776633983907,1148.5072407655625,29.323806526810927,3.165728124233695,3.241177230979561,4.065,24.0,1.0,9.414445545408455,16.752213532693048,0.9629666157067098,1.015968591015642,1.0011297941002189,1.0635899514545757,1.1555554013900835,1.116873618919779,1.2666155924210618,0.8452449186543803,1.6871794871794872,0.44393176313949595,0.63012937652132,1.3242313506125412,0.5371893349796971,1.0175219023779725,510.7975897523265,0.7275235156426205,1.401055683460989,1.0306507281621229,0.6618413237283373
B0006,289,83,24.0,1.4675164935067897,2.013326371345464,0.7289014411141295,3.426913589626702,2.421513989921717,4.182588389688278,0.24353313719762423,-1.7297302660430056,-2.0145333122938633,0.001953863417311998,0.696447397100997,33.3541679486525,24.16642252229391,40.71162611325717,4.274654939428474,3085.625,329,1.4675164935067897,False,False,False,True,B0006_p1,0,2862.89,7796.468999999994,10655.937000000005,0.7316549450320502,1.4872131934049793,1.0902741309684618,1132.3153563007636,29.28336283016691,3.051042424859773,3.1839527481173038,4.045,24.0,1.0,9.354167948652503,16.711626113257168,0.9615437575769159,0.9922286896844793,1.0010383385793444,1.0774881369211728,1.1481567604209266,1.114167647082714,1.2760882984123942,0.8449968110227702,1.6871794871794872,0.4376731244789179,0.6270790116817655,1.3198556277871074,0.5277050088529082,1.0125156445556946,492.29278563765234,0.7239541009874869,1.3770459055395554,1.0163469151313838,0.6606296229120603
B0006,293,84,24.0,1.4516292657521335,2.013326371345464,0.7210104066644892,3.4220422356705154,2.3927989623544175,4.180388252515709,0.24505211094966728,-1.7278671098991139,-2.0150807231044525,0.002464932477340866,0.698121088593313,33.13634596100404,23.980795554734595,40.58721297402195,4.272886579538151,3067.203,327,1.4675164935067897,False,False,False,True,B0006_p1,0,2870.906,7266.782000000001,10117.172,0.7182621784032139,1.4770992669240341,1.0873980190664159,1105.523410614658,29.144799251099133,3.0607296081092272,3.1504604612034455,4.055,24.0,1.0,9.13634596100404,16.587212974021952,0.9601769241669059,0.9804625490402633,1.0005117695138095,1.0842086851675206,1.1214206798780353,1.1058729967794791,1.2755604000450644,0.8399519558467001,1.676923076923077,0.4273172509900903,0.6254247952257453,1.2956959900689007,0.5221540321391889,1.0150187734668334,493.8558351672161,0.7190307863037311,1.283490308182916,0.964960336388401,0.6624793646266435
B0006,297,85,24.0,1.4519237720967177,2.013326371345464,0.7211566851560324,3.4202687142856667,2.410475236770924,4.182476201666448,0.2445224118963859,-1.7269073147637581,-2.0151017082510445,0.0011413024919993738,0.6989995507446921,32.92241762841388,23.638284377724087,40.37035790264624,4.331246781656428,3058.157,326,1.4675164935067897,False,False,False,True,B0006_p1,0,2833.281,7981.453,10805.86,0.7386226547447403,1.4773068946244228,1.073460459520304,1072.8047625490176,28.784111097347363,2.9895943524039836,3.132555340363174,4.1850000000000005,24.0,1.0,8.922417628413882,16.37035790264624,0.9596792990088943,0.9877054998040377,1.001011488098131,1.0818650844049438,1.095162517457042,1.0914152233111654,1.2929823375046696,0.8374747134233623,1.6717948717948719,0.41467053305243196,0.6174085075626893,1.3324249009663902,0.5191864560791751,1.0475594493116396,482.37799634634473,0.7191318564971919,1.4097185756662935,1.0306463407527289,0.6537971625294388
B0006,301,86,24.0,1.4471484694777745,2.013326371345464,0.7187848379051806,3.4248208106770663,2.4915333699239977,4.182567814531136,0.23871895764328246,-1.7211995934038338,-2.015773418279684,0.0003841275623097243,0.705261585612315,33.20338483123576,23.829441222036376,40.667923693760464,4.359498212766225,3058.812,326,1.4675164935067897,False,False,False,True,B0006_p1,0,2803.094,7997.797,10806.328,0.740103113657109,1.467852219660383,1.0613045688311649,1042.0823513588134,28.679483623785192,3.144058609349262,3.146777985754235,4.075,24.0,1.0,9.20338483123576,16.667923693760464,0.9609565532362223,1.0209195161514486,1.0010334142312607,1.0561882784357859,1.1296492184813665,1.1112539975328453,1.3014160757042343,0.8376540848347359,1.6717948717948719,0.40279541926693,0.6104169595630262,1.335095547888775,0.5215437024976214,1.0200250312891115,507.3011631674472,0.7145294560181797,1.4126053232798783,1.0306909778743898,0.6468313250621082
B0006,305,87,24.0,1.4468538105659885,2.013326371345464,0.718638483634964,3.4234990883192666,2.444861994529003,4.182606347806988,0.24156011251597115,-1.721141114732718,-2.0165661835906454,0.001218107513799628,0.70520381156388,33.533950654066935,24.20984647694025,40.990356883952465,4.344683946650958,3058.578,326,1.4675164935067897,False,False,False,True,B0006_p1,0,2804.531,7937.937999999999,10744.828,0.7387682706507726,1.463184507321478,1.060963972234728,1049.1004223569857,29.19580828168184,3.139584135211443,3.095867993008366,4.065,24.0,1.0,9.533950654066935,16.990356883952465,0.9605856965311571,1.0017956631212024,1.0010426365794445,1.0687586855093565,1.1702237929738413,1.1327506865099048,1.2969936575425038,0.8375900040557108,1.6717948717948719,0.4055081097241361,0.6102210629797641,1.3326875821310251,0.5131059333791739,1.0175219023779725,506.57919636697846,0.7122572804451246,1.4020327691069965,1.0248252022714952,0.6471629217242658
B0006,309,88,24.0,1.4416741930284678,2.013326371345464,0.7160658170215229,3.4247420964314874,2.4840755398082255,4.183047552179642,0.2394044963910197,-1.7200547727480755,-2.018144057635402,0.00043057445010054817,0.7063056423778308,33.5767934055627,24.27322345224107,40.997744028174516,4.336933667265993,3049.328,325,1.4675164935067897,False,False,False,True,B0006_p1,0,2793.8120000000054,8005.610000000001,10804.797000000006,0.7409310882934678,1.4628528286926168,1.058492511791062,1047.4880218400344,29.373049314501156,3.0772527065930753,3.077104535320394,4.055,24.0,1.0,9.576793405562697,16.997744028174516,0.9609344671259399,1.0178636292003675,1.001148232074632,1.0592213764223128,1.1754824322280122,1.1332431889773944,1.2946800109505048,0.8350568963378382,1.6666666666666667,0.4048848695921017,0.6087995847217704,1.3365891576714781,0.5099960974649327,1.0150187734668334,496.52187550598745,0.7120958240348138,1.4139852889617763,1.030544953444341,0.6446894459958966
B0006,312,89,24.0,1.5935866593100128,2.013326371345464,0.7915192896644234,3.450702139255875,2.479017302613424,4.222516216835943,0.24986811906504275,-1.8210481343824243,-2.0143333289759338,0.00029206186344975406,0.5870046814200932,33.224088400657315,24.058176844558602,40.77265883698999,4.292984862195963,3177.219,339,1.4729664825468278,False,False,False,True,B0006_p1,0,2936.156,7887.297,10802.578,0.7301309928056062,1.5074462647226137,1.1154258555527932,1134.3937835588404,29.14752722153641,4.597759447615193,3.6695869457354777,4.055,24.0,0.0,9.224088400657315,16.77265883698999,0.9682184900437568,1.0157909886602756,1.010594451212737,1.1055166339392812,1.1321904325505052,1.1182367116809522,1.2815602254534861,0.8700797805698862,1.7384615384615385,0.43847649762667457,0.6415452070600091,1.3171065218920293,0.6081935144392141,1.0150187734668334,741.8591717099265,0.7338032705759018,1.3930883377621879,1.0303333086303108,0.6775362068018622
B0006,315,90,24.0,1.5463902376915637,2.013326371345464,0.7680772773358864,3.4480475429907522,2.4820670710190385,4.1909374470770855,0.24289182353294878,-1.821445703423604,-2.016338466932382,0.00020266112069095444,0.5868021780918599,33.37083344726966,24.676724380143,40.522204934304625,4.07675840902897,3082.937,329,1.4729664825468278,False,False,False,True,B0006_p1,0,3065.032,7488.874999999997,10544.452999999994,0.710219392129682,1.5594126196189984,1.1742027967192261,1317.808092960797,29.818832673562348,2.9635507117424282,3.53737618352693,4.055,24.0,1.0,9.37083344726966,16.522204934304625,0.9674736476656641,1.0170406480558185,1.0030365573277635,1.0746507084147905,1.1502023303752091,1.101538897023869,1.2170113786802523,0.8442607036124307,1.6871794871794872,0.5093715123621054,0.6753511877114845,1.281187352085534,0.586281040554994,1.0150187734668334,478.17579440219697,0.7590997485169527,1.3227173295818329,1.005713742329544,0.7072751430803831
B0006,319,91,24.0,1.51470559175661,2.013326371345464,0.7523398159953391,3.4399481891896455,2.452449045714353,4.183028520369727,0.24242933169344988,-1.7899159936953069,-2.0145951136219593,0.0019503732302666096,0.6278130340643914,33.43366634309322,24.71374963671338,40.57746834859555,4.0943289069244875,3074.266,328,1.4729664825468278,False,False,False,True,B0006_p1,0,3000.406,7715.9529999999995,10701.125,0.7210412923874826,1.531252501215966,1.1447623198679728,1245.293746036242,29.655105623519365,2.956328489775565,3.464101640718991,4.055,24.0,1.0,9.433666343093222,16.577468348595552,0.9652010828973446,1.0049044991170053,1.0011436771030207,1.0726044592832873,1.1579146159053229,1.1052233205415443,1.2222565989563823,0.8418861547452228,1.682051282051282,0.48134258860741597,0.6584182856064653,1.300709322183041,0.574136594226756,1.0150187734668334,477.01047210395853,0.7453918058409646,1.3628248231328384,1.020656877211767,0.6923622927751618
B0006,323,92,24.0,1.4989786083335404,2.013326371345464,0.7445283733763465,3.434112914501242,2.4198491932573414,4.1838942747302825,0.24449013265629163,-1.7769345930773324,-2.0144018884289827,0.0005084867021221242,0.6433896249887968,33.28676739403043,24.452648939888725,40.516963879873735,4.148554523311033,3066.0,327,1.4729664825468278,False,False,False,True,B0006_p1,0,2941.765,7858.266,10805.813,0.7272257996691225,1.5139762670464267,1.1214593349954614,1189.802965248641,29.39030853998228,2.9250767014395507,3.3528149972105417,4.055,24.0,1.0,9.286767394030427,16.516963879873735,0.9635637868863319,0.9915465300852535,1.0013508821220096,1.0817222681185417,1.1398838276630106,1.1011894748166033,1.2384442621772929,0.8396225149186352,1.676923076923077,0.4598937728937191,0.6450154061764,1.3118657515848886,0.5556920619602008,1.0150187734668334,471.9679234292046,0.736981982264815,1.387960757612287,1.0306418579648695,0.6788305183384261
B0006,327,93,24.0,1.4831110745410492,2.013326371345464,0.7366471207298184,3.4325600940363916,2.4706823501191706,4.1839835007856605,0.24110307279068668,-1.7640032117743045,-2.015270624937178,0.0007359350635753225,0.6586649159229433,33.14347737377552,24.224651493389036,40.34325381638243,4.160423251021807,3056.437,326,1.4729664825468278,False,False,False,True,B0006_p1,0,2907.828,7791.75,10693.438,0.728647793160628,1.4964453759932768,1.10361005541999,1140.431875413271,29.205477681579126,2.982493093705216,3.3755405841350505,4.045,24.0,1.0,9.143477373775518,16.34325381638243,0.9631280873025624,1.0123756959853725,1.0013722370089628,1.0667365587147752,1.122296009445547,1.0896081881480868,1.2419873656004634,0.8370036923125794,1.6717948717948719,0.4408103973774057,0.6347492645910027,1.3144309308749131,0.5594585770431513,1.0125156445556946,481.2321917525228,0.7284481953617851,1.376212415452154,1.0199237029506376,0.670999345113899
B0006,331,94,24.0,1.4729664825468278,2.013326371345464,0.7316083986733235,3.4270614887575657,2.413759774558071,4.183640209073579,0.24425389866866307,-1.7571701008871028,-2.015800833534411,0.002124212914898989,0.666669840838828,33.11021541795579,24.107818019162874,40.39341126895154,4.218777608920164,3048.219,325,1.4729664825468278,False,False,False,True,B0006_p1,0,2898.015,7828.156,10708.406,0.7310290625887736,1.4869651036229707,1.0954347179160246,1109.4216538692467,29.153216648671478,2.984609990440184,3.2750693178385726,4.065,24.0,1.0,9.110215417955793,16.39341126895154,0.9615852559930018,0.9890513572462509,1.0012900754063636,1.0806770743427114,1.118213343873486,1.092952196117979,1.259407558418511,0.8347531972611766,1.6666666666666667,0.42882403644144085,0.6300471603985482,1.3187265785396436,0.5428065741194908,1.0175219023779725,481.5737579602141,0.7238333344316934,1.3826425998390957,1.0213513278160706,0.6687349345044673
B0006,335,95,24.0,1.4627604396099307,2.013326371345464,0.7265391545198897,3.427340316812041,2.4562499847243027,4.183387047926521,0.24148071569208399,-1.7502670210777267,-2.0153848289913054,0.0017289535444482576,0.6742901923854049,33.18991802149879,24.152350848480747,40.46341487442664,4.226492089676788,3039.218,324,1.4627604396099307,False,False,False,True,B0006_p1,0,2866.641,7947.610000000006,10805.297000000006,0.7355290650502251,1.4776549281989553,1.0827850129049204,1084.5016640482509,29.22524462438927,3.011679690960815,3.2241937685313324,4.065,24.0,1.0,9.18991802149879,16.46341487442664,0.9616634912236858,1.0064619548034517,1.0012294851712191,1.068407402161094,1.1279962645547663,1.097619351299103,1.2617105182506725,0.8322882780645742,1.6615384615384616,0.419191728845993,0.622771591538281,1.3268442761157084,0.5343745136206507,1.0175219023779725,485.9415170471075,0.7193012742610212,1.4037410793687815,1.030592642676885,0.6614951894254587
B0006,339,96,24.0,1.4518364681062514,2.013326371345464,0.7211133220969135,3.423482197888437,2.401794655879554,4.18356344388626,0.24464245573487717,-1.7439614243216512,-2.017707476586292,0.0015255121086987376,0.6811805311767779,33.26265398635676,24.1926071662797,40.5818264138806,4.237392666333103,3039.047,324,1.4518364681062514,False,False,False,True,B0006_p1,0,2849.359,7517.562,10363.61,0.7253806347402111,1.4672703537593768,1.0749324051343512,1065.4155545468996,29.215805701192597,2.966399044832496,3.2439701851194074,4.065,24.0,1.0,9.26265398635676,16.5818264138806,0.9605809573138112,0.9841485839904632,1.0012717028369362,1.0823962064254344,1.1369240805011804,1.1055138736757257,1.2649646050750305,0.832241449802979,1.6615384615384616,0.4118143872484245,0.6182551076742466,1.3085371998787119,0.5376522362868742,1.0175219023779725,478.6353795655851,0.7142462120238915,1.3277841509713897,0.9884652145676871,0.6575072607438934
B0006,343,97,24.0,1.4468670644030392,2.013326371345464,0.7186450666893754,3.4220957701069374,2.4087687236133313,4.18171248971767,0.243681234330419,-1.736850855663561,-2.0198780169470747,0.0017135739999164965,0.6887151482292208,33.299978841087025,24.238609855596458,40.61670777074496,4.240456106278274,3030.375,323,1.4468670644030392,False,False,False,True,B0006_p1,0,2828.25,7985.780999999999,10805.094,0.7390755693564535,1.4646886025235586,1.066366733463909,1045.0810028994256,29.22328146275053,2.9864038653966105,3.1599170617024503,4.065,24.0,1.0,9.299978841087025,16.61670777074496,0.9601919451768646,0.9870062466420345,1.0008287053642997,1.078143377951345,1.1415054376593503,1.1078394211144509,1.2658791162864182,0.829866627086288,1.6564102564102565,0.4039544861131935,0.6133284999772264,1.3332419280407448,0.5237213592463504,1.0175219023779725,481.86320385326013,0.712989452466359,1.4104830056510946,1.0305732808484713,0.652636228077584
B0006,347,98,24.0,1.441380399427779,2.013326371345464,0.7159198925430726,3.421883545422636,2.4308118485818704,4.1832473219705815,0.24249235318123782,-1.7360045229798653,-2.0197856871193367,0.0020383190496457725,0.6896541510589468,33.31663547841367,24.191028062692588,40.631647661681036,4.260205034784692,3021.0,322,1.4468670644030392,False,False,False,True,B0006_p1,0,2826.515,7999.407,10805.5,0.7403088242098931,1.4560873679672557,1.0610479088313216,1024.1158121432159,29.231872906886423,2.9930710896815285,3.072980668455365,4.085,24.0,1.0,9.316635478413673,16.631647661681036,0.9601323979151503,0.9960385384624059,1.0011960439081162,1.072883291586127,1.143549919954029,1.108835466802591,1.2717746509974825,0.8272992881830388,1.6512820512820512,0.3958508244499408,0.6102693397172751,1.335466635698173,0.5093126120703063,1.0225281602002503,482.93897598574506,0.7088024945653641,1.4128896884082356,1.030612004505297,0.6522358660672544
B0006,351,99,24.0,1.431210744960774,2.013326371345464,0.7108687221954609,3.4195777411151886,2.398886415333129,4.183049768329545,0.24428631492877723,-1.729690117077797,-2.015287001210607,0.0021980860706101134,0.6962675710854851,33.39150630507064,24.226474805349635,40.74323383889164,4.280804367288263,3021.75,322,1.441380399427779,False,False,False,True,B0006_p1,0,2809.906,8014.266,10806.844,0.7415917172488101,1.4509235258351052,1.0539214938432844,1008.7239360948547,29.272600835493,2.998853155344623,3.1039933246134237,4.075,24.0,1.0,9.391506305070642,16.74323383889164,0.9594854216550159,0.9829569164144439,1.001148762476099,1.0808204968605597,1.1527397748140635,1.1162749408350472,1.2779240519515693,0.8275046752952987,1.6512820512820512,0.38990141252667,0.6061705308575593,1.337780887257273,0.5144526173678465,1.0200250312891115,483.87192571755855,0.7062888101084214,1.415514148931379,1.030740193162375,0.6484032363095807
B0006,355,100,24.0,1.4260247179525716,2.013326371345464,0.7082928720590835,3.4175281789596474,2.3814379490849835,4.1830924980863315,0.24533925383722666,-1.7287954627467013,-2.013949066691416,0.0005566103878417646,0.697047878700166,33.41522427488497,24.22178922960351,40.81715493531611,4.299262709763484,3012.265,321,1.431557632772571,False,False,False,True,B0006_p1,0,2778.515,7581.281000000006,10367.906000000003,0.7312258618085469,1.4427757073671112,1.0445609554028044,994.0187822031276,29.24185694673003,2.9601708464066867,3.0437814846512072,4.065,24.0,1.0,9.41522427488497,16.81715493531611,0.9589103433389499,0.9758073113019166,1.0011589891875887,1.085479120306273,1.155650984826035,1.1212032759662223,1.2834343153937613,0.824907212948918,1.646153846153846,0.3842174388757589,0.6007867498181511,1.3190815909119722,0.5044731697899578,1.0175219023779725,477.6304452757295,0.702322568670971,1.3390384749551167,0.9888749604537042,0.6411595683751394
B0006,359,101,24.0,1.420487649966195,2.013326371345464,0.7055426632180418,3.4197860540725715,2.459885297095542,4.181536580807847,0.24035187594624083,-1.7216729981632184,-2.015065571425412,0.0018803136776330096,0.7045973768027333,33.39690850726103,24.207764443084063,40.72877617289365,4.279105256934157,3002.641,320,1.431210744960774,False,False,False,True,B0006_p1,0,2789.5,8023.312999999999,10806.719,0.7424374595101436,1.4387995662064443,1.041752122868469,973.019328037124,29.203986172484676,2.9807624253299956,3.06412460431814,4.085,24.0,1.0,9.396908507261031,16.728776172893653,0.9595438713411709,1.007951544062783,1.0007866042665046,1.0634129630115499,1.1534028562340362,1.1153110451855086,1.2774168262523469,0.8222716855243984,1.641025641025641,0.3761005333988139,0.5991712295745898,1.3393065486238198,0.5078448172336212,1.0225281602002503,480.95294438824163,0.7003870400513118,1.417112069003583,1.030728270854239,0.6436944252532204
B0006,363,102,24.0,1.4207006230355006,2.013326371345464,0.7056484449096428,3.4171369298988705,2.4007285025453995,4.172034399629829,0.24069187953555218,-1.7228162229694663,-2.0151971595728613,0.0022542409730723326,0.703674489345141,33.73731993653,24.266994666970984,41.45494452672042,4.4640444489608955,3012.0,321,1.4260247179525716,False,False,False,True,B0006_p1,0,2790.218,7256.4839999999995,10043.172,0.7225290973807875,1.4306682185998174,1.040916888131176,921.8831524398199,29.530053408982685,4.449456106925535,3.2039517449057713,4.065,24.0,0.0,9.73731993653,17.454944526720418,0.9588005643549724,0.9837117217917918,0.9985124030367651,1.064917275066202,1.19518590802284,1.1637248429024922,1.3326256658446058,0.8248346428359195,1.646153846153846,0.3563349004211844,0.5986908383053604,1.3033932209344903,0.5310196217294806,1.0175219023779725,717.930083044161,0.696428816393482,1.281671431107249,0.95790232997191,0.6438601082061982
B0006,366,103,24.0,1.452255804330839,2.013326371345464,0.7213216023988832,3.4305347141293625,2.472830716079143,4.188427549455566,0.23954452760941822,-1.7486639022205694,-2.0180838913239434,0.008152353556458646,0.6766364586222329,34.08965316576344,25.010523307428713,41.39678877103747,4.2491873703569984,3020.11,322,1.4207006230355006,False,False,False,True,B0006_p1,0,2881.203,7706.812999999999,10569.812,0.7291343497878675,1.4740662854997948,1.0831101290756882,1070.8569434855726,30.003136543658723,2.9922573397238637,3.1270948312103086,4.065,24.0,1.0,10.089653165763437,17.39678877103747,0.9625597941853328,1.0132560007658933,1.002435851852837,1.0598409306166998,1.2384322749136099,1.1598475863725497,1.268485610630193,0.827055562143157,1.6512820512820512,0.4139176438059215,0.6229585844433274,1.3153086458511591,0.5182814369853591,1.0175219023779725,482.80767553898386,0.71755437434744,1.361210477000425,1.0081324448257039,0.664855461237804
B0006,370,104,24.0,1.431557632772571,2.013326371345464,0.7110410180620099,3.4250844180972875,2.467318928642863,4.181499335679726,0.23920169814767764,-1.7345160724760178,-2.015157068463395,0.00019789529282717813,0.6914329019224659,33.9987286593769,24.81713061500866,41.36669473718026,4.299417325493445,3002.172000000006,320,1.420487649966195,False,False,False,True,B0006_p1,0,2806.547,7105.7029999999995,9917.203,0.7165027276339911,1.4419263959197568,1.054226157801904,1017.4596998233291,29.808177657882982,2.989135897425136,3.121038848918367,4.075,24.0,1.0,9.998728659376901,17.36669473718026,0.9610305177709955,1.0109975155172097,1.0007776902167105,1.058324115770625,1.2272719464623045,1.1578412107711162,1.2834804719435995,0.8221432501168668,1.641025641025641,0.3932780416472375,0.6063457605256214,1.2925220608617778,0.5172777247943187,1.0200250312891115,482.3040235700938,0.7019091360117836,1.2550398420272233,0.9458876001032757,0.6476281262273347
B0006,374,105,24.0,1.415015751158943,2.013326371345464,0.7028248232865084,3.4171339862792935,2.3692462667540997,4.179546243153898,0.24475701426966365,-1.7271570233190525,-2.013917344838714,0.001392653144198631,0.6989258053585963,33.907397114007345,24.66015421423191,41.37787352037061,4.346415144643425,2992.703,319,1.415015751158943,False,False,False,True,B0006_p1,0,2807.985,7527.0779999999995,10317.406,0.7295514008075284,1.4385090449885618,1.0478098086995087,985.5786147241752,29.64273803651614,2.972258254551182,3.007433049440259,4.085,24.0,1.0,9.907397114007345,17.377873520370613,0.9587997384167177,0.9708117023421626,1.0003102474958425,1.0829030592654048,1.216061656906743,1.158586502610464,1.2975104621809426,0.8195501693622127,1.6358974358974359,0.380955066382899,0.6026553511694338,1.3160609774510634,0.49844881803532676,1.0225281602002503,479.5807766700451,0.7002456184797157,1.3294649078418543,0.9840583479667744,0.6479599536456943
B0006,378,106,24.0,1.4097311506517451,2.013326371345464,0.7002000126336454,3.417521467040602,2.4482618595124874,4.18101558225098,0.2408080362142482,-1.7305179027385762,-2.026182069042455,0.005189848551175063,0.6950775843262647,33.70518417605219,24.417272340572964,41.140956091698214,4.357781964328754,2964.468,316,1.4097311506517451,False,False,False,True,B0006_p1,0,2750.14,8050.531000000001,10806.109,0.7449981302243018,1.428596000627247,1.0281348710461407,947.6701611325258,29.424227040099296,2.9812304866143577,2.9969756693829592,4.085,24.0,1.0,9.705184176052192,17.140956091698214,0.9589084600688613,1.0031887765170808,1.0006619112579709,1.0654311987349039,1.1912414748197588,1.142791167538468,1.3009037338709732,0.8118180292093335,1.6205128205128205,0.36630233626200304,0.5913391692036973,1.3439258239747756,0.4967156227675959,1.0225281602002503,481.02846716421163,0.6954200903372346,1.4219194292915516,1.0306700899905357,0.6346118611456861
B0006,382,107,24.0,1.404917318129309,2.013326371345464,0.6978090279473329,3.4181623236680356,2.4598632768748825,4.182667734360821,0.23985452319305442,-1.7141443638380731,-2.0154806588037197,0.0017804365403169887,0.712645847764213,33.7458832944166,24.34226965648951,41.2168813199875,4.385409704614487,2983.375,318,1.404917318129309,False,False,False,True,B0006_p1,0,2733.64,7311.5779999999995,10041.921,0.7281055088961563,1.4124825711160032,1.0195561378097255,930.3564999567449,29.528181634019152,3.023792229825773,3.021550111208641,4.075,24.0,1.0,9.7458832944166,17.2168813199875,0.9590882754255939,1.0079425211561297,1.0010573285089712,1.0612124752356766,1.1962369985424217,1.1478531185648968,1.3091512852148284,0.8169957013846652,1.6307692307692307,0.3596100979727251,0.5864050490530209,1.313452687041282,0.5007885651342328,1.0200250312891115,487.89590334157157,0.6875763034293672,1.2914023704747752,0.9577830115120853,0.6308043838140216
B0006,386,108,24.0,1.395164296571563,2.013326371345464,0.6929647951907588,3.420331935905118,2.497869764845928,4.179947555799937,0.23666693145105858,-1.7067823273466607,-2.014398878088724,0.0004526100127092855,0.7197036155373028,34.01657212624259,24.68862064835225,41.40391881889191,4.352005984144061,2975.297,317,1.395164296571563,False,False,False,True,B0006_p1,0,2732.547,7990.125,10719.281,0.7453974758195069,1.4158103425546338,1.018054651526694,931.5967551278819,29.841441321069038,3.0335881791945774,2.98948490437039,4.085,24.0,1.0,10.016572126242593,17.40391881889191,0.9596970381061715,1.0235158888574818,1.0004062955185051,1.0471092927001464,1.2294621035370599,1.1603229481708408,1.2991794635310299,0.814783545260884,1.6256410256410256,0.36008949300422594,0.5855414584131322,1.3446462161963306,0.4954741111843571,1.0225281602002503,489.4765025372566,0.6891962149463098,1.4112502616247495,1.0223885686238996,0.6305521672853241
B0006,390,109,24.0,1.3945343832614077,2.013326371345464,0.6926519232594512,3.4192916311692465,2.472236707252471,4.182316086490744,0.2390286773610217,-1.7063596521950202,-2.015379938834276,0.0004074114617765993,0.7197068332356091,34.175023374593785,24.83379380277289,41.586571331198584,4.354041697107458,2974.9850000000006,317,1.3945343832614077,False,False,False,True,B0006_p1,0,2709.391,8090.046999999999,10804.719,0.7487512632211906,1.4100062790771903,1.009619338851636,915.4445358268206,29.81401566030922,2.9581232147690955,2.984993141857736,4.085,24.0,1.0,10.175023374593785,17.586571331198584,0.9594051432279981,1.0130126023786847,1.000973166988202,1.057558602513547,1.2489108533339632,1.1725004297929933,1.2997871732826536,0.8146981042221841,1.6256410256410256,0.35384618609380863,0.5806898276303276,1.3506962199673291,0.49472965114866496,1.0225281602002503,477.3000551524667,0.6863708798998484,1.4288989152618412,1.0305375139240636,0.6252087766736864
B0006,394,110,24.0,1.3893171179312644,2.013326371345464,0.6900605573466029,3.414352330355796,2.4278749904763077,4.18300582450457,0.24221175414346538,-1.7052696591517462,-2.024938600791225,0.0027319664703010157,0.7206903789128402,33.976109677640174,24.567907151996646,41.43504077863728,4.382087060522724,2966.25,316,1.3893171179312644,False,False,False,True,B0006_p1,0,2695.328,8105.031,10805.687,0.7500708654618629,1.4032076101664004,1.0009393556932422,886.0412146534013,29.432438931189996,2.946218566300356,2.8799094080895595,4.065,24.0,1.0,9.976109677640174,17.43504077863728,0.9580192448854359,0.9948351446839682,1.0011382451960213,1.0716418090597226,1.2244956293235254,1.1623978558086197,1.3081593952715773,0.8123060289880631,1.6205128205128205,0.34248093932185786,0.575697472858464,1.35307669242312,0.4773131826752487,1.0175219023779725,475.3792124565536,0.6830613851609308,1.4315454538229009,1.0306298402782685,0.6219636522060986
B0006,398,111,24.0,1.3838379472327809,2.013326371345464,0.687339105536074,3.412701167144591,2.4275905200235055,4.1825046060820625,0.24220504327165968,-1.7046265574439607,-2.027018156432659,0.0013872942238959522,0.7213952667094184,33.84150372451663,24.35845427718724,41.37436880579148,4.426438431004594,2956.359,315,1.3838379472327809,False,False,False,True,B0006_p1,0,2694.407,7320.4220000000005,10011.406,0.7312081839453919,1.3908139939358488,0.9975725374758809,875.0442842739136,29.526379105226304,3.011691886853498,2.868963299442484,4.085,24.0,1.0,9.841503724516627,17.374368805791477,0.9575559517101189,0.9947185813497018,1.00101828625907,1.0716121174750692,1.2079737178162635,1.1583528425483092,1.321399356319295,0.8095973837515791,1.6153846153846154,0.3382303029138243,0.5737610231342284,1.3190497012523303,0.47549898604060153,1.0225281602002503,485.94348488273425,0.6770283501287236,1.2929644358134038,0.9548725376499337,0.6217511257441312
B0006,402,112,24.0,1.3736814238195123,2.013326371345464,0.6822944572575731,3.410409522809144,2.37337869163978,4.179533028548021,0.24435718343921012,-1.6985503106996724,-2.014779909755338,0.0037299171946931393,0.7278602667366414,34.1008464215818,24.62149945751311,41.66477948989921,4.429283182231005,2956.344,315,1.3786059891863676,False,False,False,True,B0006_p1,0,2698.938,8116.719,10806.625,0.7510873191213723,1.3996417551151459,0.9994639099658833,879.6567254310811,29.785784828098866,3.0117396965124215,2.891965384204876,4.065,24.0,1.0,10.1008464215818,17.66477948989921,0.9569129485389839,0.9725049861912766,1.0003070847827376,1.081134047534408,1.2398061664675697,1.1777145842727315,1.3222485836378404,0.8095932760093338,1.6153846153846154,0.34001314681989636,0.5748488596315497,1.3549103055108158,0.4793113275869234,1.0175219023779725,485.9511990823075,0.681325577948266,1.433609838680193,1.0307193052785208,0.6227966820950264
B0006,406,113,24.0,1.3786059891863676,2.013326371345464,0.684740441891234,3.414419320260644,2.4248604132549767,4.18250512422575,0.24176595846391638,-1.6982347588599789,-2.0151111715849144,0.0014127620211878914,0.7275938938122148,34.34663683304219,24.908657981582394,41.81816829502593,4.398555379640064,2956.406,315,1.3737600299108574,False,False,False,True,B0006_p1,0,2680.844,8130.734,10805.563,0.7524581551188032,1.3939365239954786,0.9936554632632052,873.4718103942289,29.938016224006763,2.9509037496709567,2.8715613679461627,4.085,24.0,1.0,10.34663683304219,17.818168295025927,0.9580380413105987,0.9935999050699403,1.0010184102688091,1.0696694304268513,1.269975169644976,1.1879410483486175,1.3130755884188465,0.8096102546772806,1.6153846153846154,0.3376224955991452,0.5715080897148259,1.357383200170064,0.4759295872056298,1.0225281602002503,476.1351776814037,0.6785483530793095,1.4360852282913281,1.0306180133485976,0.618621379377503
B0006,410,114,24.0,1.3737600299108574,2.013326371345464,0.682333500153183,3.4131710032395315,2.426962848243194,4.1828227593786,0.24223055603174873,-1.6971165805711328,-2.0151664181090267,0.0008856833378857151,0.7286470501073794,34.216231530637586,24.777867901281315,41.686647000781186,4.403435230805167,2947.266,314,1.3737600299108574,False,False,False,True,B0006_p1,0,2686.938,8146.406999999999,10807.219,0.7537930896005716,1.3880083462318267,0.9906028235204172,855.5057112265338,29.715784734660758,2.9402173999595433,2.8914017246982398,4.075,24.0,1.0,10.216231530637586,17.686647000781186,0.9576877811106447,0.9944613893818989,1.001094431367722,1.0717249961438713,1.2539688577664136,1.1791724958476917,1.3145323424862554,0.8071072704025396,1.6102564102564103,0.3306780708735879,0.5697523420009665,1.3597913309432552,0.4792179072479704,1.0200250312891115,474.4109103212173,0.6756626009743589,1.43885346099738,1.0307759600867827,0.6200276076719977
B0006,414,115,24.0,1.3682580583942712,2.013326371345464,0.6796007233938395,3.4107019261975147,2.417287750352038,4.182413969607667,0.24315982041013035,-1.6959199401004303,-2.016248522283907,0.0022565477410673076,0.7299387135336083,34.041617020161176,24.55493670403353,41.565382893773936,4.427228658094671,2937.984,313,1.3737600299108574,False,False,False,True,B0006_p1,0,2643.86,8156.344000000001,10805.547,0.7548293482967591,1.382603118645768,0.9776702924233142,831.6059930696428,29.466865883379434,2.901512067083896,2.86792127834688,4.085,24.0,1.0,10.041617020161176,17.565382893773936,0.956994992817437,0.990496964752074,1.0009965938099714,1.0758364339354236,1.2325361839282278,1.171087792189041,1.3216352582943138,0.8045653995012105,1.6051282051282052,0.3214401282265277,0.5623141036822131,1.3616606709665724,0.47532628255063747,1.0225281602002503,468.1657149135327,0.673031413532605,1.4406085766995458,1.0306164872931562,0.6100870920057284
B0006,418,116,24.0,1.3633024037317505,2.013326371345464,0.6771392970036368,3.4089059214760367,2.4185087281747166,4.182451170946608,0.24335348175106358,-1.6953163120957457,-2.015018401452086,0.002945843089707679,0.7307162124593425,33.890212870710734,24.318017130660255,41.46394809540406,4.468195522374229,2929.125,312,1.3737600299108574,False,False,False,True,B0006_p1,0,2649.813,7866.828000000001,10510.453,0.7484765880214679,1.3749731604022921,0.974801383825974,818.8281359683386,29.449039550104775,2.9766450646616143,2.873045331962787,4.085,24.0,1.0,9.890212870710734,17.463948095404056,0.9564910591513699,0.9909972671373473,1.0010054973794975,1.0766932692714153,1.2139524147783114,1.1643251127306713,1.3338648620566196,0.8021393669311961,1.6,0.3165011113611701,0.5606640302587271,1.3502007246376946,0.4761755378545498,1.0225281602002503,480.28859867597066,0.6693172590420299,1.3894730148973775,1.0024708745165622,0.6114607836757525
B0006,422,117,24.0,1.3580966140172601,2.013326371345464,0.6745536309195973,3.4134080258317576,2.480937393224248,4.181305580928812,0.23910918351075655,-1.6890383512433216,-2.014808414619914,0.0017870517833380544,0.7365985147966571,34.116762412437,24.575299028638764,41.6123634180086,4.440858026001165,2928.454,312,1.3736814238195123,False,False,False,True,B0006_p1,0,2637.453,7557.2029999999995,10202.781,0.7407003051422939,1.3699560368269865,0.972913181149465,822.695934868179,29.801856124521297,3.0433527641169285,2.834939447368339,4.085,24.0,1.0,10.116762412436998,17.6123634180086,0.9577542863165681,1.01657775635965,1.0007313179907402,1.057914793963658,1.2417597397409494,1.1742199936750304,1.3257039555685226,0.8019556139280942,1.6,0.31799612917571224,0.5595780169024455,1.3361728406043367,0.46985990827143137,1.0225281602002503,491.0520410066178,0.6668749950790619,1.3347857149795956,0.9731255914060951,0.608608637020033
B0006,426,118,24.0,1.353269090999531,2.013326371345464,0.6721558462948904,3.411221044859532,2.4078214169511205,4.1804870315884735,0.24277811004383898,-1.689240311218937,-2.0149941642208877,0.0009686723211606385,0.7366705561751957,34.490493589415046,24.98269073769502,42.0075404495327,4.435836689713161,2929.375,312,1.3682657783199066,False,False,False,True,B0006_p1,0,2650.031,7494.282000000003,10140.858999999997,0.7390184598760328,1.3723435446384402,0.9774978568740251,835.2497574007937,30.13644300471175,3.00757488842131,2.843276828160834,4.085,24.0,1.0,10.490493589415046,18.007540449532698,0.957140650213181,0.9866180825215352,1.0005354107688587,1.074147594395345,1.2876325506400983,1.200566529937295,1.3242049647563257,0.8022078293019494,1.6,0.3228485501037066,0.5622149261352499,1.3331389064324783,0.47124173707134526,1.0225281602002503,485.27919761811484,0.6680371997171772,1.3236723371899257,0.9672195660909333,0.6115110885277709
B0006,430,119,24.0,1.3841605738237488,2.013326371345464,0.6874993510857076,3.4155210852213678,2.433234589649132,4.163570261072192,0.23720200532883332,-1.7102007614808157,-2.014889154962298,0.0021530897065765533,0.7162819617972487,34.23744800906639,25.141147272482755,41.61679232360952,4.2869335467351615,2946.031,314,1.3682580583942712,False,False,False,True,B0006_p1,0,2760.344,7589.4529999999995,10340.672,0.7339419527086827,1.4122526348047744,1.0248149801794775,915.5340067150305,29.904596866451254,3.821033000249283,3.0687065507004774,4.065,24.0,0.0,10.23744800906639,17.616792323609523,0.958347181063497,0.9970312699537863,0.996486641376801,1.0494766738389638,1.2565730277229588,1.1745152697480525,1.279753760847816,0.8067690662910182,1.6102564102564103,0.3538807692185316,0.5894297100828896,1.3239812336800103,0.508604224249848,1.0175219023779725,616.5325543752708,0.6874643737233787,1.340481848761908,0.986277423335505,0.6369664974300683
B0006,432,120,24.0,1.4051467790651473,2.013326371345464,0.6979229990049338,3.4229838362549794,2.440822893388958,4.190012868765637,0.24143941002028121,-1.730244918610445,-2.021897889619746,0.0009450807694683962,0.6962615132210175,34.41428886050454,25.169349346251153,41.80245062827161,4.32119435671904,2955.438,315,1.3633024037317505,False,False,False,True,B0006_p1,0,2775.047,7931.593999999997,10700.062999999995,0.7412661028257498,1.4194185517777305,1.0297435816841565,943.5281792564415,30.096384008359824,2.9117163986891335,2.9903336190360257,4.065,24.0,1.0,10.414288860504541,17.802450628271608,0.9604411240483569,1.000140619190682,1.002815273698932,1.068224649325619,1.2782789688832896,1.1868931481821938,1.2899814445635929,0.8093451683777239,1.6153846153846154,0.3647013386784647,0.5922644307029066,1.3371935010423872,0.49561477626816136,1.0175219023779725,469.8122075321149,0.6909526395637522,1.4009122645266865,1.0205555852818433,0.6403593058668842
B0006,436,121,24.0,1.378719022627353,2.013326371345464,0.6847965845229473,3.414757022019347,2.396078253891397,4.182418011462176,0.24413784898440827,-1.7152465923901479,-2.013990107965066,0.0022862143567549285,0.7110232265703329,34.16445180476378,24.821438212878718,41.653004783464006,4.371208230317734,2937.625,313,1.3580966140172601,False,False,False,True,B0006_p1,0,2732.094,7920.921999999999,10628.938,0.7452223354769779,1.3973904483907214,1.0071034610137284,883.7964893910703,29.633427106758724,2.8955468350990294,2.937660468643157,4.075,24.0,1.0,10.164451804763779,17.653004783464006,0.9581327956746967,0.9818062568025859,1.0009975611658155,1.08016362406027,1.247613269258585,1.1769295621046256,1.3049118002909965,0.8044670875368087,1.6051282051282052,0.3416132871137567,0.5792428023884229,1.3443302749615873,0.48688478323958534,1.0200250312891115,467.2032108700369,0.6802296740503209,1.3990273299615754,1.01377179195248,0.6304476347258547
B0006,440,122,24.0,1.3682657783199066,2.013326371345464,0.6796045578072487,3.41435871627236,2.449306948268824,4.182070839014939,0.24152323402005177,-1.7013404928191733,-2.0141794769710484,0.0017603003484055497,0.7245002916787043,33.877146811272176,24.44823164208337,41.36061809844917,4.3976928116809235,2929.078,312,1.3573151296618016,False,False,False,True,B0006_p1,0,2682.781,8136.218000000001,10807.109,0.7528579567394018,1.384507960062897,0.9872360162828024,840.0338860850928,29.36231857880349,2.945187255265111,2.8804318922681706,4.075,24.0,1.0,9.877146811272176,17.360618098449173,0.958021036683813,1.0036170073890145,1.0009144707688165,1.0685955202731268,1.2123486500652134,1.15743607998185,1.3128180909378002,0.8021264960054945,1.6,0.32469775627892544,0.5678158985918111,1.3581044150303319,0.4773997786582646,1.0200250312891115,475.21280802432983,0.6739586630767702,1.4370538359707763,1.0307654684556233,0.6190683541406201
B0006,444,123,24.0,1.3573151296618016,2.013326371345464,0.6741654750961893,3.4091886698418046,2.384185417166802,4.182701902443236,0.2460496736273354,-1.7004366132157598,-2.014245767720947,0.002448164539924058,0.7253678587355785,33.839566254190565,24.316938949769007,41.42815616511055,4.451653713060872,2918.375,311,1.353269090999531,False,False,False,True,B0006_p1,0,2671.063,8057.625,10722.515,0.7514678226143774,1.3762594880184391,0.9798355354725964,820.7198104166957,29.30429017195157,2.946026042486345,2.857462743153366,4.085,24.0,1.0,9.839566254190565,17.42815616511055,0.9565703943662677,0.9769331014753859,1.0010655061151008,1.088622301989409,1.2077359072846165,1.1619388571688605,1.328926730301319,0.7991954849888037,1.594871794871795,0.31723229906581646,0.5635594588023871,1.3555967078648838,0.4735928958318348,1.0225281602002503,475.3481482917525,0.6699434249186189,1.4231724020993568,1.0226970225799932,0.6163643529665326
B0006,448,124,24.0,1.3524934638801596,2.013326371345464,0.6717705997047645,3.411930366643558,2.4440756213040964,4.182270325485355,0.24258968522569255,-1.6873533635265776,-2.013969299900083,0.0010573004756267543,0.7373003664947759,33.818304796930946,24.299358283075954,41.343265645039,4.430731206018662,2919.812,311,1.3524934638801596,False,False,False,True,B0006_p1,0,2652.468,8135.5,10772.969,0.7551771475440058,1.368149853184393,0.9715083821152048,799.4192603251628,29.26647234925969,2.962277243508094,2.761886347519577,4.065,24.0,1.0,9.818304796930946,17.343265645038997,0.9573396759299683,1.0014734423627019,1.0009622147938817,1.0733139275334527,1.2051262165004621,1.1562791882433618,1.3226808538999868,0.7995890066958936,1.594871794871795,0.30899901117494316,0.5587700366294174,1.3622880770914618,0.45775216366836885,1.0175219023779725,477.9703173431455,0.6659957707277782,1.436927019720987,1.0275092476575287,0.6120734413918476
B0006,452,125,24.0,1.3474099151661236,2.013326371345464,0.6692456495593796,3.4094417183837504,2.4296014294774673,4.182394535290608,0.24390756219118898,-1.6919294969110734,-2.014779898380345,0.0016960165224917886,0.7335386849531479,33.812621135472135,24.255785257635935,41.38118673567723,4.459629393541612,2900.422,309,1.3474099151661236,False,False,False,True,B0006_p1,0,2640.5619999999967,8125.547000000006,10745.718999999997,0.756165967116766,1.3621997554425456,0.9655028907418185,786.535791765381,29.274547562511103,2.95537162791668,2.7895249301582448,4.075,24.0,1.0,9.812621135472135,17.381186735677232,0.9566413962282956,0.99554256257008,1.0009919425044524,1.0791447430544294,1.2044285879819558,1.1588073953756226,1.3313076645936925,0.7942790652202667,1.5846153846153845,0.3040191723806454,0.5553159350524669,1.3640718401710872,0.46233295353864695,1.0200250312891115,476.8560802193545,0.6630993482911103,1.4351690780299693,1.0249101844838882,0.6093260580517985
B0006,456,126,24.0,1.3370075130842318,2.013326371345464,0.6640788756920407,3.4081896097479882,2.41022288115442,4.182061947471753,0.24531767840677798,-1.6852952939579415,-2.014211676143238,0.0020320718333584533,0.7395261452441036,33.79894614410012,24.22667614097166,41.378450473707446,4.460136031575844,2901.375,309,1.3370075130842318,False,False,False,True,B0006_p1,0,2631.484,8193.141,10807.094,0.7581261900747787,1.3578706482943115,0.9602749258472052,772.2553214546028,29.17342792067648,2.9388041111971184,2.748364749765023,4.075,24.0,1.0,9.798946144100121,17.378450473707446,0.9562900721545956,0.9876020957007616,1.0009123427144182,1.085383661960748,1.2027500812586789,1.1586249682114427,1.3314589083493111,0.7945400437775784,1.5846153846153845,0.29849935140041445,0.5523090334246085,1.3676079487157198,0.45551110815427814,1.0200250312891115,474.18287289502626,0.6609920008795378,1.447107821189088,1.030764037778647,0.6072312532507781
B0006,460,127,24.0,1.3312352966718526,2.013326371345464,0.6612118708712964,3.40737851449911,2.4098927032454966,4.182288987105723,0.24580906151652474,-1.6787428835073943,-2.0146307921789908,0.008037676680716626,0.7454352436652836,33.702723745621576,24.08401483096836,41.306600641009794,4.472061666110305,2901.187,309,1.3312352966718526,False,False,False,True,B0006_p1,0,2623.156,7513.844000000001,10113.641,0.74294153806725,1.345320864451083,0.9542393689787554,754.1493857458696,29.05326191379302,2.9647274196351425,2.727709585605667,4.085,24.0,1.0,9.702723745621576,17.306600641009794,0.9560624902348998,0.9874668034846945,1.0009666811663065,1.08755773764313,1.1909394747008852,1.1538347246709577,1.335018999841188,0.7944885600747719,1.5846153846153845,0.2915008757468256,0.5488376394618307,1.3402158719666897,0.4520877427817812,1.0225281602002503,478.3656589552645,0.6548829456881899,1.3271274618116182,0.9646235550281761,0.6053095156011961
B0006,464,128,24.0,1.3259303781727643,2.013326371345464,0.6585769684657102,3.4085862639015,2.453938411405305,4.179662143533188,0.24308656517101032,-1.6712137513430336,-2.013369705800471,0.0010416352989289336,0.7521771809630792,33.63562651984647,24.032744419693664,41.204081036719124,4.464296886707149,2891.64,308,1.3312352966718526,False,False,False,True,B0006_p1,0,2609.766,7987.921,10585.812,0.7545874610280251,1.3456065141061426,0.9487561152736435,741.6353504130537,29.018350960542612,2.9724784618215168,2.674196225404886,4.085,24.0,1.0,9.635626519846468,17.204081036719124,0.9564013677315779,1.005514774908987,1.0003379864728386,1.0755123234179498,1.1827037733747958,1.1469997209724383,1.3327010246416633,0.7918741190604442,1.5794871794871794,0.28666383373951193,0.5456839066376393,1.3612243228285652,0.4432184942556528,1.0225281602002503,479.61630762485834,0.6550219958527145,1.4108609816602158,1.0096585002671072,0.6022196900574999
B0006,468,129,24.0,1.321578743867529,2.013326371345464,0.6564155532241629,3.404843616147767,2.3940396792395253,4.181392635232333,0.2473025976222259,-1.6768931248947176,-2.0139825284473383,0.0013051127215942834,0.7474282095747105,33.690724061796516,24.035049734679703,41.32955629442644,4.503856031202928,2882.906,307,1.3260128072353616,False,False,False,True,B0006_p1,0,2594.86,8232.14,10806.562,0.7617723379554014,1.3439395421344436,0.943967648150771,737.1868249381373,29.051085535901876,2.9634542262386354,2.695624498929629,4.085,24.0,1.0,9.690724061796516,17.32955629442644,0.9553512334079975,0.9809709396150458,1.0007521531022177,1.094165739553977,1.1894665999158391,1.1553651829388207,1.3445103898656594,0.7894823176758066,1.5743589743589743,0.2849443480563967,0.5429297853156796,1.3741853508540642,0.4467699939683176,1.0225281602002503,478.16022624193516,0.6542105377507461,1.4539959923945578,1.0307132964352204,0.5987800381116944
B0006,472,130,24.0,1.321225074066109,2.013326371345464,0.6562398888080733,3.4081057374178703,2.45134737470238,4.182099866234647,0.24422108333220258,-1.6701186583642826,-2.0138921521532196,0.0019059149885720526,0.7532835002669596,33.71317033815572,24.066996312466095,41.300370296451625,4.4804543979131095,2883.265,307,1.3259303781727643,False,False,False,True,B0006_p1,0,2575.578000000006,8224.391000000003,10805.281000000003,0.7611454991313971,1.3370313727648664,0.9362661871996738,725.6496044052237,29.033598285442057,2.9541661640038015,2.7216489491886566,4.085,24.0,1.0,9.71317033815572,17.300370296451625,0.9562665387583342,1.0044530833542953,1.0009214179883568,1.0805318861512723,1.192221718713103,1.1534193462816948,1.3375244340802157,0.7895806296402083,1.5743589743589743,0.28048487364377434,0.5385002346324675,1.373054576360985,0.4510832592209043,1.0225281602002503,476.6615758156067,0.6508477397554088,1.4526273306680735,1.0305911166214432,0.5943305970262924
B0006,476,131,24.0,1.3156485301862682,2.013326371345464,0.6534700726673777,3.4091728540380735,2.475014603796582,4.182054276922838,0.24340486418659887,-1.6634753413292604,-2.013710255019385,0.004822714606532057,0.7589708333972093,33.65376593260611,23.996723972247743,41.243646229563595,4.481173590462752,2882.969,307,1.321578743867529,False,False,False,True,B0006_p1,0,2581.156,8172.656000000001,10733.391,0.7614234867620122,1.3310153615352773,0.9338166567259798,709.949781073773,28.953402514298006,2.9865546704431267,2.7650526855709936,4.075,24.0,1.0,9.653765932606113,17.243646229563595,0.9565659566741722,1.0141508607821108,1.0009105068862598,1.0769206057455085,1.184930255677057,1.1496375407464774,1.337739130520024,0.7894995701932364,1.5743589743589743,0.2744164310557557,0.5370913695545041,1.373556047090068,0.4582769492357558,1.0200250312891115,481.8875365979748,0.6479192315761099,1.4434896723354242,1.023734358766287,0.5956177551205956
B0006,480,132,24.0,1.3209025697502388,2.013326371345464,0.6560797039913142,3.4110817622184233,2.4569179775419294,4.168816046299314,0.24099639163604958,-1.6645875549232958,-2.0145340492151043,0.0016790557813109385,0.7579357799006134,33.983578066068176,24.663353868241057,41.36464929786556,4.335679642629904,2891.656,308,1.321225074066109,False,False,False,True,B0006_p1,0,2580.078,8225.859,10805.547,0.7612626181719445,1.3412939442866827,0.9409181733768271,698.3521077884529,29.214892256060573,4.161902593034949,2.796177455186165,4.075,24.0,0.0,9.983578066068176,17.36464929786556,0.957101569462939,1.006735668538293,0.9977421395609514,1.0662645585595716,1.2254123202264608,1.1577048408994435,1.2943056541458715,0.7918785006521725,1.5794871794871794,0.2699335898797296,0.5411758579564249,1.373265851123545,0.46343553610078725,1.0200250312891115,671.5326553257976,0.6529226985761453,1.4528866151453577,1.0306164872931562,0.5953689999349268
B0006,482,133,24.0,1.3474328767273906,2.013326371345464,0.6692570543477904,3.4167486246717154,2.438240626221148,4.190149239555381,0.2445794002146044,-1.6918384605140158,-2.01382438347875,0.0011291190058123485,0.7334467668216439,33.816348135475515,24.805357555777945,40.89285784811417,4.157409676256734,2901.25,309,1.3209025697502388,False,False,False,True,B0006_p1,0,2667.953,8092.781000000006,10751.266000000003,0.7527281903359105,1.364446915498468,0.9769924112352844,852.1640945970152,29.67320643675769,1.6211651303382624,2.7357945662628476,4.065,24.0,0.0,9.816348135475515,16.89285784811417,0.9586916113693075,0.9990825210012868,1.0028479119544993,1.082117223549251,1.204886050395872,1.126250405171836,1.2410877403561824,0.7945058125922017,1.5846153846153845,0.329386437952676,0.561924215439107,1.3578703252874706,0.453427739046423,1.0175219023779725,261.5787612424076,0.664193233650166,1.42938180610714,1.0254392488297304,0.6156467011785642
B0006,484,134,24.0,1.3260128072353616,2.013326371345464,0.6586179101946671,3.4169689184247174,2.4946397780995584,4.187196878135145,0.2418829111188869,-1.6711981411684529,-2.0133154561700204,0.0015509192623282008,0.7523130560666373,33.60692030225909,24.568710436075083,40.652964511118334,4.158579088645514,2891.703,308,1.3156485301862682,False,False,False,True,B0006_p1,0,2606.859,8213.547,10805.625,0.7601177164671179,1.3411189185118095,0.9476273912366214,750.8057484160664,29.182521926296026,2.8106824625563505,2.715921322654077,4.075,24.0,1.0,9.606920302259091,16.652964511118334,0.9587534226982168,1.0221923840045728,1.0021413095600862,1.0701868758133897,1.1791802918668752,1.110256665662583,1.241436838350403,0.7918913715778741,1.5794871794871794,0.2902084617659358,0.545034712885818,1.3712005265212321,0.4501339683707421,1.0200250312891115,453.51014714204,0.6528374985335019,1.4507120167227894,1.0306239268134332,0.6015488817785212
B0006,488,135,24.0,1.3101186784831063,2.013326371345464,0.65072344808536,3.4105763913818787,2.4367455144223555,4.18232296515852,0.24570660921197612,-1.6632769410531225,-2.0139168871011672,0.00178074624019554,0.7590269335533172,33.47350597721994,24.308667818003084,40.58410707337388,4.21322292649837,2883.016,307,1.3101186784831063,False,False,False,True,B0006_p1,0,2586.344,8223.516,10806.672,0.760966558437232,1.3318683656161114,0.9374602145522491,724.5804903773027,28.958962550469153,2.824843653716666,2.6795254561018322,4.065,24.0,1.0,9.473505977219943,16.58410707337388,0.9569597695136751,0.9984698907099807,1.0009748132917635,1.0871044476144232,1.1628046441265802,1.105665925726448,1.2577493508344393,0.789512441118938,1.5743589743589743,0.2800716296879976,0.5391869880561306,1.3727317795510439,0.444101755395057,1.0175219023779725,455.79508824526954,0.6483344617564346,1.4524727844026613,1.03072378806638,0.5968149182961516
B0006,492,136,24.0,1.30521620229393,2.013326371345464,0.6482884349355049,3.4113335283009314,2.4858689968085326,4.1822817387062585,0.243669978984679,-1.6559085740676296,-2.0142276812428177,0.0011362898765440136,0.7654957106646719,33.209178727620106,24.003796003990193,40.322783635307104,4.224043353343756,2873.453,306,1.30521620229393,False,False,False,True,B0006_p1,0,2556.422,7961.063,10502.453,0.7580193884228761,1.3196408242361084,0.9264606096103741,702.8996183585264,28.86335897061623,2.8851305033576473,2.648450323022451,4.085,24.0,1.0,9.209178727620106,16.322783635307104,0.957172211484885,1.0185985080806161,1.0009649463731398,1.0780935797938893,1.1303603775432287,1.0882434368468379,1.2609795109940032,0.7868936185128823,1.5692307692307692,0.27169133620784375,0.5328604861242597,1.3674152858187112,0.4389513952377158,1.0225281602002503,465.52251153681584,0.6423822695849946,1.4061172061214455,1.0017078467958604,0.5899102312223296
B0006,496,137,24.0,1.3004061951355774,2.013326371345464,0.6458993502710358,3.4081283345557187,2.3957550201907916,4.181394192711236,0.24822787297973212,-1.6561009220603313,-2.0140803684449082,0.001125807644408657,0.7655069350374726,33.58088963686094,24.359100181053126,40.78032921971219,4.2561126788303865,2874.031,306,1.3004061951355774,False,False,False,True,B0006_p1,0,2563.125,8118.062,10689.219,0.7594625949753673,1.3228696991414346,0.9295708719162482,717.4199071724466,29.24054616758047,2.8689560789641604,2.6459318209204867,4.075,24.0,1.0,9.580889636860938,16.780329219712193,0.9562728791974112,0.9816738100141105,1.0007525258608896,1.0982595283195256,1.1759852151246997,1.118748097719145,1.270552983372791,0.787051903514064,1.5692307692307692,0.2773038540794434,0.5346493758699112,1.3700187320241917,0.43853398132515103,1.0200250312891115,462.9127305728159,0.6439540396847034,1.4338470451195617,1.0195213012064326,0.5914569900437929
B0006,500,138,24.0,1.300235735841116,2.013326371345464,0.6458146847657867,3.4125732422699135,2.4504684570147006,4.182109437180301,0.2452230312011813,-1.6493259508429792,-2.014831579693271,0.003538590469666894,0.7709658700007178,33.76400861956033,24.621773390889473,40.85731522464202,4.193931968929846,2874.234,306,1.300235735841116,False,False,False,True,B0006_p1,0,2548.5,7879.953,10436.453999999998,0.7550412237719825,1.314397974297511,0.9232561221353891,706.8700965587057,29.273782336676156,2.813615197093455,2.6423677384442104,4.085,24.0,1.0,9.764008619560329,16.857315224642022,0.9575200577894034,1.0040929419926445,1.0009237086473086,1.0849649048158407,1.198461751691268,1.1238807709485277,1.2519905315689819,0.7871074949591156,1.5692307692307692,0.2732260425861315,0.5310174020945806,1.3620428798756523,0.43794327401148,1.0225281602002503,453.98335067504996,0.6398301252584507,1.391791208878551,0.9954129634785364,0.5880821805907267
B0006,504,139,24.0,1.2895066722480755,2.013326371345464,0.6404856612424568,3.407693686560286,2.3942028718004007,4.181210531150237,0.24934296653021504,-1.6481131076816375,-2.014857985605384,0.0007121321492493882,0.7718560566678059,33.57003564415372,24.362440700162463,40.74860220857894,4.228315089062405,2864.984,305,1.2895066722480755,False,False,False,True,B0006_p1,0,2538.109,7647.031999999999,10193.25,0.7502054791160816,1.3079547890669487,0.9172055015344841,688.1894069884685,28.967053882242595,2.8075513366431153,2.600000706143535,4.085,24.0,1.0,9.57003564415372,16.748602208578937,0.9561509230827263,0.9810378086653662,1.0007085692850197,1.103193148795279,1.1746529656747475,1.116632851177382,1.2622547278341272,0.784574387241243,1.564102564102564,0.2660054076930949,0.5275373441176877,1.3533195262757494,0.43092140625024533,1.0225281602002503,453.0049326994452,0.6366936748882063,1.350651699523203,0.972216539255344,0.5856843928965857
B0006,508,140,24.0,1.279253057384795,2.013326371345464,0.6353927885670602,3.4073499608041957,2.4303844034459368,4.180183763169455,0.24821460129448178,-1.6402541382604887,-2.013906118562721,0.0020706037950560794,0.778065034301414,33.272050895552354,24.05758090644101,40.472276230208436,4.237196672375289,2855.093,304,1.279253057384795,False,False,False,True,B0006_p1,0,2524.5,8201.188,10733.703,0.7640595235400123,1.3044856462084087,0.9087034917852181,661.8262714267446,28.663710651492863,2.827338386369888,2.5886193051172786,4.115,24.0,1.0,9.272050895552354,16.472276230208436,0.9560544784696823,0.9958633904645399,1.0004628281271946,1.098200809068508,1.1380774834419025,1.0982101397630417,1.264906096119414,0.7818657420047589,1.558974358974359,0.2558152819051195,0.5226473520327222,1.378311277680828,0.42903506471051284,1.0300375469336671,456.19761915643255,0.6350049457870333,1.4485291169579646,1.0237641168473945,0.5825440317446693
B0006,512,141,24.0,1.2792078171714618,2.013326371345464,0.6353703181847233,3.409292163767801,2.4755630989048205,4.181641969595387,0.24659016011849222,-1.6339151095418003,-2.01480412850878,0.001176065085161298,0.7837204519359695,33.12740933210319,23.840036551906117,40.28187574900838,4.246858259984162,2855.625,304,1.2792078171714618,False,False,False,True,B0006_p1,0,2497.36,8150.890000000001,10647.812,0.7654990527631406,1.295231312425075,0.8988331725777021,648.2679004732498,28.644446228233157,2.880055253762773,2.5785746278127877,4.085,24.0,1.0,9.127409332103191,16.28187574900838,0.956599433306377,1.0143756096726029,1.0008118274553424,1.0910136306976457,1.1203237730292162,1.0855160994162558,1.2677903146274505,0.782011429929722,1.558974358974359,0.2505745735238017,0.5169703669169378,1.3809080902349025,0.42737027036674463,1.0225281602002503,464.7036082201955,0.6305000685279682,1.4396452677491975,1.0155719651025457,0.5762813084245859
B0006,516,142,24.0,1.274036760902923,2.013326371345464,0.6328019038719047,3.4095492354804775,2.446712151873903,4.1818501497507565,0.24758339650785938,-1.6340244573659812,-2.014522533445452,0.0019702593856607345,0.7838316988955946,33.439116773449626,24.11614509838886,40.637565231244686,4.2702980385522755,2855.594,304,1.2741273923001468,False,False,False,True,B0006_p1,0,2512.688,8111.937,10621.235,0.7637470595462769,1.2952835891179624,0.9036168920784877,658.6828673577261,29.000180627198866,2.8951211018198038,2.5656694914932627,4.085,24.0,1.0,9.439116773449626,16.637565231244686,0.9566715640135305,1.0025537752798275,1.0008616521804743,1.0954081062873602,1.158583616985404,1.109229992416825,1.2747876577047252,0.7820029405957486,1.558974358974359,0.2546002639573971,0.519721757609892,1.3777476139436897,0.425231386528167,1.0225281602002503,467.1345178160626,0.6305255160740025,1.4327652212616806,1.0130370916359095,0.5798183394876013
B0006,520,143,24.0,1.2741273923001468,2.013326371345464,0.6328469196222142,3.410318915287339,2.4607112018206894,4.1817089329030335,0.24739801801109818,-1.632488007933941,-2.0149438038428857,0.004049537026825638,0.7848803525722242,33.482874768414376,24.248375431600596,40.64243349478575,4.236324048558813,2847.437,303,1.274036760902923,False,False,False,True,B0006_p1,0,2498.64,7411.969000000003,9969.577999999994,0.743458649904741,1.283512095982499,0.8976344509887687,648.1323191199025,28.850541540719945,2.8066442808803806,2.5503489449349868,4.075,24.0,1.0,9.482874768414376,16.64243349478575,0.956887525342658,1.008289963071159,1.0008278540953048,1.0945879175713646,1.163954595785125,1.1095545605766297,1.2646455967207726,0.7797691503628095,1.5538461538461539,0.2505221673507242,0.5162809135694552,1.341148706458607,0.42269217511494894,1.0200250312891115,452.8585771442005,0.6247953216620947,1.3091338609101282,0.9508830472122443,0.5765766763630423
B0006,524,144,24.0,1.2637639426440779,2.013326371345464,0.6276994930531461,3.409269478846637,2.4619788522973796,4.178725976011113,0.24810226825514498,-1.6192610042624402,-2.0150039133931816,0.0014280969271294325,0.7951183753696195,33.22136307064441,23.97276387413658,40.38713367022122,4.229433369947142,2847.36,303,1.2637639426440779,False,False,False,True,B0006_p1,0,2489.406,8003.5779999999995,10501.094,0.7621661133592367,1.2846233502370228,0.8911585812784627,628.7779402592132,28.54442368993556,2.826986722156132,2.509689332109022,4.095000000000001,24.0,1.0,9.221363070644408,16.387133670221218,0.9565930682365362,1.0088093898333825,1.0001139291443093,1.097703802711745,1.1318559179153316,1.0925336672830652,1.262588561832794,0.7797480639526175,1.5538461538461539,0.24304113177068867,0.512556270507337,1.3748956948302309,0.4159532932772807,1.0250312891113893,456.1408773183026,0.6253362643314913,1.4136263883774145,1.0015782274618064,0.5744458735945217
B0006,528,145,24.0,1.2581373688955233,2.013326371345464,0.6249048275539829,3.4094374435069095,2.4999079970509284,4.181148894438262,0.24744012771914206,-1.6178242977824624,-2.015129426588159,0.0037301935665104953,0.796212152834948,32.98562738901426,23.67821307261489,40.15316398972329,4.254562559265268,2837.328,302,1.2637639426440779,False,False,False,True,B0006_p1,0,2450.797,8111.859,10570.735,0.7673883604120243,1.274790172497304,0.8774888455216693,604.6694985551808,28.312507797337528,2.8219878748482117,2.488822034706476,4.085,24.0,1.0,8.985627389014262,16.15316398972329,0.9566401967579753,1.024351065725531,1.0006938174839812,1.0947742277851968,1.1029210604248716,1.0769348592052401,1.2700902350419392,0.7770008059390285,1.5487179487179488,0.23372251134555067,0.5046940236238797,1.3843162723977267,0.4124947691622296,1.0225281602002503,455.33430168823526,0.6205496141175365,1.4327514445660212,1.00822047914898,0.5655366073946287
B0006,532,146,24.0,1.253259864055301,2.013326371345464,0.6224822174349078,3.403885091976961,2.4061574188511727,4.181246648937272,0.2532123266842987,-1.6181015728870058,-2.0157490612295734,0.0014360032513640252,0.7959104627910828,32.970182781539556,23.518722627950357,40.26211669866818,4.320691363853224,2837.281,302,1.2635402021758835,False,False,False,True,B0006_p1,0,2454.547,8373.546999999999,10804.765,0.7749864990122413,1.2765878428263688,0.8784707910758874,607.2502183211379,28.410960417779172,2.8859454755156193,2.469196005281518,4.095000000000001,24.0,1.0,8.970182781539556,16.26211669866818,0.9550822850062302,0.9859362501384805,1.000717213523027,1.1203127478423582,1.1010253460672215,1.0841987593515052,1.2898312889792596,0.7769879350133269,1.5487179487179488,0.23472003529246688,0.5052587966751466,1.3980227962998697,0.409241971507626,1.0250312891113893,465.6540091884369,0.6214246943096173,1.4789719052551913,1.0305419013334576,0.5664019431518252
B0006,536,147,24.0,1.2532313315493426,2.013326371345464,0.6224680456114199,3.4065929107527846,2.40921365026611,4.1821248744689274,0.25263202324107764,-1.6180985297864203,-2.014223314502266,0.008808612211148337,0.7962214097717415,33.31018716138479,23.900390232503312,40.65437976632703,4.314882989913479,2838.515,302,1.2581373688955233,False,False,False,True,B0006_p1,0,2463.609,7585.875000000001,10037.5,0.7557534246575344,1.2682924704703233,0.881203270970495,614.9260789474946,28.710913065629942,2.847575644151373,2.4832840222733386,4.085,24.0,1.0,9.310187161384789,16.654379766327033,0.9558420608723109,0.9871885577876772,1.0009274033254167,1.1177452529910197,1.142758435470247,1.1103510210266396,1.2880973483168343,0.7773258652753652,1.5487179487179488,0.23768698075046868,0.5068304021485598,1.3633276417067495,0.411576904755547,1.0225281602002503,459.46294772929645,0.6173866257509141,1.3398498870046025,0.9573613433179325,0.5684930558536156
B0006,540,148,24.0,1.2480874960313577,2.013326371345464,0.6199131515856949,3.4095930016592684,2.4705399687343235,4.179545017207998,0.24908472229042342,-1.6103535053387172,-2.0163352495806492,0.0018528412705641154,0.8022686918286582,33.23406652671602,23.927161901061876,40.41021687551566,4.247229394906718,2828.328,301,1.2534354284944844,False,False,False,True,B0006_p1,0,2444.031,8108.703000000003,10555.125,0.768224251252354,1.2676531202490295,0.8747229463703372,606.3360457034405,28.66950429176209,2.8703876938812165,2.433177236180683,4.095000000000001,24.0,1.0,9.23406652671602,16.41021687551566,0.9566838441877773,1.0123173544290114,1.0003099540845064,1.102050572848508,1.1334151756760855,1.0940726294615952,1.26790110741389,0.7745361605919092,1.5435897435897437,0.23436668074006742,0.5031031968244875,1.3858241624725716,0.40327225827037205,1.0250312891113893,463.1437249666452,0.6170753992120928,1.4321940182647201,1.0067316213089605,0.5639753109324444
B0006,544,149,24.0,1.2534354284944844,2.013326371345464,0.6225694186168335,3.409409922814414,2.4996841687041944,4.164241788212258,0.24501536673331065,-1.611644410040853,-2.01499403966668,0.0006572950596480301,0.8010853524879897,33.117656712920734,23.563221777928874,40.49521984011741,4.380274662730237,2838.265,302,1.253259864055301,False,False,False,True,B0006_p1,0,2402.578,8425.109,10807.328,0.7795737299728481,1.2632813231093256,0.8584312359271219,534.6212472835925,28.564337059732743,4.3590919383920195,2.4870349507404828,4.085,24.0,0.0,9.117656712920734,16.495219840117407,0.9566324748387085,1.0242593508281082,0.9966473610914779,1.0840461140378568,1.119126709248919,1.099739795087701,1.3076183505211043,0.7772574029046119,1.5487179487179488,0.20664680595330043,0.4937329023332642,1.4062978481401207,0.41219857972893703,1.0225281602002503,703.3496144519424,0.6149472709235534,1.4880790075833648,1.0307863563394775,0.5544097740942935
B0006,547,150,24.0,1.2898048773266901,2.013326371345464,0.640633776859904,3.4195489282896943,2.4839695531514434,4.189238693156103,0.2466700164316275,-1.6420364978388977,-2.0181368086516467,0.0011420403060800586,0.7774199520441293,33.78417036686004,24.182986071194534,41.357879741754175,4.440412482093005,2864.547,305,1.2532313315493426,False,False,False,True,B0006_p1,0,2533.219,8248.796999999997,10790.062999999995,0.7644808932070184,1.3098764319512157,0.9170354661148051,704.2842582578861,29.13293364894342,3.013268574529672,2.700932957425297,4.075,24.0,1.0,9.784170366860039,17.357879741754175,0.9594773371814022,1.0178202005842123,1.0026299866484902,1.0913669470103728,1.2009364609963744,1.157253513161897,1.3255709498930497,0.7844547150171662,1.564102564102564,0.2722265401752357,0.5274395470225401,1.3790713998260455,0.4476498123447393,1.0200250312891115,486.197887103385,0.6376291031461505,1.4569380234150837,1.0291396471397376,0.5845559950692015
B0006,551,151,24.0,1.2635402021758835,2.013326371345464,0.6275883632972462,3.4151799904187996,2.4675402264113453,4.180842923747738,0.24807422285760142,-1.6194806393973795,-2.0142774492167734,0.0006389432339644004,0.7950525227865529,33.806439563441614,24.13790128994837,41.37902988743146,4.4572811045999154,2846.39,303,1.2480874960313577,False,False,False,True,B0006_p1,0,2479.172,8107.3910000000005,10574.641,0.7666823866644741,1.2808028779460496,0.8930608301461477,658.7704338454287,29.028126782794402,2.9979147552423235,2.545194459864975,4.095000000000001,24.0,1.0,9.806439563441614,17.379029887431457,0.9582514746590098,1.0110881934962612,1.0006205880951053,1.097579718640492,1.2036698445260086,1.1586635978469546,1.330606643322443,0.7794824299540946,1.5538461538461539,0.2546341109754201,0.5136503626315453,1.3830427438989434,0.4218378761335614,1.0250312891113893,483.7205126802833,0.6234765130900256,1.4319622871787538,1.0085930274336123,0.572084314624082
B0006,555,152,24.0,1.2479761706842853,2.013326371345464,0.6198578573479316,3.4154594925159083,2.4946438160388325,4.18123823034649,0.2480617016753451,-1.6048643562670923,-2.0138128429431967,0.005781248307535802,0.8060358618163398,33.63735785291911,23.963097388160715,41.20920760771975,4.450962807667149,2837.969,302,1.2479761706842853,False,False,False,True,B0006_p1,0,2439.656,7626.342999999999,10074.109,0.7570240703172855,1.260224011328026,0.8760250002552289,624.9308282089127,28.824446138646483,2.9971232396661875,2.475847626345495,4.095000000000001,24.0,1.0,9.63735785291911,17.209207607719748,0.958329899016577,1.0221940385724224,1.000715198662528,1.0975243199153057,1.1829162820428896,1.1473415105451978,1.3287204782644335,0.77717634345764,1.5487179487179488,0.24155411003075894,0.5038520824855358,1.365619799829008,0.4103444042477248,1.0250312891113893,483.59279980265285,0.6134590152976054,1.34699751931166,0.9608530535463287,0.5629657525490485
B0006,559,153,24.0,1.2321202877943334,2.013326371345464,0.6119823915935364,3.4130336456755868,2.4577382116375843,4.1798277092808815,0.2513379562071556,-1.5916400783224371,-2.0149177563869873,0.0023397381848139728,0.8158903428123628,33.58195933847606,23.85096067907487,41.20630554355683,4.472326760440252,2838.156,302,1.2321202877943334,False,False,False,True,B0006_p1,0,2416.812,7998.125,10423.047,0.7673499889235844,1.2555182553159336,0.8665425734600685,606.4509347960288,28.73861109020366,3.0344610960060017,2.431855542283606,4.095000000000001,24.0,1.0,9.58195933847606,17.20630554355683,0.957649240509981,1.007071763975013,1.00037761209352,1.1120197821434927,1.176116513295502,1.1471480293137384,1.3350981369358108,0.7772275533109635,1.5487179487179488,0.23441108874693747,0.4983981964818644,1.3842470528492117,0.4030532021018814,1.0250312891113893,489.617349693371,0.6111683206088357,1.4126632560513697,0.9941342243971055,0.5576943578724094
B0006,563,154,24.0,1.2271137666213534,2.013326371345464,0.6094957002928933,3.4094524356574096,2.40986495422137,4.180792839927961,0.25541755590484166,-1.5901105081883435,-2.0149300788502975,0.0010089516629164148,0.81704386414875,33.56245583951572,23.75303412345965,41.28239317323536,4.515353242870561,2829.843,301,1.2271137666213534,False,False,False,True,B0006_p1,0,2401.625,8124.344,10534.046,0.7712462998547757,1.2490102256403561,0.8594421324984571,593.2992841045509,28.66945729023269,3.004963818588461,2.4503160717962116,4.095000000000001,24.0,1.0,9.56245583951572,17.282393173235363,0.9566444033445579,0.9874554331692789,1.0006086013015056,1.130069565134942,1.1737225992342943,1.1522208076751321,1.3479425867286414,0.7749510425586742,1.5435897435897437,0.22932758968621686,0.49431432677034803,1.3912757320716502,0.4061128310161733,1.0250312891113893,484.8578954326604,0.6080003048906618,1.4349565989930653,1.0047211386433768,0.5541898634338647
B0006,567,155,24.0,1.2217397581377356,2.013326371345464,0.6068264815511618,3.4138496008165014,2.479418189447868,4.181365190126037,0.2521876111582164,-1.5767754479909835,-2.0147963353542564,0.000859480585004194,0.8262753136633273,33.5111267532655,23.71579098948608,41.1595683576961,4.488716863512712,2829.625,301,1.2217397581377356,False,False,False,True,B0006_p1,0,2374.375,7890.077999999994,10266.812000000005,0.7685032120973863,1.2355614203117098,0.8484530771820714,576.0911160089746,28.620406575828014,3.024712970824929,2.378967013468081,4.095000000000001,24.0,1.0,9.5111267532655,17.159568357696102,0.9578781860470333,1.0159552542478822,1.0007455845372408,1.115778995944042,1.167422323495402,1.1440320512485993,1.3399909806944081,0.7748913433713774,1.5435897435897437,0.22267612756920147,0.48799389253148895,1.3863273888140977,0.39428751247809,1.0250312891113893,488.04446704151627,0.6014536189049327,1.3935795299497409,0.979232769904127,0.5479017569315703
B0006,571,156,24.0,1.211102678915174,2.013326371345464,0.6015431457870486,3.410900672125043,2.434585389303289,4.180594670510683,0.2554146162892581,-1.575262673173442,-2.015518745222527,0.001199208658635817,0.8272958161026505,33.53675907012135,23.759120931060004,41.230427315370186,4.49738001188431,2819.437,300,1.211102678915174,False,False,False,True,B0006_p1,0,2363.016,8197.016,10568.109,0.7756369658942768,1.2343216690764713,0.844086817233114,568.8310152860926,28.628153065717633,3.0214728231566603,2.3915630988710297,4.095000000000001,24.0,1.0,9.536759070121349,17.230427315370186,0.9570507581295643,0.9975847675492777,1.0005611724928956,1.1300565590982488,1.1705685058223436,1.1487562329417165,1.3425771408455909,0.7721013648384384,1.5384615384615385,0.21986988551858017,0.4854826067036707,1.3991961941983915,0.39637517453997373,1.0250312891113893,487.52166168538866,0.6008501257440764,1.447792240364482,1.0079700152996596,0.5452805972339716
B0006,575,157,24.0,1.2056159765131735,2.013326371345464,0.5988179530512411,3.4105744140130074,2.425682710641569,4.181424135030176,0.25698194109584227,-1.5684640005188113,-2.0147884579094577,0.0016688329956906312,0.8317378025292568,33.49803069556778,23.662315778660414,41.21487873613708,4.5075717019233785,2819.579,300,1.2056159765131735,False,False,False,True,B0006_p1,0,2349.062,8441.25,10798.344,0.7817170855086669,1.228549351972925,0.837304377371707,554.8467291659048,28.53948250596772,3.000122833936839,2.420384489267705,4.095000000000001,24.0,1.0,9.498030695567778,17.21487873613708,0.9569592146917792,0.9939368459514818,1.0007596920953865,1.1369910317750669,1.1658148767119958,1.1477196058760903,1.3456196078012137,0.7721402514650263,1.5384615384615385,0.21446454842253887,0.4815816376131686,1.4101643153669297,0.40115200173485716,1.0250312891113893,484.0767913090474,0.5980402443781472,1.4909299004633743,1.0299294762091293,0.5420606251923931
B0006,579,158,24.0,1.2008936262717274,2.013326371345464,0.5964724067410865,3.4096514247359915,2.417924401749313,4.181921994951423,0.25819731705646964,-1.5671286757845893,-2.0146138657111945,0.00267138921983699,0.8329428153403723,33.516977262709986,23.65025525718372,41.27439823262361,4.527649008570073,2810.672,299,1.2008936262717274,False,False,False,True,B0006_p1,0,2335.437,7807.296999999999,10279.047,0.7595351008707323,1.2167690519088443,0.83150138747127,548.7575291416356,28.572516311766954,3.012604821786894,2.345908422599427,4.085,24.0,1.0,9.516977262709986,17.27439823262361,0.9567002368814512,0.9907578361673677,1.000878847226606,1.142368341797614,1.1681404314027506,1.1516877832938066,1.3516131713609685,0.7697010741198272,1.5333333333333334,0.212110893863878,0.4782440062155191,1.3701495277151046,0.38880841609472716,1.0225281602002503,486.0907890558278,0.592305762879413,1.3789583934959868,0.9803997254244747,0.5389165719412459
B0006,583,159,24.0,1.1905903985558335,2.013326371345464,0.5913548918351409,3.4128578373442537,2.4541577949851603,4.179593598747663,0.2562295547306426,-1.5537993411647462,-2.0148417510809367,0.002105455435076752,0.8418998631531451,33.531923269271225,23.716467103089535,41.237668013317766,4.494711757510842,2811.485,299,1.1905903985558335,False,False,False,True,B0006_p1,0,2318.781,7978.250000000001,10299.39,0.7746332549791786,1.2127627663930907,0.8258984638831933,541.0227506893586,28.62669459075133,3.0361897108320406,2.286921333355831,4.085,24.0,1.0,9.531923269271225,17.237668013317766,0.9575999111647547,1.0056046685387097,1.0003215813304176,1.133662173155609,1.1699749460884799,1.1492389718051172,1.3417806021234209,0.7699237137495171,1.5333333333333334,0.20912117493661736,0.4750214443970353,1.3973855681526595,0.3790319574240056,1.0225281602002503,489.8962657127195,0.590355560419054,1.4091528480227355,0.982340009539754,0.5350730966420819
B0006,587,160,24.0,1.185179251041941,2.013326371345464,0.5886672264914061,3.413450901705652,2.463616101176541,4.180557596235595,0.25633972565262325,-1.5521827524962775,-2.013981544237104,0.0030546197767952537,0.8426741525725665,33.567636169584304,23.75283925140291,41.24068073261839,4.488739697730475,2802.422,298,1.185179251041941,False,False,False,True,B0006_p1,0,2307.312,8233.311999999996,10543.077999999994,0.7809210934415928,1.2082676359614504,0.8204357115316273,533.9287034090815,28.631186857858758,3.016892727789255,2.361051081460422,4.085,24.0,1.0,9.567636169584304,17.240680732618387,0.9577663166837821,1.0094802615759448,1.0005522993341527,1.1341496134392346,1.1743584474489197,1.1494398304380082,1.3399977972628805,0.7674418158849678,1.528205128205128,0.2063791174160839,0.47187950307385684,1.4087283999582587,0.3913181445864653,1.0225281602002503,486.78265265407055,0.5881673952488615,1.454202996078057,1.0055825969400485,0.5324265537622722
B0006,591,161,24.0,1.1796706818144624,2.013326371345464,0.5859311727120096,3.414388187503409,2.470375229475307,4.181414159913002,0.2568441721022827,-1.5452652929126827,-2.014023708028726,0.0020243726684846712,0.8470345896109175,33.60493096509702,23.806067140125037,41.28133907077437,4.480792235047609,2801.625,298,1.1796706818144624,False,False,False,True,B0006_p1,0,2289.547,8143.9529999999995,10430.109,0.780811878380178,1.20037301066354,0.8135638659068065,523.9696490080522,28.612332550569292,3.0169211768939483,2.2947777984145286,4.085,24.0,1.0,9.604930965097019,17.281339070774372,0.9580293058967657,1.0122498516106118,1.0007573047041844,1.1363814865694157,1.1789361150545785,1.1521505304411401,1.337625286668369,0.7672235578470064,1.528205128205128,0.2025296505407126,0.4679271116151927,1.4085313834350655,0.3803340797516073,1.0225281602002503,486.78724298322635,0.5843244046234916,1.4384200249570143,0.994807787117555,0.5283271698351801
B0006,595,162,24.0,1.1745952836753915,2.013326371345464,0.5834102708794471,3.412419038813061,2.4357634426689945,4.180815073540562,0.25993777730028017,-1.538651770825325,-2.016504705213686,0.003941121782864298,0.8513560117080599,33.54281440778599,23.71321070187237,41.28338645880181,4.497310319961048,2802.031,298,1.1796706818144624,False,False,False,True,B0006_p1,0,2274.047,6370.468,10154.094,0.6273792620001352,1.1788999537205667,0.8077406011150791,514.2938116555911,28.542199304478256,3.010950426067261,2.269078299515563,4.105,24.0,1.0,9.54281440778599,17.283386458801807,0.9574767904681082,0.9980674814019738,1.0006139225754502,1.1500688349915524,1.1713117549188377,1.1522870302339032,1.3425563361142079,0.7673347407371097,1.528205128205128,0.19878965536848725,0.46457781896792605,1.1317494063701405,0.3760746715986399,1.0275344180225283,485.82384846177735,0.5738716277764735,1.1251794723702189,0.9684819000763694,0.5247504487054347
B0006,599,163,24.0,1.15381833159625,2.013326371345464,0.5730905570094814,3.4148103057455175,2.481190011798763,4.1697037841892834,0.25676219132624173,-1.5169723774339863,-2.0192733708647617,0.002247664734570795,0.8647472127992183,33.472459360982775,23.707339766856947,41.149193043289586,4.458920775963431,2793.39,297,1.1773227826456898,False,False,False,True,B0006_p1,0,2270.453,8064.234,10316.906,0.7816523674830419,1.190884963344019,0.8055647176927981,510.64861009667476,28.565426308382822,3.0549058064318046,2.2877087861977574,4.095000000000001,24.0,1.0,9.472459360982775,17.149193043289586,0.9581477463388847,1.016681268211419,0.997954606000312,1.1360187707819207,1.1626761795196938,1.1433403268429845,1.3310961250396514,0.7649684073543921,1.523076923076923,0.19738067796058698,0.4633263439606573,1.410047568461957,0.3791624690370205,1.0250312891113893,492.9161512324995,0.5797057589593793,1.4243397121200483,0.9840106587342305,0.5239211109157376
B0006,603,164,24.0,1.1644009557372264,2.013326371345464,0.5783468454541136,3.4166177332601,2.491537251958465,4.180283727512206,0.25786885910619006,-1.5238501013926742,-2.014625681416588,0.0020222968056506606,0.8603890556014289,33.58210389885497,23.791460085164704,41.26268252018065,4.465400116342418,2793.39,297,1.1749748834769171,False,False,False,True,B0006_p1,0,2240.172,8334.656,10571.39,0.7884162820594076,1.1828734766030495,0.7948734159620304,500.6018915948729,28.631428241793976,3.0407002816902846,2.206583606685093,4.095000000000001,24.0,1.0,9.582103898854967,17.262682520180647,0.9586548850800483,1.0209211068364452,1.000486753058424,1.1409151122742063,1.1761342570410966,1.1509066942676394,1.3330303654768834,0.7649684073543921,1.523076923076923,0.1934973263368757,0.45717716483910364,1.4222492091125185,0.3657168663664914,1.0250312891113893,490.6240568029149,0.5758058818557794,1.4721028094744812,1.0082829520436123,0.5169335823654265
B0006,607,165,24.0,1.1587974947916069,2.013326371345464,0.5755636598636548,3.4121341541171764,2.40904100737121,4.181170015245673,0.26372718676135337,-1.523792814686802,-2.016243208356173,0.0003659402321130544,0.8604329777233659,33.6634605108384,23.802896883148367,41.45791806300034,4.507073999103317,2792.485,297,1.1747850835761544,False,False,False,True,B0006_p1,0,2230.313,7654.032000000003,9892.375,0.7737304742288887,1.173687529649647,0.7912519224061806,497.83573914325865,28.6588020031526,3.0075193427210962,2.185508950744871,4.085,24.0,1.0,9.663460510838398,17.457918063000342,0.9573968558290247,0.9871178164109587,1.0006988724250823,1.1668347001515365,1.186120195348648,1.1639230891951071,1.3454710314239933,0.7647205735722652,1.523076923076923,0.19242812721355176,0.45509423676137606,1.3957570132416068,0.3622239748635999,1.0225281602002503,485.27023519030143,0.5713342943269305,1.351888069646496,0.943519543572078,0.5146585569707065
B0006,611,166,24.0,1.1749748834769171,2.013326371345464,0.5835988144791975,3.419700177568569,2.475767645530351,4.1575524997258,0.2529109631298057,-1.5391310859398721,-2.013736316594881,-0.000423769574389527,0.8511924609455338,33.730546074122294,24.698597962486065,41.11666214070682,4.1670548482657015,2802.016,298,1.1745952836753915,False,False,False,True,B0006_p1,0,2279.453,7930.281000000001,10212.234,0.7765471296486156,1.201935088594657,0.8136629760457004,521.8841787162877,28.229569454958643,3.5438876194950666,2.26261541531759,4.095000000000001,24.0,0.0,9.730546074122294,17.116662140706822,0.9595197756019039,1.014459423778602,0.9950463825564468,1.1189793947775426,1.1943544651879177,1.1411714846882786,1.2439670584090365,0.7673306329948645,1.528205128205128,0.2017235550536864,0.46798411552474156,1.4008380675452863,0.3750035199099337,1.0250312891113893,571.8145031261565,0.585084801807506,1.4006803568164181,0.9740272040365693,0.5259979167330091
B0006,613,167,24.0,1.1856752327929356,2.013326371345464,0.5889135758950863,3.4234687742187893,2.4160441724133666,4.188511527828155,0.2619158664193414,-1.5426703969635054,-2.014876364498059,0.0032206172427055937,0.8495522069665737,33.8912822372509,24.907725860706154,41.36263766174168,4.080219455624845,2820.39,300,1.1694981197063088,False,False,False,True,B0006_p1,0,,,,,,,,,,,,,,9.891282237250898,17.36263766174168,0.9605771908208968,0.9899874018448417,1.0024559507874535,1.1588206935028307,1.2140836718210755,1.157570724693651,1.2180445851317296,0.7723623433957499,1.5384615384615385,,,,,,,,,,
B0007,1,0,24.0,1.89105229539079,1.8806626717011388,1.005524448294735,3.522006703394617,2.145975766935391,4.199497433806136,0.2874452516516924,-1.8691188840185695,-1.9968672421771276,0.0009103844987851796,0.4752966796525294,32.62485875142121,23.92407356409745,40.59042914535701,3.8821725491629793,3690.234,197,1.8806815117064395,False,False,False,True,B0007_p1,0,1482.89,5282.688,7597.875,0.695284931642071,0.8100391983943989,0.5252579926999594,116.72219410143204,27.29904441900397,2.8648004312537942,2.7481990218497403,4.175,24.0,0.0,8.624858751421208,16.590429145357007,0.9964928107226234,1.059684334618158,1.000246092286136,1.0,1.0,1.0193444831296263,1.0332071524166841,1.0105686730979304,1.0102564102564102,0.04833910863927197,0.32338799354023656,1.320064543104784,0.511809903911923,1.0450563204005006,2.8648004312537942,0.4220927626958521,0.96500107228674,0.7246736554283175,0.3583495847137945
B0007,3,1,24.0,1.880637027686859,1.8806626717011388,0.9999863643732256,3.5319490434317116,2.1110166987852117,4.198510349854315,0.2797089856913086,-1.8680422715350309,-1.9943911963511516,0.003601550603928921,0.47659959994822176,32.738209593287145,24.261106709876195,40.26023408628707,3.767777623445933,3672.344,196,1.8806626717011388,False,False,False,True,B0007_p1,0,4150.812000000001,5636.703,10516.0,0.5360120768352986,1.925498720701186,1.6281982139125384,2389.198185056112,30.577385154985016,0.0,5.6337975679101016,3.995,24.0,0.0,8.738209593287145,16.26023408628707,0.9993058293234044,1.042421522315064,1.0000109863285471,0.9730861236498765,1.0131423418206424,0.999056731144995,1.0027619174472824,1.0056695058468235,1.005128205128205,0.9894580162519568,1.0024402499358926,1.017669886265403,1.049208361172668,1.0,0.0,1.0033330191909788,1.0296698270202376,1.0029999388624038,1.0030695172433794
B0007,5,2,24.0,1.8806626717011388,1.8806626717011388,1.0,3.5344025220217845,2.0251085128182655,4.198280074112568,0.28372654574505013,-1.877784734502072,-1.994681656822022,-0.0010276902277484255,0.4584167741596034,32.68511456550919,24.3190033925327,40.27558633997852,3.746724750145294,3651.641,195,1.8806815117064395,False,False,False,True,B0007_p1,0,4135.625,5522.265999999999,10484.547,0.5267052548860717,1.919102315852996,1.623725802779285,2414.6534221899956,30.66376913104331,0.0,5.41520022745781,3.995,24.0,0.0,8.685114565509188,16.275586339978517,1.0,1.0,0.9999561387153597,0.9870629071613667,1.0069862957556321,1.0,0.9971588745640309,1.0,1.0,1.0,0.9996867000941562,1.0,1.0084979603164064,1.0,0.0,1.0,1.0087653504149035,1.0,0.9993994843056372
B0007,7,3,24.0,1.8807709009833444,1.8806626717011388,1.000057548482157,3.53492504932652,1.922542180649595,4.198267468745592,0.29008702878464626,-1.8875256535871228,-1.9952731083659303,-0.0006983471237198692,0.43922371626617773,32.554748499572646,24.223578724887073,40.29314715799111,3.748713692085809,3631.563,194,1.8806626717011388,False,False,False,True,B0007_p1,0,4138.11,5412.578,10397.89,0.5205458030427328,1.9181132521205053,1.6242346753501404,2422.704021748972,30.792245916339162,0.0,5.348958315739508,3.995,24.0,0.0,8.554748499572646,16.293147157991108,1.0001478403496715,0.9493526734397394,0.9999531363396568,1.0091905401733858,0.9918711420245568,1.0010789668430842,0.9976882145180535,0.9945016500800599,0.9948717948717949,1.003334060070482,1.0,0.9883056950994894,0.9961614205673065,1.0,0.0,0.9994846216773746,0.9887283848365869,0.9917347883508938,1.0
B0007,9,4,24.0,1.8794508728285058,1.8806626717011388,0.999355653254107,3.534536640068787,1.8711590450649882,4.198464224146956,0.29220641599968367,-1.8871559747738404,-1.9935500451030046,0.0005983417342468405,0.439454184988277,32.46787845303298,24.13830760704513,40.268872630219796,3.757399994843755,3629.172,194,1.8806498496939987,False,False,False,True,B0007_p1,0,4150.875,5474.282,10495.203,0.521598486470438,1.9197018135260306,1.6275143602273268,2427.338710518964,30.89342353302922,0.0,5.3695698360746755,3.995,24.0,0.0,8.46787845303298,16.268872630219796,1.0000379464552118,0.9239796451504557,1.0,1.0165637258595615,0.9817990876242049,0.9995874981325724,1.0,0.9938468759661752,0.9948717948717949,1.0052534613093516,1.0020192186061287,0.9903043146650621,1.0,1.0,0.0,1.0003123844247814,1.0,1.0010163529239746,1.0030847415849264
B0007,11,5,24.0,1.8807003517117404,1.8806626717011388,1.0000200354966198,3.5411626672196816,2.1756867065903434,4.197967993115647,0.26674308476358344,-1.8675154082122565,-1.9941041745764116,-0.00042434758525011757,0.47752624091693197,32.48624734055599,24.135840711684263,39.67620802332074,3.7187797514899983,3652.281,195,1.880637027686859,False,False,False,True,B0007_p1,0,4138.515,5386.797,10792.672,0.49911615955715133,1.918023625827199,1.624318170527715,2426.3370088058864,30.821167500690837,0.0,5.256373264348358,3.995,24.0,0.0,8.486247340555991,15.67620802332074,1.0019126698659184,1.074355617399743,0.9998818065357197,0.9279787480601889,0.9839288485921724,0.9631731659838579,0.9897215512304374,1.0001752636691283,1.0,1.00483861845701,1.0000514058583048,0.9476194796368835,0.9789188752205396,1.0,0.0,0.999437919480954,0.9840189087810967,1.029388489555152,1.0000978707670896
B0007,13,6,24.0,1.8799352523566075,1.8806626717011388,0.9996132111539847,3.541165612176161,2.1117887156019437,4.198023461704379,0.27118633921124835,-1.8673304059806155,-1.993164510431567,0.0005401764510727361,0.4774906738400573,32.55779966353037,24.255515986671373,39.803817662926164,3.7152261569509877,3650.828,195,1.8799352523566075,False,False,False,True,B0007_p1,0,4127.313,5294.9529999999995,10789.985,0.49072848572078637,1.9079514744642407,1.6182652679572265,2425.8383553608046,30.421910739966474,0.0,5.239189319051475,3.995,24.0,0.0,8.557799663530368,15.803817662926164,1.0019135030920328,1.0428027447591184,0.9998950181735402,0.9434364897418952,0.9922249059580495,0.9710137215828886,0.9887757923163246,0.9997773603703102,1.0,1.0046321070626627,0.9963247876162802,0.9316946834466894,0.9757186290515754,1.0,0.0,0.9941895534716193,0.9672415487547041,1.0291322076194613,0.9973908378462633
B0007,15,7,24.0,1.8815088124038797,1.8806626717011388,1.0004499162531766,3.5494581176357975,2.026250619894166,4.199372697237068,0.27297824294152273,-1.9063154499484403,-1.9936540341331743,-0.0003281718194490804,0.3979115030496563,32.45374435641106,24.302952144966042,39.88810476942348,3.66750069286357,3572.453,191,1.8794508728285058,False,False,False,True,B0007_p1,0,4124.984,5380.032,10127.562,0.5312267651385397,1.9080707612855043,1.6183582935694232,2427.91010662425,30.518431203479878,0.0,5.27740950961102,3.9850000000000003,24.0,0.0,8.453744356411057,15.888104769423478,1.0042597286302866,1.0005639732728746,1.0002163822392216,0.9496703854837031,0.9801603249465444,0.9761924662828737,0.9760740666142671,0.9783144071391464,0.9794871794871794,1.0054900982113746,0.9963820611209089,1.0085845170719743,0.9828365531546884,0.9974968710888611,0.0,0.9942517110857696,0.9827831302808295,0.9659513186406622,0.9968280205214459
B0007,17,8,24.0,1.8696907870385844,1.8806626717011388,0.9941659475526093,3.5502805464079743,1.9505894332906037,4.19921182024681,0.2771296154486181,-1.9164259300038171,-1.99377953803378,0.0005697252689816581,0.37443743546277825,32.373246444985035,24.257530932186896,39.95162250671474,3.662879470802171,3550.594,190,1.870052380139199,False,False,False,True,B0007_p1,0,4133.891,5269.265000000003,10147.952999999994,0.5192441273624352,1.907601763398918,1.620532791875569,2429.8610036453774,31.081278437806464,0.0,5.187094027868802,3.9850000000000003,24.0,0.0,8.373246444985035,15.951622506714742,1.0044924210774688,0.9632024264102488,1.0001780641825062,0.9641126922647025,0.9708270809194746,0.9800951052394342,0.9748441677300012,0.9723283312899598,0.9743589743589743,1.0062980390128158,0.9977208444501572,0.9858343400708042,0.9660166803344401,0.9974968710888611,0.0,0.9940073270929454,0.9625490612284867,0.9678961809222653,0.9989804524287658
B0007,19,9,24.0,1.870052380139199,1.8806626717011388,0.9943582165363328,3.5481347674910286,1.8688247067658061,4.198957678253482,0.283812978267983,-1.9165016044519978,-1.9937831213829802,0.0035107556642499692,0.3742086617157418,32.30534276235138,24.189583713016194,40.052021854718284,3.6783546666995868,3551.25,190,1.8700442394188577,False,False,False,True,B0007_p1,0,4130.7970000000005,5326.937999999999,10162.094,0.5241968830439868,1.9072651144835322,1.61959375523003,2428.6909568168708,31.24066372289512,0.0,5.295508732137768,3.995,24.0,0.0,8.30534276235138,16.052021854718284,1.0038853088700799,0.9228269472656726,1.0001175320498596,0.9873635992842535,0.9629540612456781,0.9862638137520686,0.9789627592876348,0.9725079765508164,0.9743589743589743,1.0058134780328614,0.9971427034587166,0.9952376175881757,0.986207255665186,1.0,0.0,0.993831907099647,0.9730843241177562,0.9692449277970712,0.9982327680994466
B0007,21,10,24.0,1.8700442394188577,1.8806626717011388,0.9943538878917205,3.5484272148956437,1.7896213776724978,4.198832114024662,0.28889633724718083,-1.926771167846017,-1.9942511729128334,-9.593499764332657e-05,0.3483926910622938,32.183319483399806,24.062655752137022,40.1213838436794,3.687673913430504,3530.25,189,1.8696907870385844,False,False,False,True,B0007_p1,0,4126.672,5307.391,10119.375,0.524478142177753,1.9070580921981135,1.6184289323908208,2427.8641256720803,31.220976754395,0.0,5.236103688021055,3.9850000000000003,24.0,0.0,8.183319483399806,16.121383843679403,1.0039680519653535,0.8837162879642191,1.0000876248690154,1.0050482155720102,0.9488062030060905,0.9905255335766099,0.9814429974160496,0.9667571374075381,0.9692307692307692,1.0054710557468338,0.9964255516475363,0.9957716147927926,0.9751439776130767,0.9974968710888611,0.0,0.9937240325565815,0.9695136275405614,0.9651704551469892,0.9972359362124255
B0007,24,11,24.0,1.8596518987766364,1.8806626717011388,0.9888279949186756,3.5560433603714667,1.910336108594535,4.198945227315025,0.27604177175304995,-1.936979366983281,-1.9938120330189373,-0.0018154689461531233,0.3204322222158979,32.378853181816005,24.334878490739897,40.174657039770814,3.63791535075196,3491.016,187,1.8596518987766364,False,False,False,True,B0007_p1,0,3629.516,5160.718999999999,9586.875,0.538310867722798,1.6945662441356055,1.4106424656565655,2216.6215488929006,30.225464388780154,0.0,4.847712960305111,3.9850000000000003,24.0,0.0,8.378853181816005,16.174657039770814,1.0061229127737559,0.9433253065219669,1.0001145664563016,0.9603281674227813,0.9714771480095642,0.9937987303130342,0.968200179843572,0.9560129267909961,0.958974358974359,0.9179874546478443,0.8684967062117853,1.0220343593101928,0.9028121634132504,0.9974968710888611,0.0,0.8829994264179764,0.9427207074827345,0.9143814224877813,0.8770950989703029
B0007,26,12,24.0,1.8590746560862206,1.8806626717011388,0.988521059124659,3.5604849642800684,1.9086884059809102,4.1990513028067955,0.2717170193494012,-1.947065774665518,-1.9942213710086447,0.0021769059281878883,0.2882487625048244,32.2913249500013,24.352069874766624,40.016434730174936,3.582678179632668,3470.281,186,1.8593622586957048,False,False,False,True,B0007_p1,0,4112.25,5197.1720000000005,9952.359,0.5222050370168521,1.8957289989496082,1.6113404797305515,2424.6911825245065,31.747377634153153,0.0,5.211562628336165,3.9850000000000003,24.0,0.0,8.291324950001297,16.016434730174936,1.0073795902124254,0.9425116698189481,1.0001398317643064,0.9452826852699252,0.9613287810232312,0.9840772796512397,0.9534992773058881,0.9503346577607164,0.9538461538461539,1.0041570190745663,0.9920613715399166,0.9914559085418788,0.9705735817649745,0.9974968710888611,0.0,0.9878207030910705,0.9493796629402724,0.9492407254218995,0.9937507702791855
B0007,28,13,24.0,1.8590084577709232,1.8806626717011388,0.9884858596621007,3.5562872542469752,1.7868782934275431,4.198107645780677,0.2826191895837473,-1.946961601670498,-1.9939995868905829,-0.0004508051048845279,0.2883646179237529,32.14782797344657,24.125190486792466,40.16569230743226,3.622670216832461,3470.0,186,1.8590746560862206,False,False,False,True,B0007_p1,0,4110.4679999999935,5177.811999999991,10758.031000000003,0.4812973675201335,1.8962072952788642,1.6108719203773842,2421.0129713404376,31.779134469034663,0.0,5.194994586843293,3.995,24.0,0.0,8.147827973446567,16.16569230743226,1.0061919184611356,0.8823617510455345,0.9999150693331558,0.9832104999466369,0.9446911779400404,0.9932479217491341,0.9641428173215036,0.9502577060559896,0.9538461538461539,1.0026337316535778,0.9917728914574026,0.9137888089311734,0.9674880382300788,1.0,0.0,0.9880699322881304,0.9458431260939774,1.0260844841460486,0.993320138903991
B0007,30,14,24.0,1.8593622586957048,1.8806626717011388,0.9886739853319007,3.5647746218187324,2.1361343961784502,4.19925638222589,0.2549992595793087,-1.946851050742258,-1.994356138623711,-0.001132462861187769,0.28894202027233323,32.01380948237792,24.072501109913752,39.46139677634257,3.570709862627515,3450.297,185,1.8590746560862206,False,False,False,True,B0007_p1,0,4111.641,5253.187000000001,9921.75,0.5294617381006376,1.8962371093370716,1.611012343521579,2423.468159322313,31.742574167707367,0.0,5.306627250532658,3.9850000000000003,24.0,0.0,8.013809482377923,15.461396776342568,1.0085932769704946,1.0548246588552799,1.000188678058605,0.8871228803191376,0.9291525476933061,0.9499747937414693,0.9503140116909478,0.9448620496921795,0.9487179487179487,1.003650518559439,0.9918593464175914,1.0052334454403007,0.9882779091317248,0.9974968710888611,0.0,0.988085467706936,0.9596120550603715,0.9463212859840296,0.9936036016442289
B0007,32,15,24.0,1.8587355450601035,1.8806626717011388,0.9883407444774766,3.565438928797127,2.0133501283179167,4.199087384946408,0.2598113371383103,-1.9574063719005568,-1.9935665024864544,0.0005922421493807632,0.25171076392728675,31.881310103471357,23.938131916668528,39.5636595172155,3.5607713646101002,3429.407,184,1.8590746560862206,False,False,False,True,B0007_p1,0,4085.641,5212.640999999999,10000.25,0.5212510687232818,1.8845649232206916,1.5998502042730292,2409.1418746089084,31.367092340830315,0.0,5.219365688217061,3.9850000000000003,24.0,0.0,7.881310103471357,15.563659517215498,1.0087812315043247,0.9941937015098588,1.000148425892465,0.9038637293376929,0.9137900492773486,0.9562579923148896,0.947668965107924,0.9391413339920327,0.9435897435897436,0.9977174581120265,0.9849871010346121,0.9896447090432586,0.9720267819502989,0.9974968710888611,0.0,0.9820033604529557,0.9522054216425092,0.9538084954934152,0.9873205400533095
B0007,34,16,24.0,1.847817291322145,1.8806626717011388,0.9825352090658109,3.565961679108638,1.8575547668336483,4.199009971925293,0.26669381029351313,-1.9680136940585706,-1.993742172224942,-0.0019590482402041375,0.20658857155432495,31.854304304240515,23.932016714666645,39.628948319501816,3.552969052142723,3409.484,183,1.8590746560862206,False,False,False,True,B0007_p1,0,4088.75,5149.046,9936.031,0.5182195989525394,1.8830047135286185,1.6000699660384754,2404.699193210423,31.5483245449075,0.0,5.151191974883122,3.9850000000000003,24.0,0.0,7.8543043042405145,15.628948319501816,1.0089291349500285,0.9172618430449244,1.0001299874785639,0.9278073259553283,0.9106588908422737,0.9602694485489391,0.945592446111255,0.9336854307419595,0.9384615384615385,0.9958775744427353,0.9851224027670412,0.983889175483226,0.9593304737887169,0.9974968710888611,0.0,0.9811903711301954,0.9405883730505663,0.9476833858439473,0.9880718492258544
B0007,36,17,24.0,1.8485252916137047,1.8806626717011388,0.9829116722679647,3.572496559005355,2.1657556124208934,4.1985172274243965,0.2443446202400194,-1.9680499927642312,-1.9946244036549008,0.0004326258514957495,0.20727562782238032,31.856555404576753,23.976819790445433,39.225347214914876,3.5240064913765976,3390.422,182,1.8590746560862206,False,False,False,True,B0007_p1,0,4078.282,5124.485000000001,9989.532,0.5129854932142969,1.8837154778582357,1.5983109479462667,2407.1772502528897,31.877731734386295,0.0,5.126295304310061,3.9850000000000003,24.0,0.0,7.856555404576753,15.225347214914876,1.010778069771685,1.0694516361530153,1.000012624444228,0.8500562066549648,0.9109198922570351,0.9354715029538514,0.9378843072902963,0.928465311896761,0.9333333333333333,0.9969038322980839,0.9840394200436059,0.973951728135421,0.9546938508686097,0.9974968710888611,0.0,0.9815607340460991,0.9361017572715473,0.952786229104605,0.9855421919668642
B0007,38,18,24.0,1.848378951850034,1.8806626717011388,0.982833859396006,3.5699492020415136,2.0270686341513207,4.198245740608724,0.25329366708168694,-1.9680218912213907,-1.994455565707021,-0.0024409084852146062,0.20716884485636725,31.867182607083926,23.980775695020398,39.4126321606434,3.5311983271559155,3390.281,182,1.8593622586957048,False,False,False,True,B0007_p1,0,4058.656,5052.593999999999,10158.782,0.49736218377360586,1.873621744992687,1.5895749057650896,2397.5749911430116,31.64827378798208,0.0,5.132535965131045,3.995,24.0,0.0,7.867182607083926,15.412632160643398,1.0100573377814916,1.0009679092851806,0.9999479610813461,0.8811892547406275,0.9121520518567993,0.9469786119339122,0.9397983531169815,0.928426699119656,0.9333333333333333,0.9929271708767652,0.978660860951279,0.9442893898622431,0.9558560781999421,1.0,0.0,0.9763011224130101,0.9229692587996013,0.9689290343207007,0.9807994470905801
B0007,41,19,24.0,1.8807805437609766,1.8806626717011388,1.000062675811889,3.5464338449590023,1.905311669649934,4.196262462698172,0.2870418502164071,-1.9066656790606797,-1.9992261048783584,-0.0008292148953224378,0.3970264906393026,32.35216872128999,24.35868522365832,39.95874037686836,3.6200786747538674,3591.734,192,1.8701995151941375,False,False,False,True,B0007_p1,0,4044.343,5303.891,10289.312,0.5154757674759983,1.8688221928782478,1.5830404117548842,2438.874414775614,28.79758724840639,4.5724569961380475,5.686505595563617,4.005,24.0,1.0,8.352168721289992,15.958740376868363,1.0034040613264206,0.9408442350570069,0.9994755793234773,0.9985965973242998,0.9683832468460679,0.980532439416215,0.9634531004741756,0.983594499021125,0.9846153846153847,1.010030836045883,0.9746377391023401,0.9786797505703596,1.0590244226566632,1.0025031289111388,4.5724569961380475,0.9738001863895412,0.9688742742883906,0.9813787853686,0.9773406216847789
B0007,45,20,24.0,1.8814721597443598,1.8806626717011388,1.000430427027346,3.5531968089006387,1.7951975189442124,4.1969587758867,0.28839720112764217,-1.9267118604677658,-1.9940266531677509,0.0007573311396121474,0.34743557997528324,32.60219299451182,24.65025766803762,40.31302300333008,3.609319632122495,3552.297,190,1.8701995151941375,False,False,False,True,B0007_p1,0,4185.485000000001,5245.297000000006,10283.077999999994,0.5100901694998335,1.9226264697308402,1.6422167531921992,2504.949857104645,29.15641159378297,3.5561767367797685,5.728817102130991,3.9850000000000003,24.0,1.0,8.602192994511817,16.31302300333008,1.0053175287086722,0.886469790424171,0.9996414288225687,1.0033117592671292,0.9973720431183113,1.002300172944283,0.960589672932222,0.9727946969595314,0.9743589743589743,1.0373951947243651,1.0110711082055814,0.9684546808065698,1.0669042915957188,0.9974968710888611,3.5561767367797685,1.001836355388002,0.9581707701576218,0.9807841960172426,1.0114484631873006
B0007,49,21,24.0,1.8810954313244785,1.8806626717011388,1.0002301101786364,3.5599340214678805,2.1058524852518143,4.197071720130598,0.262396085205122,-1.9260915660103672,-1.993858646326954,0.0013452537587627588,0.3484920989459363,32.19571819720114,24.306273974736932,39.359447242364645,3.5383074860799546,3531.578,189,1.8701995151941375,False,False,False,True,B0007_p1,0,4183.2339999999995,5201.968,10281.39,0.5059596027385402,1.9222490690604281,1.6419836369274006,2507.752089362619,29.1544231457191,3.121852300093252,5.623542711881699,3.995,24.0,1.0,8.195718197201138,15.359447242364645,1.0072237101708188,1.0398714300603973,0.9996683301459737,0.9128558697608149,0.9502437585833675,0.9437108391380337,0.9416903952029438,0.9671208095209797,0.9692307692307692,1.0385557058901589,1.0109275844473853,0.9606124071193882,1.0472985515712532,1.0,3.121852300093252,1.0016397005940945,0.950255759568104,0.9806231971681751,1.0109044950472559
B0007,53,22,24.0,1.8710089649779995,1.8806626717011388,0.9948668589702974,3.5595604968237993,1.846021007590992,4.19690260801443,0.2755055664428783,-1.9468340181835688,-1.9927272592846585,0.0006146261200233335,0.28754259789672953,31.805988160181123,23.946713982155597,39.454159451189874,3.5365956799637424,3492.907,187,1.8701995151941375,False,False,False,True,B0007_p1,0,4159.719,5165.1720000000005,10081.797,0.5123265227419279,1.9102722007426796,1.6304999518428693,2482.527832542355,28.71481831414117,3.127886923334291,5.658741715075975,3.995,24.0,1.0,7.805988160181123,15.454159451189874,1.0071180276285068,0.9115664646641357,0.9996280506277642,0.9584627502447604,0.9050569273258937,0.9495301200442203,0.9412348125876883,0.9565307761633742,0.958974358974359,1.0281093798922083,1.003857371467198,0.9727006100456432,1.053853825879783,1.0,3.127886923334291,0.9953988304649657,0.9435341474918538,0.9615863231859231,1.0052219491506993
B0007,57,23,24.0,1.8701995151941375,1.8806626717011388,0.9944364522865035,3.552385161941813,1.7370300333706354,4.1966416719103465,0.28817671720490146,-1.9364196896718646,-1.9934659604006035,-0.000273936052171472,0.31982012695944373,31.737001978644926,23.7951049382806,39.641748274009444,3.6015349556344587,3511.594,188,1.8701995151941375,False,False,False,True,B0007_p1,0,4154.0,5180.657,10797.328,0.47980917130608614,1.911438002665537,1.628942962597696,2477.1279880899674,28.533877426349584,3.1782883207147776,5.645953223351506,3.995,24.0,1.0,7.737001978644926,15.641748274009444,1.0050878867950055,0.857746645365328,0.9995659002579736,1.002544712598333,0.8970583984775427,0.9610558997550739,0.9585178476012167,0.9616482014524429,0.9641025641025641,1.025873098526624,1.0028987727691139,0.9109633269367526,1.0514721655019716,1.0,3.1782883207147776,0.9960063029864813,0.946362828951815,1.0298325716886003,1.0038399172569121
B0007,61,24,24.0,1.8706715362800985,1.8806626717011388,0.9946874388632371,3.5707670304281067,2.0506492642329937,4.1971302559922,0.2505087558173121,-1.9675984733558025,-1.9930006393050421,-0.00037863003489925804,0.20616966472270115,31.51707667966367,23.718457017715572,38.86906912217273,3.467097459094623,3431.9370000000054,184,1.8701995151941375,False,False,False,True,B0007_p1,0,4158.844,5227.3910000000005,10099.218,0.51760354118507,1.9104392919651738,1.6292513858214888,2479.751011526109,28.46161610072502,3.202266374478917,5.73689913462282,3.995,24.0,1.0,7.5170766796636705,14.869069122172732,1.0102887286266196,1.0126120409119135,0.9996822723539995,0.8715007618941726,0.8715593955002455,0.9135811645476091,0.9227384531464546,0.9398341731840576,0.9435897435897436,1.0269593924899882,1.003088661107587,0.9827195312433888,1.0684094461497262,1.0,3.202266374478917,0.995485897851167,0.954899838919515,0.9632479114262161,1.0050104999625433
B0007,65,25,24.0,1.8596124644020169,1.8806626717011388,0.9888070265785193,3.5657224847439295,1.8254369744762284,4.19652461108806,0.26724293226716145,-1.9680130544442065,-1.9947910338783705,-0.001495415658066508,0.20601669067896197,31.442860781038384,23.64183560576637,39.11839966443177,3.4910890369414163,3431.125,184,1.8701995151941375,False,False,False,True,B0007_p1,0,4120.079,5107.2660000000005,10078.719,0.506737612190597,1.8987506900256186,1.6157163656552704,2462.3024551744943,28.386930544540967,3.205109194329413,5.496785060973603,3.995,24.0,1.0,7.442860781038384,15.11839966443177,1.008861458910523,0.9014020547154967,0.999538018438328,0.9297176792156205,0.8629545127115208,0.9289004616255027,0.9291236072103597,0.9396118074038494,0.9435897435897436,1.0197332803733312,0.9947554932645225,0.9620895320290781,1.0236918838533862,1.0,3.205109194329413,0.9893952366899564,0.9329563219432248,0.9612927482703829,0.9956426967866974
B0007,69,26,24.0,1.860033909718346,1.8806626717011388,0.9890311206293401,3.5712835067487094,2.134879000684994,4.196790308710931,0.24546299726358747,-1.9675572757550353,-1.9956093835681803,0.0005398984445576489,0.2067971048262254,31.32326275303232,23.519892775337357,38.68010761281634,3.477481789559444,3412.406,183,1.8628211117905844,False,False,False,True,B0007_p1,0,4119.891,5156.921,10617.375,0.4857058359528603,1.9001597932620455,1.6154279567109253,2459.0332234036487,28.336534625568376,3.2034252092225834,5.560195827649668,3.995,24.0,1.0,7.323262753032321,14.680107612816343,1.0104348569516717,1.0542047436825819,0.9996013029177675,0.8539469546048502,0.8490878475923551,0.9019710446164928,0.9255021542373876,0.9344856189313243,0.9384615384615385,1.0183793669127896,0.9945779272091229,0.922158705361541,1.035501166274866,1.0,3.2034252092225834,0.9901294879202254,0.9420269178679506,1.0126689307606709,0.9955972654182706
B0007,73,27,24.0,1.8591653109160768,1.8806626717011388,0.9885692627877722,3.5679716274891398,1.970455493406623,4.196693048697735,0.256383090128758,-1.967618505240168,-1.9936520198661494,-8.502750867487407e-05,0.20657115133389814,31.28571570579735,23.467259682273063,38.863045678198645,3.496093238915817,3410.688,183,1.860033909718346,False,False,False,True,B0007_p1,0,4092.797,5168.0470000000005,10564.157,0.4892058116894704,1.8892616385345753,1.6040439793778165,2448.683931523236,28.23465144539435,3.241539414838144,5.549571810648187,3.995,24.0,1.0,7.285715705797351,14.863045678198645,1.0094978161819985,0.9730123007899542,0.999578137301008,0.8919371207405662,0.8447344954602077,0.9132110737964518,0.9304554329359327,0.9340151455195076,0.9384615384615385,1.0140933307531879,0.9875691017568189,0.9288037420383958,1.0335226061060225,1.0,3.241539414838144,0.984450710589051,0.9440593305204227,1.0075930796056327,0.9890498319281025
B0007,77,28,24.0,1.8481398178778288,1.8806626717011388,0.982706705294527,3.5646314038791784,1.8132694309760007,4.197078923354,0.2688392479727567,-1.9678214300979182,-1.9944764248874858,-0.0021454320098209796,0.20655645682563994,31.331850868998004,23.492198340361576,39.14531169811219,3.5126895678617203,3410.718,183,1.8596124644020169,False,False,False,True,B0007_p1,0,4083.0,5191.75,10143.984,0.511805815151128,1.8878936224991834,1.6012724687825648,2443.040205692595,28.256499193062336,3.2659385546403037,5.448479818768364,3.995,24.0,1.0,7.3318508689980035,15.145311698112188,1.008552755853089,0.8953937132250476,0.9996700458265219,0.9352711392099069,0.8500835874894599,0.9305539832325438,0.9348724045036865,0.9340233610039979,0.9384615384615385,1.0117560488150112,0.9858627531377967,0.9717119971811057,1.014695773609935,1.0,3.2659385546403037,0.9837378689525779,0.9483892134164809,0.9675176237943327,0.9866823259894011
B0007,81,29,24.0,1.849201702126164,1.8806626717011388,0.9832713383168726,3.568983888921194,2.0483657324095637,4.196062203382386,0.2510097241436422,-1.9675056354779956,-1.9940826161567085,-0.002512174488189696,0.2070579900700325,31.32285733932258,23.51112503683739,38.8380564174779,3.4937493267933273,3392.719,182,1.8591653109160768,False,False,False,True,B0007_p1,0,4081.594,5128.796999999995,10790.452999999994,0.47530877526643206,1.8871140223412006,1.6006588867638085,2445.013913095212,28.319210692991568,3.2584071606871916,5.424978664086718,3.9850000000000003,24.0,1.0,7.3228573393225815,14.838056417477901,1.0097842186010064,1.0114844313003908,0.9994278810926256,0.8732435923060562,0.849040842334481,0.9116756906650091,0.9298316206919058,0.9290943441592424,0.9333333333333333,1.0125734362646879,0.9854849862866956,0.902418897205123,1.0103190441140717,0.9974968710888611,3.2584071606871916,0.9833316372725144,0.9368894404782206,1.0291768447411218,0.9863425573510614
B0007,85,30,24.0,1.8834677437950846,1.8806626717011388,1.0014915338811976,3.564620688944316,2.181560983985832,4.206531081984383,0.24235648397605905,-1.9683447778186904,-1.9940812941255717,-0.0020329549327671587,0.20521217145448947,31.608436452122476,23.527236127318186,38.95965174080089,3.51820888005486,3470.672,371,1.852085039652352,False,False,False,True,B0007_p1,0,14.75,1424.953,1674.484,0.8509803617114288,0.0368616190666399,0.005384966041040743,,23.703554924939645,0.05680973639804421,,,24.0,0.0,7.608436452122476,14.959651740800894,1.0085497242417216,1.0772563396861325,1.0019213830121576,0.8431396329681974,0.8821520063582206,0.9191467163339468,0.9363413224258438,0.9504417329085745,1.9025641025641025,,0.0033153867004347094,1.6156671189762462,,,0.05680973639804421,0.019207740390983673,0.260299524211577,0.15970971373393622,0.0035644291717716547
B0007,89,31,24.0,1.8628211117905844,1.8806626717011388,0.9905131525291476,3.5694388142217837,2.1177799354077496,4.203187727641822,0.23904274000018072,-1.9788067754387157,-2.003329552797809,0.0016192589541852626,0.14698688650583963,31.782101501165204,23.9542942093336,39.053875772291974,3.380302800718849,3414.109,365,1.849201702126164,False,False,False,True,B0007_p1,0,4110.125,5081.953,10113.656,0.5024842648395397,1.8886256897448574,1.6095931605280211,2461.8931121500086,28.734782385089698,2.86349407353228,5.639410333426845,3.9850000000000003,24.0,1.0,7.782101501165204,15.053875772291974,1.0099129320957922,1.0457612132895124,1.0011250550779258,0.8316113716494343,0.9022874142585658,0.9249360027856204,0.8996387942081245,0.9349519846008958,1.8717948717948718,1.0195637558276038,0.9909855915254592,0.9540141477195417,1.0502536526369926,0.9974968710888611,2.86349407353228,0.9841193323272124,0.9283323365511679,0.9646249857051525,0.9932372508222354
B0007,93,32,24.0,1.852085039652352,1.8806626717011388,0.9848044880781639,3.568742147335628,2.1637448793153697,4.202997027311235,0.2361226467707183,-1.9785908218423578,-1.9938003511879974,-0.0016772567366890668,0.14711734266167353,31.515041989202878,23.73407143959736,38.699551697978606,3.363520252997762,3395.219,363,1.8481398178778288,False,False,False,True,B0007_p1,0,4082.188,5082.280999999994,10137.89,0.5013154611067977,1.8816302194377073,1.5997670250317693,2451.7643603703054,28.82022743543977,2.7962793273079214,5.520122603731088,3.995,24.0,1.0,7.515041989202878,14.699551697978606,1.0097158218680198,1.0684587347391914,1.0010796336284609,0.821452591107111,0.871323485496449,0.9031657226303043,0.8951722620997205,0.9297789678667755,1.8615384615384616,1.0153690537280715,0.984935889690265,0.951795062715359,1.0280381431385706,1.0,2.7962793273079214,0.9804741539282478,0.9283922530845129,0.9669363874280881,0.9864861011427923
B0007,97,33,24.0,1.8469504648208708,1.8806626717011388,0.9820742936053631,3.5642424070467817,2.0456561472058055,4.2027504558714135,0.2435637592164921,-1.9784335668087778,-1.9942339530946611,-0.002490125507280818,0.1472609174758871,31.13866351339678,23.309807963383705,38.6052414906155,3.4075643650648044,3386.0,362,1.8469504648208708,False,False,False,True,B0007_p1,0,4047.985,5198.891,10651.657,0.4880828400689207,1.8727601419388353,1.5862457497459812,2436.1872806511847,28.46526973152355,2.744127321602999,5.424175214696074,3.995,24.0,1.0,7.138663513396779,14.605241490615498,1.0084426957142187,1.0101464362316785,1.0010209046679035,0.8473396510011825,0.8276846866878216,0.89737114138493,0.9068942273223435,0.9272543494828763,1.8564102564102565,1.0089179914033621,0.9766111842206732,0.9266716736564454,1.0101694139918882,1.0,2.744127321602999,0.9758521609132847,0.949693676723267,1.0159386953008078,0.9782207336199377
B0007,101,34,24.0,1.836828431169018,1.8806626717011388,0.9766921302838053,3.5653038098527605,2.1356202266992863,4.202665067816707,0.2380524119042055,-1.9781601679702336,-1.9932621441916,0.00021208804630958597,0.14777650141295554,31.068710515588776,23.305948209951065,38.42604747702835,3.3689280446409944,3368.187,360,1.8371619619672275,False,False,False,True,B0007_p1,0,4029.078,5152.967999999999,10032.485,0.5136282785371719,1.8657632276215048,1.578497765142501,2420.2442568660053,28.200378318530046,2.850960246495756,5.393925949594117,3.995,24.0,1.0,7.068710515588776,14.426047477028348,1.0087430018619665,1.0545707616068563,1.001000566741903,0.8281660961046665,0.8195740613634968,0.886361153182724,0.8966114997775438,0.9223762686419612,1.8461538461538463,1.002315377695462,0.971840947061557,0.9751721171801705,1.0045359524623014,1.0,2.850960246495756,0.9722062300738857,0.9413048140377128,0.9568830203155178,0.973651739562264
B0007,105,35,24.0,1.8371619619672275,1.8806626717011388,0.9768694777705333,3.565432167703823,2.042987153745025,4.20243913428064,0.24360198231062685,-1.9783765899690637,-1.9932668899112056,0.0016978688568831312,0.14769064609715238,31.618244836823447,23.739006255698545,39.0468968949422,3.4394022053585354,3368.266,360,1.836828431169018,False,False,False,True,B0007_p1,0,4016.078,5168.421999999999,10574.297,0.4887721614023134,1.858642999683723,1.5720242978040864,2418.939574668415,28.459241345509497,3.0558864030030257,5.462386850949681,3.9850000000000003,24.0,1.0,7.618244836823447,15.0468968949422,1.0087793185662082,1.0088284853940386,1.0009467533653909,0.8474726262161674,0.8832892290054153,0.9245072085656154,0.9153675972955754,0.9223979027511193,1.8461538461538463,1.0017750590784709,0.9678553977830827,0.9279804157413175,1.0172857449867636,0.9974968710888611,3.0558864030030257,0.9684960433480586,0.9441278326545834,1.0085602172416224,0.9705102087668043
B0007,109,36,24.0,1.8316722583718854,1.8806626717011388,0.9739504515794215,3.5622303163451425,1.9786162394118947,4.202794567899269,0.24837093630083507,-1.9780771457931066,-1.9945447573637072,0.0006200071499489343,0.14807220716513025,31.331528063668397,23.487622777066665,38.836764958613884,3.413453157377257,3358.719,359,1.8316722583718854,False,False,False,True,B0007_p1,0,4005.266,5203.0470000000005,10461.735,0.49734073745893964,1.8581735024122168,1.5694752353665813,2415.316193968331,28.634605591894335,2.8116289482454206,5.373639951738643,3.995,24.0,1.0,7.331528063668397,14.836764958613884,1.007873408348362,0.9770420828750211,1.0010314113735703,0.8640634516439846,0.850046160171644,0.9115963412125814,0.90846147923072,0.9197834617367917,1.841025641025641,1.0002744790503866,0.9662860048399382,0.9442486719949591,1.0007579965971618,1.0,2.8116289482454206,0.9682513991372587,0.9504528630421305,0.997824226454419,0.9678974217698418
B0007,113,37,24.0,1.8211470951317783,1.8806626717011388,0.9683539331827509,3.564481026852489,2.15845357648832,4.203135326288817,0.23693822731644562,-1.9780971417908424,-1.9937887547057833,0.0003106338402807465,0.14843712211776988,31.132569191182142,23.2595984254445,38.49981470604549,3.426266595856784,3339.5,357,1.8211470951317783,False,False,False,True,B0007_p1,0,3992.344,5238.750000000003,9993.062000000005,0.524238716821731,1.8521738994623793,1.5629354942902358,2400.7311236339788,28.364390089817356,2.856809071269172,5.397981543263894,3.9850000000000003,24.0,1.0,7.132569191182142,14.499814706045491,1.0085102091918774,1.0658458857024324,1.0011125740014637,0.8242899333176396,0.8269780870332323,0.8908935385282488,0.9118716667266242,0.91452034852276,1.8307692307692307,0.9942342456155095,0.9622596525057623,0.9953170429923388,1.005291244560847,0.9974968710888611,2.856809071269172,0.9651251442730563,0.9569748142313462,0.9531229150863652,0.9647747401591549
B0007,117,38,24.0,1.816506091511515,1.8806626717011388,0.965886184080215,3.561614556780574,2.092603698932653,4.202837061508687,0.24121089374904708,-1.977978349880126,-1.992201283338572,1.0269396682341148e-05,0.1485468782929041,30.972969676157927,23.021675511770262,38.582340147970775,3.4730985811134674,3331.265,356,1.816506091511515,False,False,False,True,B0007_p1,0,3961.782,5328.563,10602.281,0.5025864717224529,1.8429751277987763,1.5505831519811772,2385.258968836783,28.1594205841221,2.8409214645407985,5.334188142793827,3.9850000000000003,24.0,1.0,6.972969676157927,14.582340147970775,1.0076991894922098,1.0333291701097327,1.0010415326005593,0.8391542123692163,0.8084734923930109,0.8959640435288935,0.9243356006492703,0.9122651980301458,1.8256410256410256,0.9878266366994594,0.9546546293545384,0.9542081972035085,0.9934107024657465,0.9974968710888611,2.8409214645407985,0.9603318763020808,0.9733811666991214,1.011229288208637,0.9573892429152441
B0007,121,39,24.0,1.8113815601504555,1.8806626717011388,0.9631613299965083,3.5630587459190144,2.1528886431678034,4.202745735932991,0.2377592209805917,-1.9784334957218421,-1.9945004268443043,0.00063068070763254,0.14869563071084269,31.1990648511682,23.189779567510282,38.787499833494046,3.4999644177634317,3321.188,355,1.8132041826994056,False,False,False,True,B0007_p1,0,3948.922,5322.639999999999,10667.969,0.498936582961574,1.837169520261325,1.5441667130407553,2373.321316941977,28.01307299015277,2.8311788050186237,5.337216176602003,3.995,24.0,1.0,7.199064851168199,14.787499833494046,1.0081077986218836,1.063097917736621,1.001019780461963,0.8271461073522725,0.8346878550308936,0.9085694072459183,0.9314857142083357,0.9095056167898213,1.8205128205128205,0.9828828001285037,0.9507041910109912,0.947278536397925,0.9939746273052807,1.0,2.8311788050186237,0.9573067079775505,0.9722991983240906,1.0174945088233187,0.9542815439898892
B0007,125,40,24.0,1.8116056333939583,1.8806626717011388,0.9632804758948528,3.5629534367704405,2.0537418826405966,4.203198796599359,0.24427062964618607,-1.9782873833989176,-1.9931746766502974,0.0005017093700327061,0.14888480509231408,31.722267598269813,23.746627825123486,39.31221126031847,3.489535773627038,3321.844,355,1.8116056333939583,False,False,False,True,B0007_p1,0,3944.281,5310.109,10504.781,0.5054944981718325,1.8319542201243004,1.5415709175781032,2376.014360249696,28.536212131076272,3.0385100955793227,5.389663263447434,3.995,24.0,1.0,7.722267598269813,15.31221126031847,1.0080780031619954,1.0141391780445794,1.0011276915080456,0.849798799049836,0.8953500365437677,0.9408085792096066,0.928710219411214,0.909685262050678,1.8205128205128205,0.9839980919890129,0.9491060257322623,0.9597293618822406,1.0037420925672227,1.0,3.0385100955793227,0.9545891352384929,0.9700101310089616,1.0019298878625849,0.9531600174959101
B0007,129,41,24.0,1.8060548955557403,1.8806626717011388,0.9603289961203342,3.563446012076242,2.0793300586339956,4.202901668731174,0.24292877825753523,-1.9781961432676651,-1.9946160382197378,0.001495453213727525,0.148965936617679,31.900827580605675,23.98219553879158,39.40567993360536,3.453732440693354,3311.828,354,1.8113815601504555,False,False,False,True,B0007_p1,0,3943.625,5226.625000000001,10246.781,0.5100748225223122,1.8310535200700233,1.5417981205351443,2378.0923209989196,28.941934192718506,2.889373210931982,5.313029072032441,3.995,24.0,1.0,7.900827580605675,15.405679933605363,1.0082173690951997,1.0267746372466096,1.0010569208994797,0.8451306009114412,0.9160529822362335,0.9465514551548684,0.9191814673531907,0.9069423856288172,1.8153846153846154,0.9848586547224171,0.9492459088171942,0.9684255431107163,0.9894701501668953,1.0,2.889373210931982,0.9541198011926544,0.9547599118934685,0.9773222438699546,0.9530014910188468
B0007,133,42,24.0,1.8132041826994056,1.8806626717011388,0.9641304684690136,3.563998342345823,2.0759793304520757,4.196154302326916,0.25327029403423074,-1.9670969462670498,-1.9952878943511754,0.0009071057750656541,0.2090627886753873,31.5372402498617,23.71372956170196,39.32802757827611,3.5356532818719244,3327.391,179,1.8113815601504555,False,False,False,True,B0007_p1,0,3923.860000000006,5257.063000000009,10166.218999999997,0.51711093376997,1.8261958914883378,1.5346669537119564,2367.040309266797,28.845042154275994,2.8175426746598298,5.211238040895261,3.995,24.0,1.0,7.5372402498617,15.328027578276107,1.008373641694639,1.0251200453268625,0.9994498174340145,0.881107941699894,0.8738972390266345,0.9417803609707827,0.940984001363674,0.9112043051329526,0.9179487179487179,0.9802815954928988,0.9448554306853006,0.9817842692338868,0.9705131323340493,1.0,2.8175426746598298,0.9515886028602057,0.9603200931190627,0.9696383639655578,0.9482251559286743
B0007,135,43,24.0,1.8062641938283535,1.8806626717011388,0.9604402857608224,3.5604902283110547,2.0674349483094465,4.2044772244864275,0.24529230432510515,-1.9781214643703728,-1.9951041266249487,-0.0007153493376797931,0.1489594972779903,31.24662583059252,23.52099861667097,38.6112528181758,3.352701649272975,3312.078,354,1.8113815601504555,False,False,False,True,B0007_p1,0,3935.39,5301.391,10804.922,0.4906459296975952,1.834773067016935,1.5401434332470723,2376.9856272986945,28.650268868340458,4.926132694667928,5.373795083210812,3.995,24.0,0.0,7.246625830592521,14.6112528181758,1.0073810795818319,1.0209008234488517,1.0014321904435648,0.853353126954188,0.8402022617933794,0.897740487682798,0.8922929828801449,0.9070108479995705,1.8153846153846154,0.9844003306871518,0.948227159917676,0.931537942988102,1.0007868874537675,1.0,4.926132694667928,0.9560579714070229,0.9684175933939829,1.0305568757524766,0.9510114520880306
B0007,139,44,24.0,1.7958310249900458,1.8806626717011388,0.9548926833144621,3.5567002097886946,2.037264031192436,4.20211656315423,0.24718150200077496,-1.9780364457328714,-1.9939079880095492,-0.0012469857773277939,0.1494284562122661,30.939399361884792,23.07246859020669,38.569726951286874,3.427249603700407,3293.172,352,1.8062641938283535,False,False,False,True,B0007_p1,0,3905.859,5272.2029999999995,10758.985,0.4900279162021324,1.8259818020792045,1.5294515840889225,2359.733236098229,28.293152961467708,2.955459810593993,5.26064547904256,3.995,24.0,1.0,6.939399361884792,14.569726951286874,1.006308757315552,1.0060024034747916,1.0008699226222457,0.8599255008751843,0.8045812183001043,0.8951890670444568,0.9121332858901341,0.901833449673722,1.8051282051282052,0.9772554580350682,0.9416444601881281,0.9303645856127394,0.9797145096614028,1.0,2.955459810593993,0.9514770458018015,0.963085752615594,1.0261754752017422,0.9438751024018212
B0007,143,45,24.0,1.7858852600390451,1.8806626717011388,0.9496042469028412,3.5584127263446006,2.1632674190148338,4.202901194454151,0.23972404685296034,-1.977935781469453,-1.9931708315999248,0.0005268652442651537,0.1499746649560789,30.884857004354572,22.983640218520346,38.34572083526661,3.4451204067835475,3275.328,350,1.8060548955557403,False,False,False,True,B0007_p1,0,3878.406,5352.000000000001,10317.515,0.5187295584256482,1.816837031801614,1.518282056423849,2339.784669879613,28.158218963844206,3.0240099011415467,5.21532323180647,3.9850000000000003,24.0,1.0,6.884857004354572,14.345720835266611,1.006793285194093,1.0682229645088488,1.0010568079350723,0.8339815859732569,0.7982573631388552,0.8814257462435326,0.9168894478924933,0.8969468794988336,1.794871794871795,0.9689939965618422,0.9347676659449159,0.9848573820245088,0.9712739364647197,0.9974968710888611,3.0240099011415467,0.9467119167088663,0.9776624587480149,0.9840687442194688,0.9372409143304553
B0007,147,46,24.0,1.7803268604502753,1.8806626717011388,0.9466486931651036,3.556136820956992,2.106631526845483,4.201790697233378,0.24353239714133773,-1.9780170042003,-1.9937766833094566,-0.0024226440673283433,0.14992267004756327,30.920682316695828,22.969922978716898,38.482540634946716,3.482820431217398,3265.016,349,1.8002432178056673,False,False,False,True,B0007_p1,0,3850.125,5300.015,10805.734,0.4904817201681996,1.80607722418126,1.5068902142117626,2328.175823127558,28.14052310759905,3.073355579826039,5.125895117187044,3.9850000000000003,24.0,1.0,6.920682316695828,14.482540634946716,1.0061493558811674,1.0402561213442163,1.0007923071172764,0.8472305447453854,0.8024110905648669,0.889832189908424,0.9269229882357056,0.8941229436300009,1.7897435897435898,0.9641863307306413,0.9277539982865582,0.9312261755852286,0.9546193221567697,0.9974968710888611,3.073355579826039,0.9411052288676443,0.968166236229701,1.0306343230661277,0.9304066349130401
B0007,149,47,24.0,1.8150756899575577,1.8806626717011388,0.9651256002841515,3.568999942180493,2.1809272860788376,4.191916354433964,0.23779858875750914,-1.9779140108313502,-1.993416647067197,-0.00017580190974296852,0.14860159467659112,33.880577817079796,26.46604285791351,41.0499421893331,3.252960553213002,3328.937,356,1.7958310249900458,False,False,False,True,B0007_p1,0,3866.516,5271.436999999999,9946.391,0.5299848960291225,1.7976022527284194,1.5083647947451082,2341.934210724432,28.759859696236166,4.844762950869242,5.245228668266067,4.005,24.0,0.0,9.880577817079796,17.049942189333102,1.0097887606018676,1.0769434192164473,0.9984404131217,0.827283064830927,1.1455930006333925,1.0475777543849525,0.8657477398405837,0.911627676433691,1.8256410256410256,0.9698842033406143,0.9286618600356787,1.0062267105038856,0.9768433651848161,1.0025031289111388,4.844762950869242,0.9366891165098862,0.9629458255895474,0.948671506742256,0.9343676219336848
B0007,153,48,24.0,1.8157025154845838,1.8806626717011388,0.9654589006343196,3.571059290544873,2.1773498094527195,4.20342192245769,0.23785906798506715,-1.978162017642311,-1.9946576173158321,-0.0012601283929447712,0.14858283335477085,33.038339318294426,25.38232315092876,40.361944885615415,3.3468582106910603,3329.266,356,1.7904476205609308,False,False,False,True,B0007_p1,0,4016.797,4994.5470000000005,10063.547,0.4963008569443756,1.8487341475191512,1.5726584478836525,2430.7988584871955,30.83734369244914,2.9097375591544186,5.367811499153217,3.9850000000000003,24.0,1.0,9.038339318294426,16.361944885615415,1.0103714187319333,1.0751768587563664,1.001180836145327,0.8274934674283276,1.0479405609749939,1.0053060174812118,0.8907378014807906,0.9117177729136025,1.8256410256410256,1.0066864404426854,0.9682458278663645,0.9422743599771514,0.9996725367254476,0.9974968710888611,2.9097375591544186,0.9633327687885324,0.912365676448528,0.9598456661980723,0.9706839595854146
B0007,157,49,24.0,1.8002432178056673,1.8806626717011388,0.9572387674272661,3.5666921284622095,2.180136101967249,4.202807443974011,0.23760527129618003,-1.9779553399945098,-1.9927642557550822,-0.000769330814282425,0.1492321114384013,32.27329169539202,24.501910100578034,39.6676965288026,3.3756627697109653,3301.579,353,1.7858852600390451,False,False,False,True,B0007_p1,0,3963.907,5028.4839999999995,10376.172,0.48461841226224844,1.834030847158745,1.5518856641801781,2405.0758368719225,30.256179923768244,3.0913317145537498,5.269603121605093,3.9850000000000003,24.0,1.0,8.273291695392018,15.667696528802601,1.009135803361173,1.076552731948787,1.0010344782270804,0.8266105281992787,0.9592379346535665,0.9626502051306915,0.8984038894829819,0.9041357022774145,1.8102564102564103,0.9960335569361393,0.955456553004346,0.9200941281041011,0.9813827331571385,0.9974968710888611,3.0913317145537498,0.955671217739926,0.9185650282539335,0.989663358846119,0.9579027623721942
B0007,161,50,24.0,1.7904476205609308,1.8806626717011388,0.9520301793098256,3.563327431073248,2.1286295199076855,4.203276539809248,0.24105488010739884,-1.9779914337720734,-1.9950332824030974,-0.0006536943792753395,0.14961359454639447,31.937919783481355,24.043121291612863,39.481181404811096,3.443436671543625,3283.563,351,1.780343032300132,False,False,False,True,B0007_p1,0,3911.5459999999966,5175.593999999997,9756.858999999997,0.5304569841585288,1.8200980662052824,1.5315437704963537,2372.6719201332503,29.511842412811585,3.11745746994222,5.20775479119653,3.9850000000000003,24.0,1.0,7.937919783481355,15.481181404811096,1.008183818586378,1.051118745703831,1.001146208567079,0.8386114528671832,0.9203535979268462,0.9511903953213602,0.9164413361018313,0.8992020299914477,1.8,0.9826138601627269,0.9429325661737857,1.0071230146987402,0.9698644305189934,0.9974968710888611,3.11745746994222,0.9484111666012405,0.94543795880446,0.930594235497251,0.9452494012967265
B0007,165,51,24.0,1.780343032300132,1.8806626717011388,0.9466572921818757,3.5590146214829015,2.155901281560187,4.202580870413733,0.24277115965808288,-1.9721889844228178,-1.994232501388858,0.0007008105306003851,0.18321554183214092,31.688686599521045,23.724772219746917,39.419051143069204,3.496381532348714,3275.125,350,1.7803268604502753,False,False,False,True,B0007_p1,0,3882.25,5257.719,10610.906,0.4955014208965756,1.810882099686112,1.518923446571303,2347.127921615665,29.200173089787796,3.1354371660020526,5.309349368341886,3.9850000000000003,24.0,1.0,7.688686599521045,15.419051143069204,1.0069635813430322,1.0645855606818333,1.000980512408109,0.8445822578842155,0.8914565236507902,0.9473730052474139,0.9305321597771773,0.8968912880537818,1.794871794871795,0.9720351169431646,0.9351625535539467,0.9407565546384276,0.9887848618099336,0.9974968710888611,3.1354371660020526,0.9436089387872044,0.9604399261857537,1.0120519274700186,0.9381698408210513
B0007,169,52,24.0,1.775328769596812,1.8806626717011388,0.9439910709723144,3.5566945836342914,2.067103728219671,4.203244171517053,0.24879599446153314,-1.9723254573804139,-1.9927179646840105,0.00015040857434587754,0.18341975964719076,31.779120691032947,23.738337987235628,39.72196117128354,3.555534379207058,3265.656,349,1.775328769596812,False,False,False,True,B0007_p1,0,3859.672,5316.266,9978.078,0.5327945923052516,1.8002698132279844,1.5080325220891573,2330.771101731126,29.003660704014656,3.171361643957656,5.116967185313807,3.9850000000000003,24.0,1.0,7.779120691032947,15.721961171283539,1.0063071654893894,1.0207372667368637,1.001138499011759,0.8655421964075721,0.9019418074239304,0.9659843180374349,0.946275186055859,0.8942982072991293,1.7897435897435898,0.9652611345015336,0.9284572882081014,1.0115611860005025,0.9529566318210828,0.9974968710888611,3.171361643957656,0.9380791208246793,0.9711348447157088,0.9516937641654903,0.9327137267979827
B0007,173,53,24.0,1.7702629734732853,1.8806626717011388,0.9412974480277251,3.555013984911923,2.0619831864543094,4.202697222668131,0.2513247440204203,-1.9668382736785281,-1.9937154240389596,-0.0009153700172719097,0.21152672057298152,32.133873372089305,24.06931067212055,40.041366724781085,3.5837263034233016,3266.093,349,1.7702629734732853,False,False,False,True,B0007_p1,0,3835.204,5296.5160000000005,10246.984,0.516885358657728,1.794832004178584,1.5001683138300317,2322.0410906099146,29.209813810542578,3.116233849142283,5.159888566446782,3.9850000000000003,24.0,1.0,8.133873372089305,16.041366724781085,1.005831668227293,1.0182087396317971,1.0010082254594024,0.8743395223134854,0.9430732266483787,0.98560914425417,0.9537782265239836,0.8944178795232061,1.7897435897435898,0.9616457042120417,0.9236154950987219,0.9813559934379851,0.9609500805410557,0.9974968710888611,3.116233849142283,0.9352456038180659,0.967527065649888,0.9773416056983674,0.9268008825284975
B0007,177,54,24.0,1.760081061854204,1.8806626717011388,0.9358834459462825,3.5526373754067415,2.143037413381466,4.202581421564202,0.24843977298975742,-1.960929600351624,-1.9925505277409798,0.00014659719067076842,0.2366096302019096,31.889431533099835,23.857377552308677,39.66314441864834,3.5516310641707514,3257.594,348,1.760081061854204,False,False,False,True,B0007_p1,0,3816.718,5324.016,10437.047,0.5101075045460655,1.7899253522051646,1.4928878718245366,2310.4044499498495,29.18041772363144,3.0141674419104163,5.086810119760307,4.005,24.0,1.0,7.889431533099835,15.663144418648344,1.0051592463708763,1.0582333735781315,1.000980643682413,0.8643029292089358,0.9147316797274867,0.962370515658425,0.9452363520105982,0.8920904327670764,1.7846153846153847,0.9568265278643606,0.919133112031801,0.9684875930398751,0.9473403410428358,1.0025031289111388,3.0141674419104163,0.9326888605257009,0.9725505554883727,0.9954695229083336,0.9223336257373536
B0007,181,55,24.0,1.749647593537689,1.8806626717011388,0.9303356842591334,3.547186025484395,1.9929057988209282,4.201275185814673,0.2591347484640653,-1.9607588424014128,-1.994265959280498,-0.0009119903753978465,0.23690268546827994,31.81736328028127,23.739137412822192,39.84751541049116,3.610373519382387,3248.593,347,1.749650075059311,False,False,False,True,B0007_p1,0,3796.858999999997,5155.827999999994,10805.827999999994,0.47713400583462895,1.7785719643291364,1.4833095630504705,2294.3918331881614,29.11844804300408,3.0918273213033167,5.06049450421831,3.9850000000000003,24.0,1.0,7.8173632802812705,15.847515410491162,1.0036168782086818,0.9840982773053865,1.000669521405363,0.9015099291953798,0.9063758034290269,0.9736985863031021,0.9608701560485625,0.8896255135704741,1.7794871794871794,0.9501950930528317,0.913235990809462,0.9058842709625801,0.9424394613922539,0.9974968710888611,3.0918273213033167,0.9267728716895445,0.9418272569809144,1.0306432886418453,0.9175345749629655
B0007,185,56,24.0,1.749650075059311,1.8806626717011388,0.9303370037523415,3.546814755244375,2.0335961968180234,4.202508747096239,0.2566708502475146,-1.9607439129501683,-1.9932021181710204,0.0010974883571477682,0.23725449124295286,31.72316205746117,23.58399487368775,39.743357771631004,3.6410744013520295,3238.766,346,1.749647593537689,False,False,False,True,B0007_p1,0,3783.0,5424.014999999999,10805.375,0.5019737861943708,1.7776541036612543,1.4777959476348406,2280.398042008161,28.993570388420174,3.029350459193793,5.063655315311929,3.995,24.0,1.0,7.72316205746117,15.743357771631004,1.0035118335122424,1.0041912242954063,1.0009633339081518,0.8929382161390922,0.8954537436556331,0.9672989619403035,0.9690409342493858,0.886934394700903,1.7743589743589743,0.9443997308483012,0.909841397959484,0.9530449554807454,0.9430281139640826,1.0,3.029350459193793,0.9262945956433432,0.990817608592323,1.0306000821971613,0.9141854614787911
B0007,189,57,24.0,1.745028739214683,1.8806626717011388,0.9278797125463393,3.5447850172972655,2.0213017345171265,4.202333230196108,0.2590391092431144,-1.9550964299704847,-1.9932663431900044,0.0017748697671920149,0.2595637502376604,31.957150654392294,23.708228344468015,40.07246786936068,3.721644074023953,3240.14,346,1.745028739214683,False,False,False,True,B0007_p1,0,3756.625,5443.218999999999,10685.968,0.5093800580349855,1.769159563077764,1.4676346403899414,2265.5759360396696,28.9660427547404,3.1937477661506755,5.018486541642981,3.9850000000000003,24.0,1.0,7.957150654392294,16.07246786936068,1.0029375531538332,0.998120210212419,1.0009215288835618,0.9011772076757117,0.9225833006344726,0.9875200520353047,0.9904838662721911,0.8873106638905631,1.7743589743589743,0.9382613319243477,0.9035853393990371,0.9671064666806226,0.9346161228646302,0.9974968710888611,3.1937477661506755,0.9218682862624831,0.9943256485508052,1.0192112258164325,0.9078117788072333
B0007,193,58,24.0,1.7396457455286727,1.8806626717011388,0.9250174269450936,3.5465215420964156,2.0789964919635966,4.202490707154508,0.25599663439330134,-1.955058998571939,-1.9938941800121164,0.0005136007463939187,0.2597754002497576,32.29917704213345,24.21598770999788,40.247716114003914,3.631661556788779,3230.109,345,1.7396457455286727,False,False,False,True,B0007_p1,0,3752.156,5392.313,10588.64,0.5092545407153327,1.7646229903533945,1.4649086379425125,2263.960141752624,29.3765147762846,3.172885162649976,5.0470191789506815,3.995,24.0,1.0,8.29917704213345,16.247716114003914,1.0034288737627142,1.0266099217914684,1.0009590371127601,0.8905926708558106,0.9622391834261528,0.9982876054114165,0.9665357858552388,0.8845636797264572,1.7692307692307692,0.9375921699352205,0.9019070089897683,0.9668681601163945,0.939929888804689,1.0,3.172885162649976,0.9195043827400421,0.9850265295065179,1.0099282305663753,0.9067318171822403
B0007,197,59,24.0,1.7285642277717963,1.8806626717011388,0.9191250795700842,3.540832547654255,1.9925354808829658,4.202290557382721,0.2637981986834192,-1.9491545130405272,-1.9929599237339224,-0.0018160550004962658,0.27992445983861897,32.128842946565555,24.018596493562136,40.27220819224188,3.646211067036828,3229.7810000000027,345,1.7285642277717963,False,False,False,True,B0007_p1,0,3736.344,5397.25,10736.094,0.5027200767802518,1.7589494407419461,1.4581378552180362,2249.5487957734645,29.326964606810204,3.1360915469086983,4.966415335271785,3.995,24.0,1.0,8.128842946565555,16.272208192241877,1.0018192680636704,0.9839154140486185,1.0009113649733534,0.9177337150904578,0.9424899793548598,0.9997924407965357,0.9704080140630462,0.8844738570960295,1.7692307692307692,0.931623882376135,0.8977384101861399,0.9544618591075041,0.9249186595741142,1.0,3.1360915469086983,0.916548026758091,0.9859283829367942,1.0239921667574192,0.902910749110101
B0007,201,60,24.0,1.723900324588418,1.8806626717011388,0.9166451541408419,3.542992511358393,2.14041602578448,4.20313824854604,0.25433595231008316,-1.9485230174751031,-2.002837999763986,0.0002657157345997756,0.2810230250199101,32.021134355757404,23.868157730931408,39.89848456781458,3.6712023779065106,3212.469,343,1.723900324588418,False,False,False,True,B0007_p1,0,3723.219,5474.25,9790.859,0.5591184593711338,1.7535883783856707,1.4518773733488388,2233.896666641269,29.227532412342384,3.0457797298257,4.970971388986292,3.9850000000000003,24.0,1.0,8.021134355757404,15.898484567814577,1.0024303936190309,1.056938930549329,1.001113270031504,0.8848152851669683,0.9300018222832551,0.9768302189373266,0.9770592385544439,0.8797329748461035,1.758974358974359,0.9251417392294802,0.8938839906467665,1.061539550221638,0.9257671546777438,0.9974968710888611,3.0457797298257,0.9137545006849943,0.9999941544845515,0.9338371033102336,0.8997390112877619
B0007,205,61,24.0,1.7139788776485192,1.8806626717011388,0.9113696482836834,3.5360811169860216,2.006753861515003,4.202703239422359,0.2648942463001822,-1.9431227050969846,-1.994963835157279,0.00032219947807198153,0.29989514018536995,31.859048861486652,23.679272417109907,40.0571305311587,3.723390766043564,3213.219,343,1.7139788776485192,False,False,False,True,B0007_p1,0,3680.625,5505.545999999999,10274.359,0.5358529909262465,1.7436846343049115,1.4372617369349463,2218.4391006928604,29.12070979710154,3.1268894196678794,4.889089689959373,3.995,24.0,1.0,7.859048861486652,16.0571305311587,1.000474930332292,0.9909364603491203,1.0010096585439558,0.9215467807454477,0.9112089934448648,0.98657769961361,0.9909487334734494,0.8799383619583634,1.758974358974359,0.9187401721116663,0.8848855148503169,1.0173678465428515,0.9105179444939395,1.0,3.1268894196678794,0.9085938878302507,1.0057110685931048,0.9799525911801434,0.8894459064645455
B0007,209,62,24.0,1.7139701997004613,1.8806626717011388,0.9113650339803379,3.5392436935272635,2.121868132176415,4.202907102508285,0.25696742774933107,-1.9430080085541772,-2.0016459444206927,0.0004335128310188525,0.3003153138279422,32.16100333536097,23.840345275714288,40.240711749549135,3.792421226705538,3203.578,342,1.7139701997004613,False,False,False,True,B0007_p1,0,3675.828,5626.812,10711.063,0.5253271313967623,1.739442178100415,1.4326909463126372,2196.8903353823953,29.023105935768037,3.2208764666228547,4.880899555325123,3.9850000000000003,24.0,1.0,8.161003335360967,16.240711749549135,1.001369728398312,1.0477799677131832,1.0010582151291838,0.8939699865374977,0.9462187811500326,0.9978572452198715,1.0093206025203179,0.8772981790926325,1.7538461538461538,0.9098160072139472,0.8820713952580702,0.997383501538052,0.90899265757445,0.9974968710888611,3.2208764666228547,0.9063832416497677,1.0278630147296028,1.0216047483978086,0.8882866816010209
B0007,213,63,24.0,1.7036521173638766,1.8806626717011388,0.9058786261881039,3.5348237062932575,2.0119648758828452,4.201457080806326,0.2662038409344857,-1.9425165961920092,-1.9940444299252393,0.0008557352401421723,0.3009740923792116,32.10276048728767,24.239122695185117,40.12941739090177,3.6038326573225334,3195.125,341,1.7040137474382486,False,False,False,True,B0007_p1,0,3667.141,5498.390000000001,10806.015,0.5088267969274521,1.7331425695161469,1.4288192325436475,2196.4314427154627,29.46574411938269,3.15239177885654,4.937280039327221,3.9850000000000003,24.0,1.0,8.102760487287668,16.12941739090177,1.0001191670356868,0.9935096628885685,1.0007128455786658,0.9261027601077033,0.9394658765805866,0.991019128526405,0.9591293613317825,0.8749833294127215,1.7487179487179487,0.9096259622730395,0.8796876795132041,0.9660560478697204,0.9194926577091561,0.9974968710888611,3.15239177885654,0.9031006607616987,1.0044038652009526,1.0306611244148172,0.8861874140610086
B0007,215,64,24.0,1.7040137474382486,1.8806626717011388,0.9060709148317897,3.5366477402090606,2.0744390946376323,4.204304103661928,0.2616558182168718,-1.9370190075205085,-1.99394242124594,0.0009344669590898851,0.3186080584168873,32.33880662180898,24.100749099673767,40.3959693732437,3.7734678513608726,3195.3129999999946,341,1.7036521173638766,False,False,False,True,B0007_p1,0,3660.875,5478.8589999999995,10481.047,0.5227396652261934,1.7306025666204339,1.426270024284751,2190.355471483887,29.509744013346197,2.645256927812291,4.786898484301234,3.9850000000000003,24.0,0.0,8.338806621808978,16.3959693732437,1.000635246883536,1.0243594758044423,1.0013909561218566,0.910280537644537,0.9668339925491424,1.0073965404840428,1.004276323132796,0.8750348131155266,1.7487179487179487,0.9071096710422818,0.8781181967915359,0.9924709510241434,0.8914864002961934,0.9974968710888611,2.645256927812291,0.901777123775301,1.0008360913814816,0.999666175372193,0.884673196217597
B0007,219,65,24.0,1.6935716157343033,1.8806626717011388,0.9005185465835807,3.5352062840980913,2.188793384556236,4.20220228055958,0.25544791069144723,-1.9310192096578356,-1.994068391906693,0.002218898125991317,0.33583111935932713,32.21373014824893,23.89454515016851,40.18751058333668,3.806474467128874,3186.297,340,1.6935716157343033,False,False,False,True,B0007_p1,0,3634.625,5531.625,10153.36,0.5448073347148136,1.7226447427960885,1.4158366091609185,2170.487852398535,29.387918001266215,3.0649555980401786,4.775231599562042,3.9850000000000003,24.0,1.0,8.213730148248928,16.18751058333668,1.0002274110182128,1.0808277041461727,1.0008903389937505,0.8886837031525661,0.9523321349344378,0.9945884741230188,1.0130607527419129,0.8725657861766806,1.7435897435897436,0.8988817328616824,0.8716946083272745,1.0343685195103236,0.889313622011272,0.9974968710888611,3.0649555980401786,0.8976304851314888,1.0104749810112084,0.9684118922829952,0.8783297205729186
B0007,223,66,24.0,1.6876577363877656,1.8806626717011388,0.8973739744944307,3.5329852237553396,2.1739523632140685,4.202001482736379,0.25706788640824413,-1.9304738354803441,-1.9931157642861432,-0.0005031657572301142,0.33610450717728846,32.09949526722965,23.747372758256024,40.14605167557969,3.8368014709408094,3176.438,339,1.6876577363877656,False,False,False,True,B0007_p1,0,3614.688,5611.468999999999,10662.468,0.5262823766505089,1.7134941199493157,1.4061351950190455,2146.8968922279614,29.24631551480774,3.100665799527878,4.689697724255082,3.995,24.0,1.0,8.09949526722965,16.14605167557969,0.9995989991921933,1.0734991974275307,1.0008425124999467,0.8943194745124627,0.9390872941420648,0.9920411675688363,1.0211320264560644,0.8698659041236529,1.7384615384615385,0.8891118172482122,0.8657216942594341,0.9991971254669668,0.8733842500283783,1.0,3.100665799527878,0.8928623063995978,1.0250602727444438,1.0169698318868712,0.8735118206137585
B0007,227,67,24.0,1.6830744356583152,1.8806626717011388,0.894936907603905,3.532158560934324,2.1783847786257136,4.202600613133091,0.25743321846075945,-1.9305510314753316,-1.9932876007572093,0.0026672247503980754,0.3367955832619307,32.11305439113157,23.732576134274755,40.18846095484838,3.8534531796730453,3167.593,338,1.6830744356583152,False,False,False,True,B0007_p1,0,3604.735,5666.625,10494.625,0.5399549769524876,1.7082999092418372,1.400391216839423,2132.3239486847515,29.172752711612734,3.1435015234127377,4.663626442453209,3.9850000000000003,24.0,1.0,8.11305439113157,16.18846095484838,0.9993651087918031,1.0756879272578532,1.0009852147750469,0.8955904367232354,0.9406593922242144,0.9946468665822426,1.0255637368821802,0.8674437054464006,1.7333333333333334,0.8830766059796762,0.8621852729117097,1.0251558569873807,0.8685288737882337,0.9974968710888611,3.1435015234127377,0.8901557228763688,1.0351357493092244,1.0009612241711539,0.8711066163055116
B0007,231,68,24.0,1.6779270142025482,1.8806626717011388,0.8921998822281044,3.5308376380023527,2.191481814157953,4.202328519159183,0.25735132818647616,-1.9247195409983122,-1.9932567265208059,0.0005503459303460755,0.3526649608118804,32.20371989479744,23.784085634385107,40.2789498830108,3.8766566501795,3167.719,338,1.6779270142025482,False,False,False,True,B0007_p1,0,3579.734,5704.030999999999,10467.75,0.5449147142413603,1.7025273517660244,1.3918610721073021,2118.340007941298,29.21475971618361,3.124034020906606,4.727135330180789,3.9850000000000003,24.0,1.0,8.203719894797437,16.278949883010803,0.9989913757708071,1.0821552525638007,1.0009204067978006,0.8953055467352715,0.9511715068314163,1.0002066618653256,1.0317391428912013,0.8674782104812604,1.7333333333333334,0.8772853232163013,0.8569334796446548,1.034572389749989,0.880356429750148,0.9974968710888611,3.124034020906606,0.8871477761774733,1.0419687915237101,0.9983979279219216,0.8650649692734123
B0007,235,69,24.0,1.6732060275966172,1.8806626717011388,0.8896896039751412,3.5296958440720005,2.1753473356526807,4.202855889678493,0.25903317835716594,-1.9245739020356052,-1.9933610066273437,0.002600197507149313,0.35306848458191703,32.23340825772458,23.83125634938924,40.310727434969614,3.8809728822466507,3159.077999999994,337,1.6732060275966172,False,False,False,True,B0007_p1,0,3574.156,5712.109,9904.406,0.5767240357473229,1.6971781299761945,1.3876566804037336,2105.735562308662,29.26292921590928,3.1368103854297082,4.647729774784198,3.995,24.0,1.0,8.233408257724577,16.310727434969614,0.9986683243007953,1.0741880357933677,1.0010460171379523,0.9011565745780544,0.9546136922379016,1.0021591292784813,1.032887871286654,0.8651118770985412,1.7282051282051283,0.872065341948263,0.8543449425524626,1.0949654107249613,0.8655683633275612,1.0,3.1368103854297082,0.8843604199507407,1.0434444188297205,0.9446670418855484,0.863717010905945
B0007,239,70,24.0,1.6674367208253988,1.8806626717011388,0.886621905095363,3.5281819372126093,2.1832922624558813,4.202212609390717,0.2590267647030847,-1.9243785304854075,-1.9942955362628867,5.813877826634093e-05,0.353697587121458,32.212169716369466,23.780373043169558,40.31733812871393,3.897110967912235,3148.829,336,1.6674367208253988,False,False,False,True,B0007_p1,0,3556.359,5688.1720000000005,10805.656,0.5264069113434668,1.6923842429794251,1.3806191329826885,2091.6948933282556,29.24635618901523,3.1181820915922884,4.583592904237475,3.995,24.0,1.0,8.212169716369466,16.317338128713928,0.9982399897095997,1.0781112462055071,1.000892799138838,0.9011342619670637,0.9521512123333338,1.0025653016649148,1.0371828853090446,0.86230519374714,1.7230769230769232,0.86625056586016,0.850012103506573,0.9994335664209969,0.8536238552003311,1.0,3.1181820915922884,0.8818624358895633,1.0390717906019458,1.030626883545851,0.8594162552469606
B0007,243,71,24.0,1.6622662630667526,1.8806626717011388,0.8838726306845675,3.5265730179666974,2.192864020990023,4.202335745153063,0.25895117983184,-1.9184028799161776,-1.9951017113211473,-0.0006209850775538972,0.36885103516009277,32.21746401954225,23.770282871894263,40.332563430145015,3.918876824662239,3149.094,336,1.6622662630667526,False,False,False,True,B0007_p1,0,3543.797,5718.967999999999,10777.328,0.5306480418894182,1.6873219346761954,1.3748355763398008,2076.4123624921062,29.246890579031508,3.138143989544375,4.634310742130076,3.995,24.0,1.0,8.217464019542248,16.332563430145015,0.9977847729548902,1.082837787264199,1.0009221279018745,0.90087130799301,0.9527650546379292,1.0035007703548315,1.0429756826635646,0.8623777638601385,1.7230769230769232,0.8599214874525893,0.8464513147051389,1.0074857559645942,0.8630692743755993,1.0,3.138143989544375,0.8792245836701105,1.0446973685316172,1.027925002386846,0.8563805698736864
B0007,247,72,24.0,1.6574243065763063,1.8806626717011388,0.8812980294212445,3.5245022548553444,2.1560972126643922,4.201997273379946,0.26179245053019967,-1.9181664471622712,-1.9939693898192545,-0.0008196546730972273,0.36930143578125346,32.23410177209762,23.76194654931583,40.431258866851486,3.9425202907421366,3140.547,335,1.6574243065763063,False,False,False,True,B0007_p1,0,3527.125,5691.719000000001,10745.86,0.529666215640256,1.6815462324926305,1.3680303015499569,2063.2635985628312,29.227147864241523,3.1547576808681193,4.554363546734582,3.995,24.0,1.0,8.234101772097617,16.431258866851486,0.997198885213341,1.064682311598125,1.0008415099056152,0.9107558709907753,0.9546941010182687,1.009564787628608,1.049268189746213,0.8600371723288243,1.7179487179487178,0.854476083234973,0.8422614800136853,1.005621665488841,0.8481803358132624,1.0,3.1547576808681193,0.8762149983364605,1.0397197294549314,1.0249236328474658,0.8523516774566168
B0007,251,73,24.0,1.652538684928734,1.8806626717011388,0.8787002101944965,3.5228548406546385,2.138540138129487,4.201599523927098,0.26334902608175864,-1.9180994998619483,-1.9959097500887342,-0.0005785652845972775,0.36972121910128913,32.228343983674435,23.751263650793735,40.46247985933005,3.9516136358563108,3131.625,334,1.652538684928734,False,False,False,True,B0007_p1,0,3513.344,5685.578000000001,10806.781,0.5261120772226254,1.6779281833563182,1.3628751602256575,2049.705137798125,29.24258075677239,3.12936398559658,4.548370731709341,3.995,24.0,1.0,8.228343983674435,16.462479859330053,0.9967327769558798,1.056012615913289,1.0007467730133581,0.9161710780349505,0.9540265204132838,1.011483059070656,1.0516883060837476,0.85759388724138,1.7128205128205127,0.8488610079450339,0.8390875905489821,0.9988737958128506,0.8470642659588432,1.0,3.12936398559658,0.8743297162926503,1.0385979385059083,1.0307341843190745,0.8490214131572144
B0007,255,74,24.0,1.6472174627573322,1.8806626717011388,0.8758707702042889,3.5222829121237855,2.1646493163558524,4.20196227209543,0.2622165090473685,-1.9179522150901998,-1.9950531920364833,0.0007067950076479342,0.3704409853164542,32.1833106060944,23.692389087728426,40.40103455658551,3.954583146041962,3121.907,333,1.6472174627573322,False,False,False,True,B0007_p1,0,3495.656,5848.985,10806.593999999997,0.5412422267367499,1.6733466884732024,1.3557312233642365,2036.558380833067,29.205804963938984,3.124275981667111,4.475812393745744,4.005,24.0,1.0,8.183310606094402,16.401034556585508,0.9965709593566422,1.0689053463823492,1.0008331732180438,0.9122311380711396,0.9488051737364339,1.0077077540548476,1.0524786159229254,0.8549326179654572,1.7076923076923076,0.8434164348877815,0.8346892502291752,1.0275998230809804,0.8335513887305549,1.0025031289111388,3.124275981667111,0.871942404868309,1.0684478804709001,1.0307163485461028,0.8447469980256688
B0007,259,75,24.0,1.6364136810898071,1.8806626717011388,0.8701261027367561,3.5189923820688493,2.1187211383693167,4.202045571197949,0.26579878809823443,-1.9116539768893375,-1.993252278498655,0.002584297365125661,0.38501324372590207,32.17200142078129,23.642375027314003,40.4426971996319,3.989270609895539,3122.125,333,1.641119179218384,False,False,False,True,B0007_p1,0,3487.641,5776.2339999999995,10429.547,0.5538336420555945,1.6664038144446285,1.3502086414604972,2019.00615223677,29.15027468636607,3.129432480339055,4.604694689533321,3.995,24.0,1.0,8.172001420781292,16.4426971996319,0.9956399589868672,1.046225979970216,1.0008530135925409,0.9246936123346099,0.947493942371486,1.0102675784554012,1.0617103889311699,0.854992317152754,1.7076923076923076,0.8361473881438484,0.8312891369404051,1.0515058221232116,0.8575537389601209,1.0,3.129432480339055,0.8683246331782738,1.055158283771278,0.9947541844201757,0.8428101234621603
B0007,263,76,24.0,1.6362554312048496,1.8806626717011388,0.8700419569261656,3.5177844279570794,2.1377868706438155,4.204697039833386,0.26600215117219994,-1.9115865510736891,-1.9934424013813434,0.0016296703790506485,0.3850783041628466,32.03316223587618,23.617774403005388,40.26214977673693,3.9283211145844676,3121.672,333,1.6364136810898071,False,False,False,True,B0007_p1,0,3469.5,5853.062,10807.094,0.5415944378757139,1.662100077140783,1.3430362855528377,2001.0104574977588,29.069744196379535,3.1021040540249913,4.500403534995547,3.995,24.0,1.0,8.033162235876183,16.262149776736933,0.9952981886015634,1.0556406519020256,1.001484546575527,0.9254010968827002,0.9313963819468319,0.9991744344590168,1.045489199972126,0.8548682633369491,1.7076923076923076,0.8286946851705621,0.8268732997362687,1.0282685294128362,0.8381311115017518,1.0,3.1021040540249913,0.866082054828858,1.0691926356735002,1.030764037778647,0.8384262380652038
B0007,265,77,24.0,1.641119179218384,1.8806626717011388,0.8726281453408773,3.5212226057273495,2.103155697792567,4.203964293328523,0.267463244027458,-1.917648718820213,-1.993721164618022,-0.0003124695442695881,0.37032820729133353,32.506671891788216,24.167910537487234,40.645668361956844,3.863021171137795,3120.86,333,1.6362554312048496,False,False,False,True,B0007_p1,0,3467.578,5828.922,10719.016,0.5437926391750885,1.6557177581420521,1.3397808067105732,1989.2388994780129,29.345336772449535,5.036494097565306,4.703387107710583,4.005,24.0,0.0,8.506671891788216,16.645668361956844,0.996270963419612,1.0385397545268753,1.0013100193041862,0.9304841269444685,0.9862969512847365,1.0227384755453803,1.0281101763024918,0.8546458975567424,1.7076923076923076,0.823819634402792,0.8248689841705006,1.0324420235615703,0.8759336876692727,1.0025031289111388,5.036494097565306,0.8627563754494895,1.0647829249570993,1.0223632933306512,0.8379617748199057
B0007,269,78,24.0,1.6315700789656966,1.8806626717011388,0.867550626444812,3.5172227884430147,2.186737546753024,4.201985395805308,0.26251805234594217,-1.9111337702474194,-1.9950801271316676,0.0010705188392996711,0.3859863634088458,31.961039485620926,23.553024490779926,39.95209030011925,3.9075613618643468,3103.828,331,1.6315700789656966,False,False,False,True,B0007_p1,0,3480.109,5850.156000000003,10806.437000000005,0.541358451448891,1.6673670770347373,1.3473614587142446,2007.0973870857433,29.227318696670796,3.083531305386824,4.6221041348036325,3.995,24.0,1.0,7.961039485620926,15.952090300119252,0.9951392821073072,1.0798125300010841,1.0008386808771885,0.913280184095873,0.9230341870015092,0.9801238472702735,1.0399641686343368,0.8499816931620605,1.6974358974358974,0.8312155146743109,0.8295361989016707,1.0278204867464042,0.8607959810394301,1.0,3.083531305386824,0.8688265671200712,1.0686617898018411,1.0307013741270847,0.8409899688505139
B0007,273,79,24.0,1.621213282987236,1.8806626717011388,0.8620436335458184,3.5125010864221813,2.1007747911593695,4.20178017149305,0.26841940308331047,-1.9108556098369367,-1.9937540476262585,0.0012645403116355951,0.3864575673331354,31.798082670491866,23.15836420422582,40.165034583244065,4.039383392805075,3095.094,330,1.621213282987236,False,False,False,True,B0007_p1,0,3431.375,5897.687,10805.265,0.5458160443080294,1.6532443830262529,1.3279064660930235,1963.4185450650623,28.734579293571617,3.1782143805999787,4.46327805206282,3.995,24.0,1.0,7.7980826704918655,16.165034583244065,0.9938033555988198,1.0373640611661852,1.0007898000718984,0.9338105310174467,0.9041403338004689,0.9932075100444832,1.0750474792005864,0.8475898917774228,1.6923076923076923,0.8131264416755589,0.8175582545094744,1.0362836505705482,0.8312170598987155,1.0,3.1782143805999787,0.8614675566640773,1.0773443896386776,1.0305895905660014,0.8292130948669804
B0007,277,80,24.0,1.6164273214762122,1.8806626717011388,0.8594988063511068,3.5129614635074673,2.1417010068719846,4.202220537976551,0.26549914451346457,-1.9049762303506044,-1.9934634318284483,0.000774643552012622,0.4005172724970495,31.95802833708937,23.26175935743409,40.36674175781141,4.100074784183007,3095.781,330,1.61672418029789,False,False,False,True,B0007_p1,0,3428.047,5956.469,10208.062,0.5835063501769484,1.6472616190647518,1.3238030735850825,1947.0028998271557,28.661365876187777,3.2318490755749174,4.327228601284059,3.995,24.0,1.0,7.95802833708937,16.36674175781141,0.99393361158478,1.0575734551090608,1.0008946875879021,0.9236511752686014,0.9226850626136971,1.0056007455540317,1.0911999759965672,0.8477780263722529,1.6923076923076923,0.8063280974133756,0.815031900054533,1.107842279460764,0.8058799370132411,1.0,3.2318490755749174,0.8583500762087208,1.0880822361727072,0.9736292850802233,0.8284088629833427
B0007,281,81,24.0,1.615823510161921,1.8806626717011388,0.859177743289997,3.5125204100391962,2.0912297625621297,4.2013887453306085,0.26924432437899815,-1.9051068520548522,-1.9955237523449136,0.0004752084007865389,0.4005777576368912,32.41813169746276,23.705879583857502,40.88269125311642,4.104813634275824,3094.328,330,1.6164273214762122,False,False,False,True,B0007_p1,0,3415.015,5909.453,10807.219,0.5468060747172794,1.6419676238584775,1.3187116718625052,1939.8954453662484,29.00140228722429,3.2799964265395367,4.338751468793815,3.995,24.0,1.0,8.418131697462762,16.88269125311642,0.9938088228926254,1.0326507193690306,1.0006965692756968,0.9366803689811897,0.9760312533901635,1.0373015693847318,1.0924611805793425,0.8473801230734346,1.6923076923076923,0.8033846296694784,0.8118972534422879,1.038163317424193,0.8080258942987467,1.0,3.2799964265395367,0.8555914972822392,1.0794937126001183,1.0307759600867827,0.8252595991890018
B0007,285,82,24.0,1.61672418029789,1.8806626717011388,0.8596566543406186,3.5151454557578807,2.1663009505205935,4.201620573144587,0.264592914024469,-1.9049079394753692,-1.9937747556066172,0.0014730247330521256,0.40110938112637234,32.64044972789331,24.063147568932987,40.856332202254556,4.035276418212726,3086.531,329,1.615823510161921,False,False,False,True,B0007_p1,0,3427.469,5892.0779999999995,10805.906,0.5452645988221625,1.6411431974668278,1.3218392944546358,1949.1128808330357,29.537310773703567,3.2446438614795525,4.356486828410315,4.005,24.0,1.0,8.640449727893312,16.856332202254556,0.9945515356148829,1.069720924488059,1.0007517865650677,0.9204984688530726,1.0018076790497625,1.0356820239925566,1.0739544428994248,0.8452449186543803,1.6871794871794872,0.8072019209552926,0.8138228511650778,1.03523667888999,0.8113288329247327,1.0025031289111388,3.2446438614795525,0.855161907684624,1.0763197803839846,1.0306507281621229,0.8282691856910522
B0007,289,83,24.0,1.6108655863730026,1.8806626717011388,0.8565414790287227,3.513443179473182,2.1843637809529235,4.201668680267049,0.26388369352167246,-1.898761620917719,-1.993529946094214,0.0007479343585839389,0.4145639691317064,32.56399373078006,23.95500402082536,40.778024611598504,4.0489676097337375,3085.625,329,1.6108655863730026,False,False,False,True,B0007_p1,0,3406.75,5933.688,10655.937000000005,0.5568433822384645,1.6364573585637787,1.314358840942717,1940.1713765117659,29.488543232595912,3.148048259685986,4.45480784948652,3.995,24.0,1.0,8.563993730780062,16.778024611598504,0.9940699050495774,1.0786403627887715,1.0007632448316846,0.9180311450802107,0.9929430704437778,1.030870671023742,1.0775982368898969,0.8449968110227702,1.6871794871794872,0.8034989032720509,0.8092173260981375,1.0572200999948478,0.8296396146219275,1.0,3.148048259685986,0.8527202249956182,1.0839207771905064,1.0163469151313838,0.8232623105717345
B0007,293,84,24.0,1.6006603374309376,1.8806626717011388,0.8511150678516274,3.5097089402574535,2.113995772639173,4.202567159315787,0.26957573994134193,-1.90433828068926,-1.9937950394148773,0.002791130516547081,0.4023836860850073,32.28305350922276,23.712966469853818,40.5829305350897,4.030966130077138,3067.203,327,1.6108655863730026,False,False,False,True,B0007_p1,0,3392.765,6027.671,10117.172,0.5957861544708344,1.6304413880736184,1.3076467536159762,1919.711550822776,29.344957303409892,3.1706953784945,4.329143477872786,3.995,24.0,1.0,8.28305350922276,16.5829305350897,0.9930133646039259,1.0438925910677284,1.000977246666825,0.937833338322097,0.9603697576911477,1.018883755625826,1.072807296430722,0.8399519558467001,1.676923076923077,0.7950257097690124,0.8050848645588011,1.1311566553474108,0.8062365533991315,1.0,3.1706953784945,0.8495854413832674,1.1010888733901543,0.964960336388401,0.8198827484044648
B0007,297,85,24.0,1.5959174487005663,1.8806626717011388,0.8485931436374986,3.5042771471756997,2.0287779476202195,4.201472345711643,0.27593869419229977,-1.904192698545851,-1.9948137474440242,0.0015411386303345927,0.4031010093914232,32.06065237439007,23.380469376342713,40.6345689985191,4.1025915192805655,3058.157,326,1.6108655863730026,False,False,False,True,B0007_p1,0,3366.937,6019.765,10805.86,0.5570833788333367,1.6250110282557033,1.2976825225969155,1893.493705380185,28.997287486309055,3.0843897535751346,4.315982284093004,3.995,24.0,1.0,8.060652374390067,16.6345689985191,0.9914765297222422,1.0018119694716248,1.0007164814094132,0.9599695684890439,0.9345836965807502,1.022056511577638,1.0918697836031601,0.8374747134233623,1.6717948717948719,0.7841679008587745,0.798950140820735,1.057675756346566,0.8037854829816541,1.0,3.0843897535751346,0.8467558059995483,1.0996446657296792,1.0306463407527289,0.8136412516825314
B0007,301,86,24.0,1.5962179519462243,1.8806626717011388,0.8487529294673445,3.509207943122176,2.1948906641943635,4.201332830124454,0.26403401116573244,-1.8982712229514884,-1.994905249607193,-7.384784317216585e-05,0.41633846419839154,32.365261126964526,23.582488319458513,40.75070125010339,4.154090104643841,3058.812,326,1.6108655863730026,False,False,False,True,B0007_p1,0,3352.781,6039.984,10806.328,0.5589302860324062,1.621137279597127,1.2920470065875185,1878.5321849362701,28.942764795322784,3.290734379619849,4.2674601593396835,3.995,24.0,1.0,8.365261126964526,16.75070125010339,0.9928716158551186,1.0838385450959458,1.0006832512614972,0.9185540886431891,0.969901231783778,1.0291918767287558,1.1055756933902328,0.8376540848347359,1.6717948717948719,0.7779717650877265,0.7954804968740053,1.0611822852485209,0.7947489816911164,1.0,3.290734379619849,0.844737284826093,1.1033381181312911,1.0306909778743898,0.8102203663024908
B0007,305,87,24.0,1.5958065114633972,1.8806626717011388,0.8485341552613064,3.5095064920492853,2.1621122251410005,4.201522880341636,0.26651020354295685,-1.8977934870545983,-1.9940601969636647,0.0018530612527821342,0.4164923578079049,32.68851871366292,23.982069185971252,41.0672419235651,4.12963931213872,3058.578,326,1.6056626764846538,False,False,False,True,B0007_p1,0,3354.406,5989.1720000000005,10744.828,0.5574004535019081,1.6165839728730325,1.291407255052825,1881.348013336899,29.435653039427557,3.254716851564041,4.274046838731407,3.995,24.0,1.0,8.688518713662923,17.0672419235651,0.9929560852739948,1.067652528966002,1.0007285178654348,0.9271685721422065,1.0073809860632472,1.0486406797917933,1.0990683232569824,0.8375900040557108,1.6717948717948719,0.7791379069343171,0.795086618117196,1.0582777527489753,0.7959756496725015,1.0,3.254716851564041,0.8423646616019526,1.0940561702886333,1.0248252022714952,0.8106130576519233
B0007,309,88,24.0,1.5906507821480704,1.8806626717011388,0.84579271236838,3.505203266169396,2.0092802451741245,4.201386492450036,0.27780037236330035,-1.9036436467205253,-1.9937194932286224,0.004041019442751478,0.40372631842414586,32.747733642524246,24.051439279589804,41.40590880756584,4.151667084862949,3049.328,325,1.6006603374309376,False,False,False,True,B0007_p1,0,3352.3589999999967,6007.641000000003,10804.797000000006,0.5560160917414737,1.6159913814543043,1.290653398172703,1881.2464185095707,29.629351330078233,3.2000660715444376,4.401051698690383,3.995,24.0,1.0,8.747733642524246,17.405908807565837,0.9917385595810164,0.9921839903669589,1.0006960326793481,0.9664462041624571,1.0142465974973551,1.069448955261959,1.1049308273168263,0.8350568963378382,1.6666666666666667,0.7790958326447339,0.7946224875998744,1.055649410336227,0.8196283562833201,1.0,3.2000660715444376,0.8420558758671676,1.0974299460641601,1.030544953444341,0.8101183873797451
B0007,312,89,24.0,1.6888211161855506,1.8806626717011388,0.8979925754882669,3.5281182345919753,2.144268362237989,4.2333254357000865,0.27416305799250557,-1.936992342648715,-1.9937139334305616,0.0010773421833417186,0.31958358926764696,32.50500516961017,23.850620264439623,41.01558674901627,3.999264397606396,3177.219,339,1.5962179519462243,False,False,False,True,B0007_p1,0,3426.516,5799.062,10802.578,0.5368220437751063,1.64003223412061,1.322587013909404,1946.3759750484123,29.492381619864656,5.150357428701504,4.629188898910812,4.005,24.0,0.0,8.505005169610172,17.015586749016272,0.9982219661199725,1.058841216984414,1.008303324666346,0.9537922662389938,0.9861037049689323,1.0454668970800798,1.0643701503951002,0.8700797805698862,1.7384615384615385,0.8060684639715815,0.8142832030256284,1.01920768550377,0.8621154096572649,1.0025031289111388,5.150357428701504,0.8545830102818953,1.0593283283542938,1.0303333086303108,0.8280388873181236
B0007,315,90,24.0,1.6259938279733204,1.8806626717011388,0.86458558062544,3.519590928396835,2.0962813773920193,4.203917718634026,0.27054736304342386,-1.9233409193548265,-1.9940123642001173,0.00016193231789911412,0.35732712227323765,32.91993878980996,24.43569034018692,41.31851435911838,3.9779476648867633,3082.937,329,1.5959174487005663,False,False,False,True,B0007_p1,0,3452.688,5763.514999999997,10544.452999999994,0.5465921276333633,1.6495241351438579,1.3336582791183547,1980.074349913531,30.056355404654543,3.1554352019955907,4.436301785237057,3.995,24.0,1.0,8.919938789809962,17.31851435911838,0.9958093076460128,1.035145210305153,1.0012989260348355,0.9412135406267059,1.034212738653851,1.0640792901315064,1.0586968835752553,0.8442607036124307,1.6871794871794872,0.8200242451845042,0.8210994995725323,1.0377571185455388,0.8261931440824938,1.0,3.1554352019955907,0.8595290212083784,1.0528348740528888,1.005713742329544,0.8343635137780292
B0007,319,91,24.0,1.6157433862812898,1.8806626717011388,0.8591351392218476,3.5146260368096875,2.0376560852489356,4.202046403451837,0.27485823359870815,-1.916884219356136,-1.9933319825535087,0.0025807635004239486,0.37299749235952684,32.948305858317944,24.481210786362457,41.4002950560853,4.0004148447474615,3074.266,328,1.5958065114633972,False,False,False,True,B0007_p1,0,3424.328,5797.155999999999,10701.125,0.5417333224310528,1.6391985549619557,1.3213651937625344,1953.8504603818276,29.9217154585725,3.117088516991835,4.371988779291374,3.9850000000000003,24.0,1.0,8.948305858317944,17.400295056085298,0.9944045747226368,1.0061960000420955,1.0008532118207127,0.9562107288930403,1.0375017279956542,1.0691040367218048,1.0646763321012385,0.8418861547452228,1.682051282051282,0.809163933186636,0.8135309594210481,1.0285322149448304,0.8142158334395433,0.9974968710888611,3.117088516991835,0.854148599280581,1.0589801548403972,1.020656877211767,0.8275101435196262
B0007,323,92,24.0,1.6056626764846538,1.8806626717011388,0.8537749489291794,3.5115494818370454,2.050265845971926,4.201592874087554,0.2738568804220646,-1.910472150518363,-1.9934516762680057,0.00030225152811291756,0.38840976951005973,32.76906651915661,24.228447169823482,41.2508092329952,4.043926015268153,3066.0,327,1.5949746921524348,False,False,False,True,B0007_p1,0,3396.89,5808.983999999999,10805.813,0.5375795416781688,1.62907363642146,1.3094288158811813,1924.8173321326085,29.685947006810565,3.1034710935601844,4.315238730756658,3.995,24.0,1.0,8.76906651915661,17.250809232995202,0.9935341150187765,1.0124227087064337,1.0007451891390677,0.9527270979376159,1.0167200150044937,1.0599193708076247,1.0762564594713353,0.8396225149186352,1.676923076923077,0.7971402083810748,0.8061820349937452,1.0206458672876717,0.8036470075806358,1.0,3.1034710935601844,0.8488727375108058,1.0611408034880188,1.0306418579648695,0.8208795802914858
B0007,327,93,24.0,1.5949746921524348,1.8806626717011388,0.8480918540855138,3.510769869032659,2.1421639870693685,4.201214370586727,0.26772380868625756,-1.904277326283454,-1.9942033375334116,-0.0006093698061376766,0.40296100009297364,32.59734424608833,24.003142454503458,40.95362783962595,4.061553116289224,3056.437,326,1.5906507821480704,False,False,False,True,B0007_p1,0,3369.203,5928.921999999999,10693.438,0.5544448847975738,1.619744115509475,1.2975008497555394,1900.2988743166597,29.52893852325117,3.1793159629516374,4.313373360905929,3.995,24.0,1.0,8.597344246088333,16.953627839625952,0.9933135366326055,1.0578020750543393,1.0006550362925457,0.9313906114221292,0.9968098601813808,1.0416600351891427,1.0809477622459296,0.8370036923125794,1.6717948717948719,0.786986180647475,0.7988382894705987,1.0526663245793937,0.8032996110651464,1.0,3.1793159629516374,0.844011339119007,1.0830501607334073,1.0199237029506376,0.8141888446658015
B0007,331,94,24.0,1.5904102438871945,1.8806626717011388,0.8456648115680423,3.50804494279531,2.093098662464846,4.201660608337926,0.2714351723858833,-1.904002494100001,-1.9942540792901025,0.0005774339704760785,0.40347471459758105,32.52349894408369,23.879196296054904,40.989022190981714,4.1006818446076005,3048.219,325,1.5904102438871945,False,False,False,True,B0007_p1,0,3353.015,5984.89,10708.406,0.5588964407961372,1.6145123124697451,1.2906656575040532,1882.1101877011856,29.489260448244107,3.2105973859944115,4.252594876846057,4.005,24.0,1.0,8.523498944083691,16.989022190981714,0.9925425643903748,1.0335735834481092,1.000761322240782,0.9443021612852766,0.9882479458204676,1.0438347249739783,1.0913615399571321,0.8347531972611766,1.6666666666666667,0.7794535523835905,0.7946300353585427,1.0611180268498148,0.7919805508954583,1.0025031289111388,3.2105973859944115,0.8412851670975824,1.0932739672526919,1.0213513278160706,0.8102769138568091
B0007,335,95,24.0,1.5853517062988178,1.8806626717011388,0.8429750481859675,3.507748080950393,2.109503853325003,4.201750207865124,0.27050869918323595,-1.9036546380501311,-1.9999801485407718,0.001450116371467092,0.40435867681465476,32.578228834731775,23.935993772910926,41.02622774121347,4.111733496864432,3039.218,324,1.5853517062988178,False,False,False,True,B0007_p1,0,3339.844,5974.860000000006,10805.297000000006,0.5529565730585659,1.6084542968454334,1.2849128391193807,1872.0078739749906,29.555663549954055,3.2251747150073484,4.300937656245517,4.015000000000001,24.0,1.0,8.578228834731775,17.026227741213468,0.99245857230315,1.0416744781687217,1.0007826632651218,0.9410790320204034,0.9945935443079865,1.0461206979309319,1.094302843058212,0.8322882780645742,1.6615384615384616,0.7752697992895201,0.7910881713212955,1.0498406232498525,0.8009836518654234,1.005006257822278,3.2251747150073484,0.83812847473456,1.0914417635043292,1.030592642676885,0.8070940598485783
B0007,339,96,24.0,1.5799737147242376,1.8806626717011388,0.8401154223447657,3.5066673521067266,2.1295447836320704,4.201226117420626,0.2692433210994772,-1.8977146678452774,-1.995744295058308,0.00030953117886836455,0.41774616488674415,32.62728298499839,23.980765847990668,41.01371342582121,4.116933403314129,3039.047,324,1.5799737147242376,False,False,False,True,B0007_p1,0,3326.719,6042.735000000001,10363.61,0.5830724043069935,1.6039303072027375,1.27928498471476,1857.9747730339766,29.573584932950624,3.21617610587953,4.374593359320027,4.005,24.0,1.0,8.627282984998388,17.01371342582121,0.9921527981767078,1.0515707035710717,1.0006578341808383,0.93667687864863,1.0002810751627418,1.0453517968830157,1.0956867538627133,0.832241449802979,1.6615384615384616,0.7694581574149332,0.7876232444298613,1.1070183919716432,0.8147008965094292,1.0025031289111388,3.21617610587953,0.8357711279660606,1.1038406497874973,0.9884652145676871,0.8039223220262391
B0007,343,97,24.0,1.5752185465278068,1.8806626717011388,0.8375869688012445,3.5061843921745397,2.138556110583413,4.201796973837129,0.2691227468747876,-1.8973347377958825,-1.995283636272928,0.0007088973292597752,0.41823604974731454,32.652115712561326,23.999220368885872,41.04923314430273,4.118310158305885,3030.375,323,1.5752185465278068,False,False,False,True,B0007_p1,0,3315.344,5979.313,10805.094,0.5533790821255234,1.598724153569629,1.2739044411475515,1844.0703076119432,29.574504883211656,3.209260461401847,4.204607546483259,4.005,24.0,1.0,8.652115712561326,17.049233144302733,0.9920161527524309,1.056020503122209,1.0007938020933953,0.9362574101620339,1.0031602791333396,1.0475341894395453,1.0960531654754362,0.829866627086288,1.6564102564102565,0.7636997884108122,0.7843105805341415,1.050642796881192,0.7830436468551378,1.0025031289111388,3.209260461401847,0.8330583212594549,1.092255203513447,1.0305732808484713,0.8011734825802118
B0007,347,98,24.0,1.569798484648868,1.8806626717011388,0.8347049730236412,3.5051004339266254,2.1437793669909317,4.201200470517945,0.26893892592128943,-1.8970045774163773,-1.9943198333456515,0.0016972268277341874,0.4188464005659871,32.64767456395258,23.973654052530293,41.05277512550887,4.135322062548897,3021.0,322,1.57497949984227,False,False,False,True,B0007_p1,0,3299.046,6034.375,10805.5,0.5584540280412753,1.594367057933732,1.2674662519891786,1830.4168219730454,29.59702533136257,3.246580606221656,4.195091546335617,3.995,24.0,1.0,8.647674563952577,17.052775125508873,0.9917094649201423,1.0585997507894116,1.0006517255417473,0.9356179111532943,1.0026453549198833,1.0477518148529807,1.1005807388683029,0.8272992881830388,1.6512820512820512,0.7580453596992521,0.7803467511343135,1.0602780641747556,0.7812714378257088,1.0,3.246580606221656,0.8307879391126017,1.1023135088765978,1.030612004505297,0.7972349695875653
B0007,351,99,24.0,1.5702565375950357,1.8806626717011388,0.8349485323567742,3.5054479186890566,2.199196544880164,4.201289094579205,0.26547378393904136,-1.8909127399289274,-1.9968908750212224,0.005071881446587334,0.4318752742370957,32.6993879231031,24.01135599553165,41.02092182377061,4.1434355534635925,3021.75,322,1.5702565375950357,False,False,False,True,B0007_p1,0,3280.703,6053.7970000000005,10806.844,0.5601817699968651,1.5888417530840926,1.2607802247316822,1819.0180661747154,29.608387587301,3.2450214413244254,4.218385618852517,4.005,24.0,1.0,8.699387923103103,17.020921823770607,0.9918077799140532,1.0859647919901472,1.0006728342273354,0.9235629477738786,1.0086412048973687,1.0457946932431728,1.1027400753578513,0.8275046752952987,1.6512820512820512,0.7533247005381574,0.7762303341171389,1.0635583465329854,0.7856096014455209,1.0025031289111388,3.2450214413244254,0.8279088300604179,1.1058613714090726,1.030740193162375,0.7928022696351716
B0007,355,100,24.0,1.565249873909438,1.8806626717011388,0.8322863517536633,3.500074246846,2.0252901014990434,4.201033482375415,0.2780974884933766,-1.8968789299198896,-1.9939195524210047,-9.090347803085198e-05,0.4193757586765284,32.724576765133094,24.011740056772418,41.34840278359994,4.183372291476193,3012.265,321,1.569798484648868,False,False,False,True,B0007_p1,0,3279.812,6090.812000000005,10367.906000000003,0.587467903354834,1.5889914208606204,1.2600281420206387,1811.8200089657394,29.610572699408394,3.1886612772641385,4.235642576158762,4.005,24.0,1.0,8.724576765133094,17.348402783599937,0.9902873894634537,1.0000896686175722,1.0006119519165324,0.9674798484072968,1.0115616981780085,1.065915686305335,1.1133688979658796,0.824907212948918,1.646153846153846,0.7503437107435857,0.7757672959106179,1.1153636647918113,0.7888234449810508,1.0025031289111388,3.1886612772641385,0.8279868184903685,1.1126229887316739,0.9888749604537042,0.7925869539475752
B0007,359,101,24.0,1.559633933561147,1.8806626717011388,0.8293002020135766,3.5011647157526498,2.0874226328484515,4.201482697501314,0.2734435466054509,-1.8964710309338209,-1.9941986616958334,0.0010516290130581486,0.41987506069301295,32.70434030242972,23.99347983811607,41.23753665797544,4.172822950886433,3002.641,320,1.5652811168780458,False,False,False,True,B0007_p1,0,3267.937,6107.5779999999995,10806.719,0.5651648756667033,1.5837435388029601,1.2543406603086409,1798.5309056737904,29.581957944882603,3.2167056231196227,4.122069448443188,4.015000000000001,24.0,1.0,8.70434030242972,17.23753665797544,0.9905959193775921,1.030770756053692,1.000718947022818,0.9512891412685159,1.0092154032082457,1.0591038809848612,1.1105612808358862,0.8222716855243984,1.641025641025641,0.7448401866478187,0.7722656580018152,1.073019246388477,0.7676721924258556,1.005006257822278,3.2167056231196227,0.8252522680631664,1.1156856734819287,1.030728270854239,0.7897172863940302
B0007,363,102,24.0,1.5649820533392105,1.8806626717011388,0.8321439442000612,3.500407285435189,2.0863200514042264,4.196165946742788,0.2727539732933852,-1.8967768141795405,-1.9932029763532655,0.0024946169574364503,0.41968280080139775,32.74051962267582,24.069019867711653,41.21700308433066,4.141460947088176,3012.0,321,1.565249873909438,False,False,False,True,B0007_p1,0,3309.328,6083.2029999999995,10043.172,0.6057053488678675,1.5895540982093053,1.2672114372683687,1810.3329580625498,29.869815946124863,4.963119160279241,4.409576329121212,3.995,24.0,0.0,8.74051962267582,17.217003084330663,0.9903816171545878,1.0302263005653831,0.9994525909281423,0.9488901685663984,1.0134101757012024,1.057842262926018,1.1022145506923577,0.8248346428359195,1.646153846153846,0.7497278662958798,0.780189868188347,1.1499891889229088,0.8212159379129615,1.0,4.963119160279241,0.8282800166924845,1.1112330347614536,0.95790232997191,0.799719678790559
B0007,366,103,24.0,1.57497949984227,1.8806626717011388,0.8374598611124846,3.507816455272743,2.0588247910323827,4.205246397279064,0.2757283357353109,-1.9031485600103595,-1.9969727693616797,0.00028709959940812835,0.4052945132199409,33.38712825139849,24.773284683784794,41.89753189273277,4.106168727289112,3020.11,322,1.5649820533392105,False,False,False,True,B0007_p1,0,3314.406,6038.172,10569.812,0.5712657897794208,1.5985530100800984,1.273727885779874,1849.2715867492495,30.28624835971873,3.1827859190238357,4.220598868653373,4.015000000000001,24.0,1.0,9.387128251398487,17.897531892732772,0.9924779176725368,1.0166491217634532,1.001615393813076,0.9592377475395584,1.0883805198376926,1.0996551226403555,1.0928218270410308,0.827055562143157,1.6512820512820512,0.765853836312473,0.7842018798824703,1.0846024118422508,0.7860217852644158,1.005006257822278,3.1827859190238357,0.8329691423302665,1.1030071158190242,1.0081324448257039,0.8009468090505086
B0007,370,104,24.0,1.5652811168780458,1.8806626717011388,0.8323029644982441,3.5025243992110107,2.007722684403967,4.201509838937999,0.27939830506505453,-1.9028574663381217,-2.0040394709724123,0.0011258644840676153,0.40660201692694903,33.270627344923426,24.60432088403771,41.90270996402953,4.15734860812137,3002.172000000006,320,1.559755497470126,False,False,False,True,B0007_p1,0,3284.547,6048.921999999999,9917.203,0.6099423395890957,1.5880747040002996,1.2618889573451224,1821.9701780552305,30.11536638731283,3.1588707890803676,4.181301015458834,4.015000000000001,24.0,1.0,9.270627344923426,17.902709964029533,0.990980619040375,0.9914148657692899,1.0007254116335031,0.9720052895624499,1.074872947153576,1.0999732722411502,1.1064429163321607,0.8221432501168668,1.641025641025641,0.7545472825672743,0.776912952602181,1.1580335186156983,0.7787031630294423,1.005006257822278,3.1588707890803676,0.8275091384559335,1.1049708436649772,0.9458876001032757,0.7937311961257676
B0007,374,105,24.0,1.559755497470126,1.8806626717011388,0.8293648408830603,3.505155823274424,2.190682586389996,4.201909525379603,0.26716096018418656,-1.8963219640753084,-2.0003771874564404,0.001227537594917131,0.42073904575858384,33.115074143665915,24.423639542020226,41.48233804274523,4.145666540073196,2992.703,319,1.559633933561147,False,False,False,True,B0007_p1,0,3255.469,5790.062,10317.406,0.5611935790837348,1.575276543629848,1.249659360129073,1795.680220134627,29.940843049405782,3.2005047070861004,4.103822597505351,4.005,24.0,1.0,9.115074143665915,17.482338042745234,0.9917251364084501,1.081760593333,1.0008206098822592,0.9294325046214887,1.0568374980244086,1.0741448988416789,1.103333833438616,0.8195501693622127,1.6358974358974359,0.7436596091318214,0.769383500484424,1.0654793622765792,0.7642739963887637,1.0025031289111388,3.2005047070861004,0.8208403119609985,1.057684277134426,0.9840583479667744,0.7867043167049692
B0007,378,106,24.0,1.549897685670499,1.8806626717011388,0.8241231715778944,3.4983646475135717,2.008435320437976,4.199865517000471,0.2800179112567817,-1.908430732943726,-2.0052937156241972,0.0010402847333103626,0.3948750790494943,32.90572814040102,24.19968791502018,41.641162265997195,4.18531988772862,2964.468,316,1.549897685670499,False,False,False,True,B0007_p1,0,3258.625,6177.766,10806.109,0.5716919938527364,1.5763313215788,1.248078963898562,1782.4858311980383,29.783065327576665,3.212713153851901,4.183997534946671,4.005,24.0,1.0,8.905728140401017,17.641162265997195,0.9898036869644383,0.9917667659413045,1.0003337631997566,0.9741608520153583,1.0325651001453824,1.0839033321131017,1.1138872341172341,0.8118180292093335,1.6205128205128205,0.7381953098599938,0.7684104907004959,1.0854116007944434,0.7792053484130312,1.0025031289111388,3.212713153851901,0.8213899324477432,1.128507080928604,1.0306700899905357,0.7874669837196209
B0007,382,107,24.0,1.5438771531345021,1.8806626717011388,0.8209218890583925,3.500140843862167,2.1646360641399958,4.2008597336564515,0.26887813430357094,-1.889754408573026,-1.9945472659822978,0.00034126514562278867,0.4344167924236918,32.953112654161664,24.11639369687997,41.433877603827945,4.228928723876436,2983.375,318,1.5450187488690073,False,False,False,True,B0007_p1,0,3228.828,6175.7970000000005,10041.921,0.6150015519938865,1.5668087638478059,1.2376211710479932,1765.4024823369266,29.877944013477087,3.291665409462741,4.043708888103075,4.015000000000001,24.0,1.0,8.953112654161664,17.433877603827945,0.990306231973822,1.0688988024288906,1.0005705680414563,0.9354064217744675,1.0380590467857074,1.0711674061784342,1.1254933543619938,0.8169957013846652,1.6307692307692307,0.7311204440825202,0.7619718934895883,1.1676389143429253,0.7530787402998289,1.005006257822278,3.291665409462741,0.8164279470171949,1.1281473990561686,0.9577830115120853,0.780266353480212
B0007,386,108,24.0,1.5450187488690073,1.8806626717011388,0.8215289068674249,3.49909547013937,2.0647427536919833,4.20162098338246,0.2760027250501692,-1.8959167588975119,-1.9938553434941435,-0.000648355297209732,0.4220196727922293,33.2282109237263,24.459092848668906,41.8543569979417,4.2233786094138015,2975.297,317,1.5445940154102908,False,False,False,True,B0007_p1,0,3228.859,6161.906000000001,10719.281,0.5748432194286166,1.568571468375814,1.2384430708659853,1770.5624152500031,30.19701485838157,3.2571606290402713,4.094017700680931,4.015000000000001,24.0,1.0,9.228210923726301,17.8543569979417,0.990010460986708,1.0195714158638147,1.000751884276481,0.9601923269360926,1.0699550206785327,1.097002382893277,1.1240162386782095,0.814783545260884,1.6256410256410256,0.733257368937101,0.7624779163140394,1.0913945021356535,0.7624479847856466,1.005006257822278,3.2571606290402713,0.8173464517334089,1.1256098973344817,1.0223885686238996,0.7802738448228781
B0007,390,109,24.0,1.5445940154102908,1.8806626717011388,0.821303064420979,3.5010357611640615,2.170172617792397,4.201149059944848,0.26906391858600187,-1.889387844169526,-1.9945388143156637,0.002722359158197647,0.4354171727207348,33.361342590516294,24.609806274773607,41.78271326384125,4.200820925974331,2974.9850000000006,317,1.5438771531345021,False,False,False,True,B0007_p1,0,3212.734,6168.422,10804.719,0.5709007332814486,1.5628295534731107,1.2318601848107724,1758.1831657503776,30.16491960110753,3.222749642236451,4.0892063630900015,4.005,24.0,1.0,9.361342590516294,17.782713263841252,0.9905594338364617,1.0716327564947377,1.0006394804515544,0.93605275105409,1.0853908290351686,1.0926004687254005,1.1180127033957201,0.8146981042221841,1.6256410256410256,0.7281306499695408,0.7584250007131618,1.0839093173751164,0.7615519469766949,1.0025031289111388,3.222749642236451,0.814354472173345,1.1268001904176657,1.0305375139240636,0.7763771383554329
B0007,394,110,24.0,1.5343086721758876,1.8806626717011388,0.8158340649086424,3.497212315865497,2.120750718982474,4.200810741834928,0.2725395525815381,-1.8889185963670394,-2.0003871362753527,0.0017320639758289188,0.4358379461976045,33.12431679486816,24.334930769941984,41.62744766181303,4.219242537204774,2966.25,316,1.5343086721758876,False,False,False,True,B0007_p1,0,3195.89,6157.656000000001,10805.687,0.5698532633788116,1.5570359729721548,1.2244169280725399,1734.7311600285984,29.80917785848533,3.209109810294404,4.113011957659767,4.005,24.0,1.0,9.124316794868157,17.62744766181303,0.989477654023681,1.0472281882964913,1.0005588990551537,0.948144215343602,1.0579091273076964,1.0830606832586958,1.1229154582942464,0.8123060289880631,1.6205128205128205,0.7184182806886072,0.7538423767542022,1.081920596182533,0.7659853737308886,1.0025031289111388,3.209109810294404,0.8113355708604253,1.1248335398139886,1.0306298402782685,0.7723066810693772
B0007,398,111,24.0,1.5287603942958483,1.8806626717011388,0.8128838931614567,3.496089957852059,2.13627215665258,4.200373974181371,0.271483182584801,-1.8885071150010755,-1.996471333028226,0.0004949274212671783,0.4362675159871197,32.991553593266204,24.140776797393674,41.552128441464966,4.259597344555285,2956.359,315,1.529091650133123,False,False,False,True,B0007_p1,0,3148.688,6267.063,10011.406,0.625992293190387,1.5525103948672536,1.2121671592882786,1722.3710313545814,29.89283012850155,3.286975849691949,4.039857544977524,4.005,24.0,1.0,8.991553593266204,17.552128441464966,0.9891601016208506,1.0548926850737557,1.0004548687168588,0.9444691850876938,1.0425160402522038,1.0784329408981608,1.1336555464951006,0.8095973837515791,1.6153846153846154,0.71329948038359,0.7463005055146779,1.1885058813886173,0.7523614867314561,1.0025031289111388,3.286975849691949,0.8089773963808694,1.144819174459774,0.9548725376499337,0.7609000244072778
B0007,402,112,24.0,1.5289260249179843,1.8806626717011388,0.8129719635127368,3.495877119417779,2.0938572364769055,4.201791474587699,0.27453166041980637,-1.8888180820733198,-1.9936433250812406,0.0010239776284218605,0.4365325722003185,33.2318318845246,24.391660570898495,41.839167194182565,4.262261181975609,2956.344,315,1.5289260249179843,False,False,False,True,B0007_p1,0,3194.36,6200.593,10806.625,0.5737770117867512,1.5517413335924064,1.221235419668029,1724.5890448435864,30.164464056505928,3.2865580395223972,3.9533237881927374,3.995,24.0,1.0,9.231831884524603,17.839167194182565,0.989099882550455,1.0339481678258144,1.0007924922693414,0.9550746058329957,1.0703748490957463,1.0960690952413399,1.134364504131759,0.8095932760093338,1.6153846153846154,0.7142180442936825,0.7518836029065592,1.0893702055637575,0.7362459021638764,1.0,3.2865580395223972,0.8085766562699882,1.1326769428392618,1.0307193052785208,0.7719369470603731
B0007,406,113,24.0,1.529091650133123,1.8806626717011388,0.813060030988968,3.493116071455022,1.9959465760122976,4.20067023466464,0.2817618222544089,-1.8887930414931369,-1.9952567240378403,0.0018837863099458731,0.43658181390188044,33.5098123920945,24.672067025619615,42.23998716092915,4.274457633860022,2956.406,315,1.5287603942958483,False,False,False,True,B0007_p1,0,3185.078,6189.218999999999,10805.563,0.5727807981870079,1.552160873847725,1.2197736767048057,1726.2708302863355,30.30672706771009,3.172009206432783,4.077257199085835,4.005,24.0,1.0,9.509812392094503,18.239987160929147,0.988318690270981,0.9855998152092185,1.0005254327296627,0.9802277847185651,1.1026050009836361,1.1206961629471608,1.1376104859013736,0.8096102546772806,1.6153846153846154,0.7149145357351846,0.7509836449230195,1.0874787993351283,0.7593265985095071,1.0025031289111388,3.172009206432783,0.80879526903068,1.1305992274420644,1.0306180133485976,0.7696938940724147
B0007,410,114,24.0,1.5239059324661248,1.8806626717011388,0.8103026424657472,3.492655946458748,2.0305769860653866,4.20021831736756,0.279043030854902,-1.888168080257056,-2.001090966399853,-0.00013231082391631182,0.43714861287355133,33.382402850667845,24.56852628281145,42.040902384977116,4.268524433351918,2947.266,314,1.5287603942958483,False,False,False,True,B0007_p1,0,3177.016,6269.717999999999,10807.219,0.580141662716375,1.5482378687796434,1.2148270739483509,1711.1716937107592,30.109069799343242,3.2022120567548598,4.007775678486082,4.015000000000001,24.0,1.0,9.382402850667845,18.040902384977116,0.9881885056093848,1.002700335914104,1.0004177940139436,0.9707693178144002,1.0878326383167503,1.1084640521160438,1.13603141513003,0.8071072704025396,1.6102564102564103,0.7086614078797254,0.7479381473532866,1.101454100437752,0.7463867313095405,1.005006257822278,3.2022120567548598,0.8067510814771165,1.1453041695696347,1.0307759600867827,0.7677456616667997
B0007,414,115,24.0,1.5186675419100615,1.8806626717011388,0.8075172463206082,3.49208824531703,2.0758803797636745,4.200674971032527,0.2761335994927761,-1.887904907597145,-1.9951199234830206,0.0011947086906479835,0.43794829478988856,33.17829959346276,24.34305560390618,41.803429062834496,4.274613938139993,2937.984,313,1.5287603942958483,False,False,False,True,B0007_p1,0,3158.469,6252.688,10805.547,0.5786553887554234,1.5422210583959262,1.207298854201579,1690.3244512104227,29.88284075789973,3.1857100589004794,3.9825560071903205,4.005,24.0,1.0,9.17829959346276,17.803429062834496,0.9880278840791034,1.0250711834077235,1.0005265608488114,0.9606476290913896,1.064168105008138,1.0938732830228712,1.137652084953959,0.8045653995012105,1.6051282051282052,0.700027770311387,0.7433032138298109,1.0986322680235814,0.7416899544604292,1.0025031289111388,3.1857100589004794,0.8036158602155847,1.1421932593169295,1.0306164872931562,0.7632636638465388
B0007,418,116,24.0,1.5136482266426952,1.8806626717011388,0.8048483385239611,3.490216477408044,2.0793549048242492,4.200371214024706,0.2758276886812699,-1.8877303662432205,-1.995116853206629,0.001065313064968555,0.4384469835295734,33.01591345323486,24.0993140682898,41.6886924602386,4.313576443869671,2929.125,312,1.5239059324661248,False,False,False,True,B0007_p1,0,3136.844,6334.406000000001,10510.453,0.6026767828180195,1.5375395695113832,1.1997363947335582,1676.2799131940653,29.8612751603721,3.2703637750666736,3.9376834506249745,4.005,24.0,1.0,9.015913453234859,17.6886924602386,0.9874982986973242,1.0267869063127344,1.0004542112963075,0.9595833888239006,1.0453404180966108,1.0868236689445099,1.1480216239392005,0.8021393669311961,1.6,0.694211391908055,0.7386471997803692,1.1442391683530493,0.733333129251848,1.0025031289111388,3.2703637750666736,0.8011764442209965,1.1571208790486132,1.0024708745165622,0.758037848196399
B0007,422,117,24.0,1.5136050185229033,1.8806626717011388,0.8048253635798406,3.4905931958620466,2.0585109366080414,4.200965645223048,0.277468540309286,-1.8878077163294114,-1.9949523118907793,0.0004787085189064806,0.438505597682676,33.271000362987586,24.36377918362768,41.988171601182124,4.3242665867829135,2928.454,312,1.5236247972838737,False,False,False,True,B0007_p1,0,3139.375,6358.749999999999,10202.781,0.6232369390267221,1.5368489121601576,1.2005835177042712,1682.063634819616,30.190535444314815,3.2837263362138778,3.960514060649261,4.015000000000001,24.0,1.0,9.271000362987586,17.988171601182124,0.987604884874664,1.0164941402292023,1.000595794305381,0.9652917858789489,1.0749161963330596,1.105224182123436,1.1508667144081184,0.8019556139280942,1.6,0.6966066514398785,0.7391687518587536,1.1832745795587905,0.7375849800930276,1.005006257822278,3.2837263362138778,0.8008165585882607,1.1615678549259973,0.9731255914060951,0.7586494800766534
B0007,426,118,24.0,1.5139470614867965,1.8806626717011388,0.8050072372188721,3.4911419366203664,2.0253107306977376,4.201492773602507,0.2798972380490623,-1.887674933393443,-1.994323430810411,0.0014011551714919052,0.4384231819570503,33.61966967517867,24.74466282559706,42.33252236723314,4.305718262524468,2929.375,312,1.5186675419100615,False,False,False,True,B0007_p1,0,3148.656,6272.593999999999,10140.858999999997,0.6185466142463869,1.5369337918973969,1.2031914024142554,1686.8109215011682,30.51470759808182,3.2487775614725933,3.8954979098884177,3.995,24.0,1.0,9.61966967517867,18.33252236723314,0.9877601418820084,1.0000998553303155,1.0007213469720984,0.9737410391743876,1.1153422858772657,1.1263816850765045,1.1459302359166352,0.8022078293019494,1.6,0.6985726837648184,0.7407743601797445,1.1743695520565498,0.7254767195161669,1.0,3.2487775614725933,0.8008607874636772,1.1458295352705614,0.9672195660909333,0.7608922914083966
B0007,430,119,24.0,1.5339599193158786,1.8806626717011388,0.8156486234335406,3.49283645226053,2.0069579017420067,4.192768207316796,0.280648377364394,-1.901022727285377,-1.9935581248677674,0.0001912373509952447,0.41018924523222833,33.29697162630193,24.95875411585554,41.63553796804361,4.0496455069214905,2946.031,314,1.5139470614867965,False,False,False,True,B0007_p1,0,3218.922,6223.4529999999995,10340.672,0.6018422206990028,1.5640622102356598,1.2334499470994231,1749.0440444598592,30.118986881967757,4.17075470536777,4.29213070282061,4.005,24.0,0.0,9.296971626301932,17.635537968043607,0.9882395767029168,0.9910372155559214,0.9986433094279094,0.9763541952833008,1.077927406610569,1.0835577655795154,1.0777786534515308,0.8067690662910182,1.6102564102564103,0.7243457915685246,0.7594037769409924,1.142654672828703,0.799343491909641,1.0025031289111388,4.17075470536777,0.8149967812114649,1.1368528329377259,0.986277423335505,0.7778725070140717
B0007,432,120,24.0,1.5391372798653098,1.8806626717011388,0.8184015682478002,3.5025157522808223,2.19792648712031,4.204602036514753,0.26895843585075985,-1.8951144121477894,-2.002748484975491,0.003005896380260811,0.42332838857169847,33.393130865360554,24.95211336056763,41.470498076928735,4.027667151212495,2955.438,315,1.5136482266426952,False,False,False,True,B0007_p1,0,3207.141,6171.296999999997,10700.062999999995,0.5767533331345805,1.5562051520604723,1.2274877637325112,1742.070618552636,30.279995940987064,3.1092166539084083,4.143638263200543,3.995,24.0,1.0,9.393130865360554,17.470498076928735,0.9909781725362956,1.085337636580047,1.0014619184635412,0.9356857847026339,1.0890764864772713,1.0734174309908022,1.0719293013093163,0.8093451683777239,1.6153846153846154,0.7214578301562824,0.7557330122064403,1.0950210345999576,0.7716890532575088,1.0,3.1092166539084083,0.810902649225753,1.127325373446234,1.0205555852818433,0.77502555514474
B0007,436,121,24.0,1.5236247972838737,1.8806626717011388,0.8101531551672106,3.492953565598811,2.0299415196572554,4.200995491738166,0.2795996279931968,-1.8941478117057606,-1.9944619397860412,0.001322240211430216,0.42451541923358677,33.13820710362847,24.59206034022774,41.54038193238441,4.122985103685159,2937.625,313,1.5136050185229033,False,False,False,True,B0007_p1,0,3178.5,6232.421999999999,10628.938,0.5863635670845007,1.5474107703473634,1.2153016494673718,1708.2878811734697,29.884417292240713,3.0579668793244643,3.937926827453004,3.995,24.0,1.0,9.138207103628467,17.540381932384413,0.988272711960588,1.0023865421573208,1.000602903217956,0.972705676599583,1.0595196242631417,1.077711215189779,1.097297362363095,0.8044670875368087,1.6051282051282052,0.7074671112113969,0.74823033143618,1.1132669773939,0.7333784544520893,1.0,3.0579668793244643,0.8063200995406936,1.1384912213145026,1.01377179195248,0.7681042794899121
B0007,440,122,24.0,1.5135813035589147,1.8806626717011388,0.8048127536820926,3.4917462636517236,2.1171503915767786,4.201036137691208,0.27350870981613745,-1.8875042014728922,-1.993640903324712,0.001962038617783373,0.4382617517151343,32.84069778843796,24.21295183077047,41.13947017697289,4.157487508293686,2929.078,312,1.5135813035589147,False,False,False,True,B0007_p1,0,3149.453,6321.437000000001,10807.109,0.58493321386876,1.5382420486947261,1.2030964225011616,1678.6880481513715,29.63090988603296,3.164040858733273,3.9938873879954953,4.015000000000001,24.0,1.0,8.840697788437957,17.139470176972893,0.9879311260943588,1.0454503441054732,1.0006125843658402,0.9515158390842291,1.025025225715283,1.0530785078306135,1.1064798834297567,0.8021264960054945,1.6,0.6952086923633403,0.7407158834617338,1.1105513158308686,0.743800250285068,1.005006257822278,3.164040858733273,0.8015424899380695,1.1547518012407838,1.0307654684556233,0.7610848914117798
B0007,444,123,24.0,1.5077850749847914,1.8806626717011388,0.80173073974023,3.490432264232956,2.1309899052747716,4.200762329918291,0.2729068935891816,-1.8871434043422721,-1.994011319738722,0.0007664599576748683,0.43906275735498046,32.75739655594484,24.083470327760516,41.09041922644824,4.183156275222846,2918.375,311,1.5077850749847914,False,False,False,True,B0007_p1,0,3123.188,6368.030999999999,10722.515,0.5938934102680201,1.5319835314318733,1.1940598565520448,1662.3114576491635,29.598129752060995,3.1943488668969984,3.9421588265073813,4.025,24.0,1.0,8.757396555944837,17.09041922644824,0.98755935196547,1.0522843056489626,1.0005473681919494,0.9494221665552943,1.0153669536329264,1.0500647331192123,1.1133114070802557,0.7991954849888037,1.594871794871795,0.6884265221555118,0.7351522995250906,1.1275631005361462,0.7341665993470389,1.0075093867334168,3.1943488668969984,0.7982813207908316,1.1632632370783966,1.0226970225799932,0.7547377909238759
B0007,448,124,24.0,1.5031960676037333,1.8806626717011388,0.799290638466296,3.488861416967918,2.1294318317485654,4.201013677167557,0.2728699120961805,-1.8807630082774924,-1.9944414808648834,0.0012256774265900067,0.45190204705088705,32.77234087259374,24.06336388722212,41.10034021580957,4.202981030070509,2919.812,311,1.5031960676037333,False,False,False,True,B0007_p1,0,3119.046,6369.921999999999,10772.969,0.591287508578183,1.5272564306549814,1.1903194690885386,1649.1329380577024,29.564284108505642,3.194611198871293,3.919483229260901,4.025,24.0,1.0,8.772340872593738,17.100340215809567,0.9871149070401253,1.051514927851998,1.0006072346659378,0.9492935107754943,1.0170996564028632,1.0506742957582527,1.1185875966993721,0.7995890066958936,1.594871794871795,0.6829687949842523,0.7328494380480692,1.1226155484362517,0.729943617257461,1.0075093867334168,3.194611198871293,0.7958181374900544,1.1636086705069264,1.0275092476575287,0.7537368508811993
B0007,452,125,24.0,1.4978220596995881,1.8806626717011388,0.7964331308520868,3.4891932104785104,2.164511453629433,4.200439147859412,0.27114343726176793,-1.886419275237733,-1.9927344450972762,0.002815913681284574,0.44033851342651237,32.720417557744895,24.014672446811392,41.03075447325996,4.201910479264187,2900.422,309,1.4978220596995881,False,False,False,True,B0007_p1,0,3104.780999999994,6302.812000000005,10745.718999999997,0.5865416730141563,1.5218526204088783,1.1846345488348844,1635.4581398213786,29.569686993063936,3.2096878247770135,3.8839004605877685,4.005,24.0,1.0,8.720417557744895,17.03075447325996,0.9872087824571228,1.0688372696716217,1.0004703919354838,0.9432872371477615,1.0110794633370594,1.0463988281286363,1.118302678722103,0.7942790652202667,1.5846153846153845,0.6773055399139155,0.729349377164054,1.1136051284337907,0.7233168725163693,1.0025031289111388,3.2096878247770135,0.793002336476495,1.1513495285774473,1.0249101844838882,0.7502896249737185
B0007,456,126,24.0,1.492848534633516,1.8806626717011388,0.7937885709632189,3.4878785713375917,2.1743012710834013,4.200264786461796,0.27036963128436114,-1.8800039366336023,-1.9942563048805741,0.0022981628295229055,0.45328208839432876,32.710022803073514,23.987947203431663,40.99688397371006,4.212517381521927,2901.375,309,1.492848534633516,False,False,False,True,B0007_p1,0,3090.063,6310.4529999999995,10807.094,0.5839176563098276,1.5173148401993501,1.1787082619736153,1620.6996269796862,29.477071860791316,3.1972814291864005,3.8676379227270123,4.025,24.0,1.0,8.710022803073514,16.996883973710062,0.9868368273295652,1.0736714883774352,1.0004288621311774,0.9405952254587167,1.009874254652376,1.0443177664180237,1.1211256153996714,0.7945400437775784,1.5846153846153845,0.6711934773271833,0.7257007129955024,1.1086231832566986,0.720288224345803,1.0075093867334168,3.1972814291864005,0.7906378037613587,1.152745328063114,1.030764037778647,0.7467329288008294
B0007,460,127,24.0,1.492414389867026,1.8806626717011388,0.7935577242659227,3.486430546073901,2.1928976284966537,4.200151660684939,0.2689857507962565,-1.8733366537372407,-1.9933001058929758,0.0016961980319279539,0.465528036840312,32.62076759783716,23.86413247301575,40.88481342461614,4.2318435663728,2901.187,309,1.492414389867026,False,False,False,True,B0007_p1,0,3072.297,6333.406000000001,10113.641,0.6262241264051197,1.5113667766650312,1.1716240304588648,1603.9115527436868,29.374914905673503,3.241430444547653,3.8327595236492726,4.015000000000001,24.0,1.0,8.620767597837158,16.88481342461614,0.9864271328324987,1.0828543826744783,1.0004019175698289,0.9357808113045334,0.999525655584403,1.0374319592493666,1.1262691148613722,0.7944885600747719,1.5846153846153845,0.6642408960243256,0.721339131739873,1.1889460387870525,0.7137926576351488,1.005006257822278,3.241430444547653,0.7875384048990968,1.1569382066908502,0.9646235550281761,0.7424396644845112
B0007,464,128,24.0,1.487482776538081,1.8806626717011388,0.7909354499989039,3.4812572775226682,2.0298495899147295,4.200453152662228,0.2805884049743061,-1.879702248133121,-1.994355063355133,0.00036095829228417655,0.45377105836715836,32.57651826255201,23.796556329674626,41.09400879501426,4.2680046087936,2891.64,308,1.492414389867026,False,False,False,True,B0007_p1,0,3071.953,6394.75,10585.812,0.6040868664586146,1.5122919946326507,1.1708832777974765,1598.5513216539669,29.358312360503618,3.2042422853722847,3.8324661527171107,4.025,24.0,1.0,8.576518262552007,17.09400879501426,0.9849634431369986,1.0023411471861654,1.0004737276320788,0.9761455559346134,0.9943952138507502,1.0502852823818343,1.1358930682521273,0.7918741190604442,1.5794871794871794,0.6620210200618123,0.7208830691569038,1.1469163462006486,0.7137380218000412,1.0075093867334168,3.2042422853722847,0.7880205146646766,1.1681440598054684,1.0096585002671072,0.742356534746539
B0007,468,129,24.0,1.482535148640411,1.8806626717011388,0.7883046603458107,3.4823550791204023,2.0959492247836815,4.200291122451955,0.2757345575864043,-1.8790751470067306,-1.9927610429233324,0.00019610973754523192,0.45452900446391487,32.58396494906228,23.788802856443375,41.01377835587309,4.266172820747234,2882.906,307,1.487482776538081,False,False,False,True,B0007_p1,0,3058.953,6397.265,10806.562,0.5919796693897652,1.5073075529557292,1.165575643826626,1587.7459565463068,29.383571730227782,3.2134127883534127,3.762632448564293,4.005,24.0,1.0,8.583964949062278,17.013778355873093,0.9852740477132725,1.0349811931148467,1.0004351348987308,0.9592593928826546,0.9952586119335356,1.0453557862970084,1.135405553468266,0.7894823176758066,1.5743589743589743,0.65754610659872,0.7176152938462294,1.123929681540414,0.7007325658166493,1.0025031289111388,3.2134127883534127,0.7854232369501186,1.1686034807852428,1.0307132964352204,0.7392150039510792
B0007,472,130,24.0,1.4827874322228984,1.8806626717011388,0.7884388064562661,3.4835074286280525,2.177723491219515,4.199877643371451,0.2702230568822358,-1.8728728303565048,-1.9944391195904978,0.001518080994059945,0.46708909531252873,32.623742674615976,23.82871891762843,40.90635248178393,4.259765769333201,2883.265,307,1.4827874322228984,False,False,False,True,B0007_p1,0,3048.3749999999973,6451.655999999988,10805.281000000003,0.59708359273581,1.5025908032417246,1.1606863907870852,1576.0095259902228,29.380641256719517,3.24212254078175,3.8022533504665987,4.015000000000001,24.0,1.0,8.623742674615976,16.906352481783927,0.9856000857070976,1.0753613830741648,1.0003366514870762,0.9400853043475377,0.9998705976715215,1.0387553559441376,1.133700371314962,0.7895806296402083,1.5743589743589743,0.6526856034522934,0.7146051050393153,1.1336199652402583,0.7081113509171091,1.005006257822278,3.24212254078175,0.78296544734972,1.1785392129963324,1.0305911166214432,0.7366587645084344
B0007,476,131,24.0,1.476971179775059,1.8806626717011388,0.7853461452707392,3.478976541530706,2.056251340337525,4.200436806124781,0.2785599820113761,-1.8726786421400121,-1.994379463643991,0.0005279711713773091,0.4668330320827534,32.58599202496769,23.743478109305848,41.06596192416311,4.30066202858035,2882.969,307,1.482535148640411,False,False,False,True,B0007_p1,0,3039.312,6391.532000000001,10733.391,0.5954811485019041,1.5007140603920082,1.1574785091845434,1567.7247660317241,29.307071169348962,3.235197530306852,3.737313314924637,4.015000000000001,24.0,1.0,8.585992024967688,17.065961924163112,0.984318147085473,1.0153783500104492,1.0004698341756684,0.9690888279098001,0.995493639075873,1.04856203442841,1.144584562325573,0.7894995701932364,1.5743589743589743,0.6492545686369597,0.7126300938840767,1.1305775725186356,0.6960172656319766,1.005006257822278,3.235197530306852,0.7819875198915467,1.167556220158187,1.023734358766287,0.7344686342315695
B0007,480,132,24.0,1.4819015554137276,1.8806626717011388,0.7879677614238417,3.483501191305966,2.1512510632923165,4.193077426787744,0.2710187642003124,-1.872734820116884,-1.992644974954703,0.002404244703822979,0.4662180398477774,32.864544723781215,24.457169523678328,40.84520330629611,4.080941387761504,2891.656,308,1.4820775214392872,False,False,False,True,B0007_p1,0,3089.266,6519.688,10805.547,0.6033649198879057,1.5117692037748494,1.1735046770519577,1576.749427296065,29.669057228550887,4.836663314670101,4.028274285229546,4.025,24.0,0.0,8.864544723781215,16.845203306296114,0.9855983209612749,1.0622892796487746,0.9987169600426199,0.9428535091222013,1.0277901330639776,1.0349982454959805,1.0861077855330128,0.7918785006521725,1.5794871794871794,0.6529920247792809,0.7224969980393888,1.145545662001067,0.7502042823181422,1.0075093867334168,4.836663314670101,0.7877481003939611,1.1909667788396725,1.0306164872931562,0.7465403287974463
B0007,482,133,24.0,1.4981366198874824,1.8806626717011388,0.7966003911442314,3.4899701994096612,2.1693699073642034,4.203372086437543,0.27165150373790076,-1.8800362373714223,-1.9933389783603288,0.0008283088613030969,0.453311253523682,33.079651096902374,24.575871874910508,41.12807910254104,4.10422717641776,2901.25,309,1.4819015554137276,False,False,False,True,B0007_p1,0,3096.594,6271.3279999999995,10751.266000000003,0.5833106538336972,1.5170180620333407,1.1822063424110902,1640.830962970767,30.05088773324804,1.3643456706284525,3.7080309462299077,3.995,24.0,0.0,9.079651096902374,17.128079102541037,0.9874286184623061,1.0712363775238765,1.0011689660858274,0.9450547614787894,1.0527304108494793,1.052378620637986,1.09230509981635,0.7945058125922017,1.5846153846153845,0.679530630728197,0.7278543921962748,1.1074707313483505,0.690563873723746,1.0,1.3643456706284525,0.7904831594969243,1.1455982720656332,1.0254392488297304,0.7483111855412254
B0007,484,134,24.0,1.4820775214392872,1.8806626717011388,0.7880613273930117,3.484801138956006,2.116759239247948,4.202065190134895,0.2744248030587602,-1.8730214281226414,-1.9933817364068822,0.0030675311032014436,0.46638797880400595,32.932141650182686,24.328512035193278,41.094988453128494,4.167224495126409,2891.703,308,1.4771155312812152,False,False,False,True,B0007_p1,0,3064.046,6423.483999999999,10805.625,0.5944574237954767,1.5069321686106878,1.1670110344443143,1590.5187259583504,29.64944323132459,3.152852824244164,3.871962508983156,4.005,24.0,1.0,8.932141650182686,17.094988453128494,0.9859661193775391,1.045257192811923,1.0008576864766952,0.9547028572637216,1.0356275862153503,1.050345474260257,1.1090712995276129,0.7918913715778741,1.5794871794871794,0.6586944160772408,0.7184990273605252,1.1286339338384996,0.7210936121865736,1.0025031289111388,3.152852824244164,0.7852276328169047,1.1733929673334327,1.0306239268134332,0.7404457590542542
B0007,488,135,24.0,1.4771155312812152,1.8806626717011388,0.7854229009315646,3.47835437960934,2.009424225590032,4.200086642861885,0.28185158475661226,-1.8725486136074456,-1.9932411647857315,0.0030467354150696246,0.4670460159468524,32.755748003791545,24.080433038145774,41.11877573165318,4.224926755149784,2883.016,307,1.476971179775059,False,False,False,True,B0007_p1,0,3043.609,6409.781000000001,10806.672,0.5931318170848529,1.5022223944515616,1.159233458175605,1570.7509458792092,29.390818858325176,3.093897670712373,3.8143057069823,4.005,24.0,1.0,8.755748003791545,17.11877573165318,0.9841421167896905,0.9922550879970347,1.0003864314731084,0.9805400615841163,1.0151758140211595,1.0518070055395483,1.124428264477461,0.789512441118938,1.5743589743589743,0.6505078250337889,0.7137105713653762,1.1261171434736292,0.7103559174063517,1.0025031289111388,3.093897670712373,0.7827734780174338,1.1708898080150056,1.03072378806638,0.7355070309875765
B0007,492,136,24.0,1.4720772783056488,1.8806626717011388,0.7827439234352925,3.475694933923807,2.0034792344341588,4.199758658258613,0.2821225408880852,-1.8724613181992062,-1.995591810750265,0.002195963691779368,0.46760190562357584,32.52965474617847,23.77234297368613,40.980034990626955,4.271493224906279,2873.453,306,1.472248013656454,False,False,False,True,B0007_p1,0,3037.547,6425.656999999999,10502.453,0.611824399499812,1.4969311043683926,1.1552316461242542,1557.2849206709109,29.386940749297114,3.2320836495478815,3.7363516044796627,4.015000000000001,24.0,1.0,8.529654746178473,16.980034990626955,0.9833896711729384,0.9893194472063099,1.0003083113354194,0.9814826971987803,0.988961673693839,1.0432825359365436,1.1368215337116117,0.7868936185128823,1.5692307692307692,0.6449310308303022,0.7112467574152842,1.1616067882826648,0.6958381618165252,1.005006257822278,3.2320836495478815,0.7800163086682753,1.173789914366852,1.0017078467958604,0.7340421110120321
B0007,496,137,24.0,1.472248013656454,1.8806626717011388,0.7828347081110211,3.481431873453954,2.172988732474185,4.199843161074874,0.27031845545040223,-1.8659419458758726,-1.9935321227601952,0.0019190547671286233,0.4798199080245358,32.848065199041,24.130003633195166,41.017509953482886,4.229905234799717,2874.031,306,1.4720772783056488,False,False,False,True,B0007_p1,0,3030.766,6454.420999999999,10689.219,0.6038253122141103,1.4926371349983312,1.1524498450001177,1557.62679553227,29.732600284223718,3.2213414418546407,3.7319937366926936,4.015000000000001,24.0,1.0,8.848065199041002,17.017509953482886,0.9850128421316513,1.0730233558942084,1.0003284384132625,0.9404171886546128,1.025879432238008,1.0455850620682061,1.1257532444255007,0.787051903514064,1.5692307692307692,0.645072614238595,0.7095340731792228,1.146419760601629,0.695026575801256,1.005006257822278,3.2213414418546407,0.7777788201640978,1.1790443020655492,1.0195213012064326,0.7324034402178773
B0007,500,138,24.0,1.4670106672274665,1.8806626717011388,0.7800498671569279,3.4796060336232353,2.087464676179042,4.200352076636086,0.2760443341294343,-1.865786095147701,-1.9930538887372675,0.0021311239778481466,0.4796371624062805,33.072327061961936,24.398489581288885,41.299420742573055,4.223536418835768,2874.234,306,1.4670106672274665,False,False,False,True,B0007_p1,0,3026.563,6434.562999999995,10436.453999999998,0.6165468654391613,1.491748930463982,1.1511495932281766,1553.984219558455,29.774982060233484,3.1714939122771426,3.804600824410541,4.015000000000001,24.0,1.0,9.072327061961936,17.299420742573055,0.9844962513304217,1.0307915170797428,1.0004496531084561,0.9603370817338358,1.051881233471446,1.062906145511922,1.1240582383115154,0.7871074949591156,1.5692307692307692,0.6435640847161629,0.7087335412168936,1.170572838830937,0.7085485319233363,1.005006257822278,3.1714939122771426,0.7773159972457927,1.175416794385089,0.9954129634785364,0.7313877591460837
B0007,504,139,24.0,1.4617672495335379,1.8806626717011388,0.777261797944502,3.4782258967329596,2.110564313669325,4.200169604165679,0.27467455818201325,-1.8654605849037513,-1.996737767854495,0.0025488236883237985,0.4803629887383534,32.85096451719535,24.15787591865575,41.105738037939375,4.2315095942649,2864.984,305,1.4617672495335379,False,False,False,True,B0007_p1,0,3008.687,6397.172,10193.25,0.6275890417678365,1.4856632066578241,1.1435641461371377,1534.2673944271921,29.490551964069194,3.162463272158316,3.7043444401776107,4.025,24.0,1.0,8.85096451719535,17.105738037939375,0.9841057647116294,1.0421981342284388,1.0004061913899172,0.9555717361956849,1.026215590572644,1.051005947227948,1.126180231029904,0.784574387241243,1.564102564102564,0.635398596058424,0.7040633742723271,1.1915374603649747,0.6898773185312742,1.0075093867334168,3.162463272158316,0.7741448667876166,1.1685864922559706,0.972216539255344,0.7270679126461114
B0007,508,140,24.0,1.4566952670489708,1.8806626717011388,0.7745648855418226,3.4743233868367187,2.0724687293779813,4.199911577879335,0.2773685437531875,-1.865134613881632,-1.9940890874950365,0.0015365248744252662,0.48115670765904056,32.572302329954546,23.833084099928946,40.87704013237699,4.272118524208809,2855.093,304,1.4566952670489708,False,False,False,True,B0007_p1,0,2990.344,6523.75,10733.703,0.6077818624197073,1.482018102107702,1.1361127214417863,1512.6844069054348,29.190163881380066,3.1768588587809496,3.699262408062688,4.025,24.0,1.0,8.572302329954546,16.87704013237699,0.9830016148950973,1.023386508061144,1.0003447340873015,0.9649439055242589,0.9939064020662366,1.0369543548130793,1.1369879517941655,0.7818657420047589,1.558974358974359,0.6264602584388651,0.6994757215098069,1.1539316473141565,0.6889308680203264,1.0075093867334168,3.1768588587809496,0.7722454867910362,1.191708793956906,1.0237641168473945,0.7226352126937178
B0007,512,141,24.0,1.451354972758956,1.8806626717011388,0.7717253043822815,3.4737305453330443,2.1253826973270513,4.199564012073342,0.27350409030007017,-1.858515986418667,-1.9932272893446619,0.001152214891556579,0.4926088565466325,32.450684441760906,23.613836363374315,40.730219862268235,4.307107583090939,2855.625,304,1.451615926257375,False,False,False,True,B0007_p1,0,2977.079,6549.469,10647.812,0.6150999848607395,1.4763114642372095,1.1303075810844803,1498.7514234752327,29.208672053167405,3.268726569728635,3.6659724281189154,4.015000000000001,24.0,1.0,8.450684441760906,16.730219862268235,0.9828338803204469,1.0495154624426708,1.000261950053084,0.9514997681418819,0.9798055464234007,1.0279334650557552,1.1462999917500247,0.782011429929722,1.558974358974359,0.6206900790407943,0.6959016441640842,1.167825798498608,0.6827311200032472,1.005006257822278,3.268726569728635,0.7692718892796623,1.1964069443262149,1.0155719651025457,0.7194296430012737
B0007,516,142,24.0,1.451615926257375,1.8806626717011388,0.7718640605251802,3.47481272321405,2.1147331324879475,4.199951033620322,0.27411896588082374,-1.8588972649148483,-1.9966895581151058,0.003091812567802781,0.49288536462136934,32.7394359440147,23.88537512458738,41.03226257370644,4.314471991597492,2855.594,304,1.451354972758956,False,False,False,True,B0007_p1,0,2975.625,6492.5470000000005,10621.235,0.6112798558736343,1.4759524471698953,1.1305195274179607,1504.015585350852,29.453610291006044,3.1657335380000866,3.6570700197434416,4.025,24.0,1.0,8.739435944014701,17.03226257370644,0.983140064427736,1.044256699876766,1.0003541317477032,0.9536388731617784,1.0132845297408046,1.0464914884122645,1.148259966337947,0.7820029405957486,1.558974358974359,0.6228701690807326,0.6960321341337278,1.1605729204388828,0.6810731830274276,1.0075093867334168,3.1657335380000866,0.769084813757764,1.1860088683776246,1.0130370916359095,0.7190782748646122
B0007,520,143,24.0,1.4468161332173683,1.8806626717011388,0.7693118787265885,3.476096426841386,2.1738445330859366,4.19995987158867,0.2707101067699333,-1.8581969672334215,-1.9930274022141452,0.002962840512688362,0.49363110012121336,32.775898242252914,24.02342893757079,40.89527781087817,4.253460060290458,2847.437,303,1.4468161332173683,False,False,False,True,B0007_p1,0,2967.64,6483.375,9969.577999999994,0.6503158910036115,1.4712476339997653,1.1265859458789744,1492.5458132032427,29.4002159239623,3.208576196904474,3.6322568330124367,4.025,24.0,1.0,8.775898242252914,16.89527781087817,0.9835032668698285,1.0734459508348424,1.0003562367956151,0.9417797135781611,1.017512111813636,1.0380749091280033,1.1320221605704588,0.7797691503628095,1.5538461538461539,0.6181200993431026,0.6936103279756132,1.2346865442690091,0.6764521076920625,1.0075093867334168,3.208576196904474,0.7666332440153563,1.1843333975122217,0.9508830472122443,0.7171486499875547
B0007,524,144,24.0,1.4467570607768785,1.8806626717011388,0.7692804682873966,3.4686822529487804,1.9947266977360072,4.200414702164272,0.2832693778438166,-1.8581200056254086,-1.9935942445664658,0.0006568763083351514,0.4934164587081907,32.5817324044051,23.75894434400727,41.02491521192672,4.322639954618495,2847.36,303,1.4467570607768785,False,False,False,True,B0007_p1,0,2962.86,6545.7970000000005,10501.094,0.6233442915566703,1.4710418868762634,1.123597868567783,1477.455422875144,29.113406673153683,3.1799058673899623,3.61055939184099,4.015000000000001,24.0,1.0,8.581732404405102,17.024915211926718,0.9814055505383099,0.9849974384631976,1.0004645694028065,0.9854724550714241,0.9949997619370868,1.0460400538755146,1.1504338001145509,0.7797480639526175,1.5538461538461539,0.6118705936420268,0.6917706447349218,1.1834783985428472,0.6724112921642198,1.005006257822278,3.1799058673899623,0.7665260339297854,1.1957361714285089,1.0015782274618064,0.7159935332796857
B0007,528,145,24.0,1.4413797481446793,1.8806626717011388,0.7664212034585077,3.4661964701943586,2.0033802121225017,4.199552965128597,0.2821947324675514,-1.8577209868352302,-1.9943703142615519,0.0026276137551773395,0.4943028089733894,32.35021153014993,23.458006651239486,40.815968345794715,4.367565785231717,2837.328,302,1.4467570607768785,False,False,False,True,B0007_p1,0,2945.828,6653.0779999999995,10570.735,0.6293865090743452,1.4666904158354352,1.116686001306237,1458.7669127859283,28.907801618466582,3.2206474277190225,3.676586201141547,4.025,24.0,1.0,8.350211530149927,16.815968345794715,0.9807022399394368,0.989270549919557,1.0002593188660225,0.9817338461708067,0.968156322417915,1.0332019992722985,1.162390427217035,0.7770008059390285,1.5487179487179488,0.6041309694303393,0.6875151837683247,1.1949501229306776,0.6847077723881969,1.0075093867334168,3.2206474277190225,0.76425858262983,1.21533344464169,1.00822047914898,0.7118776446252033
B0007,532,146,24.0,1.4362456252208178,1.8806626717011388,0.7636912492774013,3.468183423895935,2.116470909151213,4.199706970400125,0.27403294432013725,-1.8512458354075154,-1.9938361784378094,0.002131550219558885,0.5055252635242714,32.28754240914786,23.312450683066256,40.65138669632271,4.387918298052043,2837.281,302,1.4467570607768785,False,False,False,True,B0007_p1,0,2932.172,6618.0470000000005,10804.765,0.6125118871164714,1.4605094007039348,1.111289822326736,1450.5405157672112,28.99403425065165,3.2953876066562486,3.6303936933216754,4.015000000000001,24.0,1.0,8.28754240914786,16.65138669632271,0.9812644152121162,1.0451148152084957,1.0002960002007453,0.9533396107450497,0.9608902183797776,1.0230898198377711,1.1678070751246985,0.7769879350133269,1.5487179487179488,0.6007241049324702,0.6841928935467237,1.1629120488819882,0.6761051265096512,1.005006257822278,3.2953876066562486,0.7610377980575634,1.2089342492768915,1.0305419013334576,0.7085775873526804
B0007,536,147,24.0,1.4368154153924828,1.8806626717011388,0.7639942223624945,3.4678606629897453,2.051877342511651,4.199300346769649,0.27831710554100686,-1.8514531972432,-1.9942060517882434,0.0003083819002708808,0.5055032219238349,32.603239183227075,23.67192071435474,40.965385542419945,4.3654701294274805,2838.515,302,1.4467570607768785,False,False,False,True,B0007_p1,0,2937.421,6574.639999999999,10037.5,0.6550077210460772,1.4609132316484392,1.1133615386681563,1459.0730218528265,29.23623523004328,3.2256957531890293,3.6183309162288895,4.025,24.0,1.0,8.603239183227075,16.965385542419945,0.9811730954192577,1.0132184668248383,1.0001991496361655,0.968243879284023,0.9974933423471346,1.0423824486585187,1.1618326862772594,0.7773258652753652,1.5487179487179488,0.6042577408601789,0.6854683966331073,1.2435944296545092,0.673858619347803,1.0075093867334168,3.2256957531890293,0.761248225058338,1.2010049902434692,0.9573613433179325,0.7098460408254009
B0007,540,148,24.0,1.4362945145860047,1.8806626717011388,0.763717245095749,3.4662499547181245,2.003221375307111,4.200086391757318,0.28238524242891305,-1.8574211435317929,-1.993515247147098,0.0028170347777114165,0.49499694759507895,32.61208344144242,23.703251528067923,41.11319128215138,4.37997105530099,2828.328,301,1.4418575315878015,False,False,False,True,B0007_p1,0,2936.093,6420.734000000006,10555.125,0.6083048755936102,1.4581701594364371,1.1123549916597049,1451.842728779496,29.260162178612,3.2201149601550725,3.58627663921358,4.025,24.0,1.0,8.612083441442422,17.113191282151377,0.9807173724896862,0.9891921161890258,1.0003863716644368,0.9823966157252417,0.9985187803827303,1.0514638873633333,1.1656919841676647,0.7745361605919092,1.5435897435897437,0.6012634009657302,0.6848486912274001,1.1549246375474056,0.6678890020425288,1.0075093867334168,3.2201149601550725,0.7598188733300103,1.1728906183495855,1.0067316213089605,0.709525121371834
B0007,544,149,24.0,1.4418575315878015,1.8806626717011388,0.7666752540388226,3.462469269360201,1.9865974995249178,4.189989265375979,0.28188198416963234,-1.857823928669184,-1.99378580594933,0.0021921104214289405,0.4943078671975977,32.26742656599958,23.32719332912165,40.78738321989129,4.383264304717054,2838.265,302,1.441790586562399,False,False,False,True,B0007_p1,0,2980.156,6786.281000000001,10807.328,0.6279332874878972,1.4687572940491154,1.122625558103739,1416.6024493793514,28.954663869279074,5.0281901136932525,3.8411882443665544,4.035,24.0,0.0,8.267426565999578,16.78738321989129,0.979647690885973,0.9809832347009626,0.9979814145557716,0.980645818812129,0.9585579085149967,1.0314456800032832,1.1665684544451393,0.7772574029046119,1.5487179487179488,0.5866690583257902,0.6911720178992803,1.1921910435917742,0.7153623775521251,1.0100125156445556,5.0281901136932525,0.7653355852453793,1.2396659507128058,1.0307863563394775,0.7201732191749374
B0007,547,150,24.0,1.4672063484781797,1.8806626717011388,0.7801539162528438,3.480518309485383,2.1908121182442706,4.202670619155847,0.270428573348554,-1.8658259561850365,-1.9962132509416517,0.0023628760398125477,0.4805485663838978,32.637733704417855,23.97791363088396,40.73001188190229,4.214467261135465,2864.547,305,1.4413797481446793,False,False,False,True,B0007_p1,0,3017.187,6529.953000000003,10790.062999999995,0.6051821013463968,1.488296893728128,1.14607698805003,1537.530184806096,29.42943562413917,3.1635920113039653,3.7066107154399006,4.015000000000001,24.0,1.0,8.637733704417855,16.730011881902293,0.9847543645069667,1.0818245562532358,1.0010018889728056,0.940800280382582,1.0014927726201344,1.027920686384585,1.121644559248134,0.7844547150171662,1.564102564102564,0.6367498418930931,0.7056104671592283,1.148995753758523,0.6902993775288245,1.005006257822278,3.1635920113039653,0.7755172204388774,1.192841910592111,1.0291396471397376,0.729121990473912
B0007,551,151,24.0,1.4518640367848885,1.8806626717011388,0.7719959877076819,3.4723137993738336,2.033261415031626,4.199186500777735,0.2802109931464832,-1.8647784241320742,-1.993458887321793,0.0012510749735953092,0.4816733351722642,32.665258715232376,23.91927093515108,40.990354594470126,4.283289390084547,2846.39,303,1.4368154153924828,False,False,False,True,B0007_p1,0,2987.75,6544.2029999999995,10574.641,0.6188581721119422,1.4768988547766542,1.1344546822299557,1511.5615666577935,29.365754863674997,3.1400696822680096,3.669797212158244,4.025,24.0,1.0,8.665258715232376,16.990354594470126,0.9824330357787221,1.0040259088151353,1.0001720335323152,0.9748325691113687,1.0046841304855585,1.0439165901345064,1.1399609825843575,0.7794824299540946,1.5538461538461539,0.6259952475030005,0.6984549089160398,1.1749610742839531,0.6834434273492904,1.0075093867334168,3.1400696822680096,0.7695779649560827,1.1954449916902343,1.0085930274336123,0.722008356471916
B0007,555,152,24.0,1.4471379752748499,1.8806626717011388,0.7694830109888088,3.474362108592906,2.19135439601875,4.199638763972608,0.2695426070546689,-1.8578958465335809,-1.9936626344417874,0.0026139024713906912,0.4944188415321409,32.502652632323915,23.750323116940578,40.62521315513875,4.270076308909606,2837.969,302,1.4368154153924828,False,False,False,True,B0007_p1,0,2954.312,6539.093000000001,10074.109,0.6490988930137643,1.4657708935138647,1.1214097234628824,1481.3080334810384,29.18156159876141,3.1634246285780527,3.6259803272211895,4.035,24.0,1.0,8.502652632323915,16.625213155138752,0.9830125705675047,1.0820923333975454,1.0002797546347775,0.9377180715487459,0.9858309425557659,1.0214816724790694,1.1364444335895545,0.77717634345764,1.5487179487179488,0.613466106509625,0.690423459418595,1.2323759578859088,0.6752832047849656,1.0100125156445556,3.1634246285780527,0.7637794407341767,1.1945115359420653,0.9608530535463287,0.7139278559535633
B0007,559,153,24.0,1.441790586562399,1.8806626717011388,0.7666396575299911,3.4722823212388754,2.1840705012733683,4.200028390360542,0.2699344065566691,-1.8511947629213035,-1.9935668796843673,0.0027107013781295553,0.5056082033558461,32.446842086875606,23.628172831563695,40.58944296824891,4.299125865852939,2838.156,302,1.4362945145860047,False,False,False,True,B0007_p1,0,2945.859,6504.593999999999,10423.047,0.6240587805082333,1.4605277304208895,1.1163371185540598,1464.329080367984,29.11061940894592,3.231087120621307,3.6707849213233006,4.035,24.0,1.0,8.446842086875606,16.58944296824891,0.9824241295676265,1.078495541077886,1.0003725567564896,0.9390811119877472,0.9793600487061578,1.0192838907130155,1.144175725701972,0.7772275533109635,1.5487179487179488,0.6064344749897462,0.6873003855267454,1.1848349237434883,0.6836273730274751,1.0100125156445556,3.231087120621307,0.7610473492507455,1.1882095222715963,0.9941342243971055,0.7118851359678694
B0007,563,154,24.0,1.431630947911111,1.8806626717011388,0.761237498597311,3.4701761898320465,2.1664368343684446,4.199347098159206,0.2710858021641952,-1.8509042611451945,-1.9934697961407999,0.0007252787010097335,0.5063097294204744,32.39361892904713,23.53981212995311,40.584393586876246,4.325115898670607,2829.843,301,1.4318084249673686,False,False,False,True,B0007_p1,0,2924.375,6526.875000000001,10534.046,0.6195981107354193,1.4560067086482285,1.1090142694782676,1450.9507699174362,29.06555232624057,3.234931415981727,3.5677551899641373,4.025,24.0,1.0,8.393618929047129,16.584393586876246,0.9818282349592149,1.0697880240271658,1.0002102849911576,0.9430867290605986,0.9731891467398264,1.018973648042356,1.1510927515318898,0.7749510425586742,1.5435897435897437,0.6008940068100874,0.6827918935046714,1.1763659181062105,0.6644396662828914,1.0075093867334168,3.234931415981727,0.7586915489709404,1.1922796450749158,1.0047211386433768,0.7066933938440496
B0007,567,155,24.0,1.4318084249673686,1.8806626717011388,0.7613318680230078,3.4635011119445216,1.987193667465448,4.199148920577739,0.2832898045943784,-1.850858274670624,-1.9934414275491175,-0.00017952143405607933,0.5063070156205356,32.417221778010834,23.49802323358846,40.884444140401214,4.3883223279882495,2829.625,301,1.431630947911111,False,False,False,True,B0007_p1,0,2928.875,6577.577999999994,10266.812000000005,0.6406641126768456,1.456128924808629,1.109378394653768,1445.8540621236189,29.04585339751556,3.199440596812593,3.5372867936125596,4.015000000000001,24.0,1.0,8.417221778010834,16.884444140401214,0.9799396334640726,0.981277622846959,1.0001630825926406,0.9855435181710732,0.9759257537549634,1.0374092697924577,1.1679146042503603,0.7748913433713774,1.5435897435897437,0.5987832658867814,0.6830160761188137,1.2163617255260226,0.658765394920057,1.005006257822278,3.199440596812593,0.7587552329962219,1.2015416816305762,0.979232769904127,0.7077808468117088
B0007,571,156,24.0,1.4262562585106868,1.8806626717011388,0.7583796286128112,3.467453100453348,2.1314172797434523,4.199648027535327,0.2734041808329979,-1.8504182940365097,-1.9940355259074865,0.0012810100184850572,0.5071972807923033,32.40094040453025,23.52742809133315,40.65159637790841,4.3463556783787,2819.437,300,1.4262562585106868,False,False,False,True,B0007_p1,0,2917.719,6584.579,10568.109,0.6230612307272757,1.4505847512754508,1.1041304552132083,1433.596095467314,29.05618290210888,3.2450581542606223,3.608501336377478,4.035,24.0,1.0,8.400940404530253,16.65159637790841,0.981057782425376,1.0524953434605047,1.000281961051749,0.9511521907632395,0.9740380273643255,1.0231027030348077,1.1567455379632627,0.7721013648384384,1.5384615384615385,0.5937067747664999,0.6797850532129466,1.1829409806477935,0.672028010909605,1.0100125156445556,3.2450581542606223,0.755866291907787,1.2028205708072766,1.0079700152996596,0.7050849300767742
B0007,575,157,24.0,1.4260877528924913,1.8806626717011388,0.7582900295471567,3.4675864728547845,2.188995882590831,4.1991931757384515,0.2695141803952856,-1.8436892876926974,-1.9937717858912956,0.000535666450658973,0.5181427821072656,32.36314241861482,23.458033825865048,40.53138082339522,4.351714431704272,2819.579,300,1.4260877528924913,False,False,False,True,B0007_p1,0,2900.515,6623.625,10798.344,0.6133926646530247,1.445573468588619,1.0974699382081439,1417.7296395093986,28.98532286604206,3.245809365583547,3.5387888277978874,4.035,24.0,1.0,8.36314241861482,16.531380823395217,0.9810955179126629,1.0809276978172837,1.0001736233900251,0.9376191773794388,0.9696555804159389,1.0157164527331577,1.1581717245105896,0.7721402514650263,1.5384615384615385,0.5871358707137249,0.6756843422096991,1.1645842887702038,0.6590451257422985,1.0100125156445556,3.245809365583547,0.7532550279613911,1.209953195688494,1.0299294762091293,0.7009274765533058
B0007,579,158,24.0,1.4212633510031694,1.8806626717011388,0.7557247625474358,3.462182535852444,2.0322464946417114,4.199053572226856,0.2801600866578969,-1.8498733070449755,-1.9938797141417293,0.0026041426376996195,0.507894137527647,32.382600705235255,23.438813900162128,40.821433488540606,4.4093849536368666,2810.672,299,1.4212633510031694,False,False,False,True,B0007_p1,0,2904.75,6645.062,10279.047,0.646466739572258,1.4451689126833736,1.0980869424223467,1415.9482780052679,29.02814341192068,3.240413203177628,3.498697564004607,4.025,24.0,1.0,8.382600705235255,16.821433488540606,0.9795665644421201,1.0035247404167553,1.000140372300069,0.9746554693391728,0.9719116505941581,1.03353778703636,1.1735202426379476,0.7697010741198272,1.5333333333333334,0.5863981410305494,0.6760642160195413,1.2273785643397295,0.6515787429561145,1.0075093867334168,3.240413203177628,0.7530442232002778,1.213869143021861,0.9803997254244747,0.7019508906239805
B0007,583,159,24.0,1.4163272748795108,1.8806626717011388,0.7531001152898851,3.465962999117946,2.1695130053947387,4.199879744716988,0.2708827931569411,-1.8432877207292044,-1.9940053249383378,0.0009364024885806814,0.5188324984812375,32.4323818014572,23.504429518319206,40.643362943412974,4.376928450134194,2811.485,299,1.4165781829175994,False,False,False,True,B0007_p1,0,2894.266,6511.5,10299.39,0.6322219082877725,1.4391345653725083,1.0935265071164995,1406.7175806255752,29.06882936597328,3.250211645870124,3.4969809421025033,4.035,24.0,1.0,8.432381801457197,16.643362943412974,0.9806361832085019,1.0713070394314381,1.0003371519904567,0.9423804762834607,0.977683466418242,1.022596826667379,1.1648822207219387,0.7699237137495171,1.5333333333333334,0.5825753574812147,0.673256471932398,1.20033339789732,0.6512590484639095,1.0100125156445556,3.250211645870124,0.7498998638500661,1.1894710575743084,0.982340009539754,0.6994173668655498
B0007,587,160,24.0,1.4165781829175994,1.8806626717011388,0.7532335299856006,3.4601727514874407,1.9917978280585305,4.1986801794397035,0.28320564015052707,-1.8494580225090995,-1.9936134940183787,0.0012154494508675095,0.5087585272156274,32.48861829940489,23.538505739106153,40.97063567014205,4.415256194230411,2802.422,298,1.4163272748795108,False,False,False,True,B0007_p1,0,2894.234,6639.812000000005,10543.077999999994,0.6297792731875842,1.4417868402692842,1.093931192219174,1405.3733186826296,29.11731427294074,3.2312073886358093,3.5764584143178486,4.015000000000001,24.0,1.0,8.48861829940489,16.97063567014205,0.9789979296155883,0.9835511605679945,1.0000514367352484,0.9852507165214801,0.9842037468736671,1.0427050255299406,1.1750828233058566,0.7674418158849678,1.528205128205128,0.582018647383363,0.6735056262626288,1.195695822939545,0.6660605082906143,1.005006257822278,3.2312073886358093,0.7512819031894313,1.212910113143606,1.0055825969400485,0.6994096338666687
B0007,591,161,24.0,1.4108401729425177,1.8806626717011388,0.7501824724719789,3.464226115253961,2.1534486462617073,4.199235005181635,0.2718094069576828,-1.8426221358637018,-1.9932783787552537,0.0024889122249394918,0.5198946086774101,32.524062377970175,23.59680665310433,40.74888323397497,4.383646752360037,2801.625,298,1.4163272748795108,False,False,False,True,B0007_p1,0,2872.5,6595.235000000001,10430.109,0.6323265653311965,1.436140776351446,1.086555006556208,1392.6870856769276,29.085224991378187,3.2418107433775276,3.511167496672149,4.025,24.0,1.0,8.524062377970175,16.748883233974972,0.9801447610082396,1.0633744476560596,1.0001835864243518,0.9456040946783282,0.9883132725582986,1.029080174692931,1.1666702396273154,0.7672235578470064,1.528205128205128,0.5767647948473762,0.6689642962596993,1.200532099243952,0.6539010765970265,1.0075093867334168,3.2418107433775276,0.7483398693691404,1.2047671274516,0.994807787117555,0.69415747768909
B0007,595,162,24.0,1.4109949628347804,1.8806626717011388,0.7502647785094155,3.458799193390812,2.0101572712330453,4.198950996279868,0.28154248712251484,-1.8427098003104345,-1.9936687629475545,0.0026875024090308453,0.5196065660798354,32.482615965621896,23.507102422227057,40.93461596721165,4.428070620096844,2802.031,298,1.4163272748795108,False,False,False,True,B0007_p1,0,2874.265,6650.999999999999,10154.094,0.6550067391536851,1.435710507127031,1.0861585556572908,1388.1257123744676,29.021049593818244,3.229200808122023,3.4540621286136606,4.015000000000001,24.0,1.0,8.482615965621896,16.93461596721165,0.9786093043562778,0.9926170664482502,1.0001159405218016,0.9794647346050783,0.9835078127191507,1.040491913069474,1.1784932735863747,0.7673347407371097,1.528205128205128,0.5748757563375253,0.6687202115194005,1.2435925654384548,0.6432660779282626,1.005006257822278,3.229200808122023,0.7481156659898518,1.2149538514822582,0.9684819000763694,0.6945840009086274
B0007,599,163,24.0,1.4061714290398801,1.8806626717011388,0.7476999730993431,3.4620805499710854,2.132718741006573,4.199393701075195,0.27338203683256124,-1.842239518040086,-1.9932378340066106,0.0009947078732730503,0.5205366588751019,32.46389583182878,23.49103023425758,40.74175890345818,4.408949817284241,2793.39,297,1.4136611188571457,False,False,False,True,B0007_p1,0,2861.61,6627.969,10316.906,0.6424376649355921,1.4298702106438401,1.0808013428142744,1377.0368606568188,29.067548735124177,3.2700092657941937,3.4550410400349967,4.035,24.0,1.0,8.46389583182878,16.741758903458177,0.9795377092450328,1.0531380059424817,1.000221384982369,0.9510751534828898,0.9813373268790164,1.028642443580332,1.1734044348045463,0.7649684073543921,1.523076923076923,0.5702834402660986,0.6654219117574763,1.2197289830999574,0.6434483851616576,1.0100125156445556,3.2700092657941937,0.7450724220549421,1.2107467244106167,0.9840106587342305,0.6915258415073549
B0007,603,164,24.0,1.4063358479692922,1.8806626717011388,0.7477873991603194,3.4578782949034514,2.0114763339798887,4.198994975977764,0.2814693412732219,-1.842252843487983,-1.9929534332525367,0.0027780084228780505,0.5205423339703974,32.55681404542561,23.555518771498985,41.00964443691023,4.442695390898806,2793.39,297,1.4109949628347804,False,False,False,True,B0007_p1,0,2862.922,6600.891,10571.39,0.6244108863640448,1.4302711426642827,1.0811096676238172,1374.6230116435145,29.14009489190413,3.2476456437648373,3.454569256604402,4.025,24.0,1.0,8.556814045425611,17.00964443691023,0.978348751552339,0.9932684205552,1.00012641570881,0.9792102658014622,0.9921106295237143,1.0451017912103486,1.1823855317494747,0.7649684073543921,1.523076923076923,0.5692837734024726,0.6656117395047976,1.1855034301852698,0.643360522735989,1.0075093867334168,3.2476456437648373,0.7452813384931801,1.2058003223071079,1.0082829520436123,0.6918428944614813
B0007,607,165,24.0,1.4004552399066514,1.8806626717011388,0.7446605183267027,3.461590937144894,2.1610456063312298,4.198421699164089,0.2711287554522599,-1.8356063485512333,-1.9975549047179482,0.0017032344350931606,0.5311150305328971,32.576296430484255,23.595817643467868,40.80558697887537,4.412579006003441,2792.485,297,1.410917567888649,False,False,False,True,B0007_p1,0,2845.625,6675.577999999998,9892.375,0.6748205562364951,1.4251129626687673,1.0751667059085845,1366.554693469402,29.16287926072855,3.2759060301555465,3.435552882892957,4.035,24.0,1.0,8.576296430484255,16.80558697887537,0.979399181495819,1.0671258318517391,0.9999898713004098,0.9432361602577323,0.9943694937695124,1.032564150244774,1.174370312465743,0.7647205735722652,1.523076923076923,0.5659423753782399,0.6619528090525515,1.2812109808596106,0.6398190148886217,1.0100125156445556,3.2759060301555465,0.7425935297437948,1.2194435726913588,0.943519543572078,0.6876629669100145
B0007,611,166,24.0,1.4217865046055154,1.8806626717011388,0.7560029376876234,3.462906230864041,2.0143553387267827,4.188887274283021,0.28163618896619136,-1.8561013515700384,-1.9933150584565904,0.0005141412894631021,0.49740511520485786,32.81804879809979,24.482611948371623,40.92586026351328,4.125296278923238,2802.016,298,1.4108401729425177,False,False,False,True,B0007_p1,0,2906.047,6915.907000000001,10212.234,0.6772178350006474,1.4509889065428183,1.0992721577138325,1403.2290467163732,28.656686168389818,4.042340621839639,3.7277794242089284,4.035,24.0,0.0,8.818048798099788,16.92586026351328,0.9797713218253236,0.9946900751128057,0.9977189397473358,0.9797907161376941,1.0223992128157167,1.0399539475845156,1.0979124619642155,0.7673306329948645,1.528205128205128,0.5811306226479905,0.6767939229451924,1.2857624425014178,0.694241724758729,1.0100125156445556,4.042340621839639,0.756076887905733,1.2633450377602031,0.9740272040365693,0.7022643187348815
B0007,613,167,24.0,1.4324552720625434,1.8806626717011388,0.7616758143909068,3.4753580425264796,2.1732119934933296,4.2050716026539625,0.27473843821115856,-1.8574370794605966,-2.0060375207298797,0.001683361634121328,0.49591138171784854,32.92941193334214,24.737923198971707,40.57390100608222,3.9194235342978154,2820.39,300,1.4086654054020364,False,False,False,True,B0007_p1,0,,,,,,,,,,,,,,8.929411933342138,16.573901006082217,0.9832943533942677,1.0731336023416118,1.0015737608216368,0.9557939699211622,1.0353110921231894,1.018328965843211,1.0431211847757502,0.7723623433957499,1.5384615384615385,,,,,,,,,,
B0018,2,0,24.0,1.8550045207910817,1.8396018424355423,1.0083728326424957,3.5275462263272543,2.4721608434600437,4.188195942647034,0.2356155544529411,-1.9541761960216968,-2.012995081928318,0.001459080605681204,0.32755521190017756,31.773285281389256,23.8195202516044,38.10180309676608,3.3892433008816,3434.891,366,1.8361510246887538,False,False,False,True,B0018_p1,0,1348.297,6001.1720000000005,8122.844,0.7388018285221285,0.7868136847337894,0.4820264049093358,86.12858813664003,26.713023146449622,2.977301926053155,2.7276181061205853,4.175,24.0,1.0,7.773285281389256,14.101803096766083,0.9971304167449784,1.0300892622518458,0.9998531164439153,0.9929446660763441,1.0,1.0,1.0313371766234496,1.0050473411338405,1.0223463687150838,0.03835428414853851,0.3108088841481447,1.207462247654285,0.5089403319437951,1.0424469413233457,1.0,0.42179128091183477,0.9565954657622442,0.7517008448954017,0.3472474723866434
B0018,6,1,24.0,1.8431955317089987,1.8396018424355423,1.0019535147174556,3.534835576186522,2.4114381994148304,4.186703558364525,0.23789656784178786,-1.9474374301153292,-2.012643873951446,0.0031077708566253433,0.34474912073135366,31.924891594728642,24.314787074430125,38.14987995994155,3.2752302224155914,3425.485,362,1.8327002069419656,False,False,False,True,B0018_p1,0,3907.047,6160.281,10804.766,0.5701447861064275,1.8754237752907195,1.5608824618139503,2242.6329680272975,28.630657651876884,4.37331672870609,5.813010389001385,4.005,24.0,1.0,7.924891594728642,14.14987995994155,0.9991908950482037,1.0047876141928263,0.9994968377272,1.0025574443284544,1.0195035056416057,1.0034092706333768,0.9966433184360792,1.0022951503683388,1.011173184357542,0.9986763275410957,1.0064513713394023,0.9318172727015911,1.084636969644864,1.0,1.4688858695978997,1.0053681218063983,0.9819576696720745,0.9998901531405884,1.0062413513089608
B0018,10,2,24.0,1.8396018424355423,1.8396018424355423,1.0,3.538246596159443,2.394395968141027,4.188811210133346,0.23728971261206758,-1.9520511323479741,-2.0118244627327857,0.0021731033544040283,0.33092880126857177,31.31691283374216,23.74169210144422,37.5266914843442,3.2627553263141578,3410.375,358,1.8316869057190854,False,False,False,True,B0018_p1,0,3893.3280000000027,6626.438000000009,10806.391000000003,0.6131962095393372,1.87406262523862,1.5570125330600042,2267.1301378902763,28.510311181520592,2.2805531407192916,5.35940646657536,4.005,24.0,1.0,7.316912833742158,13.526691484344198,1.0001550870244107,0.9976865311518914,1.0,1.0,0.9412896309441078,0.9592171576588122,0.9928472427396025,0.9978739721345805,1.0,1.0095852653756403,1.0039560552623235,1.0021784527855688,1.0,1.0,0.7659798023045971,1.0046384430589037,1.0562637673032271,1.0000405332134985,1.0027080881824602
B0018,14,3,24.0,1.8306736044962053,1.8396018424355423,0.9951466465550413,3.537697945111872,2.3999481734774424,4.188875360300162,0.23668744588744997,-1.9460914562122762,-2.0135271229076634,0.0019898436251189404,0.3479124254783602,30.821190751176527,23.227856809949373,37.06279237079503,3.286261154647626,3404.719,355,1.8306736044962053,False,False,False,True,B0018_p1,0,3882.813,6611.766,10805.953,0.6118632942416092,1.8654100270466563,1.5508771772417596,2257.679142257581,27.94743032564124,2.267516206565297,5.253830288581774,4.005,24.0,1.0,6.821190751176527,13.06279237079503,1.0,1.0,1.0000153146474258,0.997461892814535,0.8775170991739841,0.9263207180782913,1.0,0.9962190294416529,0.9916201117318436,1.0053766027256974,1.0,1.0,0.9803007704953851,1.0,0.7616010276697797,1.0,1.0539250293577604,1.0,1.0
B0018,17,4,24.0,1.8327002069419656,1.8396018424355423,0.9962482993143563,3.542667604586918,2.3851461229395867,4.189908817357781,0.2394353252581165,-1.9412796601390512,-2.014479287336525,0.001791496299138119,0.3634908467567985,31.95346971511436,24.414641711593454,38.2110354381278,3.299128199072179,3417.641,354,1.829601244550422,False,False,False,True,B0018_p1,0,3857.484,6273.469,10806.594,0.5805223181327993,1.8523703487874505,1.5396387083492185,2245.605414067465,28.182349581908053,4.6050500982444476,5.456767374683851,4.005,24.0,0.0,7.953469715114359,14.211035438127801,1.0014047721292636,0.9938323457558635,1.0002620331090073,1.0090421646283363,1.0231799589494674,1.0077459840143965,1.0039154053250927,1.0,0.9888268156424581,1.0,0.9927534758667809,0.9487778129465073,1.0181663601586661,1.0,1.5467192151214266,0.9930097522420578,1.0,1.0000593191549139,0.99347663665492
B0018,19,5,24.0,1.8285288846046388,1.8396018424355423,0.993980785637699,3.5451037330477333,2.3716770708389117,4.190509582057232,0.24110752752449982,-1.9400338819083036,-2.01246830059768,0.002663054224170818,0.36496332223544575,32.02311236185272,24.695286535085184,38.17496505957075,3.208976723644848,3411.766,351,1.8285288846046388,False,False,False,True,B0018_p1,0,3891.328,6116.218,10804.844,0.566062591926362,1.8602098202567419,1.5551729551739837,2260.092652306381,36.186651345077465,0.0,4.77691336328896,3.9850000000000003,24.0,0.0,8.023112361852718,14.174965059570752,1.0020933918188504,0.9882201195213449,1.0004054543971277,1.0160892559159267,1.0321391884409024,1.0051881282345694,0.9764825656374029,0.998280978019634,0.9804469273743017,1.0064513730453986,1.002769902088484,0.9251455304701417,0.891313878333507,0.9950062421972535,0.0,0.9972122982537264,0.9749339639679417,0.999897371384088,1.0021929977055295
B0018,21,6,24.0,1.8212011895697924,1.8396018424355423,0.9899974807367075,3.5475142438631493,2.4964491577040793,4.1903241054041,0.2318511800008401,-1.9335667184847714,-2.0129654127777004,0.0024302706501015303,0.3808832811419138,31.634533158077694,24.31366014142129,37.64038685475582,3.1972191610410667,3399.516,348,1.8231002302844226,False,False,False,True,B0018_p1,0,3879.000000000003,6093.827999999994,10806.235,0.5639177752473451,1.8538404963792696,1.5491638358127697,2255.8773116882426,36.13935430758997,0.0,4.873760705354228,3.995,24.0,0.0,7.634533158077694,13.640386854755818,1.0027747701764196,1.0402096117295776,1.0003611753299109,0.9770806220321964,0.9821501310850174,0.9672796280841504,0.9729047725009223,0.9946966343158922,0.9720670391061452,1.0045742219699105,0.9988952436375155,0.9216401450364963,0.90938441332078,0.9975031210986268,0.0,0.993797861864341,0.9713649656992,1.000026096726499,0.9990179800057337
B0018,23,7,24.0,1.8151700106433282,1.8396018424355423,0.9867189566629986,3.544812433691423,2.4374506721131883,4.190302498850287,0.2359561532347725,-1.9332161326561408,-2.0253396376938984,0.007315177847634387,0.3824771942488669,31.288194921595714,23.917267950078497,37.37602884738843,3.2292773880953023,3388.75,345,1.8212011895697924,False,False,False,True,B0018_p1,0,3844.063,6193.093000000001,10807.531,0.5730349512761056,1.841670604510915,1.5352252043087922,2235.094136550869,35.46420583269735,0.0,4.819790865041262,3.9850000000000003,24.0,0.0,7.288194921595714,13.376028847388433,1.0020110503185784,1.0156263785402524,1.0003560171710135,0.994380037117432,0.9375951940224113,0.9485332305097857,0.9826600005688124,0.9915465082494036,0.9636871508379888,0.995319178760993,0.9899076644091156,0.9365408199332655,0.8993142981597905,0.9950062421972535,0.0,0.9872738849949649,0.9871879497611291,1.0001460306184935,0.9900201220094813
B0018,26,8,24.0,1.8042980520967649,1.8396018424355423,0.980809004685472,3.5434780274164095,2.4152206992194847,4.188517549229078,0.23682620647693875,-1.9325959489970461,-2.0164107237206794,0.0013308719123062843,0.3841188149850458,31.11122470608501,23.654641102277676,37.28928029078695,3.2781775320054463,3380.406,342,1.8151700106433282,False,False,False,True,B0018_p1,0,3819.578,6237.938,10807.063,0.5772093676144944,1.8348122924414796,1.5266209647970466,2220.0532551355495,35.219777661310665,0.0,4.680690057330971,3.995,24.0,1.0,7.111224706085011,13.289280290786948,1.0016338541034924,1.0063636898124817,0.9999298939747971,0.9980466656981182,0.9148287305382519,0.9423816372698135,0.9975401764309731,0.9891050581380548,0.9553072625698324,0.9886212605421035,0.9843596818622009,0.9433632856338153,0.8733597808866911,0.9975031210986268,0.0,0.9835973141767553,0.9943363073922896,1.0001027211574953,0.9837141268456657
B0018,29,9,24.0,1.8231002302844226,1.8396018424355423,0.9910297914633134,3.543133206790044,2.377432309524995,4.191794143442699,0.2397794991641069,-1.9387520938161948,-2.0137948590788683,0.0019160597964111145,0.36905252794524707,31.13166983979621,23.598003231352457,37.52377766578506,3.332242371690498,3404.141,343,1.8121253520255494,False,False,False,True,B0018_p1,0,3798.125,6732.014999999999,10805.891,0.622994901577297,1.828185257139575,1.5118065070315894,2216.379197628535,27.55080800546333,4.502463923515094,5.2269299681528105,3.975,24.0,0.0,7.13166983979621,13.523777665785062,1.0015363837621247,0.9906181874253466,1.0007121193006114,1.0104926021639622,0.9174589097959395,0.959010530283636,1.0139919546496914,0.9960499069387335,0.9581005586592178,0.9869851505274061,0.9748073730250789,1.018192964736486,0.9752814981941086,0.9925093632958802,1.5122631279400551,0.980044725091343,1.0730928932620851,0.9999942624218336,0.9781890088448761
B0018,31,10,24.0,1.8121253520255494,1.8396018424355423,0.9850638927532192,3.545155146280937,2.3887487262583647,4.190699409462101,0.2394912052033424,-1.9319248326301843,-2.0130992718348324,0.0028767662739353694,0.38518004774627046,31.51305775907457,24.126322531318674,37.72420412562674,3.2605514489475476,3396.141,340,1.8046916382117766,False,False,False,True,B0018_p1,0,3859.594,6258.531000000001,10806.031,0.5791701874629085,1.8482638702145477,1.5414313449319232,2243.0509559938337,35.44332890427652,0.0,4.69096284142565,3.995,24.0,0.0,7.51305775907457,13.724204125626741,1.0021079247818114,0.9953334628877214,1.0004507721246036,1.0092776571181319,0.9665228390706667,0.9732233553008597,0.9921766090732874,0.9937091110505756,0.9497206703910615,0.9988624635220288,0.9939093614578585,0.9465679554789717,0.8752765573354911,0.9975031210986268,0.0,0.9908083710371952,0.9976188612711724,1.0000072182434998,0.9940200571080812
B0018,33,11,24.0,1.8046916382117766,1.8396018424355423,0.9810229564797857,3.545032366549762,2.432289857016922,4.1902633112754275,0.23636543687105385,-1.9249594896453863,-2.012646457499825,0.002628201879030579,0.4008923507156673,31.31102568785445,24.009919830527505,37.41366095304306,3.221069707400618,3384.094,337,1.8042980520967649,False,False,False,True,B0018_p1,0,3836.11,6089.843999999997,10642.983999999997,0.5721932871457853,1.8377619271486758,1.532483094437853,2233.062021008666,35.51794239177923,0.0,4.700337474377936,3.995,24.0,0.0,7.31102568785445,13.413660953043063,1.0020732186726184,1.0134759924805448,1.000346661873557,0.9961048638356911,0.9405322747331112,0.9512018329144852,0.9801624264843315,0.9901841650424957,0.9413407821229051,0.9944142488345362,0.9881395618725781,0.9351652444767192,0.8770257497154221,0.9975031210986268,0.0,0.9851785401080141,0.9707299103574111,0.9849185907064372,0.9879718647279692
B0018,35,12,24.0,1.790844349786295,1.8396018424355423,0.9734956274099537,3.5440892170496827,2.497495633221204,4.18970538556629,0.23152309725169407,-1.9179528942264992,-2.011939908405691,0.003204989680715983,0.41604798160412765,30.893964711700164,23.551364638150325,36.94724908852665,3.2329854477192024,3370.656,334,1.790844349786295,False,False,False,True,B0018_p1,0,3813.625,6055.8279999999995,10771.188,0.5622247053899718,1.825442294764493,1.5206217009006726,2210.6053580018,35.081542638352914,0.0,4.6199771862671195,4.005,24.0,0.0,6.893964711700164,12.947249088526647,1.0018066188908643,1.0406456526110808,1.0002134675897498,0.9756979967783052,0.8868791588294906,0.918127206831855,0.9837883526532644,0.9862522131493624,0.9329608938547486,0.9844139776977696,0.9804913781793498,0.9188730729252793,0.8620314982788136,1.0,0.0,0.9785742910659483,0.9653077109331375,0.9967827918555634,0.9821809600410836
B0018,38,13,24.0,1.783470722841926,1.8396018424355423,0.9694873541117455,3.541317108618481,2.478768686108376,4.188354430914051,0.23215997251902853,-1.917373033348097,-2.013704827395307,0.0038464738146169104,0.41771515683186444,30.540598970902945,23.09050168217513,36.707091312059944,3.289215654112624,3357.797,331,1.783470722841926,False,False,False,True,B0018_p1,0,3760.437,6252.437,10794.406,0.5792293712132005,1.8133533645099194,1.5021144615048727,2188.5645239265114,34.460585087793035,0.0,4.627048981231395,3.995,24.0,1.0,6.540598970902945,12.707091312059944,1.001023027845441,1.0328425894783908,0.9998909525408569,0.9783819532816183,0.8414201633075785,0.9010969182355139,1.00089904585362,0.9824896763586345,0.9245810055865922,0.9745988810929898,0.9685579770903512,0.9466646825597576,0.8633510091254679,0.9975031210986268,0.0,0.9720937157075574,0.9966474688884251,0.9989314223372988,0.9684826438976072
B0018,41,14,24.0,1.7809386125310702,1.8396018424355423,0.9681109093548174,3.541197979542517,2.3858494078680206,4.193543208571066,0.23984848741538095,-1.9180652422275581,-2.0130040542547274,0.001982013280312633,0.41851037792194934,30.82566018736547,23.303464882146475,37.13061214416645,3.353002685245749,3363.015,330,1.7809386125310702,False,False,False,True,B0018_p1,0,3747.313,7055.109,10808.672,0.65272671795388,1.8060718870032577,1.4916413595652158,2201.459800476266,27.33771267675062,4.0602454604332685,5.111197570282487,3.965,24.0,0.0,6.825660187365472,13.130612144166449,1.0009893536658439,0.9941253874707664,1.001129675748163,1.0107833364335377,0.8780920730784728,0.9311300160741605,1.0203092595071859,0.9840164604766855,0.9217877094972067,0.9803413309770936,0.9618049588028016,1.0667852183597974,0.9536872417046812,0.9900124843945068,1.3637331924262421,0.9681902964050517,1.1245945425090966,1.000251620565072,0.9651026201879925
B0018,43,15,24.0,1.771209039672698,1.8396018424355423,0.9628219535416993,3.541255460524434,2.372854084449551,4.190238041929225,0.24107515468634144,-1.9106033469326071,-2.0147841532663255,0.0020341106534608818,0.4333538762209249,31.451400678644536,24.000119916961825,37.686600065941576,3.325243999668731,3357.734,327,1.771209039672698,False,False,False,True,B0018_p1,0,3765.5,6311.531,10788.828,0.5850061749061158,1.8041308229182411,1.498800261602128,2175.0257605306,34.69043264785862,0.0,4.6919972952868205,3.995,24.0,0.0,7.451400678644536,13.686600065941576,1.0010056017974847,0.9887105524497086,1.0003406292917734,1.015952828433243,0.9585909186280125,0.9705567417176797,1.0118623697833549,0.9824712425910153,0.9134078212290503,0.9685698773726128,0.9664209929684758,0.9561060132414346,0.8754695738323033,0.9975031210986268,0.0,0.9671497401429576,1.0060671376554184,0.9984152253854889,0.9697865954399555
B0018,45,16,24.0,1.7686303996707076,1.8396018424355423,0.9614202154359272,3.5427478949705886,2.4086912736769084,4.19075698083662,0.23851613291467513,-1.909404549449075,-2.0129355983090056,0.0030576354902658847,0.4345292193646614,31.518847747922937,24.22294874000798,37.633580732302406,3.2500563963932576,3344.187,325,1.7686303996707076,False,False,False,True,B0018_p1,0,3738.688,6403.5779999999995,10689.594,0.5990478216478567,1.799619531102153,1.4909378239999052,2172.299021040892,35.105681007040275,0.0,4.576452202597556,3.995,24.0,0.0,7.518847747922937,13.633580732302406,1.0014274677875465,1.0036430370855873,1.0004645162089347,1.005168451211421,0.9672676964429066,0.9667969860839247,0.9889829941837808,0.9785073973539058,0.9078212290502793,0.9673556215320157,0.9613513216124202,0.9790550067076061,0.8539102662093647,0.9975031210986268,0.0,0.9647313486093652,1.0207395621146769,0.9892319539054075,0.962881292506232
B0018,47,17,24.0,1.7536304801917124,1.8396018424355423,0.9532663208632103,3.541251093602656,2.496331992137246,4.189715378549557,0.23208831014050751,-1.8960567702455413,-2.0117266911103093,0.005725980789228198,0.4608372568983002,31.11237289077096,23.79566158754756,37.15252578645951,3.2602557029885486,3339.969,323,1.7536304801917124,False,False,False,True,B0018_p1,0,3705.563000000003,6111.062000000005,10670.672000000006,0.5726970147709537,1.7888610426302642,1.479744099234698,2153.1823046183817,35.05533549707359,0.0,4.534225949147293,3.995,24.0,0.0,7.11237289077096,13.152525786459513,1.0010043674010365,1.0401607916891584,1.0002158532268113,0.9780799495506847,0.9149764396013295,0.9326839763828312,0.9920866144121568,0.9772732127218745,0.9022346368715084,0.9588426760685096,0.9541336483308291,0.9359885127294632,0.8460313613877931,0.9975031210986268,0.0,0.958963990057679,0.9741120901370526,0.9874808820656545,0.9543501064820795
B0018,50,18,24.0,1.7462197416415093,1.8396018424355423,0.9492378738486151,3.5350260562177453,2.4199896352919668,4.187635645163932,0.23636791212783306,-1.8948411660605735,-2.012077515518729,0.003541070186068654,0.46289745724666687,30.586452588663985,23.127324953354822,36.78829001793698,3.3321205431155807,3327.641,320,1.7462197416415093,False,False,False,True,B0018_p1,0,3668.984,6135.156,10656.266,0.5757322499269444,1.776023497792563,1.4633646882690496,2125.442989682127,34.25023256471148,0.0,4.442772607525192,3.9450000000000003,24.0,1.0,6.586452588663985,12.78829001793698,0.999244737980579,1.0083507894195418,0.999719355943622,0.996115295205648,0.8473190356763597,0.9068549553687694,1.0139548825579785,0.9736660462582232,0.8938547486033519,0.9464899649633068,0.9435722633249712,0.9409491553837227,0.8289672812153966,0.9850187265917604,0.0,0.9520821010083176,0.9779527084616183,0.9861477280162148,0.9449293592042676
B0018,53,19,24.0,1.7376647337053737,1.8396018424355423,0.9445874066992622,3.5326627624319777,2.3587321881999297,4.191004692440202,0.24166851701811512,-1.90021436299665,-2.011349710066744,0.0036253848491611656,0.4524585670439338,30.242913021104116,22.780967262070938,36.541146197392216,3.3512442282208244,3312.844,317,1.7462197416415093,False,False,False,True,B0018_p1,0,3645.579,6867.171999999999,10808.235,0.635364793604136,1.7712512669666471,1.4523109395804739,2140.6721792118387,27.30484922551561,2.373859920983435,4.8502091152599105,4.005,24.0,0.0,6.2429130211041155,12.541146197392216,0.9985767064463908,0.9828263019455991,1.0005236527016423,1.0184534102125455,0.8031241354348403,0.8893292660048723,1.0197741659944755,0.969336451663589,0.8854748603351955,0.9532717394613149,0.9364448461118074,1.0384097225372153,0.9049899733317253,1.0,0.7973191768731128,0.949523826550304,1.094637113852001,1.0002111798931572,0.9389015128979943
B0018,55,20,24.0,1.7315166735475835,1.8396018424355423,0.9412453464686362,3.5333109441755526,2.4458096660548825,4.1906972904216495,0.2353392099181246,-1.8936767267608487,-2.0122749284189503,0.0031433432763886223,0.46616024714206783,30.10270376338569,22.578707611599036,36.372087786130464,3.377498800277712,3302.031,315,1.7376647337053737,False,False,False,True,B0018_p1,0,3637.125,6607.828,10806.719,0.6114555213289067,1.7670579949708074,1.448071121214058,2081.399025880579,33.74508513415117,0.0,4.417115630261498,3.995,24.0,0.0,6.102703763385691,12.372087786130464,0.9987599277823079,1.019109367895636,1.0004502662434966,0.991780078990901,0.785086812392791,0.8773408408296178,1.0277633582166934,0.9661725734212575,0.8798882681564246,0.926876562036133,0.9337110265491543,0.9993335555236926,0.8241800016120102,0.9975031210986268,0.0,0.9472759175463632,1.0532973064822668,1.00007088685283,0.9367242254520112
B0018,57,21,24.0,1.7085949894470602,1.8396018424355423,0.928785213209487,3.52738705832889,2.3808537751929744,4.185877977731026,0.23900387966523803,-1.8739718829459886,-2.012448687975656,0.002668820853540544,0.5016651228882696,30.251184852221932,22.714077867822585,36.52608510498833,3.396238619784166,3305.547,314,1.7327697147429955,False,False,False,True,B0018_p1,0,3601.297,5102.641,9702.0,0.5259370232941661,1.7423255983950625,1.4341827970375474,2059.708490125502,33.43044436107721,0.0,4.3009562410307876,3.995,24.0,0.0,6.251184852221932,12.526085104988333,0.9970854247753886,0.992043828906188,0.9992997458574349,1.007223941713701,0.804188271230502,0.888261240001351,1.033465832434225,0.9672013532141029,0.8770949720670391,0.9172174582509365,0.9247558853037263,0.8595662270377785,0.8025060737330271,0.9975031210986268,0.0,0.9340174938126269,0.8133683293884133,0.8978384414590735,0.9274968946482872
B0018,59,22,24.0,1.711469957068211,1.8396018424355423,0.9303480337910018,3.5296025965720452,2.436955746154759,4.188109147549676,0.23587487275103497,-1.8791764961687347,-2.012334644346066,0.0029159205825874746,0.4927171230526787,30.212407704391104,22.65890518865621,36.476252762052624,3.4037650864430775,3289.562,311,1.7315166735475835,False,False,False,True,B0018_p1,0,3587.937,6060.8910000000005,10806.313,0.5608657642990723,1.744840148496897,1.4275292257027432,2047.9836910243869,33.17568639783767,0.0,4.3576692832844195,4.005,24.0,0.0,6.212407704391104,12.476252762052624,0.9977116902953763,1.0154201549376352,0.9998323957446517,0.9940375002124696,0.799199756538565,0.8847274831765137,1.0357561150090797,0.9625241504300773,0.8687150837988827,0.9119962386067079,0.9204656865488271,0.9166520848325324,0.8130880369797654,1.0,0.0,0.9353654816894883,0.966114760429995,1.0000333149699985,0.9240560902623948
B0018,62,23,24.0,1.7075021373272627,1.8396018424355423,0.9281911432892533,3.5289707694229833,2.4671365731790713,4.188302415854336,0.23400423826258288,-1.8780560689384003,-2.0122688936966697,0.0037528750707342844,0.4939304971807474,30.125011009636175,22.508167425430855,36.377208902376694,3.4207160165279014,3283.797,309,1.7222313328292376,False,False,False,True,B0018_p1,0,3552.547,6615.5459999999875,10767.172000000006,0.6144181591972324,1.7378054059134023,1.4145926954695591,2029.0092475496845,33.257530217998394,0.0,4.2401284166358595,4.005,24.0,1.0,6.125011009636175,12.377208902376694,0.9975330919077059,1.027995771093788,0.9998785349223238,0.9861541644038486,0.7879565444871337,0.8777039941236391,1.0409142352214222,0.9608373143931735,0.8631284916201117,0.9035466493084998,0.912124258598877,1.0041755486555046,0.7911563422330393,1.0,0.0,0.9315943308532122,1.0545275668055405,0.9964111448569142,0.9149415642731185
B0018,65,24,24.0,1.7492382064360228,1.8396018424355423,0.9508786989037353,3.5322741848919814,2.4129371999368505,4.18962510592865,0.23858471665050535,-1.8993718818269214,-2.0125131739991478,0.0019453368756264665,0.45598750208160416,30.22428629982563,22.614491386507936,36.64000948247426,3.4339337984234866,3325.235,312,1.711846298984729,False,False,False,True,B0018_p1,0,3543.969,6560.875000000001,10806.14,0.6071432537427797,1.7275574824710305,1.4031771059838067,2034.4199654094648,26.463639728406417,4.491715304779635,4.943253117726426,3.975,24.0,0.0,6.2242862998256285,12.640009482474262,0.9984668673515825,1.0054122112314565,1.000194302334117,1.0054574807486698,0.8007278871814688,0.8963399499864632,1.044936368969646,0.9729620518948596,0.8715083798882681,0.9059561188555028,0.9047635277471566,0.9922857923603998,0.9223508514526136,0.9925093632958802,1.5086529402592552,0.9261006735372406,1.045812930613031,1.0000173052760826,0.9127323412175657
B0018,67,25,24.0,1.7327697147429955,1.8396018424355423,0.9419264945119286,3.532438322521663,2.3497771039810256,4.190150750158746,0.2435419818393612,-1.8926958551018211,-2.0129844574191207,0.0029083838216241334,0.4697948293651852,30.976376254737342,23.427272668893146,37.38165499248184,3.4306235725098313,3317.547,310,1.711469957068211,False,False,False,True,B0018_p1,0,3658.984,6350.734999999999,10645.781,0.5965494687519871,1.7718700683338104,1.4552199443790708,2093.200221310189,33.774954623752556,0.0,4.441996680511468,3.995,24.0,0.0,6.9763762547373425,13.381654992481842,0.9985132640853422,0.9790949362778444,1.0003197900211305,1.026348673772955,0.8974810523730722,0.9489321968727963,1.043929076561076,0.9707125470463398,0.8659217877094972,0.9321318020510004,0.9383205618946463,0.9749718186501067,0.8288225026809521,0.9975031210986268,0.0,0.9498555505992752,1.012316311756701,0.9851774295150091,0.9423539068196176
B0018,69,26,24.0,1.7222313328292376,1.8396018424355423,0.9361978734208529,3.5363211310943603,2.4904700018477026,4.189151018945234,0.2339338166813496,-1.8783667048362822,-2.013596799411644,0.0037961984514900287,0.4950470415463233,31.41570291330098,23.95851287847354,37.59824760372582,3.366151084565415,3311.766,308,1.7085949894470602,False,False,False,True,B0018_p1,0,3635.047,6051.25,10554.906,0.5733115955746076,1.7593470983653061,1.4462228302229119,2086.6684089634687,34.42643355981792,0.0,4.323994764286269,3.995,24.0,0.0,7.415702913300979,13.598247603725817,0.9996108164012663,1.0377182429898464,1.0000811229713733,0.9858573897124467,0.9539985533601348,0.9642914108511595,1.0243102803332609,0.9690210294176598,0.8603351955307262,0.9292230931986784,0.9325192551966135,0.9369929540964121,0.8068047816961502,0.9975031210986268,0.0,0.94314229732684,0.9645779711352682,0.9767677131299758,0.9361890464464809
B0018,71,27,24.0,1.711846298984729,1.8396018424355423,0.9305526117098952,3.533535274219931,2.4650908929255406,4.189631312089484,0.2359904036028267,-1.870834339681941,-2.0157162812456435,0.0037891536387384367,0.507764643561668,31.383299841535273,23.961434154126863,37.560555155163414,3.356965113910435,3305.218,306,1.7075021373272627,False,False,False,True,B0018_p1,0,3601.297,6143.0320000000065,10479.375,0.5862021351464192,1.7451030864765065,1.431331614954511,2067.7687221933193,34.35860472854562,0.0,4.243500320009021,3.9850000000000003,24.0,0.0,7.383299841535273,13.560555155163414,0.9988233390875858,1.0271433859147503,1.0001957839384488,0.9945243769949477,0.9498300363698623,0.9616185293548176,1.0215150153732655,0.9671050879832024,0.8547486033519553,0.9208067941232693,0.9229174533989463,0.9580606332546938,0.7917854983521341,0.9950062421972535,0.0,0.9355064362119778,0.9792081542126065,0.9697779547995443,0.9274968946482872
B0018,74,28,24.0,1.699267835126687,1.8396018424355423,0.9237150104595134,3.527012841842043,2.363133281953362,4.187690359657657,0.242952334807339,-1.8696567234639716,-2.0125462740568847,0.0035498928055129487,0.5096182399964857,31.167937826253635,23.619671716582488,37.52114200586718,3.422259431092308,3295.453,304,1.699267835126687,False,False,False,True,B0018_p1,0,3564.656,6280.156,10522.063,0.5968559587601785,1.734868362707801,1.417521970089365,2046.5978550635755,34.2024080930246,0.0,4.28133877515984,3.995,24.0,1.0,7.167937826253635,13.521142005867183,0.9969796451150972,0.9846601306099302,0.999732418001323,1.0238637492242613,0.9221246315782414,0.958823627949247,1.0413838919199545,0.9642478540022197,0.8491620111731844,0.9113791061612079,0.9140130442891892,0.9754727312086403,0.7988456934291083,0.9975031210986268,0.0,0.9300198549133293,1.001065917437386,0.9737283699086976,0.9180601795656911
B0018,77,29,24.0,1.6940366439243106,1.8396018424355423,0.9208713564243279,3.52925730014011,2.4790616361836206,4.190215357888677,0.23562596170592504,-1.8623726014599724,-2.012800439982786,0.0016492704051233778,0.5218817031204004,30.994690437264207,23.47871848419422,37.21887096740918,3.4044019218347645,3287.0,302,1.6940366439243106,False,False,False,True,B0018_p1,0,3543.515,6734.157000000001,10764.344,0.6255984572770994,1.7290621144234255,1.4069268247183102,2058.3464863721056,27.962964696959556,2.4869446323974174,4.666666957733472,3.955,24.0,0.0,6.994690437264207,13.218870967409181,0.9976140854581933,1.032964654645665,1.0003352139031558,0.9929885249224331,0.8998370938489605,0.937388706727909,1.0359499022224867,0.9617745105468948,0.8435754189944135,0.9166109386260441,0.9071813328380617,1.0224480912072273,0.8707432412222794,0.9875156054931337,0.8353014555343478,0.9269072693690306,1.0734343311491619,0.9961494372592589,0.9126154156793026
B0018,79,30,24.0,1.6819027078768087,1.8396018424355423,0.9142753986645569,3.527821497534469,2.491905723274248,4.189776104976122,0.2348918872075118,-1.8547843408980225,-2.0132684044986244,0.002190147303883702,0.5343935057246717,31.055317978554886,23.470322857025764,37.33441415744885,3.444324786448923,3276.922,300,1.6819027078768087,False,False,False,True,B0018_p1,0,3539.156,6447.2970000000005,10556.078,0.6107663281760518,1.7167506547410676,1.4000568448702198,1997.3365652080574,33.690112246938114,0.0,4.126873121350526,3.9850000000000003,24.0,0.0,7.055317978554886,13.334414157448848,0.9972082275732304,1.0383164731693195,1.0002303505205588,0.9898949458105002,0.9076365684721076,0.9455822114341379,1.048098317316551,0.9588256929267878,0.8379888268156425,0.8894423538061754,0.9027515946557584,0.9982071713144403,0.7700242829291473,0.9950062421972535,0.0,0.9203074015094964,1.0277084337230327,0.9768761718656374,0.9114927759848337
B0018,81,31,24.0,1.6769770618433686,1.8396018424355423,0.9115978377272843,3.525692957415014,2.4337177596826547,4.189846430994002,0.23964142570667826,-1.8538766950740675,-2.013231862286827,0.002422460444844895,0.5360454651325246,31.373945543706103,23.769516048374253,37.7331798444306,3.481141363540428,3268.687,298,1.6769770618433686,False,False,False,True,B0018_p1,0,3488.515,6498.5,10546.687,0.6161650573303257,1.704737399014681,1.3825048006096807,1978.084251423694,33.65112802729902,0.0,4.111062296571931,3.995,24.0,0.0,7.373945543706103,13.733179844430602,0.9966065537863555,1.0140709647726607,1.0002471395364279,1.0099107250319586,0.9486266458482813,0.9738598497081542,1.0593014978791904,0.9564161361594151,0.8324022346368715,0.8808690249106543,0.8914340999385073,1.007030595116918,0.7670741755101259,0.9975031210986268,0.0,0.9138673933867749,1.0358702657174204,0.9760071138565937,0.8984504275637276
B0018,83,32,24.0,1.6655229306478936,1.8396018424355423,0.9053714190907872,3.5243962482347273,2.4424506461535755,4.188109551881256,0.23906730756801445,-1.845735037450336,-2.0132145295965795,0.002215230640040344,0.5481632922577944,31.56128410753226,24.001463155521233,37.84649344841882,3.4519301147829986,3260.594,296,1.6655229306478936,False,False,False,True,B0018_p1,0,3486.563,5994.0,10477.203,0.5720992520618337,1.6965173317931896,1.3795757281598011,1969.628791761703,34.065730915484814,0.0,4.066451990313678,4.005,24.0,0.0,7.561284107532259,13.84649344841882,0.9962400133975474,1.0177097460461193,0.999832492271222,1.0074912432417706,0.972726953124367,0.9818952479625946,1.050412597276718,0.9540481285190574,0.8268156424581006,0.8771036885746167,0.8895454446066331,0.9350115580489884,0.7587504354585975,1.0,0.0,0.9094608194420076,0.9554522386258703,0.9695769544805535,0.8979476992582439
B0018,86,33,24.0,1.6571924575832084,1.8396018424355423,0.9008430081746207,3.520797576383474,2.4383419399858552,4.186368648390758,0.23898022240623704,-1.8382538558498933,-2.0141222933728917,0.003993572160097532,0.5592550058413754,31.318474723902874,23.697189900442215,37.670164941661795,3.479671046869549,3258.812,295,1.6571924575832084,False,False,False,True,B0018_p1,0,3448.156,5992.968000000003,10498.592999999993,0.5708353490796344,1.6896057591646974,1.3671248675135232,1953.0984930311265,34.043826750742646,0.0,4.05888541023087,4.005,24.0,1.0,7.318474723902874,13.670164941661795,0.9952227779220807,1.0159977481733622,0.9994168842614155,1.0071242439276462,0.941490561452146,0.9693912791050618,1.0588540846634757,0.9535267162349702,0.8240223463687151,0.8697425116612447,0.8815171746514187,0.9329458956794785,0.7573386037324544,1.0,0.0,0.9057556969604722,0.9552877363385397,0.9715564189479626,0.8880561592845186
B0018,89,34,24.0,1.6482241555294048,1.8396018424355423,0.8959678760417185,3.519457281260753,2.4157245398944123,4.1901657245031085,0.2424910982322856,-1.8435676915974055,-2.0127023314619743,0.00307811413825585,0.5514391809129776,31.104012325043946,23.490432582557037,37.53185198546868,3.502286924662153,3243.422,292,1.6571924575832084,False,False,False,True,B0018_p1,0,3414.234,7033.5779999999995,10717.0,0.6563010170756741,1.6847655130538806,1.3532532342062042,1949.7543135349624,28.007672950138677,2.567044651123826,4.4308320871900655,3.965,24.0,0.0,7.104012325043946,13.531851985468677,0.994843917108208,1.00657362796052,1.0003233648645913,1.0219199794334173,0.9139008884766292,0.9595831038494566,1.0657360324845182,0.9490236101451264,0.8156424581005587,0.8682533010122079,0.8725727956181352,1.072626881285867,0.8267393254875386,0.9900124843945068,0.8622050147687963,0.9031609611969468,1.121162470078357,0.9917681485381252,0.8793197097053089
B0018,91,35,24.0,1.6387701497987262,1.8396018424355423,0.8908287173865161,3.513165600287965,2.323395712524894,4.189966178473989,0.2501534875196626,-1.83704467002657,-2.0131406541163614,0.0023451184424322356,0.5613521431263848,30.989730398009076,23.31675245518661,37.593333753421376,3.552531731625153,3236.515,281,1.649300642552199,False,False,False,True,B0018_p1,0,3395.313,6771.406000000001,10584.766,0.6397312892887761,1.6784557464373884,1.346252837154961,1904.7552399729009,33.6468535523426,0.0,3.9880645167326216,3.995,24.0,0.0,6.989730398009076,13.593333753421376,0.9930654495650755,0.9681024524618685,1.0002757269981155,1.0542112625363802,0.8991990059523273,0.9639429553897747,1.081025385520853,0.947002625495188,0.7849162011173184,0.8482145741369663,0.868058964894484,1.045546113501887,0.7441242871957386,0.9975031210986268,0.0,0.8997784519764501,1.0793718754328747,0.979531004808183,0.8744466962483127
B0018,93,36,24.0,1.6276486907262062,1.8396018424355423,0.8847831379486332,3.517217159454334,2.4985039496028567,4.188259618341401,0.2360542563715132,-1.8211904293154166,-2.0140330003394356,0.004150949798063808,0.5844065284351198,30.967851972472324,23.252438684811104,37.361410110678264,3.53816546965165,3230.734,289,1.6482241555294048,False,False,False,True,B0018_p1,0,3372.438,6319.344000000001,10525.641,0.600376167114193,1.6660739837793654,1.3357885397683014,1879.5916536857371,33.54043034547115,0.0,3.936017326847791,4.005,24.0,0.0,6.9678519724723245,13.361410110678264,0.9942107025598845,1.0410657935094534,0.9998683178199556,0.9947934690174531,0.8963844398139749,0.9474965732390909,1.0766537725243674,0.9453111078665078,0.8072625698324022,0.8370088715992329,0.861311623750893,0.9812259907800903,0.7344129151978449,1.0,0.0,0.8931408964371857,1.0073125411156094,0.9740594836938491,0.8685553489184259
B0018,95,37,24.0,1.62215370227252,1.8396018424355423,0.881796084811955,3.5120091114107965,2.350237238739749,4.1897400575765795,0.24801564173667426,-1.8270453339799269,-2.012673084048405,0.003092327602219437,0.5765078413987346,31.285342046153826,23.493229087742925,37.899803246715464,3.613158829408131,3222.093,287,1.6387701497987262,False,False,False,True,B0018_p1,0,3344.156,6720.984,10644.125,0.6314266320622879,1.653597426286946,1.3215057696975787,1858.436756585941,33.06778657550314,0.0,3.9523335345091346,3.995,24.0,0.0,7.285342046153826,13.899803246715464,0.9927385452066165,0.9792866632342049,1.000221744880979,1.0452018294705507,0.9372281837637348,0.9856756012926501,1.0994740403690033,0.9427827557078112,0.8016759776536313,0.8275882953184347,0.8521021452181541,1.0319733803364148,0.7374573209101382,0.9975031210986268,0.0,0.8864525237408233,1.0713345359640736,0.985024180653016,0.8612714544841588
B0018,98,38,24.0,1.6140066510467586,1.8396018424355423,0.8773673812534853,3.50911052654104,2.3337740352348813,4.1862359225351335,0.24872755259651547,-1.819052179250902,-2.012635202899368,0.006196969805765551,0.5872722027551459,31.41096207271253,23.64731684697707,38.03149707759718,3.593965009145032,3220.344,286,1.63238299185809,False,False,False,True,B0018_p1,0,3330.625,6198.593999999999,10452.516,0.5930241101759613,1.6488591964680832,1.3184708392416764,1850.8872110426275,33.705774688469276,0.0,3.830450788559407,4.005,24.0,1.0,7.410962072712529,14.03149707759718,0.9919192031048518,0.9724268469736673,0.9993851984563109,1.0482020052978318,0.9533886644371333,0.9950143950609389,1.0936334150017972,0.9422709992067628,0.7988826815642458,0.8242263754121057,0.8501452330265001,0.9692101418030009,0.7147154843448645,1.0,0.0,0.8839124763784939,0.9880648170892371,0.9672923804129075,0.8577866098624889
B0018,101,39,24.0,1.6760516154424623,1.8396018424355423,0.9110947688677309,3.516106699716392,2.317647291087635,4.189625262426538,0.2523387804840423,-1.8693745969498121,-2.01318368468478,0.002701103444968023,0.51064241745496,30.755137125871208,23.01653902765608,37.42220155418978,3.585252505516807,3250.75,288,1.6276486907262062,False,False,False,True,B0018_p1,0,3340.032,6740.89,10810.453,0.6235529630441944,1.6464633599095402,1.3129198348285436,1837.167412924148,26.955933357562675,4.530097243491145,4.543616702981527,4.015000000000001,24.0,0.0,6.755137125871208,13.422201554189783,0.9938968092441829,0.9657072251395511,1.0001943396950483,1.0634206502520303,0.8690195819834773,0.951807471859244,1.0909822247225636,0.9511677791786791,0.8044692737430168,0.8181167543573413,0.8465659654387178,1.0191050336122454,0.8477835617280362,1.0024968789013735,1.52154445736595,0.8826281278847012,1.0745075810528433,1.000416437124981,0.8602093379207292
B0018,103,40,24.0,1.649300642552199,1.8396018424355423,0.8965530499624887,3.519010068254593,2.492394514304757,4.186586244011676,0.23801950601597288,-1.839770443871628,-2.0121931540017886,0.0036285932240811758,0.5568545144084124,30.977446633931525,23.382703180887166,37.32511174435206,3.483997639834989,3239.344,286,1.6276486907262062,False,False,False,True,B0018_p1,0,3475.406,5768.656000000001,10481.562,0.5503622456271309,1.702511373281641,1.3775809682439353,1950.0949722912194,34.02194588179759,0.0,4.156767851769316,4.005,24.0,0.0,6.977446633931525,13.325111744352057,0.9947175035440489,1.0385201404967688,0.9994688311289162,1.0030755374764113,0.8976187520914584,0.9449225501813919,1.0601706546990985,0.947830389441138,0.7988826815642458,0.8684050011969878,0.8882592306206787,0.8994856380611824,0.7756022756798804,1.0,0.0,0.9126740762603712,0.9195320802573506,0.9699803432422851,0.8950742670326899
B0018,105,41,24.0,1.63238299185809,1.8396018424355423,0.887356684583929,3.5124212742229295,2.372828310153791,4.189366482043888,0.24764027911477246,-1.837963396328485,-2.012774153678253,0.007641409109865343,0.5595593689454879,30.800512192698992,23.141477779700992,37.31088262198154,3.5387349615325,3222.25,283,1.6276486907262062,False,False,False,True,B0018_p1,0,3406.344,6565.281000000003,10423.218999999997,0.6298707721674086,1.6794474002933257,1.3471430377137605,1905.9729270712705,33.35597362804456,0.0,4.105046870672534,4.005,24.0,0.0,6.800512192698992,13.310882621981541,0.9928550511431119,0.9886998129278951,1.0001325607392377,1.0436199546485458,0.8748568908156156,0.9439135216002327,1.0768270672973785,0.9428286938271164,0.7905027932960894,0.8487568275046958,0.8686329629981783,1.029430557602118,0.7659517702704948,1.0,0.0,0.9003100529872518,1.0465152533630122,0.9645811896461143,0.8772876777738201
B0018,107,42,24.0,1.6164159719025777,1.8396018424355423,0.8786770781673726,3.50815215295169,2.3560703177076867,4.188553804618968,0.24868814670433595,-1.8296109578903785,-2.012946778665685,0.007676009080476515,0.5718849545545559,30.616192795676138,22.876954081867613,37.232346556887364,3.5940179207817446,3206.157,281,1.63238299185809,False,False,False,True,B0018_p1,0,3358.844,6424.062999999999,10475.094,0.613270200725645,1.6623452796523743,1.3279952971203641,1862.3652090592302,33.32080982918044,0.0,3.818030321923164,3.995,24.0,0.0,6.616192795676138,13.232346556887364,0.9916482999344232,0.9817171652893745,0.9999385492681658,1.048035938713041,0.8511449864726539,0.9383443000932193,1.0936495158636041,0.9381198902986008,0.7849162011173184,0.8293376910264605,0.8562865690513342,1.002299380429054,0.7123979764801961,0.9975031210986268,0.0,0.8911420307331698,1.0240049006379084,0.9693817842813123,0.8650542789467327
B0018,110,43,24.0,1.6109028378249377,1.8396018424355423,0.8756801611440993,3.508648568515266,2.4644431530094417,4.188764708195774,0.24124748892293107,-1.8210831511954937,-2.0135827897679706,0.0028721856858407295,0.5838696197039824,30.399839302766903,22.56634750757244,36.94850857727268,3.6128336064459083,3197.969,279,1.649300642552199,False,False,False,True,B0018_p1,0,3317.969,7077.406000000001,10589.359,0.6683507471982015,1.6518602536937905,1.3105327616548017,1827.7463612338715,33.04861913599422,0.0,3.8004733927764187,4.005,24.0,1.0,6.399839302766903,12.948508577272683,0.9917886215704921,1.026873488454773,0.9999888985358282,1.0166790893178494,0.8233120323126892,0.9182165208534304,1.0993750759389358,0.935724085707071,0.7793296089385475,0.8139214261704484,0.845026789281656,1.092320381837265,0.7091220672435593,1.0,0.0,0.8855212686451778,1.1281487164438049,0.9799560483004137,0.8545271173244758
B0018,113,44,24.0,1.5954638693695657,1.8396018424355423,0.8672876013525025,3.5051993439595477,2.4195167274486726,4.188636968174337,0.2454833870794045,-1.8199201144788144,-2.013020303951627,0.0029491869283430608,0.585778278664795,30.38386825126278,22.549823121887282,37.002663545357386,3.638873017099413,3181.625,277,1.6606586897774192,False,False,False,True,B0018_p1,0,3276.906,6793.89,10781.75,0.6301286896839567,1.6335739288181963,1.2907275110607725,1798.674630339701,27.096149354299882,2.7103625120757258,4.187656385934222,3.965,24.0,0.0,6.383868251262779,13.002663545357386,0.9908136303165089,1.00815374022968,0.9999584030049893,1.0345302557668496,0.8212574246499084,0.9220568076389636,1.107298795152997,0.9309418397075644,0.7737430167597765,0.8009753713061111,0.8322564352622275,1.029852085611684,0.7813657001108405,0.9900124843945068,0.9103418394884472,0.8757184239030246,1.0829558574370894,0.9977602160586855,0.8439515371973876
B0018,116,45,24.0,1.726707440085764,1.8396018424355423,0.9386310669267913,3.523165280193865,2.3422406504312434,4.188466199744378,0.2527663680637224,-1.8951156248467713,-2.023314533825632,0.0073633480208382,0.46384469380226484,30.576239500422748,23.125008977470344,36.71025442949399,3.311198636334725,3302.36,301,1.6606586897774192,False,False,False,True,B0018_p1,0,63.98400000000001,3745.125,4582.969,0.8171831404489098,0.1733982520180346,0.021831056235910903,38.42941753287827,23.191779614571548,0.19035884875411213,0.0036230910342913095,4.035,24.0,0.0,6.576239500422748,12.710254429493993,0.9958920560365853,0.9759546794868563,0.9999176352497977,1.0652226145048131,0.8460051654308293,0.9013212241212466,1.0075884053377289,0.9662688386521581,0.840782122905028,0.017113165693375787,0.014076586177338372,1.3355649017347737,0.0006760246786443968,1.0074906367041199,0.06393669620415703,0.09295449767285811,0.5969783225198052,0.4241152076082508,0.016478774537944527
B0018,118,46,24.0,1.7165673917429753,1.8396018424355423,0.9331189783275736,3.527269876472835,2.3755467142668496,4.189570916346704,0.24691761491563502,-1.8867694858233446,-2.012680983917414,0.0032934948283157364,0.4783212150453822,30.705906284556665,23.408964388688208,36.72807623650589,3.2649850728849206,3285.812,298,1.6606586897774192,False,False,False,True,B0018_p1,0,3599.86,5775.891,10184.938,0.5671012430316218,1.7592395513864245,1.4454622697263393,2099.8629091242155,33.757969974021854,0.0,4.3638549326718,3.995,24.0,0.0,6.705906284556665,12.728076236505892,0.9970523010158497,0.9898325057681409,1.0001813655892442,1.0405744614782673,0.8626862442076966,0.9025850204520851,0.9935257483317735,0.9614269023575033,0.8324022346368715,0.9350987916085997,0.9320288485366062,0.9268430519835824,0.8142422038499137,0.9975031210986268,0.0,0.9430846440617013,0.9206853496845205,0.9425302886288697,0.927126802140613
B0018,120,47,24.0,1.6958235570934848,1.8396018424355423,0.921842715078116,3.526762654741574,2.4146291375325917,4.189584987657955,0.24197228881643837,-1.8786631828974334,-2.0115911942512583,0.004286680782742665,0.49324032814050023,30.62583594950684,23.270929426489833,36.72959308355185,3.3054118485896375,3260.016,295,1.6606586897774192,False,False,False,True,B0018_p1,0,3553.922000000006,6051.031000000003,10230.265,0.5914833095721375,1.7410829200642297,1.4226398619683303,2064.871783427178,33.625519091278925,0.0,4.340410551369004,3.995,24.0,0.0,6.62583594950684,12.729593083551848,0.9969089248036545,1.0061172004534902,1.0001847248505107,1.0197335828545846,0.8523855370869211,0.9026925845015579,1.005827502149343,0.9538790060161381,0.8240223463687151,0.9195167461264157,0.917313042479934,0.9666919312511918,0.8098677677161721,0.9975031210986268,0.0,0.9333513248134175,0.9645430622196431,0.9467249209764285,0.9152956889760093
B0018,122,48,24.0,1.6777783190792557,1.8396018424355423,0.9120333978672036,3.523020179476104,2.3844645496129964,4.189371286385834,0.24328040938365159,-1.8704748023295987,-2.01260531537844,0.004183898934495341,0.5073349121605789,30.597357068657974,23.203934391629982,36.787462351640364,3.350287383237389,3240.031,292,1.6606586897774192,False,False,False,True,B0018_p1,0,3452.75,5990.6720000000005,10213.875,0.5865229406077518,1.719207799813372,1.3896266493798768,2028.534261094454,33.505246143795205,0.0,4.252863632183415,4.005,24.0,0.0,6.597357068657974,12.787462351640364,0.9958510404609165,0.9935483507370866,1.0001337076856396,1.0252463400357261,0.8487218505222391,0.9067962631369366,1.0194830007649311,0.9480314052880334,0.8156424581005587,0.9033351310906265,0.8960262422916898,0.9585849423027308,0.7935325784127321,1.0,0.0,0.9216246159753125,0.9549217506295162,0.9452081644256644,0.8892393221100269
B0018,124,49,24.0,1.6606586897774192,1.8396018424355423,0.9027272377477014,3.519792345798265,2.398646371281655,4.187606340824144,0.24184899896763243,-1.8562833971202242,-2.0134407767806635,0.0023580257907636596,0.5317240593773815,30.528493896066262,23.12071549691479,36.75689163314213,3.3691133878538584,3232.265,290,1.6606586897774192,False,False,False,True,B0018_p1,0,3434.515,5844.125000000001,10311.718,0.5667460068244691,1.6998226191495147,1.3747428427616786,1992.7178446700416,33.452138115876444,0.0,4.2421506374033875,4.005,24.0,0.0,6.528493896066262,12.756891633142132,0.9949386296989127,0.9994575707049952,0.9997123600829068,1.019214007659146,0.8398628970554748,0.9046284042972934,1.0252117008683432,0.9457590776796041,0.8100558659217877,0.8873855719205057,0.8864292175649031,0.926262470977178,0.7915336640092734,1.0,0.0,0.9112327019281108,0.9315619476241934,0.954262710563335,0.8845429846866176
B0018,127,50,24.0,1.6664109274827466,1.8396018424355423,0.9058541305201676,3.5251014582287223,2.4557130111721626,4.188829347125095,0.23939833635840463,-1.8625354754370638,-2.0130995106645164,0.0026733379256400546,0.5212662196305107,31.203754246103966,23.773481587876258,37.350157630970955,3.3761499104047052,3232.031,289,1.6664109274827466,False,False,False,True,B0018_p1,0,3406.234,6126.125,10348.609,0.591975694511214,1.685255886082981,1.354790295674931,1996.3264489775488,28.185142005058786,4.790378233396314,4.683572164669913,4.005,24.0,0.0,7.203754246103966,13.350157630970955,0.996439354891631,1.0232358508033608,1.0000043298661219,1.0088862838726782,0.9267322612423787,0.9466986270736186,1.02735289483307,0.9456906093998755,0.8072625698324022,0.8889925346954,0.8735638872992059,0.9674966615622115,0.8738975470286914,1.0,1.608966222564688,0.9034238380025769,0.976513154046031,0.9576766621139293,0.877259347797589
B0018,129,51,24.0,1.6468336174407805,1.8396018424355423,0.8952119852524467,3.518519199837846,2.323665882820083,4.189202115880737,0.24895502990812382,-1.8606833274060013,-2.0125662318740924,0.003914352341410376,0.52395009380152,31.172639449335037,23.734039908264887,37.48126030855565,3.3931075584998456,3209.5149999999994,286,1.6606586897774192,False,False,False,True,B0018_p1,0,3414.594,6081.828000000001,10321.062,0.5892637792506238,1.6919027628036722,1.365245975430286,1979.8304107774698,33.918176877050485,0.0,4.196252229385878,3.995,24.0,0.0,7.172639449335037,13.481260308555647,0.9945787499182834,0.9682150258491503,1.0000933214049956,1.0491606533112847,0.9227294753362157,0.9559955004369092,1.0325130593170027,0.9391024393726548,0.7988826815642458,0.8816466144830863,0.8803056718252703,0.9630644374263421,0.7829695798511187,0.9975031210986268,0.0,0.9069870635799663,0.9694521484046548,0.9551274191179622,0.8794124259911564
B0018,131,52,24.0,1.6257639928779952,1.8396018424355423,0.8837586239452575,3.5190801794284594,2.488054079510012,4.186778882107656,0.2364897838479307,-1.8383636766891702,-2.026718552407948,0.010979300984551101,0.5585249663671572,30.96825922704022,23.549534792728995,37.125443897626305,3.372510067494465,3196.125,284,1.6468336174407805,False,False,False,True,B0018_p1,0,3380.641,5143.016,9193.328,0.559429186035786,1.6698813700858874,1.3492025306510445,1946.1385170826643,34.02461783742734,0.0,4.07338572238559,3.995,24.0,0.0,6.968259227040221,13.125443897626305,0.9947373218481987,1.0367115869443577,0.999514819856103,0.9966288940412489,0.8964368313772785,0.9307635206334938,1.0262453009021697,0.9351845322548507,0.7932960893854749,0.866643135473041,0.869960916602439,0.914304210271652,0.7600441854503467,0.9975031210986268,0.0,0.8951819417040807,0.8198041625773554,0.8507651291838859,0.8706679925095543
B0018,133,53,24.0,1.6121577411874595,1.8396018424355423,0.8763623214537782,3.5114167272902406,2.3306937114568003,4.187888599491238,0.248742640175246,-1.8436958588115397,-2.013261835361458,0.014305956605835403,0.5507329669971996,30.821704306343133,23.30725669183149,37.19112571388883,3.461125225709339,3172.562,281,1.6404348572349936,False,False,False,True,B0018_p1,0,3326.625,5352.8279999999995,9182.5,0.5829379798529811,1.653178788923012,1.327202761639241,1907.9641037854558,33.243843128574326,0.0,4.099259248255416,4.015000000000001,24.0,0.0,6.821704306343133,13.19112571388883,0.9925710961677933,0.9711433510164952,0.9997797440381472,1.0482655882427663,0.8775831658559615,0.9354212098532212,1.0532106435955066,0.9282900105657674,0.7849162011173184,0.8496435267893127,0.8557755450368261,0.9527258545154594,0.7648718703873243,1.0024968789013735,0.0,0.8862281026441936,0.8532484977609676,0.8497630889195983,0.8567564289086288
B0018,135,54,24.0,1.6057366823755344,1.8396018424355423,0.8728718602769053,3.5108038681605738,2.389399831578687,4.18915752014188,0.2451594140795012,-1.8362729789790888,-2.0186878439171223,0.0025621455991493543,0.5621879622030944,30.765219721637393,23.143976887539054,37.17642722353301,3.5039644474399885,3172.735,280,1.6257639928779952,False,False,False,True,B0018_p1,0,3301.734,6650.36,10354.437,0.6422715208948588,1.6513233517581165,1.3156097397615247,1876.6926662114665,33.44305057974552,0.0,3.921527951378773,3.995,24.0,0.0,6.7652197216373935,13.176427223533011,0.9923978594643846,0.9956047626297398,1.0000826750099636,1.0331649500553755,0.8703166649286157,0.9343788970188298,1.066246497934126,0.9283406302768489,0.7821229050279329,0.8357179112835381,0.8483004064198953,1.0496977461132717,0.7317093741323588,0.9975031210986268,0.0,0.8852334488479807,1.0600769685799036,0.9582159944615714,0.8503458703779966
B0018,140,55,24.0,1.673645314879889,1.8396018424355423,0.9097867137728375,3.51432611790755,2.4864200723178747,4.191289655270872,0.2423708210517989,-1.864690278795044,-2.012371641203182,0.004131966284108246,0.5180525818431642,30.809988428281613,23.07707229087829,37.11936678632194,3.5173638369613456,3238.109,279,1.6132653317422077,False,False,False,True,B0018_p1,0,25.156,1394.8600000000001,1855.656,0.7516802683255949,0.03207177871042728,0.010918524528639693,15.333856305659264,23.11320544763696,0.21373978859858767,,,24.0,0.0,6.809988428281613,13.11936678632194,0.9933934927269256,1.0360307359117416,1.0005916822251455,1.0214131003986597,0.876075968109139,0.9303325749407576,1.0703238943706226,0.9474690290759035,0.7793296089385475,0.0068283841006087755,0.007040225163451258,1.2285101515319456,,,0.07178975928784312,0.01719288426963362,0.22234269428923617,0.1717253443541722,0.006478808018825526
B0018,142,56,24.0,1.6404348572349936,1.8396018424355423,0.8917336455062138,3.5196664048265607,2.4673631110639858,4.190628233635541,0.24183473310310893,-1.8572649157581866,-2.013097827670719,0.002969131609571257,0.5299496773990815,31.039033590700278,23.56722203053731,37.2702464066457,3.4166236340276392,3191.063,279,1.6121577411874595,False,False,False,True,B0018_p1,0,3416.422,6411.609999999999,10140.906,0.6322521873292187,1.689698116331693,1.3624254071338666,1955.9535170885451,33.74743127597816,0.0,4.152076603597831,3.995,24.0,0.0,7.039033590700278,13.270246406645697,0.9949030300028227,1.028090163917524,1.0004337802328738,1.019153887629641,0.9055416514241516,0.9410318890134635,1.0396689347697297,0.9337033936566187,0.7793296089385475,0.8710138944427136,0.8784869795794822,1.0333226282398278,0.7747269458834296,0.9975031210986268,0.0,0.9058052073446003,1.022019874490493,0.9384554976317222,0.8798832186870704
B0018,144,57,24.0,1.6132653317422077,1.8396018424355423,0.8769644031266699,3.512403849382274,2.375173080957567,4.189158279329032,0.24831044327729748,-1.8483454421357695,-2.0125787987088013,0.00394248906687806,0.5439678410748331,31.04176453157222,23.533363397677242,37.39550861947664,3.4608039477331194,3165.828,276,1.6057366823755344,False,False,False,True,B0018_p1,0,3333.5,6315.906,10145.0,0.6225634302612124,1.6614331347128928,1.3298957311948805,1910.1239873473935,33.764652265151554,0.0,3.926627132991102,4.015000000000001,24.0,0.0,7.04176453157222,13.395508619476637,0.9928501256687141,0.9896768218607084,1.0000828562516368,1.04644419913495,0.90589297532043,0.9499145979813447,1.0531128796135525,0.9263196456269105,0.770949720670391,0.8506053536304875,0.8575119620756201,1.017487788727163,0.7326608193425944,1.0024968789013735,0.0,0.8906530524783859,1.0067645189607217,0.9388343628738716,0.8585270524230757
B0018,146,58,24.0,1.5920964324686278,1.8396018424355423,0.8654570764947541,3.5077862234460104,2.371626022111289,4.185868202467219,0.24798510872806295,-1.839168422289249,-2.015019692764474,0.0034682912763662715,0.5579580602841322,30.959784195511766,23.381334724831305,37.378956702246384,3.5047181709345994,3140.407,273,1.5920964324686278,False,False,False,True,B0018_p1,0,3284.578,5404.687999999999,10279.453,0.5257758365158145,1.6393021306182753,1.3091951648866837,1868.099086774143,33.75519710318919,0.0,3.8797214390914987,3.995,24.0,0.0,6.959784195511766,13.378956702246384,0.9915448627525729,0.9881988487588398,0.9992974121968049,1.0450731555037143,0.8953465547153957,0.9487408532398621,1.0664758538675536,0.9188814740928026,0.7625698324022346,0.8318910682489205,0.844164311718799,0.8593027911038557,0.7239087879017742,0.9975031210986268,0.0,0.8787891706648762,0.8615150565022317,0.9512768563772209,0.845927424266891
B0018,149,59,24.0,1.5866011820698824,1.8396018424355423,0.8624698809658184,3.5076596102713244,2.463955873060647,4.186906972044146,0.24176513200558977,-1.8303326102702338,-2.020734675534358,0.004803683972892686,0.5706945055301016,30.843513277103145,23.16774870033671,37.245718322158105,3.536345990527338,3131.922,271,1.5866011820698824,False,False,False,True,B0018_p1,0,3231.938,6460.328,10325.594,0.6256616326382773,1.6285869046544612,1.2889546214315721,1830.955271261705,33.5686793913933,0.0,3.8452955836331864,4.015000000000001,24.0,1.0,6.8435132771031455,13.245718322158105,0.991509073045071,1.0266704507583009,0.9995453989225886,1.0188605706680542,0.8803887969334968,0.9392925309810699,1.0761001101589345,0.9163987674539251,0.7569832402234636,0.815350399403115,0.8311132824354166,1.0225513419852563,0.717485342381638,1.0024968789013735,0.0,0.8730450040696217,1.0297855939034688,0.9555468175736096,0.8323702429140935
B0018,152,60,24.0,1.5800766490336253,1.8396018424355423,0.8589231716259219,3.5074833565874615,2.475545296633258,4.189576283423886,0.24237941979502164,-1.829290599843924,-2.012930230685489,0.0015615748555885284,0.5724466902011421,30.797157400797865,23.120310509686572,37.21755583353321,3.5441345376258013,3121.109,269,1.5800766490336253,False,False,False,True,B0018_p1,0,3193.734,6954.828000000001,10650.234,0.6530211448875208,1.613634551757483,1.2680265848147585,1804.7281916647512,28.044440770982522,3.3890089249850917,4.198818491851275,4.005,24.0,0.0,6.797157400797865,13.217555833533211,0.9914592514699683,1.0314994815268355,1.000182646878114,1.0214493377185507,0.8744253111450276,0.9372954467478238,1.0784701430723105,0.9132348892115936,0.7513966480446927,0.8036711081827359,0.8176189600455326,1.067266415608287,0.7834484131848848,1.0,1.1382819106551663,0.865029418927383,1.1086096065828972,0.9855895171855736,0.8225309846237766
B0018,154,61,24.0,1.5641732953289167,1.8396018424355423,0.850278173921607,3.5023865933440717,2.3791563087604626,4.189808713646982,0.25006126825340175,-1.8278449003095165,-2.0135210876274656,0.0030432402930327023,0.5742593028566971,30.984434580754094,23.27342231930282,37.56150979821064,3.597021783529328,3105.265,267,1.5641732953289167,False,False,False,True,B0018_p1,0,3145.906,6946.968,10332.937,0.6723130122635994,1.6059003085773274,1.2568710088307842,1773.9775176141286,33.212369507074,0.0,3.729594481112434,4.015000000000001,24.0,0.0,6.984434580754094,13.561509798210643,0.990018550957243,0.9913365359524189,1.0002381352282534,1.0538226267828716,0.8985177216480369,0.9616862258784947,1.0945635828248785,0.9085989429550968,0.7458100558659218,0.7899773960737488,0.8104258849602349,1.0987961176800387,0.6958969252234438,1.0024968789013735,0.0,0.8608832831888502,1.1073567112549692,0.9562263504199954,0.8102131109584726
B0018,156,62,24.0,1.555618272193922,1.8396018424355423,0.8456276985102168,3.503693493885047,2.4776158338943337,4.188889298039903,0.24293051873935917,-1.8188198987741453,-2.013049747683001,0.0038725843255058953,0.586841984204412,30.967899275139946,23.278670276560845,37.4174791317661,3.567101754621834,3091.25,265,1.555618272193922,False,False,False,True,B0018_p1,0,3152.094,6656.420999999999,10377.406,0.641433996125814,1.5944294306984284,1.2520635602777916,1748.0909043818847,33.50356450770822,0.0,3.6315376551848013,4.015000000000001,24.0,0.0,6.967899275139946,13.4174791317661,0.990387972134871,1.0323622240160102,1.000018642021003,1.0237718106916562,0.8963905251004283,0.95147259110738,1.085459002421955,0.9044981611585301,0.7402234636871509,0.7784497193634601,0.8073260595043322,1.0483289358301138,0.6776007152719917,1.0024968789013735,0.0,0.8547340303636899,1.0610431007150907,0.9603415820890578,0.8118068008940941
B0018,158,63,24.0,1.5402045278637397,1.8396018424355423,0.8372488504493911,3.4989948462048113,2.4205549690097223,4.188220838257245,0.24757542528094925,-1.817194042260449,-2.01215000710487,0.0037249670985359342,0.5888596862938004,30.976616345195186,23.22385871065304,37.55101533655474,3.612043072703485,3076.703,263,1.5402045278637397,False,False,False,True,B0018_p1,0,3098.672,6586.843999999997,10348.781000000003,0.6364850120994923,1.579841926266043,1.2339561442598628,1724.500274497975,33.228885984233415,0.0,3.634014224105847,4.005,24.0,0.0,6.976616345195186,13.551015336554741,0.9890598068270532,1.008586350222064,0.9998590598032511,1.0433466438795738,0.8975119389865377,0.9609420329845867,1.0991345187509274,0.9002417164354009,0.7346368715083799,0.7679444766631497,0.795650463084677,1.0402405538779722,0.6780628128823317,1.0,0.0,0.8469140314246467,1.0499524266398699,0.9576925792662622,0.7980482191648168
B0018,161,64,24.0,1.5321613015959863,1.8396018424355423,0.8328765857113299,3.495405576723954,2.415388497112405,4.186454063976498,0.24806656368733818,-1.8157980815469454,-2.0124985987201267,0.0037645779343444034,0.5908996546649903,30.89768961926806,23.027207477057086,37.59895044072871,3.6899668834506327,3062.328,261,1.5321613015959863,False,False,False,True,B0018_p1,0,3077.656,6575.7970000000005,10396.875,0.6324782206191765,1.57359316956628,1.2249606907212258,1700.8529020816793,33.315055401144605,0.0,3.5416728333861203,4.025,24.0,1.0,6.897689619268061,13.598950440728707,0.988045229116761,1.0064336071110196,0.9994372756281913,1.0454164276935558,0.8873583523021418,0.9643412510735813,1.122846514566276,0.8960355988238671,0.729050279329609,0.7574139657068801,0.789850227146822,1.033692046199828,0.6608330335596352,1.0049937578027466,0.0,0.8435642281057184,1.0481915189187991,0.9621432741748923,0.7926356484332364
B0018,164,65,24.0,1.5316232403693415,1.8396018424355423,0.8325840978401868,3.494528300232307,2.3974205597873093,4.1895672733133145,0.25131607085775737,-1.822108117298183,-2.013303363874512,0.0032327560058023484,0.5821582195156936,30.81568822237933,23.026059458250696,37.489239782169804,3.6600445083242987,3050.563,259,1.5321613015959863,False,False,False,True,B0018_p1,0,3044.922,7535.109,10796.922,0.697894177618399,1.5678256893331648,1.2077888815335736,1665.4518476219791,28.065079096779943,3.368598436974416,3.929875931520567,4.015000000000001,24.0,0.0,6.815688222379329,13.489239782169804,0.9877972496382249,0.9989468048860111,1.0001804958834477,1.0591106883281567,0.8768092223113695,0.9565613481912284,1.1137412202155772,0.8925931658708448,0.723463687150838,0.7416493731217659,0.7787779066306401,1.1406047464955764,0.7332670055965624,1.0024968789013735,1.1314265467996998,0.8404724251511443,1.2011072342909481,0.9991642569609549,0.7842051625973231
B0018,166,66,24.0,1.5222595950771978,1.8396018424355423,0.8274940587479522,3.4962554827793926,2.497752653580319,4.1892977641056035,0.24403995501441178,-1.8129628028687814,-2.0127782408337165,0.0041669753720565235,0.5952783563830066,30.726188079151118,22.903021044448273,37.37911114363861,3.6681577159350525,3034.672,257,1.5316232403693415,False,False,False,True,B0018_p1,0,3050.188,7219.280999999999,10328.156,0.6989903134693162,1.5644212484507696,1.2102285871427845,1660.2635203775142,33.345546963646505,0.0,3.415155340691856,4.005,24.0,0.0,6.726188079151118,13.37911114363861,0.9882854718024354,1.0407527467400104,1.000116155622168,1.0284472610634403,0.8652954105846223,0.948751805129572,1.1162100464070928,0.887943467438505,0.7178770949720671,0.7393389372758409,0.780351019991912,1.1423962183181766,0.6372264096763176,1.0,0.0,0.8386473889215571,1.1507637959157841,0.9557839091100989,0.7855613958230798
B0018,168,67,24.0,1.5065267126851283,1.8396018424355423,0.8189417285484782,3.48769646191346,2.3726090777895896,4.186793087812023,0.25261083356899555,-1.8044876731207795,-2.011894643612056,0.004069757272822615,0.6065337513252166,30.76818712651005,22.833484092130533,37.559604168615785,3.7358773030403323,3031.25,256,1.523845267514426,False,False,False,True,B0018_p1,0,2998.125,6447.515000000001,10485.125,0.6149201845471562,1.5438997094609772,1.1912038880416622,1631.579085547253,33.029814104311995,0.0,3.428394214990112,4.015000000000001,24.0,0.0,6.76818712651005,13.559604168615785,0.9858660959826996,0.988608464136857,0.9995182112012019,1.0645671520618158,0.8706984089101161,0.9615510921241951,1.1368169257506613,0.8869421919973455,0.7150837988826816,0.7265653508520777,0.7680839627546925,1.0049960347912943,0.639696622447232,1.0024968789013735,0.0,0.8276463013899958,1.027743183237217,0.9703100689036868,0.7721528180728765
B0018,170,68,24.0,1.5014219556532926,1.8396018424355423,0.8161668036087004,3.486547580844067,2.36844257542991,4.188594535127793,0.25421974568816713,-1.809986175960184,-2.0125266173463885,0.0038292070941918738,0.5993292137989468,30.775415173787835,22.85810521586403,37.61805450748922,3.740419157450185,3011.343,253,1.5222595950771978,False,False,False,True,B0018_p1,0,2984.0,6841.0,10265.563,0.6664028071329356,1.5420603872486274,1.185623310652553,1616.5325700889834,33.03376732958465,0.0,3.3106342094398316,4.005,24.0,0.0,6.7754151737878345,13.61805450748922,0.9855413421209459,0.9868723839974086,0.9999482729121263,1.0713475223587867,0.8716282663662794,0.9656959761842229,1.1381989992366437,0.8811174140291504,0.7067039106145251,0.7198649237138051,0.7644856266188585,1.0891367620914847,0.6177240390492932,1.0,0.0,0.8266602864197312,1.0904652593325956,0.9499914537847796,0.7685149915795584
B0018,173,69,24.0,1.4963534117486457,1.8396018424355423,0.8134115639760109,3.482298183882304,2.331968556073514,4.186295492358637,0.2567453685120387,-1.8090400456598725,-2.0121939690963395,0.0033564516364867365,0.6003399044077647,30.761821976538275,22.739418289546798,37.71101994346608,3.807327476212808,3003.0,252,1.5065267126851283,False,False,False,True,B0018_p1,0,2977.844,6966.577999999994,10387.077999999994,0.6706966097684063,1.5357254321902498,1.180000420764233,1595.3524440566355,33.20818485101739,0.0,3.443583430992515,4.015000000000001,24.0,1.0,6.761821976538275,13.711019943466077,0.9843401663768059,0.9716745477443256,0.9993994196328011,1.0819911478074828,0.8698795595122928,0.9722884264786237,1.1585590119118376,0.8786762565172878,0.7039106145251397,0.7104331126308489,0.7608600075364239,1.0961543470257022,0.6425307452362261,1.0024968789013735,0.0,0.8232642743009333,1.1104825735171393,0.9612366442830165,0.7669295430915679
B0018,176,70,24.0,1.5334262000312422,1.8396018424355423,0.8335641793014631,3.491819481711868,2.4057755306304176,4.187384370589753,0.2523757254841878,-1.8273691233501441,-2.0205100517708847,0.010952486582947282,0.5753946456070788,30.913721930762733,23.009880638439665,37.767989299214086,3.7586786821951486,3045.187,255,1.5014219556532926,False,False,False,True,B0018_p1,0,2957.985,7291.985000000001,10678.531,0.682864056863252,1.5256558819522466,1.1613096112692578,1502.617310987939,27.392765467825583,4.985029869717948,3.9812453821482148,4.025,24.0,0.0,6.913721930762733,13.767989299214086,0.9870315487325889,1.002428117914118,0.9996593688586058,1.0635763460036025,0.8894208408014455,0.9763282897044173,1.1437553211129925,0.8910201510340027,0.7122905027932961,0.6691368401478193,0.7488082411107828,1.1160402385464985,0.7428519197000215,1.0049937578027466,1.6743447569411705,0.8178662384310685,1.1623529182976755,0.9882081663690376,0.7618149522008915
B0018,178,71,24.0,1.523845267514426,1.8396018424355423,0.8283560237670397,3.493995853241935,2.4720838848798987,4.188929264481706,0.24787661625868782,-1.8180385592622932,-2.0131819742858483,0.0022373072205481145,0.5884044857138683,31.228215653165606,23.372100245576046,37.91919394450186,3.7153442937299124,3028.469,253,1.5011920994261239,False,False,False,True,B0018_p1,0,3053.016,7295.7970000000005,10383.266,0.7026495324303549,1.5728459661829002,1.2133209526418518,1660.9889506491672,33.77922775093614,0.0,3.474946581533641,4.005,24.0,0.0,7.228215653165606,13.919193944501863,0.9876467430097243,1.0300571954843234,1.000028183258313,1.044615940278575,0.9298791169380272,0.9870506522455914,1.1305687889337253,0.8861284728267246,0.7067039106145251,0.7396619816838693,0.7823449660918651,1.14837667015354,0.6483827273048984,1.0,0.0,0.8431636709238945,1.1629605565915764,0.9608838757673663,0.7862897337574588
B0018,180,72,24.0,1.5011920994261239,1.8396018424355423,0.8160418547084185,3.484377015629623,2.342731326096539,4.1852697593324315,0.2563184923366143,-1.8085351614741645,-2.013496073486494,0.004404973809935046,0.6017111392190142,31.261679783387308,23.432194318140894,37.99328509003338,3.6786940845474763,3012.937,251,1.4963534117486457,False,False,False,True,B0018_p1,0,3008.203,6172.780999999994,10374.842999999993,0.5949758468634173,1.5429515341236872,1.193114153506408,1627.613236077019,33.74157842610773,0.0,3.3838527506138854,4.015000000000001,24.0,0.0,7.261679783387308,13.993285090033382,0.9849277891132782,0.9761591320957576,0.999154545138643,1.0801921815955666,0.9341841345734692,0.9923046715382384,1.1194162336565516,0.8815838176098659,0.7011173184357542,0.7247993017299167,0.769315695023874,0.9723999665658593,0.6313857274527929,1.0024968789013735,0.0,0.8271380081335309,0.983950187687226,0.9601043980109847,0.7747483589861268
B0018,182,73,24.0,1.492417671450291,1.8396018424355423,0.8112721117273961,3.4859116793558376,2.4198650452188226,4.18799771486628,0.25178046921877606,-1.8068041184926535,-2.0122733205325782,0.001780177000886265,0.6035048613646924,31.18408593575448,23.292599343405758,37.984838024989045,3.7439712156426856,2998.875,249,1.492417671450291,False,False,False,True,B0018_p1,0,3012.641,6786.969000000001,10405.703,0.6522355097007864,1.5395193868077632,1.1881376425781964,1602.6077335118146,33.60485853099364,0.0,3.3075494762432363,4.025,24.0,0.0,7.1840859357544815,13.984838024989045,0.9853615920410648,1.0082988757680218,0.999805793284477,1.0610677826998707,0.924202016997185,0.9917056655113939,1.1392798805255446,0.8774692836374564,0.6955307262569832,0.7136639961198754,0.7661068587593141,1.0659824111678697,0.6171484653890691,1.0049937578027466,0.0,0.8252981191728407,1.08185264006246,0.9629602312725217,0.7758913447544344
B0018,184,74,24.0,1.483323851940123,1.8396018424355423,0.8063287488211446,3.4842787539766786,2.438879997223475,4.187899339921793,0.2508652563260822,-1.8050190987020625,-2.013027320256293,0.003198488331731842,0.6056880584788689,31.001432353085377,23.099397757771566,37.8288851383529,3.772248758982031,2983.547,247,1.483323851940123,False,False,False,True,B0018_p1,0,2948.421,7050.405999999999,10340.515,0.6818234875148868,1.527638351575443,1.1677933008957506,1575.5244163124548,33.54245670906144,0.0,3.246960077411434,4.035,24.0,0.0,7.001432353085377,13.828885138352902,0.9849000135217864,1.0162219435303979,0.9997823081142099,1.0572108397139346,0.9007044125664803,0.9806465913230792,1.1478846572029409,0.8729843187157458,0.6899441340782123,0.701603410128366,0.7529889007540075,1.114339581948598,0.6058432211965123,1.0074906367041199,0.0,0.8189289911741398,1.1238448775310756,0.9569276305384634,0.7593517895402121
B0018,187,75,24.0,1.4807376792294196,1.8396018424355423,0.8049229159658787,3.482988652120672,2.430465824271706,4.1882916128809375,0.2527666120037829,-1.8118563821702207,-2.012954260463709,0.0033492168235809095,0.5969033315535529,30.981374033120872,23.03846743756316,37.844837975501,3.7894093030372655,2966.86,245,1.4807376792294196,False,False,False,True,B0018_p1,0,2929.0,7367.7339999999995,10715.234,0.6875943166523474,1.5165270688698478,1.150150622882187,1516.0373362217679,27.907538462518954,3.289640008203648,3.7564899793283004,4.005,24.0,0.0,6.981374033120872,13.844837975501001,0.984535340823319,1.0127159624243238,0.999875955915332,1.0652236425310933,0.8981239952476242,0.9817778535481032,1.153106562355234,0.8681017110925343,0.6843575418994413,0.6751129680774012,0.7416129657202989,1.1237711481036055,0.7009152977584631,1.0,1.1049064185991182,0.8129725083931467,1.1744274180680576,0.9916047201019661,0.7543500034639834
B0018,189,76,24.0,1.4735077809902477,1.8396018424355423,0.8009927730010293,3.483799876979844,2.4907267597860656,4.187409532380725,0.24802832713581485,-1.8021525551783737,-2.012741175686338,0.003924536033092068,0.6102519084386244,31.088687926688607,23.110947703655086,37.8984610468502,3.7929642716009595,2954.797,243,1.4735077809902477,False,False,False,True,B0018_p1,0,2913.453,6891.0779999999995,10396.641,0.6628177312268453,1.5131807690715142,1.1528337160133797,1540.808948769811,33.496253713087526,0.0,3.162279567073409,4.015000000000001,24.0,0.0,7.088687926688607,13.898461046850201,0.9847646495070332,1.0378252277744349,0.9996653757635986,1.0452552890116364,0.9119294699835979,0.9855804219842983,1.1541883292618798,0.8645720834926781,0.6787709497206704,0.6861441191393209,0.7433430144762969,1.0832774861064234,0.5900428688876986,1.0024968789013735,0.0,0.8111786401551639,1.0984477647056197,0.9621216194443933,0.750345947641568
B0018,191,77,24.0,1.46801928526661,1.8396018424355423,0.7980092492857176,3.4787540756450497,2.3678328028644775,4.188656943531829,0.25814755065726835,-1.8092953592546854,-2.013377348559974,0.002327705686226338,0.6003267799218304,31.336420133762665,23.4240998983518,38.27784043980244,3.803271010666152,2945.735,242,1.46801928526661,False,False,False,True,B0018_p1,0,2887.344,7511.749999999999,10412.625,0.7214079062676317,1.5048102940732475,1.140827450949175,1521.2116307243364,33.40840537983315,0.0,3.1289253703632727,4.035,24.0,0.0,7.336420133762665,14.27784043980244,0.9833383543814794,0.9866183066085003,0.9999631717464029,1.0879003047186464,0.9437991618971543,1.012483321588622,1.1573246408878186,0.8619205469503672,0.6759776536312849,0.6774171549439604,0.735601418145917,1.179034455992005,0.5838193818433488,1.0074906367041199,0.0,0.8066914363356804,1.1973837760256725,0.963600804112326,0.7436216990104855
B0018,193,78,24.0,1.4580923557119019,1.8396018424355423,0.7926130111836914,3.4752194351784507,2.3532703553328904,4.188198669984733,0.2587418006364251,-1.8000309691416814,-2.013211476410487,0.0035939400914024445,0.6124490248454585,31.22599987103565,23.211014993257855,38.24434303919528,3.8504748781567057,2941.375,241,1.4580923557119019,False,False,False,True,B0018_p1,0,2887.922,7067.485000000001,10393.5,0.6799908596719104,1.498849716833529,1.1386181323901203,1510.4530313042155,33.89025119073222,0.0,3.0825983262191983,4.035,24.0,0.0,7.225999871035651,14.244343039195279,0.9823392186379989,0.9805504891062221,0.9998537675445648,1.0904046272727737,0.92959406601686,1.010107923181957,1.171688644620083,0.8606448131913211,0.6731843575418994,0.6726261977469729,0.7341768575221131,1.1113444229641913,0.5751753194022933,1.0074906367041199,0.0,0.8034961188701925,1.1265672947455387,0.9618309463311566,0.7437705601583182
B0018,196,79,24.0,1.4478660988891399,1.8396018424355423,0.7870540600091139,3.470739535801023,2.362897904778893,4.184528192003684,0.25772371294595886,-1.7981302589297092,-2.0142936610392694,0.004826343280178228,0.6145766343541279,31.037323488688802,22.93446707088835,38.06956259266949,3.887767420027259,2923.953,239,1.4527808777541982,False,False,False,True,B0018_p1,0,2870.937,6835.984,10401.437,0.6572153443798199,1.490566130393263,1.1317667872727093,1489.7897763373464,33.67181151242727,0.0,6.038862081198055,4.195,24.0,1.0,7.037323488688802,14.069562592669492,0.9810728868462705,0.9845620546693453,0.9989775098674057,1.0861141433775419,0.9053216540936059,0.9977137317919306,1.1830366599224615,0.8555471449458851,0.6675977653631285,0.6634245566939965,0.729759134946818,1.0741212139460392,1.1267781458376427,1.0474406991260925,0.0,0.7990554938493326,1.0896657017034754,0.9625654488780397,0.7393961542829901
B0018,199,80,24.0,1.4527808777541982,1.8396018424355423,0.7897257135983229,3.474600910003521,2.420200016704328,4.1927676322495895,0.2561984574820731,-1.8058248446047425,-2.013245286480298,0.0030147593152949946,0.6046864853168988,30.811349225731828,22.715597927537367,37.81744565252647,3.8873838582496485,2921.031,238,1.4527808777541982,False,False,False,True,B0018_p1,0,2818.766,7982.921,10810.0,0.7384755781683626,1.4867130788099046,1.107005043209787,1417.936083840503,27.841937781961864,3.3462373833169465,3.5047385283594994,4.025,24.0,0.0,6.811349225731828,13.817445652526473,0.9821643803153026,1.0084384502343404,1.000944521468686,1.0796863237847922,0.87625102889759,0.9798353840081045,1.1829199431554243,0.8546921692477355,0.664804469273743,0.631427086414169,0.7137928518482678,1.2069290397353978,0.6539415418885021,1.0049937578027466,1.1239160375490937,0.7969899685613301,1.2724891124830617,1.000374515787733,0.7259597616470327
B0018,201,81,24.0,1.4425356364492432,1.8396018424355423,0.7841564425372596,3.4740521567700093,2.472605886588914,4.187873640279204,0.2512971706951936,-1.795955865281378,-2.0138967840468363,0.00188911652035422,0.6181698739348518,30.932223179746046,22.816866662883296,37.902567770354786,3.8978488164370293,2902.75,236,1.4525819651050202,False,False,False,True,B0018_p1,0,2818.515,7169.313,10428.437,0.6874772317270555,1.4812125179995328,1.1125512688405044,1456.283529580269,33.364263464126466,0.0,3.0148696191047963,4.035,24.0,0.0,6.932223179746046,13.902567770354786,0.9820092644060232,1.0302747008933084,0.9997761728072456,1.059031038172422,0.8918009475791562,0.98587164172949,1.1861044004139658,0.8493431580438086,0.659217877094972,0.6485037489032869,0.7173690380944161,1.1235797901215305,0.5625379671998058,1.0074906367041199,0.0,0.7940412544820559,1.1427988247012937,0.9650640716279258,0.725895117792178
B0018,203,82,24.0,1.4392712877203313,1.8396018424355423,0.7823819559860883,3.475075728648004,2.483165462226557,4.1880559282136725,0.2509904827066951,-1.7951057003644757,-2.0132739002306224,0.0014032197731020648,0.618933989993131,31.215527070380897,23.144424017860068,38.16628336469349,3.8865976358564236,2897.875,235,1.4478660988891399,False,False,False,True,B0018_p1,0,2790.171,7614.954,10419.094,0.7308652748501934,1.4725402809547632,1.101288295232962,1441.7779587015468,33.28018802891137,0.0,2.986399210077309,4.025,24.0,0.0,7.215527070380897,14.166283364693491,0.9822985971568334,1.0346746190891847,0.9998196906277738,1.057738575953464,0.9282467848769503,1.004572483921733,1.1826806978988162,0.8479167355494623,0.6564245810055865,0.6420442120728834,0.7101067134095086,1.1944911252702033,0.5572257354806691,1.0049937578027466,0.0,0.7893922835217682,1.2138346423645354,0.9641994556148819,0.718595255553126
B0018,205,83,24.0,1.4286475681888218,1.8396018424355423,0.7766069457167768,3.472424307596416,2.4341986830086237,4.188063095530185,0.25484104285559894,-1.7940097981352856,-2.0131642650090824,0.0030231667836495995,0.6205845867664036,31.400797084337558,23.36546101646915,38.36789486715962,3.8751971722133556,2892.094,234,1.442834198908794,False,False,False,True,B0018_p1,0,2810.562,7477.265000000001,10352.953,0.7222349990384388,1.4664920212205264,1.1023838853833345,1435.4069266844729,33.54622835649592,0.0,3.051651595025355,4.035,24.0,0.0,7.400797084337558,14.36789486715962,0.981549120776225,1.0142713538190924,0.9998214016899709,1.0739658287345357,0.9520809820342621,1.0188693437688516,1.179211568968833,0.8462252179207822,0.6536312849162011,0.6392071009859743,0.7108131459797017,1.1803862167179562,0.5694010361142376,1.0074906367041199,0.0,0.7861499616480015,1.1918868173254704,0.9580786627519109,0.7238468605106658
B0018,208,84,24.0,1.4249026750004896,1.8396018424355423,0.7745712371727073,3.471751102262539,2.497859027600416,4.185913481526783,0.24949789396086638,-1.7841592631620102,-2.012453716602352,0.0024527231990189072,0.6322457302959145,31.259213269721236,23.10859423301546,38.19823604401131,3.9086071853484206,2886.921,233,1.4425356364492432,False,False,False,True,B0018_p1,0,2803.141,7297.14,10296.766,0.7086827067838583,1.4625415446633654,1.0990860279446,1426.6307688334205,33.71876019570778,0.0,2.9257845295309015,4.035,24.0,1.0,7.259213269721236,14.19823604401131,0.9813588260296634,1.040797070205522,0.9993082217218211,1.0514484223290257,0.9338668281094986,1.0068383416350029,1.1893781417282177,0.844711600779602,0.6508379888268156,0.6352989531893602,0.7086866994195686,1.1582370007376477,0.5459157740279525,1.0074906367041199,0.0,0.7840322092504681,1.1631746327271244,0.9528790288093979,0.7219356172960171
B0018,211,85,24.0,1.4698115324524124,1.8396018424355423,0.7989835074890196,3.4745407296058963,2.3747408457948316,4.187259539606346,0.25954019804112044,-1.8136320536623207,-2.013506755621097,0.0031177160092426474,0.5946002285557522,31.134701292957466,23.10528361267006,38.099982807571635,3.860822526667847,2942.531,237,1.4425356364492432,False,False,False,True,B0018_p1,0,2779.875,7380.64,10289.437,0.7173026084906298,1.4437291044672544,1.0705213177531676,1253.8707446227684,27.32803519924954,4.785378389607054,3.563456228728294,4.035,24.0,0.0,7.134701292957466,14.099982807571635,0.9821473691406465,0.9894967199870461,0.9996295678059576,1.093769279688197,0.9178488933166157,0.9998709179824766,1.1748374048750332,0.8609830581971599,0.6620111731843575,0.5583664595605121,0.6902682775028604,1.1723249543506449,0.6648975499343548,1.0074906367041199,1.6072869021889111,0.7739473271476872,1.1764846530683424,0.9522007915451789,0.7159435697778904
B0018,213,86,24.0,1.4525819651050202,1.8396018424355423,0.7896175854998456,3.471720060423485,2.3589340839760866,4.187670932765983,0.260516253498242,-1.8109604460875317,-2.014872086495032,0.002504583669096718,0.5979305613457744,31.246879695988095,23.26167836334653,38.214523782841354,3.8457459444261883,2912.469,234,1.4392712877203313,False,False,False,True,B0018_p1,0,2924.204,7014.843,10371.906,0.6763311391368182,1.5117652719858652,1.1489485514806848,1505.5206244617102,33.83835108253136,0.0,3.0685026575475716,4.025,24.0,0.0,7.2468796959880954,14.214523782841354,0.9813500514424781,0.9829104270022933,0.9997277801958218,1.097882628920143,0.9322801664488659,1.0079933527153786,1.1702496434245055,0.8521869324484345,0.6536312849162011,0.6704297268925624,0.7408378744241332,1.1053631513802693,0.5725452392321221,1.0049937578027466,0.0,0.8104198273123435,1.1181760840772466,0.9598326033807477,0.7531148165003053
B0018,215,87,24.0,1.442834198908794,1.8396018424355423,0.7843187398630524,3.471398409828823,2.4413266342198545,4.187836103953847,0.2544263229056697,-1.800802328247715,-2.0126300040805116,0.0016023425232613384,0.6114932928667776,31.027558674438325,23.027044613835702,37.939696536164234,3.856206251259731,2895.594,232,1.4286475681888218,False,False,False,True,B0018_p1,0,2846.578000000006,7022.343999999997,10237.156000000003,0.6859662976709543,1.489239222628898,1.1226259926297317,1469.4703772834014,33.89542839693603,0.0,3.059925504904447,4.015000000000001,24.0,0.0,7.027558674438325,13.939696536164234,0.9812591305669109,1.0172413976267063,0.9997672117145935,1.0722180919895918,0.904065452385191,0.9885045508372596,1.173432685289194,0.8472493161218513,0.6480446927374302,0.6543760395650943,0.7238651835900545,1.12111039202179,0.5709448469691697,1.0024968789013735,0.0,0.7983441715421047,1.1193717542877788,0.9473626250271496,0.7331226098192227
B0018,217,88,24.0,1.428376058807949,1.8396018424355423,0.7764593543333537,3.4626491088970703,2.311419659807122,4.18719517574786,0.26385932209588037,-1.798647877727257,-2.012054810012164,0.0024115620742285447,0.6138855024551874,30.931917385258963,22.789023525262486,38.06666733482501,3.9414476470124526,2884.406,230,1.428376058807949,False,False,False,True,B0018_p1,0,2817.438,6976.718,10366.422,0.6730111893959169,1.4713143863617215,1.1057985104918426,1437.167800620951,33.45795823700358,0.0,2.982177131724342,4.025,24.0,0.0,6.931917385258963,14.066667334825013,0.9787859683389594,0.9631123227373508,0.9996142021436591,1.1119711815204145,0.8917616084225429,0.9975084206111822,1.199371401581467,0.8439757130722624,0.6424581005586593,0.6399912431711718,0.7130148839113805,1.0999371848741133,0.556437947060571,1.0049937578027466,0.0,0.788735111867672,1.1120989041310319,0.9593251053377708,0.7256177415703512
B0018,219,89,24.0,1.4154547844370715,1.8396018424355423,0.7694354026972918,3.466072725920186,2.4953159238201255,4.183339938829854,0.24944379745426662,-1.7804067367547436,-2.011816454093025,0.003922239513771784,0.6370599693980358,30.667082236656018,22.47935333131366,37.63260475617888,3.93067479455812,2873.766,229,1.4283179548274056,False,False,False,True,B0018_p1,0,2769.766,6544.9839999999995,10387.703,0.6300703822587149,1.4603866244163892,1.0919756299492815,1414.065307950014,33.483938310649464,0.0,2.9241911066562776,4.045,24.0,0.0,6.667082236656018,13.632604756178878,0.9797537211195058,1.0397374207479233,0.9986938367405397,1.051220445709204,0.8576916960217964,0.9667277767695676,1.1960932529659507,0.8408624545410124,0.6396648044692738,0.6297033749080242,0.7041019404846514,1.0297567907544984,0.545618460718249,1.0099875156054932,0.0,0.7828770100096943,1.0432798823107279,0.9612944827725977,0.7133400449622477
B0018,222,90,24.0,1.454576670077708,1.8396018424355423,0.7907018989239107,3.4730670533412877,2.4398479869382084,4.192209704853633,0.256998603773989,-1.8167125180994765,-2.0147251295387147,0.003202237339106182,0.5905432240305882,31.226789107710772,23.14563143539215,38.18223603956323,3.894243733720098,2893.375,230,1.4283179548274056,False,False,False,True,B0018_p1,0,2734.938,8064.967999999999,10808.578,0.7461636489092274,1.445021597031396,1.0577196772097757,1228.549940898139,27.37853814906628,4.812859687134324,3.50142148745817,4.025,24.0,0.0,7.226789107710772,14.182236039563229,0.9817308055200454,1.016625281288034,1.0008113267821825,1.0830583464616623,0.9296955979491835,1.005703734639125,1.1850073839118436,0.8466000378623735,0.6424581005586593,0.5470907458638812,0.6820138259374825,1.2194940535435785,0.6533226224387427,1.0049937578027466,1.6165171711404047,0.7746402003205562,1.2855675225301981,1.000242921656239,0.7043702593969887
B0018,224,91,24.0,1.4283179548274056,1.8396018424355423,0.7764277692483624,3.4668548162926327,2.376538319699514,4.1866224559264715,0.25940577128111114,-1.7981268087177564,-2.01362953818943,0.0022908479361973973,0.615175869824526,31.387733116648285,23.299987417730907,38.3907466519188,3.9188316151382807,2884.9839999999967,229,1.4197026883204058,False,False,False,True,B0018_p1,0,2851.5,6938.109999999999,10353.906,0.670095903903319,1.4813883756378485,1.117844609411475,1449.5008398361679,34.022517442059645,0.0,2.9671825969450247,4.025,24.0,0.0,7.387733116648285,14.390746651918803,0.9799747943667364,0.9902456836207391,0.9994774760434227,1.0932027706788956,0.9504003583061518,1.020489830496852,1.1924894068738379,0.8441448355751808,0.6396648044692738,0.6454833207810481,0.7207821649678058,1.0951725821923797,0.5536401494177102,1.0049937578027466,0.0,0.7941355273956598,1.1059447332887113,0.9581668548808236,0.734390247482946
B0018,226,92,24.0,1.4197026883204058,1.8396018424355423,0.7717445457875761,3.46527367520258,2.3722299202290382,4.186945959000922,0.26004857673152804,-1.7964439222994821,-2.0143431411678145,0.002742773505057746,0.6175723216535413,31.505666838292886,23.43938495660897,38.51622654624205,3.914095366589241,2870.234,227,1.4155606630306516,False,False,False,True,B0018_p1,0,2816.984,7024.516,10326.266,0.680257122952285,1.46552305296703,1.1024776215769192,1424.5043611126996,33.85819366593843,0.0,2.9827197343099936,4.045,24.0,0.0,7.5056668382928855,14.516226546242052,0.9795278536966779,0.9884504784083561,0.9995547063262457,1.0959117185019636,0.9655720286328483,1.0293879758944449,1.1910481797996164,0.8398289931563906,0.6340782122905028,0.6343520336159569,0.710873586738622,1.1117795908895767,0.5565391900972834,1.0099875156054932,0.0,0.7856305218254171,1.119717974218092,0.9556090055176069,0.725500816032088
B0018,228,93,24.0,1.4155606630306516,1.8396018424355423,0.7694929578655558,3.4638878223448684,2.361475505115684,4.1874400308161395,0.2614012721012322,-1.795371462470329,-2.013805013275104,0.002494763805785208,0.6185854999461717,31.5462258449116,23.52414825084503,38.56612180540248,3.8983467287559384,2864.11,226,1.4154547844370715,False,False,False,True,B0018_p1,0,2785.719,7529.3910000000005,10329.797,0.7289001903909632,1.4594707473045423,1.0911083709291225,1406.8797897529575,33.96042454054935,0.0,2.936726351407411,4.005,24.0,0.0,7.5462258449116,14.566121805402481,0.9791361150917396,0.983969375344463,0.9996726566922164,1.1016123253880092,0.9707897718585885,1.032926194292337,1.1862559137281785,0.8380371139040057,0.6312849162011173,0.6265035615516602,0.7035427350021763,1.1912794855498214,0.5479573847818204,1.0,0.0,0.78238603102997,1.2001957768500968,0.955935769848342,0.7174486641514799
B0018,231,94,24.0,1.405680035419228,1.8396018424355423,0.7641218893095785,3.457807923440064,2.317937855025735,4.1845980039811215,0.2637843275246904,-1.7937175263130196,-2.0140103653857673,0.003657732380165694,0.621305543593045,31.389977882297476,23.166973356692417,38.5606541602861,3.9985715147003824,2846.64,224,1.4084461071166137,False,False,False,True,B0018_p1,0,2773.281,7089.7029999999995,10225.578,0.693330293896345,1.448502497228279,1.0840518404813804,1389.7015973574685,33.969053050544986,0.0,2.8710735704699175,4.025,24.0,1.0,7.389977882297476,14.560654160286099,0.9774175119212215,0.9658282960615447,0.9989941761657742,1.1116551350708468,0.9506891378334599,1.0325384676251252,1.2167540333930444,0.8329254008832407,0.6256983240223464,0.6188538683830042,0.6989927096672931,1.1331457539967524,0.5357073751311351,1.0049937578027466,0.0,0.7765062244902633,1.130108875966391,0.9462911785753649,0.7142453164754522
B0018,234,95,24.0,1.4084461071166137,1.8396018424355423,0.7656255145145432,3.459813554486507,2.3372859753156225,4.186742025132256,0.26401849793435667,-1.8014517734888207,-2.01313706710909,0.0021603358076119307,0.6106925334860716,31.385433749863733,23.275962802186438,38.53842073636507,3.9657190589451488,2839.532,223,1.405680035419228,False,False,False,True,B0018_p1,0,2710.843,7823.468999999999,10555.171,0.7411977503727792,1.4426607118036585,1.058114719051093,1307.9494785082475,28.14892462736424,3.267273136812971,3.2959104501416876,3.995,24.0,0.0,7.385433749863733,14.538420736365069,0.9779844430378858,0.9738901869405686,0.9995060209454931,1.112641989524369,0.9501045545756419,1.0309618306682435,1.2067571237716739,0.8308456037366125,0.6229050279329609,0.5824484881959554,0.6822685474893335,1.2113780273279462,0.6149767648147355,0.9975031210986268,1.0973939553198808,0.7733745883674162,1.2470722338788953,0.9767922366495579,0.6981647068761745
B0018,236,96,24.0,1.3968547782872414,1.8396018424355423,0.7593245158082004,3.458027727779737,2.3528810264952194,4.1871520936423146,0.26240215486440727,-1.7915215753378781,-2.0146560328783325,0.003971959499767635,0.6236313916998142,31.423707199142058,23.24250038456045,38.548873480234754,3.983738947024171,2832.703,222,1.3968547782872414,False,False,False,True,B0018_p1,0,2763.312,7121.031000000001,10318.984,0.6900903228457376,1.4439358101497581,1.0782038955738225,1369.273821354682,34.023234828513274,0.0,2.8172840955778202,4.025,24.0,0.0,7.423707199142058,14.548873480234754,0.9774796439469295,0.9803882652540682,0.9996039171001506,1.1058303032858179,0.9550282705969694,1.031703065232218,1.2122405248865054,0.8288474418465837,0.6201117318435754,0.6097570894587916,0.6952219759216599,1.1278505008232091,0.525670913961869,1.0049937578027466,0.0,0.7740581369318669,1.1351026043166867,0.9549351177078043,0.7116778479931946
B0018,238,97,24.0,1.3935670371440676,1.8396018424355423,0.7575373132367891,3.4613996718507845,2.4646122144537173,4.187096292904282,0.25436348272958975,-1.7816941240706174,-2.013905602750019,0.003500477982654989,0.6362211262767111,31.435368910968148,23.25643130784119,38.45838357496903,3.9674658136262253,2827.077999999994,221,1.3935670371440676,False,False,False,True,B0018_p1,0,2715.703,7096.578,10242.609,0.6928486677564281,1.4319074746810307,1.063339429553393,1350.870417054005,33.87472098316312,0.0,2.8188504150354334,4.025,24.0,0.0,7.435368910968148,14.458383574969027,0.9784327903498627,1.0269439322444114,0.9995905957220236,1.071953267293282,0.9565285000886117,1.0252861620429743,1.2072886562941594,0.8272015697377209,0.61731843575419,0.6015617920190054,0.6856374219424298,1.1323586073506802,0.5259631701039217,1.0049937578027466,0.0,0.7676100449336852,1.131204760874725,0.9478672542810431,0.6994163767351145
B0018,240,98,24.0,1.3893644292809475,1.8396018424355423,0.7552527928769072,3.4611285476693214,2.4684655225527004,4.187367312766795,0.25451400427608056,-1.7797379985412234,-2.0129862192992305,0.0019150019110163161,0.6387591462974623,31.542375291159843,23.40948042071164,38.54382874673793,3.9642465111259853,2821.531,219,1.3893644292809475,False,False,False,True,B0018_p1,0,2675.454,7328.906999999999,10148.125,0.7221932130319639,1.4232100492842077,1.0497587114270153,1336.5965170331935,33.628019118131256,0.0,2.759817143134633,4.035,24.0,0.0,7.542375291159843,14.54382874673793,0.978356151760116,1.0285495119571597,0.9996552966237633,1.0725876038805444,0.9702944145402387,1.031345328461806,1.2063090316238294,0.825578520388771,0.611731843575419,0.5952054215135758,0.6768806239666346,1.1803179236746113,0.514948280252038,1.0074906367041199,0.0,0.7629475711232528,1.1682383383101118,0.9391235553217749,0.6890504384321368
B0018,243,99,24.0,1.3785651415666713,1.8396018424355423,0.7493823444651039,3.455556822823358,2.4092923539400735,4.18534593452204,0.2589834605607093,-1.7856528650965158,-2.0130373888261315,0.0035633455174765133,0.6312222058682411,31.52669677306915,23.25216185853628,38.650883957434026,4.030635450508156,2805.156,216,1.384901110085747,False,False,False,True,B0018_p1,0,2682.172,7636.546999999999,10333.687,0.7389953847063491,1.4195723891698693,1.0487216801134467,1327.8224503543083,33.69818797179976,0.0,2.823051689542915,4.035,24.0,1.0,7.526696773069151,14.650883957434026,0.9767811939959401,1.0038934926036722,0.9991727305344001,1.091423044470991,0.9682774400535015,1.0389369257888632,1.226510998618534,0.8207872038051978,0.6033519553072626,0.5912982049456424,0.6762119499228184,1.2077785865914987,0.5267470767797231,1.0074906367041199,0.0,0.7609975118539255,1.21727659768463,0.9562957566074922,0.6907806273441446
B0018,246,100,24.0,1.384901110085747,1.8396018424355423,0.7528265509085412,3.459598362944341,2.477625480372779,4.186646524222555,0.2543532391096489,-1.7784070647657095,-2.012440412153309,0.0025270257598763997,0.6396665691444494,31.435921914290372,23.267794615238977,38.45654834997334,3.9799942134001074,2814.906,218,1.384901110085747,False,False,False,True,B0018_p1,0,2647.672,7763.937000000001,10501.25,0.7393345554100703,1.412168065813931,1.0271168487407387,1239.429648941898,28.153870845632895,3.217341352337815,3.104731481501399,4.025,24.0,0.0,7.435921914290372,14.456548349973339,0.9779236149102432,1.0323662434688265,0.9994832218970494,1.071910098039006,0.9565996416075714,1.0251560208842094,1.2111010130072477,0.8236400487938903,0.6089385474860335,0.5519356344518778,0.6622812327198403,1.208332910910204,0.5793050967237628,1.0049937578027466,1.0806231387499445,0.7570282379417118,1.2375827472806513,0.9718023019348687,0.6818953166171021
B0018,248,101,24.0,1.3703251814242443,1.8396018424355423,0.7449031360014302,3.4506569891269216,2.335608852853518,4.184730834033599,0.263423300497629,-1.7778412667349817,-2.014185743260078,0.0023090961991655713,0.6413506214395214,31.475238112886494,23.181832500776718,38.6564130442344,4.050740963804575,2801.156,217,1.384901110085747,False,False,False,True,B0018_p1,0,2667.859,6672.281000000001,10317.235,0.6467121278133143,1.4108183090024888,1.0416476351248332,1312.4186684820368,33.56071799477596,0.0,2.6928937405540108,4.025,24.0,0.0,7.475238112886494,14.656413044234398,0.9753961594982361,0.9731913708241879,0.9990258868459204,1.1101336741398724,0.9616575028815236,1.0393290094651444,1.2326290496042216,0.8196168058611187,0.6061452513966481,0.5844386819966081,0.6716506312752678,1.0569552609213133,0.5024611880715888,1.0049937578027466,0.0,0.7563046668276553,1.0635712075727162,0.9547732624785616,0.687094382345995
B0018,250,102,24.0,1.3733464385229082,1.8396018424355423,0.7465454789416089,3.455515243082573,2.441999086782534,4.187175976285891,0.2569366308625665,-1.7764462760420034,-2.014463667770562,0.002745502446135923,0.6426186512846561,31.5817445550721,23.347201662807525,38.655587491253975,4.0183573093301135,2794.187,216,1.384901110085747,False,False,False,True,B0018_p1,0,2637.563,7385.906000000001,10206.859,0.7236218311627505,1.4108388631122213,1.0340405550681093,1302.2062188754994,33.73187121626518,0.0,2.7418796076190945,4.055,24.0,0.0,7.581744555072099,14.655587491253975,0.9767694406632841,1.0175215922451197,0.9996096186327283,1.0827971766421187,0.975359102440799,1.0392704670947284,1.2227747948902703,0.8175776800430472,0.6033519553072626,0.5798909330721702,0.6667456135418499,1.182652788577003,0.511601354500575,1.0124843945068664,0.0,0.7563156853755533,1.1773240610577658,0.9445588926770273,0.6792917918014594
B0018,252,103,24.0,1.3679487285504814,1.8396018424355423,0.7436113059874874,3.455840338587253,2.4651687831472158,4.186108406696249,0.25545113736601277,-1.7752748972563315,-2.0133489214151132,0.003537652556034693,0.6439585053065756,31.647958536134297,23.433341482891272,38.6997087046862,4.016418469674935,2785.391,215,1.384901110085747,False,False,False,True,B0018_p1,0,2637.282,7495.405999999999,10173.703,0.7367431504536744,1.4036747495994495,1.0306994390636062,1290.6391180087248,33.750738523169446,0.0,2.692807712594377,4.025,24.0,0.0,7.647958536134297,14.699708704686202,0.9768613353105163,1.0271758408746265,0.9993547564448457,1.0765369242266156,0.9838772487155443,1.0423992310640924,1.222184811451968,0.8150039749640176,0.6005586592178771,0.5747399386925195,0.6645912740148183,1.204097643031277,0.5024451363016456,1.0049937578027466,0.0,0.7524751819961896,1.1947785188705005,0.941490583940167,0.6792194215894508
B0018,255,104,24.0,1.3567141087089647,1.8396018424355423,0.7375042128207167,3.448678293668265,2.370892032033162,4.183460397462309,0.2612930004988529,-1.7742013268724648,-2.013428528654807,0.00777136119727041,0.6451719450259635,31.662032275252905,23.298067848672567,38.87481687744787,4.0939130100114145,2779.5,214,1.384901110085747,False,False,False,True,B0018_p1,0,2641.156,7246.155999999988,10078.407000000007,0.7189783067899503,1.3958012498657295,1.0277054298491,1282.986865507245,33.78172962289607,0.0,2.707938099011089,4.035,24.0,1.0,7.662032275252905,14.87481687744787,0.9748368422559626,0.9878930129552843,0.9987225939765219,1.1011560409533094,0.9856877752315726,1.0548166624776558,1.2457661814921677,0.8132802713918753,0.5977653631284916,0.5713322819182961,0.6626607476917532,1.1750636352211776,0.5052682822061547,1.0074906367041199,0.0,0.7482543942768346,1.15504770964836,0.9326717412152363,0.6802171518432641
B0018,258,105,24.0,1.4604310209194575,1.8396018424355423,0.7938842999776076,3.474503178644755,2.461879783248223,4.187091541628412,0.2556944497754274,-1.8196650877007408,-2.01277944734302,0.0026017060660145164,0.586549765279328,30.434500875864142,22.45542569835154,37.363974526077364,3.8534942001727446,2899.234,223,1.413889163393182,False,False,False,True,B0018_p1,0,2647.843,7622.672,10653.719,0.7154939979175348,1.39181249828466,1.01809076498152,1153.952968077135,26.510166321530292,4.6908625833534074,3.4618488434789145,4.055,24.0,0.0,6.434500875864142,13.363974526077364,0.9821367546219046,1.0258053946561037,0.9995894614441506,1.0775623054230283,0.8277710958672233,0.9476784234167953,1.1726074157931434,0.8483143782509631,0.6229050279329609,0.5138716538748364,0.6564612465264322,1.1693690480393557,0.6459388488388011,1.0124843945068664,1.5755414465377469,0.7461161235892987,1.215064902687811,0.9859120246034755,0.6819393568528795
B0018,260,106,24.0,1.4500998937104097,1.8396018424355423,0.788268341692107,3.474031881945217,2.4247066368907255,4.18736921126964,0.25755756066824986,-1.8096836854216038,-2.0200047420918392,0.009113413153803115,0.6002875701859975,31.017997058077018,23.061560846748243,37.88258787662229,3.841559669354344,2894.922,222,1.413889163393182,False,False,False,True,B0018_p1,0,2901.828,7208.516,10418.265,0.6919113691195223,1.4963999449778014,1.1410826408483676,1488.7308997915768,33.26311506460614,0.0,3.1106979596218785,4.015000000000001,24.0,0.0,7.017997058077018,13.882587876622289,0.9820035333274781,1.010316249195252,0.9996557498556591,1.085413934860788,0.9028353912186211,0.9844548091730151,1.168975771728118,0.847052689267246,0.6201117318435754,0.6629530239219714,0.7357659636708221,1.1308267314468192,0.5804183689037496,1.0024968789013735,0.0,0.8021828570027165,1.1490478394011352,0.964122738642302,0.7473519842444125
B0018,262,107,24.0,1.4381406901824496,1.8396018424355423,0.7817673678117337,3.474404210386772,2.4447222974031386,4.187597633155394,0.2554759257484419,-1.7993287687468955,-2.0133646895300226,0.0037645837135773905,0.6132733366274968,31.39483761465523,23.475330204930167,38.158980736604235,3.8004854675567885,2888.25,221,1.413889163393182,False,False,False,True,B0018_p1,0,2894.25,6738.109,10094.985,0.6674709273961279,1.4800362519972756,1.1326160381099593,1473.6129603041024,33.62887168983149,0.0,3.1212822237227265,4.035,24.0,0.0,7.394837614655231,14.158980736604235,0.9821087792945821,1.018656287840091,0.9997102812905447,1.0766413888582942,0.9513143216755338,1.0040546332583005,1.1564770079766533,0.8451004654965223,0.61731843575419,0.6562207906485883,0.7303067288180234,1.0908824465821947,0.5823932637296708,1.0074906367041199,0.0,0.7934106874832715,1.0740642856448324,0.9342058955836658,0.7454003064273247
B0018,264,108,24.0,1.4283681980964316,1.8396018424355423,0.7764550812828837,3.471767043833224,2.443569395327192,4.187608979498198,0.2569035121433625,-1.7959419603883284,-2.0145941601021073,0.004329207944597547,0.6173426525372289,31.24511885640641,23.342810660410986,38.05243159675446,3.824354254118013,2873.906,208,1.413889163393182,False,False,False,True,B0018_p1,0,2857.813,7154.0470000000005,10110.108999999997,0.7076132413607017,1.4712337046160169,1.1193143131343402,1454.9901960899929,33.71904176342745,0.0,3.034907282150893,4.035,24.0,0.0,7.24511885640641,14.05243159675446,0.9813633322285905,1.0181759016014682,0.9997129900167763,1.0826576058244906,0.932053641946298,0.9964989228914318,1.1637402124019827,0.840903418469055,0.5810055865921788,0.6479278091223378,0.7217298246177332,1.1564891177820569,0.566276751181029,1.0074906367041199,0.0,0.7886918603870137,1.1403654022997485,0.935605494489935,0.7360161305733756
B0018,266,109,24.0,1.4147874517552432,1.8396018424355423,0.7690726433944719,3.4685305272975935,2.4666000274194886,4.186194120124063,0.25388594966506284,-1.7956017209600372,-2.0124706482591095,0.00414847549756057,0.618300999238423,31.05306925187263,23.05129068270268,37.89096376444466,3.8617083945398245,2847.406,217,1.413889163393182,False,False,False,True,B0018_p1,0,2814.328,6955.0779999999995,10105.172,0.6882691358444962,1.4578667070232512,1.1028966817358747,1427.6995537293496,33.54065773317013,0.0,2.978096221178519,4.045,24.0,0.0,7.053069251872628,13.890963764444663,0.9804484670858209,1.0277722055328677,0.9993752189158224,1.0699408198960887,0.9073472793747884,0.9850487678153887,1.1751069719697618,0.8331495320895319,0.6061452513966481,0.6357748982905048,0.7111437952148991,1.1248740402013988,0.5556764988346762,1.0099875156054932,0.0,0.7815261448612274,1.1086494569432,0.9351486166930396,0.7248167758787251
B0018,269,110,24.0,1.413889163393182,1.8396018424355423,0.7685843375332037,3.4651213646662598,2.4272514813701016,4.186991375693876,0.25859194493549637,-1.7929541659933774,-2.0131822133527364,0.004724226515961871,0.6216320056247608,30.88589263299331,22.881894923564886,37.81203585126145,3.8954477323182317,2849.281,205,1.413889163393182,False,False,False,True,B0018_p1,0,2771.265,7569.937,10466.765,0.723235593805727,1.446370963190596,1.0756987759297663,1348.177155798971,27.797561801513456,3.2371927488405667,3.3186998785763686,4.035,24.0,0.0,6.885892632993311,13.812035851261449,0.9794848001237944,1.011376623959799,0.9995655487086486,1.0897730967303023,0.8858407203295968,0.9794517592171539,1.1853737572892094,0.8336981561258189,0.5726256983240223,0.6003624445120204,0.6936066838270845,1.1820215407792376,0.6192289947168358,1.0074906367041199,1.08729071798638,0.775363562015645,1.2066588676854864,0.9686110054337641,0.7137261052747067
B0018,271,111,24.0,1.3989331662177225,1.8396018424355423,0.7604543189441493,3.4652879859475885,2.4762628371779,4.185443351643291,0.25283242586660987,-1.784474211719448,-2.0130225462243683,0.0013113732243447548,0.6323087479107589,31.053992379018933,22.925649519285958,37.9591954678784,3.931967860502407,2833.688,215,1.3989331662177225,False,False,False,True,B0018_p1,0,2788.953,6659.139999999999,10183.125,0.6539387467010372,1.441536209955388,1.087695036106413,1387.2187740370382,33.24550252433356,0.0,2.8629054237517435,4.045,24.0,0.0,7.053992379018933,13.959195467878402,0.9795318989106082,1.0317984632100952,0.99919598704236,1.0655009991096929,0.9074660357452146,0.9898872769737945,1.196486729285524,0.8291356523403131,0.6005586592178771,0.6177482318785333,0.7013418290421183,1.068766099969405,0.534183298394445,1.0099875156054932,0.0,0.7727717708463531,1.0614765132337467,0.942362510738294,0.7182815654526756
B0018,273,112,24.0,1.3953322584033976,1.8396018424355423,0.7584968802575488,3.461799526154992,2.3607989727330003,4.186308413669027,0.26236963956853215,-1.793581043096934,-2.0189079388265974,0.0025506726829285183,0.6220040809868876,31.492840068071885,23.438805891313166,38.521043498835155,3.9472345294231523,2826.453,214,1.3953322584033976,False,False,False,True,B0018_p1,0,2771.484,7222.813,10023.328,0.720600283658282,1.434008910716034,1.0779327953153268,1373.2609747584831,33.25183568543322,0.0,2.925148373590276,4.025,24.0,0.0,7.492840068071885,14.521043498835155,0.978545817044174,0.9836874807643382,0.9994025043529621,1.1056932754496038,0.9639219193474333,1.0297295600564167,1.2011323335763315,0.8270186950589602,0.5977653631284916,0.6115326255252901,0.6950471714545662,1.1777145163634137,0.5457970750741424,1.0049937578027466,0.0,0.768736572616358,1.1513268018061458,0.9275746433470514,0.7137825076819305
B0018,275,113,24.0,1.390046129540245,1.8396018424355423,0.7556233623357826,3.463260140320492,2.377011586588198,4.187179397572641,0.2613577584434526,-1.7920645354970144,-2.012765928007659,0.007811398672227585,0.6233712946026018,31.93832684630049,23.89396136161553,38.878687997701746,3.9215405106927648,2818.312,213,1.390046129540245,False,False,False,True,B0018_p1,0,2743.328,7077.593000000001,9974.5,0.709568700185473,1.4316273540977345,1.0726426544255556,1372.9292284232577,33.985445246183865,0.0,2.8597146220996974,4.015000000000001,24.0,0.0,7.938326846300491,14.878687997701746,0.9789586884052007,0.9904428824160774,0.9996104354006795,1.1014289476203825,1.0212318934577604,1.0550911749089606,1.1933137161502485,0.8246366426432735,0.5949720670391061,0.6113848941682373,0.6916361077240523,1.159685025827489,0.533587933651736,1.0024968789013735,0.0,0.7674598792439791,1.1281785245133116,0.9230560229162574,0.70653106394771
B0018,278,114,24.0,1.3860271454209647,1.8396018424355423,0.7534386590882802,3.462839429201602,2.4567563196678455,4.1854460754417,0.25503797910208703,-1.7809541104468565,-2.0130424938927276,0.0028245095443000727,0.6363041167015956,31.74562722135923,23.638036923350842,38.65118899876309,3.9322760275289097,2812.7189999999973,212,1.388215260193751,False,False,False,True,B0018_p1,0,2760.516,7300.235,10062.969,0.7254553800175674,1.4296202855710727,1.0744128977467606,1369.1604537655978,34.35620577687582,0.0,2.9118926499153273,4.035,24.0,1.0,7.7456272213592285,14.65118899876309,0.9788397661214395,1.0236705720641,0.9991966372980704,1.074795768828947,0.9964419085330308,1.0389585571594737,1.1965805036424604,0.8230001337179643,0.5921787709497207,0.6097066052604663,0.6927775542210297,1.1856494528189552,0.5433237184146653,1.0074906367041199,0.0,0.7663839396395161,1.163667980187676,0.9312430842518008,0.7109577515064465
B0018,281,115,24.0,1.388215260193751,1.8396018424355423,0.7546281092846822,3.4569152237960306,2.3277314025979847,4.193052368415502,0.26697340100884936,-1.7989851707207014,-2.012206599766764,0.002422871753456174,0.6136015374226743,31.31018499405759,23.131840707705734,38.434235278537344,3.991914149737072,2803.5,211,1.388215260193751,False,False,False,True,B0018_p1,0,2678.0,8122.2029999999995,10809.453,0.751398151229299,1.4184681523523641,1.0393949127494313,1279.469680624323,28.353524179601084,3.231731525717212,3.1926025338717365,4.015000000000001,24.0,0.0,7.31018499405759,14.434235278537344,0.9771651727849007,0.9699090290042314,1.0010124968802359,1.1250947125774056,0.94042412306153,1.0235737358896675,1.2147282160127382,0.8203026590563491,0.5893854748603352,0.5697660295122016,0.6701980840275171,1.2280490728907674,0.5957007653334041,1.0024968789013735,1.0854564320258042,0.7604055579127036,1.294690864017978,1.0003238955416518,0.6897061486092686
B0018,283,116,24.0,1.3761826562394497,1.8396018424355423,0.7480872352342568,3.4574690175816127,2.4537913827403948,4.186241953638429,0.2568228137679184,-1.7873231599598716,-2.012141821898546,0.003192129137073553,0.6283660366326043,31.127360345471814,23.032251614508017,38.103875724329995,3.9586881060793737,2783.25,209,1.388215260193751,False,False,False,True,B0018_p1,0,2730.594,7755.062,10501.516,0.7384707122285964,1.4223484876496764,1.0600707680318175,1332.477375559918,33.9430389450899,0.0,2.7650803376714586,4.035,24.0,0.0,7.127360345471814,14.103875724329995,0.9773217135054977,1.0224351549995914,0.9993866382689435,1.0823175220738896,0.9169045117302062,1.0001469760675064,1.2046176246464044,0.8143775194644493,0.5837988826815642,0.593371109284245,0.6835298008041856,1.2069210870769984,0.5159303282772532,1.0074906367041199,0.0,0.7624857093223406,1.236168059489893,0.9718269179960343,0.7032514828810967
B0018,285,117,24.0,1.3647168898640165,1.8396018424355423,0.74185449176176,3.4502191781217797,2.3475608877759067,4.186011006323472,0.2643003813390103,-1.7861666392556754,-2.01231372073967,0.003924964064534741,0.6300010907202901,30.985550813719595,22.829010081336715,38.12742842632319,4.0221548276103825,2776.391,208,1.388215260193751,False,False,False,True,B0018_p1,0,2650.297,7797.469000000001,10463.781,0.7451865630597583,1.4075522516555214,1.0361342854988798,1306.2441601094433,33.446010491152634,0.0,2.7288480180633536,4.035,24.0,0.0,6.985550813719595,14.127428426323192,0.9752724035948395,0.978171492917854,0.9993315039352694,1.1138299188347074,0.8986613202585463,1.0018171668815163,1.2239303689915246,0.8123705795898399,0.5810055865921788,0.5816890856811051,0.6680956433581983,1.2178971513292038,0.509169818539081,1.0074906367041199,0.0,0.754553814575543,1.2429277964073786,0.9683348613491102,0.6825713728680727
B0018,287,118,24.0,1.3589854739373584,1.8396018424355423,0.7387389176225919,3.4486728051793962,2.3558347560196564,4.18675624032869,0.26393140331671344,-1.7849995504167615,-2.0131811880616888,0.002101974331477834,0.630878906976592,30.899653280757406,22.67782621456358,38.03962943213698,4.045052346052421,2766.516,207,1.388215260193751,False,False,False,True,B0018_p1,0,2679.125,7645.155999999999,10340.328,0.7393533357936034,1.4043983472382482,1.038497051975183,1289.8505708944942,33.41426580080105,0.0,2.727625174382567,4.045,24.0,0.0,6.899653280757406,14.039629432136977,0.9748352908264868,0.9816190124664788,0.9995094145566445,1.1122749503607894,0.8876109689781366,0.9955910840477297,1.2308980192677832,0.8094811596653949,0.5782122905027933,0.5743887874576272,0.6696191466445807,1.208363604667633,0.5089416507954302,1.0099875156054932,0.0,0.7528630847244409,1.2186488846920258,0.9569103252623808,0.6899958870025417
B0018,290,119,24.0,1.3462308764008801,1.8396018424355423,0.7318055708285967,3.444632719716698,2.3791102362944754,4.1831553230638425,0.26169754461682443,-1.778331020505836,-2.0132734649228214,0.002880850510536099,0.639379848746925,30.706123644966482,22.35025648802666,37.85657903247749,4.086965241473662,2751.516,201,1.3860271454209647,False,False,False,True,B0018_p1,0,2651.969,7092.3910000000005,10076.125,0.7038808073540176,1.3933036371270948,1.029580277587233,1276.0175280602593,33.3135615953415,0.0,2.7655855037145107,4.035,24.0,1.0,6.706123644966482,13.856579032477491,0.9736932810999976,0.9913173386770375,0.9986497631939533,1.1028608941200073,0.8627142066974224,0.9826104461531711,1.2436519951232825,0.8050921673750988,0.5614525139664804,0.5682287369217768,0.6638696427387919,1.1503890067902536,0.5160245861108775,1.0074906367041199,0.0,0.7469154860998539,1.1305373470403697,0.9324605613220787,0.6830019885067862
B0018,293,120,24.0,1.4268427818454643,1.8396018424355423,0.7756258712789691,3.467272639213176,2.444740635238248,4.191989955143364,0.2590954604625469,-1.809775952165901,-2.013950042532596,0.0031832258024873626,0.5998929255667806,30.47122187456595,22.367517988223096,37.43017193410286,3.9229679264032944,2848.859,212,1.3796951665608619,False,False,False,True,B0018_p1,0,2602.297,8203.609,10815.375,0.7585135975405384,1.3817099858159043,0.9964002580563885,1099.0028861249207,26.55517783008312,4.677221782411323,3.3349128745977645,4.055,24.0,0.0,6.471221874565948,13.430171934102859,0.9800929002443511,1.0186639287697212,1.0007588656663085,1.0918950409204145,0.8324950957427616,0.9523726747526884,1.1937480747247369,0.8335746791427185,0.5921787709497207,0.48940160156378354,0.6424752860368285,1.2396782168158966,0.6222541423936373,1.0124843945068664,1.5709598484059888,0.7407004174859333,1.3076670977412976,1.000871926798127,0.6702092014217528
B0018,295,121,24.0,1.4064481483279663,1.8396018424355423,0.7645394323294971,3.464490491162134,2.431867772331712,4.185628679672912,0.25720031438600915,-1.7896694300229208,-2.012375320433943,0.0020467170443975663,0.6259143571313354,30.939221783021114,22.904023394656047,37.8264149292754,3.901367821909319,2840.016,211,1.3761826562394497,False,False,False,True,B0018_p1,0,2817.125,6855.094000000001,10255.922,0.6684034843478724,1.455694997276737,1.1010457677278014,1406.891548343702,33.17368480164245,0.0,2.9813409561576267,4.035,24.0,0.0,6.9392217830211145,13.826414929275401,0.9793064713026474,1.013300120063851,0.9992402306285052,1.08390840696281,0.8927012880429012,0.980471421590489,1.1871752238533364,0.830987221887846,0.5893854748603352,0.6265087978192034,0.7099503325505215,1.0924065729034187,0.5562819268796181,1.0074906367041199,0.0,0.7803619451866108,1.0927118632450405,0.9490992603799037,0.7255371299107116
B0018,297,122,24.0,1.3934907492075153,1.8396018424355423,0.7574958434280551,3.459667012281024,2.344037291947413,4.186834478731371,0.2645119375542321,-1.7970097248124899,-2.0124205467796688,0.0033289159470451285,0.616291401136465,31.111640631561894,23.11186259982214,38.08307173716899,3.9050165905225134,2817.375,209,1.3701878338420928,False,False,False,True,B0018_p1,0,2776.0,7069.187,10173.578,0.6948575024440763,1.4425328794383965,1.0861452473744915,1389.3000403462522,33.247864854486515,0.0,2.9742172034295935,4.035,24.0,0.0,7.111640631561894,14.083071737168993,0.9779430199973218,0.9767032962845125,0.9995280925057705,1.1147214712450206,0.9148822375770168,0.9986717046417003,1.1882855338504692,0.824362476924873,0.5837988826815642,0.618675049339952,0.7003425308677278,1.135641750344473,0.5549527213467925,1.0074906367041199,0.0,0.7733060606102965,1.126838595998482,0.9414790162422509,0.7149455819788385
B0018,299,123,24.0,1.3882493512249316,1.8396018424355423,0.7546466410291033,3.462241956955771,2.456436863057259,4.186613091061155,0.2559372101503028,-1.7861513769566684,-2.0131578787415245,0.003253304712230313,0.6297547238438339,31.037910219908994,23.04417103672731,37.88279649093536,3.891840650133118,2809.234,208,1.3701878338420928,False,False,False,True,B0018_p1,0,2785.641,7112.202999999997,10016.75,0.7100309980782187,1.4341665956259666,1.0827908767675736,1370.2804985388186,33.59328233807114,0.0,2.8334912865087207,4.035,24.0,0.0,7.037910219908994,13.882796490935362,0.9786708788237956,1.0235374622685982,0.9994752403577243,1.0785853602036302,0.9053971345627966,0.9844696026225933,1.1842761323545592,0.8219804245091863,0.5810055865921788,0.6102053771133503,0.6981796448209528,1.160440583314098,0.5286949784794567,1.0074906367041199,0.0,0.7688211035814788,1.133695408393665,0.9269659048119125,0.7174285756228796
B0018,301,124,24.0,1.3701878338420928,1.8396018424355423,0.7448284744203297,3.4555661695067355,2.395547668334432,4.183907160253637,0.2596982368038693,-1.784162084841115,-2.0123169807019234,0.004023509653083662,0.6324689086646982,30.967950840538833,22.83426471365,37.96027066990377,3.9665391332141313,2791.187,206,1.3701878338420928,False,False,False,True,B0018_p1,0,2742.578,6632.438,10050.266,0.659926612887659,1.4180012279053804,1.0663938430973965,1348.1953867759553,33.26455936648607,0.0,2.859709918730835,4.025,24.0,0.0,6.967950840538833,13.960270669903771,0.9767838360200819,0.9981664165953075,0.9988292502016215,1.0944352957620047,0.8963971587690794,0.9899635226863457,1.207006670058591,0.816699881584988,0.5754189944134078,0.600370563025126,0.6876068967588921,1.0785523810602549,0.5335870560603662,1.0049937578027466,0.0,0.760155251309751,1.0572201759504989,0.9300675285187711,0.7063379050188613
B0018,304,125,24.0,1.3796951665608619,1.8396018424355423,0.7499966214070614,3.458696199585801,2.4536749172979215,4.18533882899107,0.2567368169580032,-1.7845257009241222,-2.0152254170182307,0.0030324690133305163,0.632625610318277,30.93996203578424,22.83589303178486,37.880513353762176,3.955686030516635,2794.016,206,1.3701878338420928,False,False,False,True,B0018_p1,0,2670.859,7945.968999999999,10633.282,0.7472734194390781,1.4149902769074358,1.0361458162728232,1264.063425701596,27.68427144564605,3.243474679757419,3.178022429380518,4.035,24.0,0.0,6.939962035784241,13.880513353762176,0.9776686006686269,1.022386626683955,0.9991710342223409,1.0819551093549877,0.8927965184038528,0.9843076987045256,1.2037041015204373,0.8175276455309378,0.5754189944134078,0.5629054052786585,0.6681030783595721,1.2213078092309928,0.5929802953369316,1.0074906367041199,1.0894006588230423,0.758541155237419,1.2665989104273885,0.9840207522649783,0.68786701806139
B0018,306,126,24.0,1.3686586323935683,1.8396018424355423,0.7439972067985818,3.4525282614097663,2.3062728144586413,4.185280284017658,0.2674956170053475,-1.7920667435100546,-2.01421415925087,0.011629893425885716,0.623598617743903,31.295019295352862,23.179921311075763,38.43416278222213,4.011703374555781,2774.719,204,1.3686586323935683,False,False,False,True,B0018_p1,0,2711.594,7369.485000000001,10097.844,0.7298077688663046,1.4107101089537488,1.052718902534715,1321.330710470826,33.198514086152535,0.0,2.754404357252025,4.025,24.0,0.0,7.295019295352862,14.434162782222131,0.9759251114641411,0.960967757531585,0.9991570577095606,1.1272954653649987,0.9384731206017287,1.0235685949644457,1.2207500213067946,0.8118813532492148,0.5698324022346368,0.5884073409306133,0.6787893444966282,1.1927627882481247,0.5139383203028598,1.0049937578027466,0.0,0.7562466634679804,1.1747065299916204,0.9344704719704037,0.6983581233502618
B0018,308,127,24.0,1.3627371779096438,1.8396018424355423,0.7407783284808233,3.4552290080443044,2.3471092023857154,4.186281579801858,0.2641142102955423,-1.782779873271704,-2.0128415184323125,0.001790405186493135,0.635139666997203,31.81846533166901,23.715085051859607,38.847489737859576,3.980924402691639,2777.844,204,1.366031872893188,False,False,False,True,B0018_p1,0,2723.406,6940.764999999999,10083.016,0.6883619940700282,1.406025605893126,1.05524439360913,1318.6592138547132,33.8725684510221,0.0,2.783466471144262,4.035,24.0,0.0,7.81846533166901,14.847489737859576,0.9766885306922495,0.9779832866077416,0.999396098271183,1.1130453460800833,1.0058122207849394,1.0528788152817492,1.2113840669849318,0.8127957266430266,0.5698324022346368,0.5872176855266064,0.6804177720158896,1.1250258032282152,0.5193609569462058,1.0074906367041199,0.0,0.7537354176867838,1.1063679441151297,0.9330982653727996,0.7014002477070104
B0018,310,128,24.0,1.3634051133928073,1.8396018424355423,0.7411414154639713,3.4619744219744675,2.4884289104730986,4.185356132672309,0.2539173569253529,-1.7725212915953121,-2.014392678620289,0.004782655629114369,0.6472460682723474,32.00067162597675,24.038521624132176,38.80283421497622,3.8851848597317638,2781.125,204,1.3634051133928073,False,False,False,True,B0018_p1,0,2706.344,7367.874999999999,10090.813,0.7301567277086592,1.4044806687812141,1.050540026612796,1320.7850203859612,34.158880896905515,0.0,2.78073407727261,4.035,24.0,0.0,8.00067162597675,14.802834214976222,0.978595254792164,1.0368677698849849,0.99917516515123,1.0700731781847996,1.0292522834755466,1.0497121618703429,1.1822507941090148,0.8137557455566573,0.5698324022346368,0.5881643373817946,0.677384413175249,1.193333109830803,0.518851125514555,1.0074906367041199,0.0,0.7529072152596971,1.1744498936712684,0.9338198120980168,0.6970060108483205
B0018,313,129,24.0,1.3518646035305233,1.8396018424355423,0.73486804173925,3.452221905520614,2.3992178234155577,4.181406543107895,0.2592424399841937,-1.769870119236631,-2.012835608795986,0.004238943215349039,0.6498776113343834,31.73992229230571,23.56288829160871,38.72699121838442,3.998454935719956,2760.906,202,1.3630711456512254,False,False,False,True,B0018_p1,0,2678.531,6542.719000000001,9930.265,0.6588665055766388,1.389932354497451,1.0403111720550102,1309.5178870834504,33.94236999274477,0.0,2.727964461091517,4.035,24.0,1.0,7.73992229230571,14.72699121838442,0.975838513938319,0.9996956809026312,0.9982322748259607,1.092514450502182,0.9957079937406358,1.0443339137079364,1.216718558738128,0.8078396765488242,0.5642458100558659,0.5831469228209246,0.670788884716975,1.0768197925539709,0.5090049575647648,1.0074906367041199,0.0,0.745108225186294,1.0429188380463825,0.9189624459776939,0.6898429051308935
B0018,316,130,24.0,1.3547969729652622,1.8396018424355423,0.7364620657106854,3.447650049442191,2.2786338886500292,4.185252405343103,0.2701822921841344,-1.7884847819526568,-2.011864019911752,0.003419727085108473,0.6271065213681674,31.52613649688221,23.401477050368772,38.67191958148309,4.01073484507329,2753.25,201,1.3627371779096438,False,False,False,True,B0018_p1,0,2633.235,7790.266000000001,10440.172,0.7461817678865829,1.3894152856144089,1.0155799033649098,1218.845984235023,28.313325054253593,3.2108046675609856,3.1286126608193467,4.035,24.0,0.0,7.526136496882209,14.671919581483088,0.9745461887739448,0.9494512897536312,0.9991504021996425,1.1386178069415136,0.9682053629115133,1.0404286232622089,1.2204553005171455,0.805599534883857,0.5614525139664804,0.5427694360726212,0.6548422520287017,1.219523666330497,0.5837610340494511,1.0074906367041199,1.0784276325704638,0.7448310373961863,1.2417796278263273,0.9661500471082931,0.6781771360093829
B0018,318,131,24.0,1.341051440640485,1.8396018424355423,0.7289900508389353,3.447928507599004,2.3655846763383734,4.185763363191996,0.2633941942740437,-1.77774044867741,-2.0128686821286053,0.003082458417792545,0.6406746344246685,31.27624493654335,23.123582937943876,38.371813640118894,4.0288319974474485,2742.843,200,1.358767075437453,False,False,False,True,B0018_p1,0,2653.922,7236.969000000001,9985.172,0.7247715913156029,1.3931003529899344,1.0311849076812412,1282.4402502750477,34.01308891174985,0.0,2.6701814915286795,4.045,24.0,0.0,7.27624493654335,14.371813640118894,0.9746249004562685,0.9856815669943083,0.999272383788991,1.110011013012827,0.9360578794096343,1.0191472353925244,1.2259622129390522,0.8025544520328495,0.5586592178770949,0.5710888663882243,0.664904302425294,1.184531901384836,0.4982233589076731,1.0099875156054932,0.0,0.7468065105211805,1.1535832886079458,0.9240436266935458,0.6835049743575083
B0029,1,0,43.0,1.697507332205763,1.815750429913437,0.9348792126056051,3.3651860477851834,1.9999364731586213,4.122758586822445,0.26433790398086704,-3.9753962170197243,-4.025628898561539,-0.00032066021316996915,0.43500167530757294,51.631545591665024,43.40626577176862,58.72626885895911,3.854502735874846,1572.359,169,1.8154575959397472,False,False,False,True,B0029_p1,0,4221.531999999999,4299.468,9888.75,0.43478376943496394,1.9179451916522883,1.6952268482905695,2622.545216803848,57.8003658552795,0.0,5.820469522376306,3.9050000000000002,43.0,0.0,8.631545591665024,15.72626885895911,0.9913764738614512,1.060565882360239,0.9813242769351737,0.914357240038248,0.8740496254268506,0.9336229277631173,1.0322116294691217,0.9261766590798779,0.9441340782122905,1.0,1.0192237325456173,1.0,1.0,1.0,0.0,1.0176202067558204,1.013457791920799,1.0127002934539442,1.0199785254046794
B0029,3,1,43.0,1.844701206961174,1.815750429913437,1.0159442490392896,3.3905928994464873,1.8520590925934357,4.2013457680138195,0.2962663671773508,-3.9342485526057955,-4.025958335657771,0.0012561628407100863,0.5870268296219977,52.84944288631656,44.6512950787826,59.76796387174703,3.7028585421487317,1723.281,184,1.8151647619660576,False,False,False,True,B0029_p1,0,4194.781,4119.812,9764.735,0.421907199734555,1.9010776616131269,1.6823077625052303,2625.39921595626,58.12046246781466,0.0,5.9189328493525135,3.9050000000000002,43.0,0.0,9.84944288631656,16.76796387174703,0.9988612769761206,0.9821465391935333,1.0000300796483124,1.0247992956320335,0.9973766313371799,0.9954653365631705,0.9916022665936699,1.015075208165458,1.0279329608938548,1.0010882554604303,1.0114563715882985,0.9703839687549903,1.016916732678983,1.0,0.0,1.0086706603972384,0.9711098146674917,1.0,1.0135151264459366
B0029,5,2,43.0,1.8254376674722927,1.815750429913437,1.0053351151123326,3.3944582472061784,1.8857258246963948,4.20075138362936,0.289096966049954,-3.9332952670181975,-4.026389228000425,0.0023685910867064855,0.591565618707197,52.905865867265994,44.703793008883345,59.844347317645614,3.718911362319005,1705.906,181,1.8147482787425315,False,False,False,True,B0029_p1,0,4138.843999999995,4204.343999999997,9742.437999999995,0.43154947457710274,1.8847357579176907,1.6632529190196192,2587.7752575243453,58.15283763914885,0.0,5.719457435456082,3.9050000000000002,43.0,0.0,9.905865867265994,16.844347317645614,1.0,1.0,0.9998886006327411,1.0,1.003090148672006,1.0,0.9959011110363816,1.0048407010004192,1.011173184357542,0.9867419028443378,1.0,0.9925611416864424,0.9826453713859524,1.0,0.0,1.0,0.9910354459471399,0.997716579098152,1.0
B0029,7,3,43.0,1.815750429913437,1.815750429913437,1.0,3.394696317253661,1.8534777499421093,4.20121939681188,0.29281766825136385,-3.932113456162452,-4.026146941716451,0.0011560987226028083,0.5947770086252228,52.90438507577814,44.70284265888931,59.9199472840752,3.7342175052389797,1697.688,179,1.8143317955190057,False,False,False,True,B0029_p1,0,4113.75,4242.375,9674.14,0.4385273523021168,1.8750330124505545,1.6532289969481966,2581.0768763533088,58.19736907925236,0.0,5.62066294562785,3.9050000000000002,43.0,0.0,9.904385075778137,16.9199472840752,1.000070134917016,0.9828988528809709,1.0,1.0128700838761724,1.0029402004116914,1.0044881505352474,1.0,1.0,1.0,0.9841877500586711,0.9939733025826697,1.00861021760775,0.9656717424633329,1.0,0.0,0.9948519332610021,1.0,0.9907222264608306,0.993936954376634
B0029,9,4,43.0,1.8132993337127028,1.815750429913437,0.9986500919067104,3.398579443319999,1.913443763136564,4.20151734595852,0.2850155825601988,-3.931581069158435,-4.025666629939814,0.004024554850396811,0.5980898509488167,52.87534956891003,44.69471969782321,59.89475354681757,3.736010369572422,1686.094,177,1.8138155646158542,False,False,False,True,B0029_p1,0,4080.031,4281.75,9801.422,0.4368498774973672,1.8620647178570167,1.6391918730226192,2705.1385753053146,46.41092449317691,1.59877532180046,6.185597143837122,3.9050000000000002,43.0,1.0,9.875349568910032,16.89475354681757,1.0012140953912787,1.0146988168042042,1.0000709196827156,0.9858823025868423,1.0,1.002992471493339,1.0004801178107399,0.9931707121685492,0.9888268156424581,1.0314935879740998,0.9855337419090883,1.0047520358570154,1.062731643908986,1.0,1.59877532180046,0.98797123683496,1.009281357730045,1.003757091206264,0.9857899935344278
B0029,13,5,43.0,1.8151647619660576,1.815750429913437,0.9996774512963176,3.3970260675114696,1.9392366668780092,4.190431936024234,0.28137637559623646,-3.976472905870513,-4.025842153897144,0.0016011471718590672,0.4278142962979307,52.762650424805656,44.65632079442231,59.588132364640614,3.6777225422058275,1678.563,175,1.8132993337127028,False,False,False,True,B0029_p1,0,4162.312,4188.453,9517.672,0.4400711644612254,1.8877726686960152,1.6711430180490205,2607.467540252928,58.65885128713221,0.0,5.818975806794021,3.9050000000000002,43.0,0.0,9.762650424805656,16.588132364640614,1.0007564742643114,1.0283767881209507,0.9974323024415644,0.9732941145692152,0.9885878324288205,0.9847892620489607,0.9848710036429609,0.9887346791636625,0.9776536312849162,0.994250746772902,1.004743775849828,1.0121609760942385,0.9997433685415682,1.0,0.0,1.0016113191281943,0.9872896667550607,0.9746984429172937,1.0056701823021128
B0029,15,6,43.0,1.8143317955190057,1.815750429913437,0.999218706287461,3.4017447799349796,1.926680416628282,4.20151685379873,0.28398648427208,-3.953172457226365,-4.0254086973557195,0.0009277908051389524,0.5237804800919047,52.78843384352056,44.68760486959879,59.81336613073259,3.68530875073423,1677.469,174,1.8132993337127028,False,False,False,True,B0029_p1,0,4085.156,4173.875,9500.375,0.43933792087154455,1.86173280268046,1.6423434682868283,2566.3776654418702,58.285001183142896,0.0,5.671947488191091,3.9050000000000002,43.0,0.0,9.788433843520558,16.81336613073259,1.0021465966578904,1.0217182113091552,1.0000708025358247,0.982322603216144,0.9911987191154118,0.9981607368733979,0.9869025426515374,0.9880902733600049,0.9720670391061452,0.978582809172522,0.9874285801674013,1.010474520340304,0.9744828087125559,1.0,0.0,0.987795129826239,0.983853384012493,0.9729270686813313,0.9870282619977958
B0029,17,7,43.0,1.801343601809866,1.815750429913437,0.9920656342048848,3.400790257856999,1.89070792341858,4.201511694320507,0.28753191668733674,-3.952037378872224,-4.0262930686050655,0.003093422629167856,0.5268037133833411,52.7841972696045,44.675584452215,59.75433532594285,3.7046609613317285,1666.093,172,1.801343601809866,False,False,False,True,B0029_p1,0,4064.171,4222.891,9474.375,0.44571710534995707,1.8502433514215249,1.6317229426318602,2547.5000549838805,58.33254167694864,0.0,5.5969910723838305,3.9050000000000002,43.0,0.0,9.784197269604498,16.754335325942847,1.0018653965344932,1.0026420058827943,1.0000695744451833,0.9945864206601641,0.9907697141585242,0.9946562493633414,0.9920849431331238,0.9813893954601788,0.9608938547486033,0.971384607083562,0.9810431858996262,1.0251466054705811,0.9616047383920951,1.0,0.0,0.9816990756655065,0.9954072895488965,0.9702644260187295,0.9819580056653513
B0029,19,8,43.0,1.7881558802945825,1.815750429913437,0.9848026748807268,3.4030834056443755,1.93249158993614,4.201805179645606,0.2824106792462271,-3.951642628329456,-4.0260391640732776,6.222737166087955e-05,0.5296665410090562,52.751738383515125,44.65379509474975,59.7737242563152,3.7078943465979455,1654.328,170,1.7881558802945825,False,False,False,True,B0029_p1,0,4034.672,4205.938,9446.969,0.4452156030151047,1.8366479060265204,1.619139891058112,2525.467250227279,58.35429989994426,0.0,5.57186287636581,3.9050000000000002,43.0,0.0,9.751738383515125,16.773724256315198,1.0025409528737896,1.0247998752667422,1.0001394316217265,0.976871819531404,0.9874828547048031,0.9958073138722072,0.99295082340434,0.9744593824071325,0.9497206703910615,0.9629833011249735,0.9734778592858211,1.0239931531797928,0.9572875272252953,1.0,0.0,0.9744856265982351,0.9914111788797548,0.967457795833681,0.9748306531968842
B0029,21,9,43.0,1.7760714604539518,1.815750429913437,0.9781473440370454,3.4052467951556413,1.9713665258317914,4.201438773335668,0.2778721469749268,-3.9514812160488924,-4.026327827070244,0.0023072676102569986,0.5329719703809649,52.7506031720156,44.691080314771256,59.800107348599425,3.6961797272104464,1643.812,168,1.7852807447597443,False,False,False,True,B0029_p1,0,3984.656,4057.6569999999997,9648.516,0.42054726343408666,1.8237698433646734,1.6021372378607537,2674.031951420833,46.444257046819565,1.6398458393621524,6.085908540894904,3.9050000000000002,43.0,1.0,9.750603172015602,16.800107348599425,1.0031782827078055,1.045415245426352,1.0000522173452675,0.9611728229860163,0.9873679006475719,0.9973736014692689,0.9898137218908198,0.9682650757972017,0.9385474860335196,1.019632353443169,0.9632553290843527,0.9672561236143227,1.045604399696303,1.0,1.6398458393621524,0.9676528052821717,0.956458823182769,0.9880980897075035,0.962746119447847
B0029,25,10,43.0,1.7852807447597443,1.815750429913437,0.9832192328572681,3.3969592538295337,1.8523796286853516,4.19368630303113,0.2935488199453025,-3.974136073511708,-4.026273510345562,0.0016645890423313801,0.436931965790559,52.76187024768883,44.6911020162878,59.92418745751934,3.7111252380534343,1652.266,168,1.7797845109331345,False,False,False,True,B0029_p1,0,4068.563,3932.734,9315.61,0.4221660202606163,1.8507623359309007,1.6345643946558073,2569.268033351094,58.969705052268445,0.0,5.588934417532551,3.9050000000000002,43.0,0.0,9.761870247688833,16.924187457519338,1.0007367910992613,0.9823165194142621,0.9982069268302278,1.0153991719670252,0.9885088299478068,1.0047398773231235,0.9938160358487025,0.9732447893841507,0.9385474860335196,0.9796849323659388,0.9827515562812167,0.9709792543756971,0.9602205451031678,1.0,0.0,0.9819744376132998,0.9270123456790124,0.9540054082368851,0.9830191715367879
B0029,27,11,43.0,1.7698116401111978,1.815750429913437,0.974699832617179,3.3978270130572263,1.8385968486453488,4.20025041732416,0.2964747626779718,-3.94933484428352,-4.027610977919839,0.0020667822164484742,0.5348915903483973,52.810328108304326,44.697471358923025,60.120904895462246,3.7366002665394764,1648.672,167,1.7760714604539518,False,False,False,True,B0029_p1,0,4031.062,3919.6249999999995,9290.016,0.4219180031552152,1.8295981571579154,1.6158651366359997,2529.2763867489743,58.641891996213616,0.0,5.442403409054396,3.9050000000000002,43.0,0.0,9.810328108304326,17.120904895462246,1.000992431076099,0.9750075141180008,0.9997693575611748,1.0255201454682266,0.993415781370372,1.0164184205301277,1.0006380885144355,0.9711277926214946,0.9329608938547486,0.9644357590262859,0.9715089738657717,0.9704088165561727,0.9350454268562929,1.0,0.0,0.9707451824330574,0.9239223312413447,0.9513843437635532,0.9739584289719557
B0029,29,12,43.0,1.7565231680521758,1.815750429913437,0.9673813862932227,3.3976547229925322,1.8332269197665616,4.200366031445772,0.2960297920349158,-3.948773942479504,-4.026372824644528,0.00017828899779495544,0.5379894925734277,52.803620504971605,44.71815315905492,60.159083367849426,3.744598668519875,1636.969,165,1.7698116401111978,False,False,False,True,B0029_p1,0,3976.454,3945.25,9274.812,0.42537250350734873,1.8166340622493955,1.5977903291492082,2508.587484576781,58.6500137670505,0.0,5.361279264460776,3.9050000000000002,43.0,0.0,9.803620504971605,17.159083367849426,1.0009416747986177,0.9721598419864215,0.9997968767432722,1.0239809710896928,0.9927365544441842,1.018684965601137,1.002780010341211,0.9642342998242315,0.9217877094972067,0.9565468951700481,0.9606418307631788,0.9783541461544301,0.9211076948087759,1.0,0.0,0.9638667142689881,0.9299625799228026,0.9498273122619303,0.9607644066797408
B0029,31,13,43.0,1.7543413277348154,1.815750429913437,0.9661797672373129,3.400358560849027,1.8809955356138472,4.199929373943819,0.2883466863185636,-3.9481894541359304,-4.026624128013423,0.001282121289534383,0.5411018176094535,52.774286568476356,44.676030389528265,60.033062355018394,3.7537552438029103,1625.187,163,1.7657088508465202,False,False,False,True,B0029_p1,0,3962.109,3906.891000000006,9327.077999999994,0.4188762010996379,1.8040959303168946,1.58863489862333,2485.144279872317,58.56280851139692,0.0,5.482094501815105,3.9050000000000002,43.0,0.0,9.774286568476356,17.033062355018394,1.001738219537007,0.9974915287150458,0.9996929408473549,0.9974047471281288,0.9897661343805139,1.011203463916651,1.0052320837060293,0.957294273152664,0.9106145251396648,0.9476077910683331,0.9551372977957726,0.9634126905059055,0.9418646521109085,1.0,0.0,0.9572142528404676,0.9209207106868219,0.9551798384697581,0.9572984630491038
B0029,33,14,43.0,1.7392875506998715,1.815750429913437,0.9578891030651108,3.3951054015762527,1.800038174333754,4.199792574461424,0.3020093427658083,-3.946655613412357,-4.027030400371651,0.0007913011353634216,0.5431745492725769,52.80429201579515,44.72237198935258,60.155675284547456,3.7443108927437905,1622.016,162,1.7565231680521758,False,False,False,True,B0029_p1,0,3961.218,3908.6400000000003,9473.437,0.41258943295870343,1.8007329569647674,1.5856574883178092,2659.676460501303,46.45442353225516,1.6511400849636004,5.881007659482221,3.915,43.0,1.0,9.804292015795149,17.155675284547456,1.000190650266683,0.9545598574085197,0.9996603789957889,1.0446645182489502,0.9928045531331277,1.0184826375893892,1.0027029457953776,0.9554264387802706,0.9050279329608939,1.014158476071085,0.9533471850164871,0.9489531623843644,1.010400902688895,1.0025608194622277,1.6511400849636004,0.9554299319678999,0.9213329797578008,0.9701683660642095,0.9570831855464969
B0029,37,15,43.0,1.7797845109331345,1.815750429913437,0.98019225638734,3.3952154633066987,1.9415928705254093,4.186389353535962,0.2821356531960963,-3.97371791832226,-4.026417322328161,-0.001846352852179499,0.44271416531013563,52.721179096315566,44.643414385114724,59.708263302408355,3.6935586026157736,1638.422,163,1.7543413277348154,False,False,False,True,B0029_p1,0,4056.375,4040.656,9249.172,0.43686678115619426,1.8493686725244531,1.6318111358902934,2563.6650454024316,58.81050116624897,0.0,5.629320802618352,3.915,43.0,0.0,9.721179096315566,16.708263302408355,1.0002230742125473,1.0296262824093259,0.9964700621711945,0.975920491491236,0.9843883528862785,0.9919210870762145,0.9891118011829351,0.9650901696896014,0.9106145251396648,0.9775484628352091,0.9810962104621714,1.0047909141685243,0.9671592267560033,1.0025608194622277,0.0,0.9812349899742381,0.9524513980965851,0.9472015369592723,0.9800743879208796
B0029,39,16,43.0,1.7657088508465202,1.815750429913437,0.972440276900112,3.400939370892573,1.9724619388377238,4.200779737725044,0.2795462551977248,-3.924297634283963,-4.026696437352965,1.6646507974658135e-05,0.6223655114433599,52.76566676387698,44.659869952836516,59.826072535975634,3.7273567310415188,1646.438,163,1.7523941408724169,False,False,False,True,B0029_p1,0,3977.063,4162.454,9276.188,0.4487246269696129,1.8159609368211636,1.597885754833562,2501.3684874943947,57.925836616709574,0.0,5.426403045061495,3.915,43.0,0.0,9.765666763876979,16.826072535975634,1.0019093249097197,1.0459961427082294,0.9998953496484451,0.9669636420515776,0.9888932736742443,0.9989150792651469,0.9981627277501015,0.9698118853405338,0.9106145251396648,0.9537942268705156,0.960699203687803,1.0320638867287208,0.9322964451922897,1.0025608194622277,0.0,0.9635095684858701,0.981161259907481,0.9499682275043818,0.9609115492151927
B0029,41,17,43.0,1.7523941408724169,1.815750429913437,0.9651073803991661,3.3990966930758852,1.9166086737918735,4.20106410059631,0.28531021433245957,-3.922569043688066,-4.026796677718367,0.0006598008082064501,0.6260571805902035,52.80160858510679,44.68666896928979,59.97193555147316,3.753691185475415,1634.765,161,1.7392875506998715,False,False,False,True,B0029_p1,0,3961.704,4076.2970000000005,9297.734,0.4384183285949028,1.8020699419417299,1.5875263563398347,2483.4733552863604,58.08369767313218,0.0,5.411599131006938,3.915,43.0,0.0,9.801608585106791,16.97193555147316,1.0013664760418026,1.016377168245257,0.9999630354425936,0.986901447741793,0.9925328229356665,1.0075745430453034,1.0052149292881614,0.9629360636347786,0.8994413407821229,0.946970652545325,0.9544708072874326,1.0083594637505955,0.9297530225358108,1.0025608194622277,0.0,0.9561393072590227,0.9608525884675448,0.9521747389970132,0.957200609638828
B0029,43,18,43.0,1.7380191225603105,1.815750429913437,0.9571905334166259,3.4005060708668395,1.9416286020335691,4.20039236023258,0.2816848749736101,-3.9219324486852223,-4.026614754186135,0.001591428387879406,0.6300534686614302,52.76338281760698,44.675835276593766,59.90509096707212,3.74940916207469,1622.016,159,1.7380191225603105,False,False,False,True,B0029_p1,0,3922.734,4047.1559999999995,9333.438,0.43361899441556256,1.789504756089077,1.5728884574205575,2460.9653263711702,58.01012533674032,0.0,5.197283294850768,3.9050000000000002,43.0,0.0,9.763382817606981,16.90509096707212,1.0017816756666955,1.029645230820432,0.9998031436825393,0.9743612284223587,0.988661996163098,1.0036061741236404,1.0040682303091335,0.9554264387802706,0.888268156424581,0.9383881393550962,0.945670041780341,0.9973210246074385,0.892931966204831,1.0,0.0,0.9494724916060236,0.9539835587377352,0.9558311618287644,0.9477849370500567
B0029,45,19,43.0,1.7312214443143976,1.815750429913437,0.953446804028531,3.397536794846482,1.8754484122099284,4.200576454073823,0.2892858079751447,-3.920549166756126,-4.027889167613304,0.0009650393837989778,0.6320446244382171,52.793663259837146,44.68982543817814,60.003884509148,3.7671085605977517,1616.25,158,1.7379128985265808,False,False,False,True,B0029_p1,0,3909.921,4215.125,9377.641000000003,0.44948670993056766,1.7837246469380164,1.5657254745359923,2626.668333729626,46.45888743998992,1.6615056281758456,5.789957899396876,3.915,43.0,1.0,9.793663259837146,17.003884509148,1.0009069334238645,0.9945498903648302,0.999846962827377,1.0006532130992964,0.991728261515921,1.0094712599125322,1.0088080180955252,0.9520300549924368,0.88268156424581,1.0015721814439498,0.9413634310402335,1.0338166728595028,0.9947578759991561,1.0025608194622277,1.6615056281758456,0.9464056907949397,0.9935767111582545,0.9603579615831871,0.9446891450849573
B0029,49,20,43.0,1.7379128985265808,1.815750429913437,0.9571320319662174,3.391570729569499,1.8380927294124034,4.1947095538907675,0.2985215730427468,-3.9453058787745463,-4.028085314718813,0.0003372827104996951,0.5495931510744325,52.75741582344694,44.630428830517836,60.25771781052726,3.776946184589268,1622.218,158,1.7312214443143976,False,False,False,True,B0029_p1,0,3950.375,4126.641,9200.078,0.44854413190844683,1.8037673490305148,1.585676701402322,2501.5649127121014,58.830745262688076,0.0,5.272631208751412,3.915,43.0,0.0,9.75741582344694,17.25771781052726,0.9991493435987742,0.9747401797969966,0.9984504872737537,1.0326001587687512,0.9880577649793406,1.0245406061206428,1.011442472028033,0.9555454241297576,0.88268156424581,0.9538691255668081,0.9533587365275611,1.0316487491963318,0.9058772988126172,1.0025608194622277,0.0,0.9570399147217157,0.9727195262087862,0.9421738531562811,0.9544633718980482
B0029,51,21,43.0,1.7224270683625882,1.815750429913437,0.9486034203746283,3.4006008999743154,1.999771637867575,4.200658594506185,0.2758915999512075,-3.895864092268878,-4.029581554780258,0.0006424778434889145,0.7064837946744661,52.866554147425745,44.71415991617437,59.90492726798961,3.7937387230644006,1619.656,157,1.7224270683625882,False,False,False,True,B0029_p1,0,3874.562,4130.7660000000005,9216.281,0.44820313095922315,1.7741182042948893,1.5545021311439935,2438.024912177403,57.66544153043245,0.0,5.256940335996775,3.915,43.0,0.0,9.866554147425745,16.904927267989613,1.0018096121150386,1.0604784702407848,0.99986651439672,0.9543220176981563,0.9991093559349051,1.0035964557843413,1.015939408387946,0.954036312914976,0.8770949720670391,0.9296407537821889,0.9346156037773694,1.0308644491069636,0.9031814900476516,1.0025608194622277,0.0,0.9413087202499862,0.9736918589233626,0.943833191581748,0.9361459383344733
B0029,53,22,43.0,1.7184213765608034,1.815750429913437,0.9463973397724743,3.3937647508109445,1.8317514112942035,4.200792247486221,0.29732064389455815,-3.9179079273158917,-4.027766402722573,0.0007644836711493694,0.6382662283238036,52.88238533970063,44.735306086378706,60.33243416075105,3.804556856010171,1605.484,155,1.7184213765608034,False,False,False,True,B0029_p1,0,3843.25,4124.344,9244.75,0.4461282349441575,1.7691587532201378,1.5452325338022925,2433.1418903269205,58.455974332714604,0.0,5.186410532175578,3.915,43.0,0.0,9.882385339700633,17.33243416075105,0.9997956974737265,0.9713773801602991,0.999898327298502,1.0284460883729343,1.0007124578974653,1.028976298926948,1.01883643646159,0.9456884892866062,0.8659217877094972,0.9277788137785639,0.929042430127288,1.0260922010127853,0.8910639446245459,1.0025608194622277,0.0,0.938677342851899,0.972178084209906,0.9467486828879637,0.9285805408466724
B0029,55,23,43.0,1.7010220930648232,1.815750429913437,0.9368149196285288,3.3990916405291434,1.9739559216587699,4.200103293228043,0.2778808244031721,-3.89292863950299,-4.026628807325158,0.004550486490843414,0.7131522270714034,52.89174684629843,44.73801386071172,59.986696705381924,3.8106395824019472,1600.75,154,1.713072721286705,False,False,False,True,B0029_p1,0,3819.656,4163.234,9233.563,0.450880553909688,1.7541326793089194,1.532579120652053,2404.57829360271,57.75478580807194,0.0,5.069734128562877,3.915,43.0,0.0,9.891746846298432,16.986696705381924,1.0013649875725468,1.0467884014774949,0.999734338181747,0.9612028386183622,1.0016604250081458,1.0084508699002654,1.020465352394645,0.9428999910466469,0.8603351955307262,0.9168872582998668,0.9214347999193111,1.037022505452867,0.8710180697747338,1.0025608194622277,0.0,0.9307048332583951,0.9813451191844192,0.9456030296777127,0.922879915261364
B0029,57,24,43.0,1.693698739563104,1.815750429913437,0.9327816817005233,3.396460061958035,1.9069490533352143,4.200392899920808,0.2844631318871838,-3.891007378210508,-4.0280756332387835,0.0007852751427292697,0.7152075892074797,52.86276331800625,44.72080656471346,59.99528714045464,3.8061502019707527,1595.0,153,1.7010220930648232,False,False,False,True,B0029_p1,0,3796.4679999999967,4293.921999999991,9306.797000000006,0.4613748424941458,1.7487009704820264,1.5229783491818374,2564.1964579197793,46.456733072758695,1.635857412984727,5.766525537569507,3.915,43.0,1.0,9.862763318006252,16.995287140454643,1.000589730262113,1.0112546735908634,0.9998032721424405,0.9839713497305624,0.9987254880633892,1.0089608590919346,1.019263124504894,0.9395130318409507,0.8547486033519553,0.977751095191724,0.9156625139606159,1.0611593047590968,0.9907320217725708,1.0025608194622277,1.635857412984727,0.927822886118551,1.0121505053183633,0.9531028747835968,0.9172773846996894
B0029,61,25,43.0,1.713072721286705,1.815750429913437,0.9434516401950531,3.3953349055125526,1.9996278665665834,4.193452277045169,0.2767607521976619,-3.8931180785218142,-4.028992071533853,0.0017380580129921106,0.7131331771501478,52.85514927949408,44.684139567457066,59.98821696841703,3.820722859855507,1612.422,154,1.6976972688567131,False,False,False,True,B0029_p1,0,3863.985,4169.656000000001,9228.125,0.4518421672875043,1.7727239888819752,1.5516839250942525,2437.1907777680763,57.86934107187963,0.0,5.183806110952138,3.915,43.0,0.0,9.855149279494078,16.988216968417028,1.000258261626018,1.0604022283507344,0.9981512225301526,0.9573284561894694,0.9979544734821795,1.008541123503236,1.0231655907817805,0.9497752237160184,0.8603351955307262,0.9293226908546245,0.9329212096070575,1.0392342103172552,0.8906164856672526,1.0025608194622277,0.0,0.9405689797282409,0.9828588938978758,0.9450461277238962,0.9335903938394404
B0029,63,26,43.0,1.6976972688567131,1.815750429913437,0.934983817648138,3.397203474478597,1.9297361391600052,4.200426069460966,0.28350746402494464,-3.8906661202538677,-4.027443008545737,0.0008433944608980141,0.7175635954744704,52.84555100149494,44.69955125789035,60.01985635641876,3.8094668977099504,1598.969,152,1.693698739563104,False,False,False,True,B0029_p1,0,3796.813,4167.219000000001,9122.188,0.4568223106123225,1.7493259440256348,1.5254375264083684,2401.280827696252,57.85002723076666,0.0,5.08966481840695,3.915,43.0,0.0,9.84555100149494,17.019856356418757,1.0008087379700952,1.0233386603117112,0.9998111673597632,0.9806656496559583,0.996982530369466,1.0104194621176734,1.0201513147976513,0.9418509172474565,0.8491620111731844,0.9156299049908259,0.9171410487032338,1.05068850938479,0.8744423106830406,1.0025608194622277,0.0,0.9281544835538853,0.9822844515159553,0.9341971901951256,0.9173607413084439
B0029,65,27,43.0,1.6899314034061208,1.815750429913437,0.9307068722471323,3.389787970407681,1.811689567857529,4.200350636061038,0.3004575140364543,-3.8880091290817527,-4.02657515612885,0.0011155218413833165,0.7203636449776143,52.82153486606997,44.67589276572789,60.26410091872941,3.8457103665955117,1592.187,151,1.6899314034061208,False,False,False,True,B0029_p1,0,3798.781,4096.39,9176.562999999995,0.4463969789124755,1.742185444176118,1.5216794907379754,2402.7883590747874,58.07317665286578,0.0,5.091382333495839,3.915,43.0,0.0,9.821534866069968,17.26410091872941,0.9986241466359643,0.9607385888928017,0.9997932122394032,1.0392966697012562,0.994550602744283,1.0249195527240214,1.0298570881851716,0.9378560724938857,0.8435754189944135,0.9162047402191666,0.9148815993871261,1.0267103104897495,0.8747373925629964,1.0025608194622277,0.0,0.9243658888824466,0.965588850584873,0.9397656976866238,0.9178362363983772
B0029,67,28,43.0,1.685023551367069,1.815750429913437,0.9280039390916734,3.3967598380460484,1.9610731754377526,4.200274898374017,0.2794392084658424,-3.8880141667450476,-4.026308111025025,0.0021054304856953756,0.7245471205362526,52.81580315824478,44.658205256139574,59.92046248220958,3.8193119167449336,1577.484,149,1.685023551367069,False,False,False,True,B0029_p1,0,3765.297,4203.422,9170.625,0.4583572002998705,1.7274150580888692,1.5070269269072725,2361.0797595688223,57.777734220470414,0.0,4.996747694592458,3.915,43.0,0.0,9.815803158244783,16.92046248220958,1.0006780436441558,1.039956683922218,0.9997751846907639,0.966593362372254,0.9939701971814026,1.0045187363528316,1.0227877490763646,0.9291954705458245,0.8324022346368715,0.9003008773462907,0.9060720168737585,1.0542187462414756,0.8584784570012577,1.0025608194622277,0.0,0.9165290417142433,0.9908181148531188,0.9391575910662193,0.9097460546954669
B0029,69,29,43.0,1.678389965463405,1.815750429913437,0.9243505813425138,3.3957223246260377,1.9482718394124843,4.200350219079989,0.28104092342404263,-3.886820317431477,-4.027821145847748,0.0006492320626428532,0.726625869986305,52.80521928839473,44.66940974573534,59.887692512983016,3.8240506758131256,1571.547,148,1.678389965463405,False,False,False,True,B0029_p1,0,3762.109,4171.687,9317.781,0.4477124972136606,1.7218426532338607,1.501995531782806,2510.7160274761927,46.44203919843208,1.6940629171869261,5.747917707152784,3.915,43.0,1.0,9.805219288394731,16.887692512983016,1.0003723944523106,1.0331681381762694,0.9997931129870173,0.9721337697313664,0.9928984508319495,1.0025732784132273,1.024056758999205,0.9256983615363953,0.8268156424581006,0.957358527658126,0.9030469837793136,1.0297359945048052,0.9875350579631759,1.0025608194622277,1.6940629171869261,0.9135724443071007,0.9833376351689797,0.9542277388992123,0.9089757913079123
B0029,73,30,43.0,1.6737947494868326,1.815750429913437,0.9218198282715693,3.3892258428534876,1.8674943991912756,4.195839706712194,0.29179141650815266,-3.88571106427998,-4.027453382422719,0.0017194451734670855,0.7269385185966211,52.80312343851032,44.60923646358358,60.158935395611046,3.865744864816357,1578.484,148,1.6737947494868326,False,False,False,True,B0029_p1,0,3769.328,4113.156,9136.687,0.450180245859358,1.729979558903676,1.5090519954419097,2374.725642454026,57.96901700065599,0.0,4.943617651421356,3.915,43.0,0.0,9.803123438510319,17.158935395611046,0.9984585450838886,0.9903318789686435,0.9987194931776787,1.0093202308381648,0.9926862203817981,1.0186761809189175,1.035222201008069,0.9297845069294239,0.8268156424581006,0.9055041748138685,0.9072895518087525,1.0354118012372058,0.8493503200070086,1.0025608194622277,0.0,0.917889710340619,0.9695408821709538,0.9356820231168587,0.9107199981444106
B0029,75,31,43.0,1.6687898927884715,1.815750429913437,0.9190634711115163,3.3940321153796114,1.926783206032701,4.20011947590298,0.2826912184141584,-3.85843433412322,-4.027257877744434,0.0012161364231368394,0.7958767430123744,52.85759471288148,44.657908969411466,60.047482357880945,3.8852447552837557,1574.469,147,1.6687898927884715,False,False,False,True,B0029_p1,0,3715.985,4221.063,9163.844,0.46062143790313326,1.711105596250338,1.4878375296418482,2335.6813467504194,57.53334462180174,0.0,4.832251248095862,3.915,43.0,0.0,9.857594712881479,17.047482357880945,0.9998744624928241,1.0217727205082512,0.9997381900812572,0.9778422177052916,0.9982021035402686,1.0120595376243835,1.040444149231503,0.9274195258492727,0.8212290502793296,0.8906162348639939,0.8945347473184252,1.059426478825894,0.8302167427419177,1.0025608194622277,0.0,0.9078755942641084,0.9949763988332008,0.9384631533779461,0.8978316167509587
B0029,77,32,43.0,1.6492566306631427,1.815750429913437,0.9083057910892348,3.3906922693966584,1.869562035017659,4.20020354565233,0.28942209531853313,-3.8565643666104146,-4.028220020010547,0.0009569528423221208,0.7986683491989731,52.85638451770691,44.650393271280834,60.167863371476415,3.898861805143907,1568.281,146,1.654547743574037,False,False,False,True,B0029_p1,0,3708.172,4137.938,9143.156,0.45257217529701993,1.703996384493232,1.482483008853744,2324.428325271819,57.57611501789387,0.0,4.797187986299725,3.915,43.0,0.0,9.856384517706907,17.167863371476415,0.998890551146823,0.9914283458034848,0.9997582008784589,1.0011246374288236,0.9980795564682762,1.019206208927543,1.0440907096798557,0.9237745687075598,0.8156424581005587,0.8863253569006715,0.8913154409057478,1.040913224256677,0.824192613303332,1.0025608194622277,0.0,0.9041036003773045,0.9753824214031056,0.9363445090931808,0.895943891579389
B0029,79,33,43.0,1.6409676757039668,1.815750429913437,0.9037407612136418,3.3912179554575785,1.8881277069953313,4.200021865512612,0.28675706733997264,-3.85547414018331,-4.026463660977024,0.001949166205152269,0.8013096318057173,52.882092513244274,44.66166028239045,60.09738415148209,3.9087296934813693,1561.422,145,1.6492566306631427,False,False,False,True,B0029_p1,0,3696.078,4260.266,9074.094,0.46949767106225704,1.6971736613399413,1.4759737565763449,2309.7133333830993,57.540970989828615,0.0,4.754843604507665,3.915,43.0,0.0,9.882092513244274,17.09738415148209,0.9990454171144197,1.0012737176674786,0.9997149562576577,0.9919061803312836,1.0006828056351007,1.0150220622422932,1.0467332682141721,0.919734368152452,0.8100558659217877,0.8807143985864223,0.8874018735805596,1.0798417605891926,0.8169175332381811,1.0025608194622277,0.0,0.9004836111429364,1.0042172132355107,0.9292719157253114,0.8930218196191991
B0029,81,34,43.0,1.6456360229757092,1.815750429913437,0.9063117903566529,3.3923453388185667,1.9264548202409049,4.200544725415334,0.28279557377820747,-3.8555734475773074,-4.02785957922289,9.386519420112687e-05,0.8037526792254696,52.87120880021078,44.67197301409441,60.02940147619038,3.9035011932890127,1554.234,144,1.6461201520877546,False,False,False,True,B0029_p1,0,3652.093999999998,4245.75,9387.891000000003,0.4522581269850703,1.6876307519663583,1.460067648717112,2433.4602535440913,46.443531112170824,1.6976760471238492,5.638825356382696,3.915,43.0,1.0,9.87120880021078,17.02940147619038,0.9993775417949681,1.0215985775933611,0.9998394105775437,0.9782031878167213,0.9995806964937942,1.0109861281684038,1.0453331086934636,0.9155003746271398,0.8044692737430168,0.92790020852712,0.8778386209463129,1.040190915067542,0.9687921798584644,1.0025608194622277,1.6976760471238492,0.8954203499756912,1.0007955449482895,0.9614076572482513,0.8823946976498758
B0029,85,35,43.0,1.654547743574037,1.815750429913437,0.9112197999881045,3.3840832974347714,1.8497742851139864,4.193996290293578,0.2945567596924814,-3.854823111014098,-4.0268345490967095,0.001077661361211677,0.8013346870265292,52.8949932373189,44.60925310792597,60.33090148423857,3.9442366576191588,1573.734,145,1.6458780875317318,False,False,False,True,B0029_p1,0,3731.344,4124.687,9124.89,0.4520259422305365,1.713461006321426,1.4919437688257944,2353.4325282130935,57.73281802100325,0.0,4.890362839019434,3.915,43.0,0.0,9.8949932373189,17.330901484238566,0.9969435624138414,0.9809349062776946,0.9982807118990777,1.0188856829496578,1.001989161828834,1.0288853083718628,1.0562418102549007,0.926986584107327,0.8100558659217877,0.8973849194795857,0.8970035475453724,1.0396568915577968,0.8402007467299408,1.0025608194622277,0.0,0.909125323867419,0.9722589351483544,0.9344739002133697,0.9015425563273235
B0029,87,36,43.0,1.6461201520877546,1.815750429913437,0.9065784179195986,3.3935243600466607,1.988399313722457,4.1998075622524835,0.2768943863074781,-3.8279463752523526,-4.028134400513877,0.0012055515072253253,0.8650529417568069,52.90577737967025,44.651733083497575,59.88870262903497,3.909932318769255,1566.578,144,1.6456360229757092,False,False,False,True,B0029_p1,0,3672.953,4136.203,9101.484,0.454453691288146,1.6889589458589371,1.4673364106273832,2301.3004456170274,57.012466211101945,0.0,4.748387954873979,3.915,43.0,0.0,9.905777379670248,16.888702629034967,0.9997248788785997,1.0544477291880927,0.9996639464817124,0.957790702859305,1.003081188220011,1.0026332460707983,1.0470553237147417,0.9227714397462902,0.8044692737430168,0.8775064890670109,0.8822088293657009,1.0452406994832044,0.8158084045658517,1.0025608194622277,0.0,0.896125060907714,0.9749734523704294,0.9320769073610292,0.8874345106991239
B0029,89,37,43.0,1.6275119188151763,1.815750429913437,0.8963301850314117,3.388551594762018,1.8822716064606955,4.199665175987453,0.2886780624081147,-3.851886221713202,-4.0269371723961935,0.0007959899779690719,0.8094014822788177,52.85049305569667,44.624308005806974,60.13011665786984,3.922718321600744,1550.047,142,1.6433018493398381,False,False,False,True,B0029_p1,0,3662.282,4296.187,9133.031,0.47040100925968603,1.6839817609446575,1.461784743393961,2287.1867609421474,57.52335617822936,0.0,4.647405876667248,3.915,43.0,0.0,9.850493055696667,17.13011665786984,0.9982599130659445,0.9981682288111765,0.9996300548298889,0.9985509926044437,0.9974829738390609,1.0169652961219142,1.0504793349871302,0.9130340792890095,0.7932960893854749,0.8721248145835941,0.8788709923056015,1.0819194328965167,0.7984589316722108,1.0025608194622277,0.0,0.8934842743182037,1.0126844043725507,0.9353076145947637,0.8848562545483727
B0029,91,38,43.0,1.6200530533464497,1.815750429913437,0.8922223157197231,3.3876827466759964,1.8693019781355498,4.200099273216301,0.2902200606247618,-3.8509488961783584,-4.02674927094555,0.0012414717003364055,0.8121766860776538,52.93318563948955,44.684149828783205,60.20528139553767,3.9444802276333037,1543.64,141,1.6409676757039668,False,False,False,True,B0029_p1,0,3653.141,4263.406000000001,9029.031,0.47218865457433923,1.6746431338563523,1.4547830623814055,2270.9909845647444,57.59252883843284,0.0,4.655012019542651,3.965,43.0,0.0,9.933185639489551,17.205281395537668,0.9980039523138167,0.9912904376947326,0.9997333813139039,1.0038848369464166,1.005856609953495,1.0214276083890736,1.0563070367752636,0.9092601231792885,0.7877094972067039,0.8659492198698675,0.87466136132736,1.08603100614355,0.799765723649415,1.0153649167733674,0.0,0.8885294009100487,1.0049573646836973,0.924657043944357,0.8826476668364415
B0029,93,39,43.0,1.612079811711934,1.815750429913437,0.8878311606891852,3.3850191492367943,1.8433554303146658,4.2000806322388815,0.294008945307403,-3.849366331322892,-4.027330387109479,-0.00025552171593965254,0.8147621021582478,52.91920185424772,44.66301381472874,60.24494659507955,3.9520917134890525,1536.781,140,1.6365739708954428,False,False,False,True,B0029_p1,0,,,,,,,,,,,,,,9.919201854247717,17.244946595079547,0.997219262314641,0.9775309889556448,0.999728944274164,1.0169907672313665,1.0044405805619017,1.0237824161351907,1.058345344893382,0.9052199226241806,0.7821229050279329,,,,,,,,,,
B0030,1,0,43.0,1.6560706096175404,1.751755031874225,0.9453779663733515,3.3464479682177357,2.1274170450668684,4.121228264511843,0.2563418232112226,-3.881093691840246,-4.02642257980551,0.0017593005385624875,0.7442757029527051,52.450611378612734,43.15149833518289,61.11438949471705,4.619913840776093,1572.359,169,1.7512147806101794,False,False,False,True,B0030_p1,0,4059.625,4314.3279999999995,9888.75,0.4362864871697636,1.8564355244593649,1.6336798958824996,2565.207670921977,58.7620557871727,0.0,5.726799243965214,3.915,43.0,0.0,9.450611378612734,18.114389494717052,0.989969516509958,1.0,0.9832566999347644,0.9829768843452443,0.8469938018188159,0.9534347263286402,1.0148551329668005,0.9261766590798779,0.9441340782122905,1.0087892950780972,1.0267677054369244,1.0022505495412366,1.0090296543840385,1.0,0.0,1.0230236299837943,1.024484359516805,1.0127002934539442,1.0267417589407497
B0030,3,1,43.0,1.7815548749509116,1.751755031874225,1.0170114214227792,3.3780751936361146,2.1401060472348874,4.191571549203586,0.2607811305572771,-3.7838858314888455,-4.027659504109606,-0.0007868077489712377,0.9534617010571046,54.113241117794225,44.54353972746864,61.9990871891876,4.489105001296106,1723.281,184,1.7506745293461339,False,False,False,True,B0030_p1,0,3993.609,4158.813,9764.735,0.4259012661377907,1.8302095797266207,1.6079267649653612,2542.8577438694833,58.045476678535515,0.0,5.675550980175241,3.915,43.0,0.0,11.113241117794225,18.9990871891876,0.9993257023384379,1.0059645109065205,1.0000394407900002,1.0,0.9960039586636182,1.0,0.9861203931515241,1.015075208165458,1.0279329608938548,1.0,1.0105818643757396,0.9783933048350718,1.0,1.0,0.0,1.0085713310341393,0.9875556222556937,1.0,1.0100452946224363
B0030,5,2,43.0,1.761969227822918,1.751755031874225,1.0058308357977226,3.3818672028482375,2.1657237815883463,4.191314909952094,0.25814045976585637,-3.78000742647211,-4.0263997172904,0.0005981133953777508,0.9606558870072772,54.157828260748424,44.60400022940282,61.89071493502735,4.487141909903265,1705.906,181,1.7498896471261247,False,False,False,True,B0030_p1,0,3953.8910000000005,4248.0,9742.437999999995,0.4360304884670554,1.814655566156153,1.591090065680741,2522.028319029694,58.117995442336316,0.0,5.480671829984374,3.915,43.0,0.0,11.157828260748424,18.890714935027347,1.0004474808815318,1.0180062186726881,0.9999782109217911,0.9898739959222597,1.0,0.9942959231103521,0.9856891614348364,1.0048407010004192,1.011173184357542,0.9918086550889422,1.0,1.0016624615577292,0.9656633953475915,1.0,0.0,1.0,1.0087340506394942,0.997716579098152,1.0
B0030,7,3,43.0,1.751755031874225,1.751755031874225,1.0,3.3803545588103714,2.095376108282347,4.191510310362352,0.26486970944640814,-3.7771963627067855,-4.027127991303563,-0.001594860757599507,0.9658154426010658,54.212018750385205,44.61072161333403,62.214205409958005,4.552672321308373,1697.688,179,1.7491047649061158,False,False,False,True,B0030_p1,0,3930.844,4211.219,9674.14,0.4353068076335468,1.8033877557010554,1.5799871517556543,2507.823020442514,58.30861430923471,0.0,5.4766246452481795,3.915,43.0,0.0,11.212018750385205,19.214205409958005,1.0,0.9849390429305721,1.000024830218327,1.0156782006443257,1.0048567237611477,1.0113225555853458,1.0000842078949947,1.0,1.0,0.9862223030323133,0.9930218193397264,1.0,0.9649503042749659,1.0,0.0,0.9937906616190723,1.0,0.9907222264608306,0.9941710583321592
B0030,9,4,43.0,1.7381688070362076,1.751755031874225,0.9922442210293061,3.383237725223628,2.12524665517798,4.191406236830394,0.2614419453230774,-3.774391482257296,-4.027089196239373,0.00020936411371284372,0.9709710927043589,54.19837692352459,44.6020225990607,62.31179793095802,4.552288982635738,1686.094,177,1.7436367859711617,False,False,False,True,B0030_p1,0,3912.391,4165.391,9801.422,0.42497823275030905,1.7915353367657159,1.5715920211848755,2634.6173503107198,46.55584916287252,1.7612206502384282,6.031859890252967,3.915,43.0,1.0,11.198376923524592,19.311797930958022,1.0008529183442436,0.9989798004608823,1.0,1.0025339822877068,1.0036340999187818,1.0164592508396082,1.0,0.9931707121685492,0.9888268156424581,1.0360852299592682,0.9877454803367631,0.9762728845446116,1.0627796158156833,1.0,1.7612206502384282,0.9872591637654903,0.9891176402842027,1.003757091206264,0.9895040101004301
B0030,13,5,43.0,1.7506745293461339,1.751755031874225,0.9993831885689319,3.374148303155992,2.0759632130565406,4.1809364775885,0.26972402232410325,-3.8401506129683893,-4.026801519572001,-0.00019692796860968457,0.8400557719302467,54.14161744851121,44.586012876295115,62.29994268441351,4.523450763344149,1678.563,175,1.7381688070362076,False,False,False,True,B0030_p1,0,3978.75,4066.672,9517.672,0.42727591368981827,1.820346312705945,1.6032248311430097,2539.055267314239,59.13606642936436,0.0,5.599012495232872,3.915,43.0,0.0,11.141617448511212,19.29994268441351,0.9981640222803836,0.9758139420149704,0.9975020891199009,1.0342927103188626,0.9985471355304653,1.0158352605169962,0.9936651167354292,0.9887346791636625,0.9776536312849162,0.9985046444047404,1.0076266992824676,0.9815511868803827,0.9865143516092589,1.0,0.0,1.0031359926676588,0.9656757342707658,0.9746984429172937,1.0062872244075518
B0030,15,6,43.0,1.7491047649061158,1.751755031874225,0.9984870790036928,3.3806295984219497,2.0440070679316857,4.191416983179895,0.2710300101096779,-3.8162308411426897,-4.026685043731495,-0.0003961802022008918,0.8906017585668305,54.21167948917778,44.618842215325756,62.48134926186261,4.553247911899323,1677.469,174,1.7381688070362076,False,False,False,True,B0030_p1,0,3926.641,4188.562,9500.375,0.44088385984763756,1.7959698950945624,1.5794499614984356,2510.8329047801953,58.999576274745614,0.0,5.53362083976366,3.915,43.0,0.0,11.211679489177783,19.48134926186261,1.0000813641311268,0.9607928415687951,1.0000025639007277,1.0393006945345296,1.004826318094427,1.025383433839362,1.000210647713105,0.9880902733600049,0.9720670391061452,0.987405965132538,0.9926841952989474,1.012811773480891,0.9749927115609843,1.0,0.0,0.9897029103428311,0.9946198476023212,0.9729270686813313,0.9931080548249811
B0030,17,7,43.0,1.7252544028765475,1.751755031874225,0.9848719549734508,3.387081847293872,2.173948548947525,4.19167898729129,0.25760237686784565,-3.790540920260821,-4.027008162529609,0.0012292703677715302,0.9410471899802145,54.18634900836399,44.59936994632644,62.158212651524295,4.544688796515333,1666.093,172,1.7252544028765475,False,False,False,True,B0030_p1,0,3872.218,4193.688,9474.375,0.4426347912131407,1.7837281350644991,1.5579926043068872,2477.2199315693724,58.289812097738775,0.0,5.3808586755478816,3.915,43.0,0.0,11.18634900836399,19.158212651524295,1.0019901132755342,1.0218723000215475,1.0000650737355161,0.9878106453383395,1.0025561199678883,1.0083754267114082,0.9983304693200727,0.9813893954601788,0.9608938547486033,0.9741873832862433,0.9791982477373503,1.0168340661140378,0.948076881758842,1.0,0.0,0.9829568587733897,0.9958370723536344,0.9702644260187295,0.9793436389622272
B0030,19,8,43.0,1.7112621367644252,1.751755031874225,0.9768843848751637,3.3879461849049983,2.1712631392036204,4.191660740391253,0.2577836227383274,-3.7878863152954003,-4.026835815972069,-0.0007190799526456637,0.9462824866802928,54.15360140656882,44.59290494580976,62.11029841216025,4.5533401200359105,1654.328,170,1.7185770039532977,False,False,False,True,B0030_p1,0,3854.641,3891.937,9446.969,0.4119773230969637,1.7683262812218625,1.5467892904637963,2458.8462937642544,58.47255002800483,0.0,5.30299680817162,3.915,43.0,0.0,11.153601406568818,19.110298412160247,1.0022458076401604,1.0206100135553693,1.0000607203278513,0.9885056567837398,0.9996211759062043,1.0058535034796798,1.0002309030477154,0.9744593824071325,0.9497206703910615,0.9669617970931444,0.9721569657353176,0.9464068006117137,0.9343580608640542,1.0,0.0,0.974469378212403,0.924182997844567,0.967457795833681,0.9748981446377757
B0030,21,9,43.0,1.6990418392711273,1.751755031874225,0.9699083538257635,3.3883925705991067,2.1722790601698723,4.190518218566902,0.25786627275917706,-3.78521295034333,-4.027530832099604,6.463182257801e-05,0.9518591462676281,54.168189231806274,44.62895122356867,62.21537292970592,4.5546454882247165,1643.812,168,1.7112621367644252,False,False,False,True,B0030_p1,0,3825.766,4206.5470000000005,9648.516,0.4359786520538496,1.7634367296848394,1.5374554194586214,2597.9306178025854,46.59843945415404,1.8053237987236912,5.820692408587704,3.915,43.0,1.0,11.168189231806274,19.21537292970592,1.0023778605613383,1.021087550843419,0.9997881335730026,0.988822589303639,1.0009285831270855,1.0113840069454185,1.000517652899007,0.9682650757972017,0.9385474860335196,1.0216578666525393,0.9662906284320415,1.0015433813772754,1.0255730992320296,1.0,1.8053237987236912,0.9717748990901858,0.9988905825130444,0.9880980897075035,0.9675952119064485
B0030,25,10,43.0,1.7185770039532977,1.751755031874225,0.9810601212399945,3.3829900242224884,2.1399140868464497,4.18494757447594,0.2616856341081728,-3.8087556215689466,-4.026804684381526,0.0002587364015666509,0.9056491402359739,54.22057063412252,44.61876601472716,62.42078136779365,4.587029086450203,1652.266,168,1.7112621367644252,False,False,False,True,B0030_p1,0,3871.219,4119.875,9315.61,0.4422549892062892,1.775147644205201,1.5587081848096684,2475.415439880562,58.937518500419486,0.0,5.422524975545783,3.915,43.0,0.0,11.220570634122517,19.42078136779365,1.0007796417110295,1.0058742792385535,0.9984590703001534,1.0034684394110986,1.0056231707378767,1.022195496783974,1.0076313485253194,0.9732447893841507,0.9385474860335196,0.9734777518909518,0.9796479900355496,1.0159615734256828,0.9554182482875618,1.0,0.0,0.9782284182806996,0.9783093683800343,0.9540054082368851,0.9790909764583797
B0030,27,11,43.0,1.70324722921867,1.751755031874225,0.9723090262206036,3.3872270612733906,2.112329336316492,4.19138696373963,0.2635633147742534,-3.7838496795424073,-4.028658336876764,-5.4386711688319114e-05,0.9544845987992014,54.24400266886001,44.6290146536895,62.42541404009337,4.590767200633537,1648.672,167,1.709207290507283,False,False,False,True,B0030_p1,0,3825.656,4114.781999999999,9290.016,0.44292517903090795,1.7571092635698304,1.53852006176433,2449.217735473084,58.62858781798702,0.0,5.21541323238135,3.915,43.0,0.0,11.244002668860013,19.425414040093372,1.0020330714850922,0.9929079684750283,0.9999954017602506,1.0106686561678404,1.0077232240986123,1.022439333356415,1.008452498983384,0.9711277926214946,0.9329608938547486,0.9631752863005593,0.9669597560500642,1.017501153815574,0.9189263299015096,1.0,0.0,0.9682880301586827,0.9770999798395664,0.9513843437635532,0.9675673912103291
B0030,29,12,43.0,1.689458044662304,1.751755031874225,0.9644373864619252,3.387969833955272,2.1141726056716275,4.1916098999207785,0.26290775313626247,-3.7810084173912366,-4.027635336965244,-3.662130729819738e-05,0.9599268880049819,54.24150010859244,44.632688209599,62.43136471336018,4.606627416494592,1636.969,165,1.70324722921867,False,False,False,True,B0030_p1,0,3791.469,4119.844000000001,9274.812,0.4441970360153932,1.7416777110261685,1.5244488316495315,2431.558625033647,58.61967564084126,0.0,5.154921399730165,3.915,43.0,0.0,11.24150010859244,19.431364713360182,1.0022528036667198,0.9937744038358851,1.0000485906349508,1.0081548176988147,1.0074989367006446,1.0227525417336152,1.0119365079998486,0.9642342998242315,0.9217877094972067,0.9562306939488987,0.958115988862832,1.0204229022518077,0.9082680109360941,1.0,0.0,0.9597841835712284,0.9783020070910586,0.9498273122619303,0.958920971771857
B0030,31,13,43.0,1.6756136292719177,1.751755031874225,0.9565342178461776,3.3908449439184096,2.1697054636701996,4.191138031319589,0.2579094518479587,-3.7778398595622393,-4.028103263729137,0.0007633648614528158,0.9655096700137185,54.183697227073836,44.60212525746821,62.27459158639179,4.593721702443698,1625.187,163,1.6990418392711273,False,False,False,True,B0030_p1,0,3758.172,4078.421999999994,9327.077999999994,0.43726684820262,1.7302452514410482,1.5116811944794757,2413.27372928238,58.39274546214928,0.0,5.183216698683573,3.915,43.0,0.0,11.183697227073836,19.274591586391793,1.0031033386958468,1.019877822593079,0.9999360106141828,0.9889881652741449,1.002318458908031,1.0145009280951658,1.0091015135387937,0.957294273152664,0.9106145251396648,0.9490400063080546,0.9500915297542942,1.0045026646372213,0.9132534826642564,1.0,0.0,0.9534841121977188,0.9684659002535831,0.9551798384697581,0.9504996470565323
B0030,33,14,43.0,1.6718407140871654,1.751755031874225,0.9543804262965021,3.3859058007878593,2.0502203248956845,4.191251588829171,0.2696032323992304,-3.7765035959555266,-4.0291043008663845,-0.00020336028221777343,0.9678591011744595,54.228866401573256,44.624665823870856,62.57843700986901,4.6136518516052725,1622.016,162,1.689458044662304,False,False,False,True,B0030_p1,0,3743.187,4115.985000000001,9473.437,0.4344764207541572,1.7300203342515637,1.506827458108673,2557.7437922738222,46.629556469257814,1.8583066668199564,5.7845296940841795,3.915,43.0,1.0,11.228866401573256,19.578437009869013,1.001642207017314,0.9637134052534785,0.9999631035522483,1.033829525253997,1.006366663759715,1.0304935608175494,1.0134795636225198,0.9554264387802706,0.9050279329608939,1.005854062595608,0.9470409567694607,0.9980924100776098,1.019201433356797,1.0,1.8583066668199564,0.9533601673600981,0.9773856453440205,0.9701683660642095,0.9467097094988202
B0030,37,15,43.0,1.7233056681204446,1.751755031874225,0.9837595079014319,3.375492904033759,2.056845844411806,4.17866916142942,0.27323611128001307,-3.8520176715688708,-4.027517719449719,0.00014967081296308286,0.8153044881535618,54.15865206479903,44.56326262853694,62.47198799326229,4.567003032417494,1638.422,163,1.684001734344571,False,False,False,True,B0030_p1,0,3910.766,3758.0,9249.172,0.4063066402051989,1.7864053225114624,1.576291492352383,2503.8645960837257,59.61059292522578,0.0,5.498822356785716,3.915,43.0,0.0,11.158652064799028,19.47198799326229,0.9985617914653534,0.9668277544270384,0.9969611450951589,1.0477602834841626,1.0000738319349745,1.024890711820293,1.0032322310463773,0.9650901696896014,0.9106145251396648,0.9846656196636382,0.9906990976516301,0.9333799358985422,0.9688614155688426,1.0,0.0,0.9844321731508912,0.8923781926325846,0.9472015369592723,0.9890930225441216
B0030,39,16,43.0,1.709207290507283,1.751755031874225,0.9757113634082617,3.381550645715128,2.0026548733538236,4.19028213835832,0.27521831915053147,-3.8026336945838506,-4.028208252016326,0.0008772235570089911,0.9189046429437464,54.242750421230845,44.60490806087971,62.678287399200066,4.595580729561933,1646.438,163,1.6756136292719177,False,False,False,True,B0030_p1,0,3848.61,3447.906,9276.188,0.3716942778650023,1.7556643164465682,1.5467443792641526,2469.333537306867,59.00731237260911,0.0,5.371852275701614,3.915,43.0,0.0,11.242750421230845,19.678287399200066,1.0003538347483814,0.941355094431368,0.9997318087513932,1.055361323736893,1.00761099368962,1.0357490969565633,1.0095098854864721,0.9698118853405338,0.9106145251396648,0.9710859930171579,0.9721287390493415,0.8538673674451348,0.946490005017231,1.0,0.0,0.9674917649333634,0.8187429815452485,0.9499682275043818,0.973372811744178
B0030,41,17,43.0,1.684001734344571,1.751755031874225,0.961322618575747,3.3864480900407194,2.098247338071892,4.18930659174196,0.26381162234267413,-3.7747932414905923,-4.028530108942317,0.0003336214553142062,0.9711485537118218,54.26601179807604,44.6218039286095,62.48426799373123,4.5982882952007955,1634.765,161,1.6718407140871654,False,False,False,True,B0030_p1,0,3784.61,3430.6560000000004,9297.734,0.3689776455209409,1.7307688217665202,1.5222099484167706,2431.6945230392193,58.39749710695152,0.0,5.125678180411606,3.915,43.0,0.0,11.266011798076043,19.48426799373123,1.0018026307963661,0.9862886747745976,0.9994990595113438,1.0116208246314486,1.0096957521481302,1.0255370586866799,1.0101046556447795,0.9629360636347786,0.8994413407821229,0.9562841369721665,0.9567088509005929,0.8476266372373309,0.9031155209979884,1.0,0.0,0.9537726354498647,0.814646780421536,0.9521747389970132,0.9571862249111065
B0030,43,18,43.0,1.66898698813004,1.751755031874225,0.9527513595005175,3.387180494037813,2.095250035916422,4.189336480826855,0.26386837811729835,-3.7717048923113476,-4.028059956110559,0.0012011416906636968,0.976736294779003,54.24164371768822,44.610355218782736,62.520660259063135,4.6125042558359555,1622.016,159,1.66898698813004,False,False,False,True,B0030_p1,0,3760.047,3322.4529999999995,9333.438,0.3559731151586371,1.721583672605616,1.5095009744865047,2410.119556438129,58.400370464567416,0.0,5.130429837644355,3.915,43.0,0.0,11.24164371768822,19.520660259063135,1.002019295641533,0.9848797821635225,0.999506190551192,1.0118384622132128,1.0075118074038338,1.027452533097083,1.013227471592841,0.9554264387802706,0.888268156424581,0.9477996015501183,0.9487212616343446,0.8177522357020087,0.9039527361422707,1.0,0.0,0.9487109866542419,0.7889527949033284,0.9558311618287644,0.9509738634676574
B0030,45,19,43.0,1.6620689362837142,1.751755031874225,0.9488021475842119,3.3813445010797873,1.9652225177027667,4.1879616710018945,0.27713116690106226,-3.7701783748857105,-4.029736567587315,0.0005223927726711554,0.9796011570167718,54.32282816477177,44.633104163960176,62.837923181745914,4.66130429860502,1616.25,158,1.6687049625248174,False,False,False,True,B0030_p1,0,3742.8280000000063,3523.6410000000033,9377.641000000003,0.37574918894847886,1.7179064487097804,1.503715852493858,2554.391698762513,46.635916064684835,1.8461477951783962,5.583154271521254,3.915,43.0,1.0,11.32282816477177,19.837923181745914,1.0002928516083722,0.92375988161785,0.99917818373265,1.0626963933657543,1.0147878153496763,1.0441513839167862,1.023947362828922,0.9520300549924368,0.88268156424581,1.0045358238858766,0.945085312848396,0.8631824321589633,0.9837202222345056,1.0,1.8461477951783962,0.9466845834268655,0.8367270854353581,0.9603579615831871,0.946618912863305
B0030,49,20,43.0,1.6687049625248174,1.751755031874225,0.9525903634707695,3.385606758982866,2.1649300939348857,4.183473493335224,0.2583018887296693,-3.770286001350055,-4.02892193533513,0.0007621949361175212,0.9796359776007147,54.27566161448939,44.564430771238534,62.47596510401283,4.65071826753991,1622.218,158,1.6620689362837142,False,False,False,True,B0030_p1,0,3760.953,3435.4690000000005,9200.078,0.3734173775483209,1.7221474612247312,1.5121952279927038,2416.239155363964,58.48963213324171,0.0,5.097034694482325,3.915,43.0,0.0,11.275661614489387,19.47596510401283,1.001553742390367,1.0176331429491006,0.9981073789924096,0.9904930167979955,1.0105605993377298,1.0251000434955961,1.0216219324563138,0.9555454241297576,0.88268156424581,0.9502061848285532,0.9504145997830221,0.8578257242939189,0.8980687006929055,1.0,0.0,0.9490216729517577,0.8157896799002855,0.9421738531562811,0.9512030048375131
B0030,51,21,43.0,1.652762183550463,1.751755031874225,0.9434893312577796,3.3887947335699504,2.1107101939003567,4.189021310957518,0.26212290602901644,-3.74290317214084,-4.028238890396407,0.0010776037840459023,1.0269305178068908,54.346520622463046,44.633491087453194,62.54340291733675,4.647659772057164,1619.656,157,1.6541906540394393,False,False,False,True,B0030_p1,0,3714.578,3309.609,9216.281,0.3591046106341592,1.7052274180322116,1.491539245780153,2389.0950565639023,58.149188453871034,0.0,5.133836944566382,3.915,43.0,0.0,11.346520622463046,19.54340291733675,1.0024968312088982,0.992146884784414,0.9994309962484859,1.0051452168677697,1.0169112086424932,1.0286495726204636,1.0209500736410206,0.954036312914976,0.8770949720670391,0.939531541756009,0.9374323163421956,0.8249460020769152,0.9045530491222664,1.0,0.0,0.9396975656621522,0.7859028466579392,0.943833191581748,0.9394740522690179
B0030,53,22,43.0,1.648481366235244,1.751755031874225,0.9410456006919602,3.390949417762555,2.154272422860638,4.188208290959306,0.25818804244157884,-3.7394250053816305,-4.029657303351485,0.0007478351109079817,1.033272438114385,54.369563893787316,44.680330122145484,62.542537819338854,4.656825767791729,1605.484,155,1.652762183550463,False,False,False,True,B0030_p1,0,3678.016,3451.0469999999996,9244.75,0.3732980340193082,1.6895591460892383,1.4774458692981807,2367.3410382447496,58.18671890380029,0.0,4.974077711822756,3.915,43.0,0.0,11.369563893787316,19.542537819338854,1.0031342448751626,1.0126234664971039,0.999237023163494,0.990056458033766,1.0189764197916316,1.0286040389593314,1.0229635652645817,0.9456884892866062,0.8659217877094972,0.9309765927536124,0.9285746301646739,0.8575515647197522,0.8764043753984876,1.0,0.0,0.9310632704078952,0.8194888463411661,0.9467486828879637,0.9302269587097873
B0030,55,23,43.0,1.6307406443132095,1.751755031874225,0.9309182018266899,3.3873404080498895,2.056878607135279,4.188944596283129,0.2669392534296509,-3.737622424800312,-4.028147301835234,0.00035745634528035913,1.0361491892534644,54.38101073340462,44.64880695403803,62.633169726331985,4.690578060051821,1600.75,154,1.648481366235244,False,False,False,True,B0030_p1,0,3660.922,3725.8749999999995,9233.563,0.40351433135832826,1.6872638059642064,1.471175271247201,2354.987005755685,58.310311098522774,0.0,4.935133670332125,3.915,43.0,0.0,11.381010733404622,19.633169726331985,1.0020666025169787,0.9668431546625255,0.999412693399739,1.0236141428607746,1.0200023219071512,1.0333743685067798,1.0303779215123585,0.9428999910466469,0.8603351955307262,0.9261182665185532,0.9246335597084915,0.9269653593334513,0.8695426554303889,1.0,0.0,0.9297983801621423,0.8847497601050905,0.9456030296777127,0.9259036225328415
B0030,57,24,43.0,1.62323023017929,1.751755031874225,0.9266308363005388,3.3880651957973615,2.0619330487714467,4.189721988537926,0.26652685929519104,-3.7356557463501385,-4.027460243343909,0.00046012588963197494,1.039230319734636,54.366222070376075,44.6494752691612,62.63885708285674,4.680986004227726,1595.0,153,1.638514396616985,False,False,False,True,B0030_p1,0,3647.859,3771.8439999999973,9306.797000000006,0.4052784217814136,1.6828970014914917,1.4627012574217682,2472.3207116754083,46.658761645598716,1.857528446003812,5.392047562422312,3.915,43.0,1.0,11.366222070376075,19.638857082856738,1.0022810142702023,0.9692190130528152,0.9995981662961541,1.0220327625915095,1.0186769149656794,1.0336737174422377,1.028270837392549,0.9395130318409507,0.8547486033519553,0.9722607242327531,0.9193076425852472,0.9310178813527494,0.950048300377671,1.0,1.857528446003812,0.927391970618559,0.8956656018126812,0.9531028747835968,0.9225997884109601
B0030,61,25,43.0,1.6541906540394393,1.751755031874225,0.9443047823128555,3.3873336724752856,2.182829076635093,4.182121595717829,0.2560563163011633,-3.737388532394875,-4.028374864371009,0.00048626331454628216,1.0362628686485178,54.36082826974155,44.619224416467304,62.50972828784737,4.664425861469,1612.422,154,1.6307406443132095,False,False,False,True,B0030_p1,0,3701.375,3593.172,9228.125,0.38937183880799187,1.7073685772122391,1.489344148084881,2385.9964932982075,58.10041954010085,0.0,5.132600863141538,3.915,43.0,0.0,11.360828269741553,19.509728287847373,1.0020646099524455,1.0260466238609471,0.9977848386465192,0.9818820700484845,1.0181935054249986,1.0268771385474973,1.0246330756375521,0.9497752237160184,0.8603351955307262,0.9383130059282911,0.9360526975873434,0.89447679654892,0.9043352585625196,1.0,0.0,0.9408774916051029,0.8532379816865377,0.9450461277238962,0.9361348099884391
B0030,63,26,43.0,1.638514396616985,1.751755031874225,0.9353558955466037,3.391596603751742,2.152270345667462,4.18953881832451,0.258930272335589,-3.733773399938973,-4.0280399278365575,0.00015012443566113953,1.0424465812748502,54.329082038301124,44.62244303647462,62.41430430344205,4.642098323126425,1598.969,152,1.62323023017929,False,False,False,True,B0030_p1,0,3659.047,3512.094,9122.188,0.38500565873012044,1.6797710808064035,1.4675958027785312,2348.8897264726847,57.95558156005007,0.0,4.991955972715618,3.915,43.0,0.0,11.329082038301124,19.41430430344205,1.0033256999364373,1.0116823829433088,0.999554464921707,0.9929026374809677,1.0153483073543212,1.021854582281761,1.0197283917680218,0.9418509172474565,0.8491620111731844,0.9237204606256754,0.9223838640150309,0.8844466752613452,0.879554423905727,1.0,0.0,0.9256693733701404,0.8339851240222843,0.9341971901951256,0.9254294061217164
B0030,65,27,43.0,1.618847673357618,1.751755031874225,0.9241290271195011,3.3844695827460796,1.9853664248869802,4.18877344296717,0.2747937897988348,-3.7318248243234815,-4.028759921717576,0.0020082664928365124,1.0458867689660982,54.350797312061744,44.61775964712291,62.71706660837061,4.702661665786438,1592.187,151,1.618847673357618,False,False,False,True,B0030_p1,0,3627.031,3114.9369999999994,9176.562999999995,0.3394448444368552,1.6662304278568312,1.4566187908440944,2340.3046505256652,58.37737091883785,0.0,4.880473588446331,3.915,43.0,0.0,11.350797312061744,19.717066608370608,1.0012173350055789,0.9332285973221469,0.9993718590576858,1.0537334093598463,1.0172944991447983,1.0377902060258775,1.0330323236781063,0.9378560724938857,0.8435754189944135,0.9203443079613287,0.915484812747471,0.7797829909487866,0.8599118579841634,1.0,0.0,0.9182075424849249,0.7396758515764674,0.9397656976866238,0.9173320660584724
B0030,67,28,43.0,1.6134212267751404,1.751755031874225,0.9210313071279839,3.3883015570002266,2.085108474542319,4.187364248433742,0.2642219374659569,-3.72789586160175,-4.028912968695677,0.0014800577774969916,1.052058658023619,54.30570319180817,44.579388125992374,62.554566036297686,4.699315766113706,1577.484,149,1.6138387876938998,False,False,False,True,B0030_p1,0,3603.625,3608.0939999999996,9170.625,0.3934403598446125,1.663146256801004,1.4447269640905345,2315.4548310839455,58.03816251784615,0.0,4.7706179558016,3.915,43.0,0.0,11.30570319180817,19.554566036297686,1.002350936285409,0.9801127049241916,0.9990356486180855,1.0131942326552805,1.0132530208929589,1.0292371334253474,1.032297330867787,0.9291954705458245,0.8324022346368715,0.9105719093670189,0.9080108004271992,0.9038231264598586,0.8405559165031586,1.0,0.0,0.9165079521531022,0.8567813737542501,0.9391575910662193,0.911412327755115
B0030,69,29,43.0,1.6066443601761986,1.751755031874225,0.9171626916676981,3.389973588057286,2.1156809695842997,4.188843927084549,0.2620384937992771,-3.7258803546166885,-4.028240237923387,0.00020204579670861887,1.0554663826709085,54.311769035681074,44.63882940473298,62.48691429447336,4.675275087530564,1571.547,148,1.6134212267751404,False,False,False,True,B0030_p1,0,3589.594,3315.219,9317.781,0.35579490438764333,1.6496557507844618,1.4369054688268494,2416.7122839127546,46.61308319158858,1.8871743354192887,5.318125574588577,3.925,43.0,1.0,11.311769035681074,19.486914294473358,1.002845568143686,0.9944834156942652,0.9993886753988841,1.0048215269230296,1.0137966610827118,1.025676344364764,1.0270163219786672,0.9256983615363953,0.8268156424581006,0.9503922465734271,0.903094991176427,0.8173428445143023,0.9370236639869584,1.0025542784163473,1.8871743354192887,0.9090737556762919,0.7872350025016509,0.9542277388992123,0.9078636715073833
B0030,73,30,43.0,1.6138387876938998,1.751755031874225,0.9212696743146975,3.386403894086122,2.0858806041580396,4.184536605382707,0.2645673010364215,-3.7258300678775145,-4.0292228155278815,0.0005341350957084978,1.0552120213275789,54.31694947968931,44.52996519417786,62.59235284434121,4.728917851045079,1578.484,148,1.6066443601761986,False,False,False,True,B0030_p1,0,3591.593,3422.39,9136.687,0.37457669284282147,1.6597573307487368,1.4439762895322295,2315.9532395753236,58.13958830865933,0.0,4.809314194151084,3.915,43.0,0.0,11.316949479689313,19.592352844341207,1.0017895564416412,0.9804756472149431,0.9983610198917674,1.0145185752935941,1.014260948925039,1.0312260083469293,1.0388000122758188,0.9297845069294239,0.8268156424581006,0.9107679126599989,0.9075390015174474,0.8604889385468798,0.8473739749585669,1.0,0.0,0.9146404208620563,0.8126839283352397,0.9356820231168587,0.9083692494304976
B0030,75,31,43.0,1.596329501327274,1.751755031874225,0.9112743918419579,3.382990062267617,1.9452863886535996,4.188530465383751,0.2788425340281009,-3.7235246959842048,-4.028629666143592,0.0008757216237683139,1.0585978746279334,54.37602664745592,44.584489397198766,62.84622214879507,4.763610976524002,1574.469,147,1.596329501327274,False,False,False,True,B0030_p1,0,3584.516,3460.9059999999995,9163.844,0.37766967661169265,1.6511411361275166,1.4367273472144428,2308.5296045979107,58.368329975556904,0.0,4.657253501616909,3.915,43.0,0.0,11.376026647455923,19.84622214879507,1.000779652965804,0.9143888327699545,0.9993138886368558,1.0692588586920666,1.0195556322976478,1.044588192641675,1.0464210410838,0.9274195258492727,0.8212290502793296,0.9078485063364206,0.9029830417549275,0.8675942346613273,0.8205817405014498,1.0,0.0,0.9098923051414123,0.8218299736964522,0.9384631533779461,0.9065793670083468
B0030,77,32,43.0,1.5890785867406987,1.751755031874225,0.9071351632085928,3.3809665909442286,1.9166604901616162,4.188200529397757,0.2828054904243156,-3.7209177432015643,-4.028807042725253,0.0017244489688656864,1.062071549660156,54.40922760509475,44.60072493720745,63.0242156686281,4.791152727595977,1568.281,146,1.5936651221220735,False,False,False,True,B0030_p1,0,3571.516,3366.9680000000003,9143.156,0.3682500878252542,1.6437667729457812,1.4319705513780299,2300.0792463188245,58.503304246158415,0.0,4.6661456869003395,3.925,43.0,0.0,11.409227605094749,20.024215668628102,1.0001810556032538,0.900933126678682,0.9992351713836591,1.0844553431453168,1.0225312075496547,1.0539567227221267,1.0524711295507296,0.9237745687075598,0.8156424581005587,0.9045253325177282,0.8999933958894826,0.8459552696342328,0.8221484932827201,1.0025542784163473,0.0,0.9058285239372712,0.7995233684118542,0.9363445090931808,0.9032914665578792
B0030,79,33,43.0,1.5805481432309574,1.751755031874225,0.9022655077176567,3.3813241868366974,1.9272509897554042,4.187743893425592,0.28060437011607264,-3.7188832576508455,-4.027678632162258,0.00019360866792722796,1.0651266464323055,54.43118438830086,44.600104116200306,63.00027240816272,4.800574554125706,1561.422,145,1.5890785867406987,False,False,False,True,B0030_p1,0,3548.875,3899.828,9074.094,0.4297760195122511,1.6486396291048167,1.4228552078152723,2283.672567897374,58.4332880107998,0.0,4.687460885485395,3.915,43.0,0.0,11.431184388300863,20.000272408162722,1.0002868421076714,0.9059112289357574,0.9991262256154938,1.0760148539751868,1.024499044183541,1.0526964905737628,1.0545408194508366,0.919734368152452,0.8100558659217877,0.8980732694949323,0.8942644030691688,0.9872945057961242,0.8259041107830315,1.0,0.0,0.9085138027581756,0.9260568020803477,0.9292719157253114,0.8975652085502609
B0030,81,34,43.0,1.5846131054270807,1.751755031874225,0.9045860160776492,3.3870672693934285,2.051939170845275,4.1898269490660445,0.26800982095805037,-3.7178481811964144,-4.028626046511251,-0.0004863640898333398,1.068694983560774,54.42543761419732,44.62647326379676,62.80130766887856,4.7840025564600035,1554.234,144,1.5849874126960888,False,False,False,True,B0030_p1,0,3517.0779999999945,3483.952999999994,9387.891000000003,0.37111136036837167,1.6266332527358134,1.4092832264801038,2362.5611466513833,46.64450422755612,1.8942812699349076,5.200613950987889,3.925,43.0,1.0,11.425437614197321,19.801307668878557,1.001985800739618,0.9645213549470171,0.9996232081370514,1.0277193767253248,1.0239840000397127,1.042224159071574,1.0509004535318638,0.9155003746271398,0.8044692737430168,0.9290968605488165,0.8857344137065856,0.8525282716937966,0.9163187801772353,1.0025542784163473,1.8942812699349076,0.8963867761315096,0.8273027358586656,0.9614076572482513,0.8895232569638348
B0030,85,35,43.0,1.5936651221220735,1.751755031874225,0.9097534147893903,3.382718302752806,2.0447593292567268,4.183231697201542,0.2687458027537103,-3.719718780129346,-4.030594809378983,0.0005358834776928994,1.0652782084325563,54.40878572720797,44.54512422560238,62.737405296482684,4.791795141818069,1573.734,145,1.5848002590615846,False,False,False,True,B0030_p1,0,3578.469,2942.0160000000005,9124.89,0.3224165989946181,1.6471928596915284,1.4371163236118218,2304.762928309873,58.1685845940881,0.0,4.800898645057039,3.925,43.0,0.0,11.40878572720797,19.737405296482684,1.0006992591757198,0.9611464446983673,0.9980496904458886,1.0305415970067047,1.0224916050502746,1.038860714725035,1.0526122484965044,0.926986584107327,0.8100558659217877,0.9063672294946001,0.9032275133946976,0.7406651891050535,0.8458912027795413,1.0025542784163473,0.0,0.907716533325744,0.6986138692858292,0.9344739002133697,0.9050499874680409
B0030,87,36,43.0,1.5849874126960888,1.751755031874225,0.9047996916556823,3.3896129797375174,2.1123670299751245,4.187178870202528,0.2617943981795915,-3.6895994891111914,-4.029376137378532,0.0011516362003643117,1.111974072306061,54.42284720424547,44.580240242165594,62.57852749153667,4.7514425329524625,1566.578,144,1.5846131054270807,False,False,False,True,B0030_p1,0,3532.703,3408.3909999999996,9101.484,0.3744873912869593,1.6297570909522332,1.4165447322657372,2272.9454401621924,57.56779185226476,0.0,4.622012158799636,3.915,43.0,0.0,11.422847204245471,19.57852749153667,1.0027388904820695,0.992925686514244,0.998991420447219,1.003885509738182,1.0237518392740768,1.0304983232393834,1.043748002615031,0.9227714397462902,0.8044692737430168,0.8938547371129918,0.890298269607808,0.8602837923045142,0.8143724151090129,1.0,0.0,0.8981082257964931,0.8093597127102626,0.9320769073610292,0.8934750603898791
B0030,89,37,43.0,1.5787064969416462,1.751755031874225,0.9012141927473547,3.38569510149779,2.029028311417829,4.188109008087897,0.2697794324624057,-3.7133420593367292,-4.02789957320431,0.002182040333721505,1.0758264495651062,54.38754363122996,44.5770883956101,62.84908045214772,4.786973882318285,1550.047,142,1.582580624329019,False,False,False,True,B0030_p1,0,3515.453,3619.313,9133.031,0.39628826399472417,1.6232407503578656,1.4081703130800511,2251.061359072711,58.215366540635415,0.0,4.675916714881511,3.915,43.0,0.0,11.38754363122996,19.849080452147717,1.00157987648766,0.9537520234327413,0.9992133359173053,1.034505187878815,1.0205878209552337,1.0447386368879792,1.0515531638210425,0.9130340792890095,0.7932960893854749,0.8852486398422179,0.8850349477089919,0.9103654182415877,0.8238700931794177,1.0,0.0,0.8945172740390912,0.8594454479807391,0.9353076145947637,0.8891122694075279
B0030,91,38,43.0,1.570705516096967,1.751755031874225,0.8966467842346936,3.387023398111767,2.0574175231777425,4.188695408653485,0.2673071622195867,-3.711313300597217,-4.027280488641001,0.0014808367056352084,1.079190035708861,54.45246463683033,44.64554626607071,62.7284644620379,4.7921433365246715,1543.64,141,1.5805481432309574,False,False,False,True,B0030_p1,0,3476.672,3537.9840000000004,9029.031,0.3918453707823132,1.610915777473882,1.3961710581406845,2235.108199722526,58.08468702438392,0.0,4.499629978415205,3.925,43.0,0.0,11.452464636830328,19.7284644620379,1.0019728224318996,0.9670964740780642,0.9993532413648936,1.0250249381478016,1.0264062476313953,1.0383901218825602,1.0526887363266775,0.9092601231792885,0.7877094972067039,0.8789749269738335,0.8774934167811166,0.9001590692148774,0.7928093667262368,1.0025542784163473,0.0,0.8877253664650877,0.8401329876218739,0.924657043944357,0.8793039565329442
B0030,93,39,43.0,1.562780404428482,1.751755031874225,0.8921226861020879,3.3870565445350174,2.068863283525511,4.18874384592953,0.2665877771207172,-3.709186360280257,-4.027633935183195,0.000172026667901443,1.0823350102432165,54.41109814733754,44.59631266869645,62.69299470731855,4.795547278460239,1536.781,140,1.5816598011843634,False,False,False,True,B0030_p1,0,,,,,,,,,,,,,,11.41109814733754,19.692994707318547,1.0019826280373987,0.9724765947151105,0.999364797695468,1.022266360112143,1.0226988514852915,1.0365232029950289,1.0534364792640332,0.9052199226241806,0.7821229050279329,,,,,,,,,,
B0031,1,0,43.0,1.6666751942525773,1.8044387333514835,0.9236529694510434,3.3729664490249562,2.4944372580491163,4.116561748956975,0.21749863413149423,-3.8333672232532003,-3.9768793547938315,0.002776712923689234,0.7356761461815012,52.65501135302439,42.830036312976034,60.84632469517393,4.743171702128677,1572.359,169,1.803293208821389,False,False,False,True,B0031_p1,0,4174.516,3963.687,9888.75,0.400827910504361,1.8719646938496877,1.652576773656181,2617.0038054614324,58.365138041230786,0.0,5.83457228526825,3.915,43.0,0.0,9.655011353024392,17.846324695173927,0.988639832427187,1.0159438150838935,0.9786092971787681,0.9077555830717575,0.8799432878515526,0.9478580098054963,1.056476809643936,0.9261766590798779,0.9441340782122905,1.0072764006597796,1.0130776419106537,0.9890517077889567,1.0,1.0,0.0,1.0117091743606315,1.0,1.0127002934539442,1.013943522019943
B0031,3,1,43.0,1.8328583629543174,1.8044387333514835,1.0157498445791222,3.410655663961355,2.4703791051999655,4.206499027366964,0.2375574818582882,-3.8451016770532584,-3.977675278876834,0.0013441287397587707,0.7058813577292086,53.97231092767106,44.29462858436861,61.81769411336386,4.474882374701079,1723.281,184,1.8044387333514835,False,False,False,True,B0031_p1,0,4140.062000000001,3858.4529999999995,9764.735,0.3951415988247504,1.8560732808966314,1.6390924653526608,2598.0989962112285,59.20179458441557,0.0,5.823275809257341,3.915,43.0,0.0,10.97231092767106,18.817694113363864,0.9996868024170026,1.0061453198479167,0.9999896291602502,0.9914734927804458,1.0,0.999449600748612,0.9967190208683324,1.015075208165458,1.0279329608938548,1.0,1.0048113686114692,0.9750206083311809,0.9980638724728064,1.0,0.0,1.003120610521269,0.9734504767909271,1.0,1.0055750284969396
B0031,5,2,43.0,1.8139835002945137,1.8044387333514835,1.0052896043332555,3.411724207737072,2.432998201540817,4.206542652746716,0.2414848439345273,-3.8650342644443447,-3.9778181212183674,0.001388631365358068,0.651360474580357,53.99108510894419,44.34086545841149,61.82805706187581,4.4896127002799675,1705.906,181,1.803293208821389,False,False,False,True,B0031_p1,0,4117.108999999994,3960.7660000000033,9742.437999999995,0.40654772450181415,1.8502992176904107,1.6312439494167876,2585.76456163092,59.651218201320575,0.0,5.85076346544606,3.915,43.0,0.0,10.99108510894419,18.82805706187581,1.0,0.9909206844107197,1.0,1.0078647904347333,1.0017110507892903,1.0,1.0,1.0048407010004192,1.011173184357542,0.9952525155514491,1.0,1.0031654749547656,1.0027750414916774,1.0,0.0,1.0,0.9992630598732956,0.997716579098152,1.0
B0031,7,3,43.0,1.8044387333514835,1.8044387333514835,1.0,3.414079984476593,2.455290559392926,4.206636701109276,0.23960043671171902,-3.863745544431601,-3.977299190367607,0.0012237431001445548,0.6548486442885432,53.996608338848425,44.358531698383615,61.95644236061217,4.496166419635264,1697.688,179,1.802147684291295,False,False,False,True,B0031_p1,0,4101.093999999999,3979.9060000000004,9674.14,0.41139636184715134,1.8401666624704784,1.623169048416371,2572.5670330982152,59.63906612785275,0.0,5.706829423703935,3.915,43.0,0.0,10.996608338848425,18.956442360612172,1.000690494481992,1.0,1.000022357639117,1.0,1.0022144296983135,1.006818828852836,1.0014597516072796,1.0,1.0,0.9901728289991081,0.9950498507575746,1.015129594521242,0.9781058738638214,1.0,0.0,0.9945238288364084,1.0040918972663584,0.9907222264608306,0.9961101345628705
B0031,9,4,43.0,1.802147684291295,1.8044387333514835,0.998730325935792,3.412679097550016,2.379788594335936,4.206755471453542,0.24672701922318055,-3.8849374979545646,-3.978022092833197,0.0019526644022268577,0.5906635848134668,53.954262670522155,44.36904249712909,62.099570509363424,4.475950999186677,1686.094,177,1.80173689420559,False,False,False,True,B0031_p1,0,4092.984,3972.1719999999996,9801.422,0.4052648687098667,1.836981932931765,1.6193880453620155,2712.842598673745,46.30084446644117,1.7815671029573963,6.2971971528900506,3.915,43.0,1.0,10.954262670522155,19.099570509363424,1.000279884819171,0.9692492748900327,1.0000505923092655,1.0297436123625936,0.9983551088491861,1.0144206832704683,0.996957042398682,0.9931707121685492,0.9888268156424581,1.0441644458620882,0.9927319858816881,1.0,1.0792902795616888,1.0,1.7815671029573963,0.9928026317952678,1.0021406836614495,1.003757091206264,0.9941403057339521
B0031,13,5,43.0,1.7715647509798835,1.8044387333514835,0.9817816023542449,3.3963237722822415,2.3704531055353044,4.172458299789621,0.24232674193593404,-3.8380587255136756,-3.9767159781784978,0.0007310241436229694,0.7231340120416078,53.973288387308486,44.30711469547115,62.03750729435005,4.559107725472326,1678.563,175,1.8013261041198854,False,False,False,True,B0031_p1,0,4165.64,3857.4530000000004,9517.672,0.4052937525058649,1.8669042299749319,1.6516594420507265,2611.485632475974,59.40376413909427,0.0,5.914531527120407,3.915,43.0,0.0,10.973288387308486,19.03750729435005,0.995486025681705,0.9654470817993135,0.9918973000464315,1.0113785486438627,1.000089084208775,1.0111243678402881,1.015479069093872,0.9887346791636625,0.9776536312849162,1.0051524735140065,1.0125152909478916,1.0000712714035396,1.0137043879041565,1.0,0.0,1.0089742308302156,0.9731981864360129,0.9746984429172937,1.0117876403078
B0031,15,6,43.0,1.8139928165779542,1.8044387333514835,1.0052947673145574,3.4200798093339357,2.479852487101495,4.2067410088524975,0.2377767699417258,-3.906047424985772,-3.9771843837683436,-0.00028470823587591326,0.5171832561580818,53.88993125496472,44.35989201809373,61.84294867967338,4.435117968766711,1677.469,174,1.8013261041198854,False,False,False,True,B0031_p1,0,4098.4529999999995,3855.1409999999996,9500.375,0.40578829783034875,1.8380050899080127,1.6234618891790045,2571.3239126891767,60.12073077625545,0.0,5.719667648076459,3.915,43.0,0.0,10.889931254964722,18.842948679673377,1.0024490847114533,1.0100036745608805,1.0000471541886429,0.9923887168361575,0.9924920398948425,1.0007909269527189,0.9878620417503144,0.9880902733600049,0.9720670391061452,0.9896943559267382,0.9952293706649055,1.001291572896877,0.9803062449869867,1.0,0.0,0.993355600183551,0.9726148911354503,0.9729270686813313,0.9954686650268442
B0031,17,7,43.0,1.8013261041198854,1.8044387333514835,0.9982750152864337,3.4200087266691894,2.4765516954388933,4.2068100656143335,0.23849749744961554,-3.905358988025778,-3.9770974674013813,0.0034950031885560436,0.5204998603595957,53.87262295937195,44.34916844771062,61.837947652588504,4.44132391682748,1666.093,172,1.7883722583933568,False,False,False,True,B0031_p1,0,4070.937,3894.734,9474.375,0.4110808364667854,1.8262108444800855,1.6116565121562547,2555.480662859661,60.13273484957272,0.0,5.651789779460202,3.915,43.0,0.0,10.872622959371952,18.837947652588504,1.002428249889991,1.0086593156824681,1.0000635707015695,0.9953967560441865,0.990914587733045,1.0005253112777484,0.9892443320446158,0.9813893954601788,0.9608938547486033,0.9835963397030995,0.9879923310872443,1.0143510286875677,0.9686725098479702,1.0,0.0,0.9869813633492247,0.9826038231575803,0.9702644260187295,0.9887853345636479
B0031,19,8,43.0,1.7883722583933568,1.8044387333514835,0.9910961371748623,3.417702003194436,2.359674470455269,4.206952621072369,0.24774265680927673,-3.9279761474648427,-3.9768622317890006,-0.0005880407744395051,0.4284825671946921,53.81893583109196,44.33299798913963,61.84646585876763,4.4207705140407345,1654.328,170,1.7856209131823229,False,False,False,True,B0031_p1,0,4065.25,3841.203,9446.969,0.4066069233422911,1.8231256105832156,1.609177790847232,2546.6412803960015,60.81356091634553,0.0,5.489582700672319,3.915,43.0,0.0,10.818935831091963,18.84646585876763,1.0017521332597188,0.9610571186485977,1.0000974596858978,1.033982492725396,0.9860216231940437,1.0009777321595807,0.9846663418795701,0.9744593824071325,0.9497206703910615,0.9801940896439023,0.9864728028095093,1.0033115493990306,0.9408714867639917,1.0,0.0,0.9853139390389443,0.9690984681686521,0.967457795833681,0.9874040254945899
B0031,21,9,43.0,1.7765401657373159,1.8044387333514835,0.9845389222152474,3.420480701190782,2.4195090802038206,4.206832562039922,0.2423295482773346,-3.9274541286439484,-3.9791104324571194,-0.0006256190501035624,0.43099178692037116,53.82033376097016,44.3479986805051,61.76013798618494,4.43047891943254,1643.812,168,1.7813634036685941,False,False,False,True,B0031_p1,0,4033.031,3850.5930000000003,9648.516,0.3990865538285888,1.8140270521391435,1.597370601389053,2694.6267292326183,46.33559313256987,1.8220295179199724,6.1126920724603435,3.915,43.0,1.0,10.820333760970158,18.760137986184937,1.0025665888918722,0.9854267841937402,1.0000689186624594,1.0113902612327004,0.9861490284314098,0.9963926667808757,0.9868287567781202,0.9682650757972017,0.9385474860335196,1.0371532159329397,0.9792346521561994,0.9847548717929927,1.04766755360874,1.0,1.8220295179199724,0.9803965946672436,0.9714674746012993,0.9880980897075035,0.979578388621726
B0031,25,10,43.0,1.7856209131823229,1.8044387333514835,0.9895713720719077,3.4123332615490005,2.3489668209281325,4.193946956737359,0.24694692964167142,-3.927239655425038,-3.978347529374349,-0.0010874786116113592,0.43094454557558537,53.821133604090825,44.31576932699988,61.91960614794014,4.457481525302493,1652.266,168,1.7765401657373159,False,False,False,True,B0031_p1,0,4100.297,3763.875,9315.61,0.404039563700069,1.8426853667764265,1.6273238380326769,2568.603652048961,60.864981570046155,0.0,5.720606376331433,3.915,43.0,0.0,10.821133604090825,18.919606147940137,1.0001785178914953,0.9566960667616129,0.997005689220545,1.0306614338052793,0.9862219249366164,1.0048623756430874,0.9928432189762223,0.9732447893841507,0.9385474860335196,0.988647336300395,0.9975968576707903,0.9969765328692358,0.9804671356588434,1.0,0.0,0.9958850704571512,0.9495893596038234,0.9540054082368851,0.9959165521243196
B0031,27,11,43.0,1.7813634036685941,1.8044387333514835,0.9872119073613376,3.420910074120946,2.3997094392914415,4.206655556995042,0.243901455948645,-3.9268971976071376,-3.9771521389968303,-0.0005179713142655227,0.43219655346650476,53.81794815350033,44.353705438737805,61.86471031425517,4.425873361782119,1648.672,167,1.7782778274549178,False,False,False,True,B0031_p1,0,4048.828,3849.7809999999995,9290.016,0.41439982449976404,1.8208132234690988,1.6052664190360162,2541.4653076668633,60.697232316954086,0.0,5.564347296082524,3.915,43.0,0.0,10.817948153500332,18.86471031425517,1.0026924410721836,0.97736271176181,1.0000268401529822,1.0179507988213763,0.9859316077362116,1.0019467357815468,0.9858029316217246,0.9711277926214946,0.9329608938547486,0.9782018742830996,0.9840750180927512,1.022540704845643,0.9536855529465257,1.0,0.0,0.9840642021898939,0.9712626148331086,0.9513843437635532,0.9834153042826911
B0031,29,12,43.0,1.7684898383971241,1.8044387333514835,0.9800775197905504,3.4216539858581876,2.4168059304515817,4.207198543313955,0.24266752290769733,-3.926457770086078,-3.977691809263504,-0.00031108791098065635,0.43487718862836305,53.80194299620242,44.33947487486351,61.77393480386064,4.431219066282664,1636.969,165,1.7765401657373159,False,False,False,True,B0031_p1,0,4019.282,3824.61,9274.812,0.41236523176965745,1.8071239734792282,1.5922114410550372,2523.7979510476835,60.61168054188811,0.0,5.559508362303247,3.915,43.0,0.0,10.80194299620242,18.77393480386064,1.002910486755816,0.984325835166792,1.0001559215301932,1.0128008372525152,0.9844729216487123,0.9971254464633655,0.9869936143949205,0.9642342998242315,0.9217877094972067,0.9714017651860467,0.9760719367721146,1.0175203024194874,0.9528561975897508,1.0,0.0,0.9766658042124262,0.9649122143095558,0.9498273122619303,0.9762389093900613
B0031,31,13,43.0,1.766505238291406,1.8044387333514835,0.9789776763494643,3.423749066677016,2.471072287476068,4.206978754188053,0.23851363263886727,-3.925817080441477,-3.977537552103438,-0.001873169665873956,0.4373421723480279,53.75880729814269,44.32818975028374,61.645390510898466,4.430395321658081,1625.187,163,1.7684898383971241,False,False,False,True,B0031_p1,0,3991.031,3810.2969999999973,9327.077999999994,0.4085199030178583,1.7940237987510221,1.5800851983610271,2507.2886654371305,60.51471520212035,0.0,5.488615165937117,3.915,43.0,0.0,10.758807298142692,18.645390510898466,1.0035245694574826,1.0064276417399023,1.0001036721786363,0.9954640981136468,0.9805415986718046,0.9902981730734597,0.9868101365139595,0.957294273152664,0.9106145251396648,0.9650473939189671,0.9686381972027843,1.0080318689314318,0.9407056588870032,1.0,0.0,0.9695857738027729,0.9613011824596638,0.9551798384697581,0.9693770555989666
B0031,33,14,43.0,1.751740527921767,1.8044387333514835,0.9707952370697357,3.4209893105313918,2.4044472636058316,4.20675228195214,0.244119038533075,-3.9255513820662964,-3.978111649265431,-0.0019110207790176733,0.4386130848293259,53.78850848662172,44.354445173178064,61.88870329111738,4.445355764313558,1622.016,162,1.766505238291406,False,False,False,True,B0031_p1,0,3976.125,3811.234,9473.437,0.4023074202108485,1.7903215166541806,1.5742417938022113,2671.180738474875,46.31838727041323,1.7992669984220484,6.100264556658482,3.915,43.0,1.0,10.788508486621723,18.88870329111738,1.0027156658129952,0.9792923507189042,1.0000498340853115,1.0188589047806815,0.983248520547681,1.0032210561632708,0.9901423710861186,0.9554264387802706,0.9050279329608939,1.0281289290247295,0.965056020201665,0.9927024306142472,1.045537574718387,1.0,1.7992669984220484,0.9675848638626698,0.9615375785222193,0.9701683660642095,0.965756553931413
B0031,37,15,43.0,1.7352349314055016,1.8044387333514835,0.9616480179310682,3.40095456627701,2.4059387688210077,4.168980783747018,0.2392682004327862,-3.852591436358121,-3.977751186219502,-0.00038177137737480354,0.6851527425207342,53.8368863785077,44.287842733511,61.98674236534618,4.531421372374137,1638.422,163,1.7649894859707393,False,False,False,True,B0031_p1,0,4101.141,3795.219,9249.172,0.4103306760864648,1.8416181971791736,1.627707772924507,2572.1099735572734,59.59127505366295,0.0,5.882854304353683,3.915,43.0,0.0,10.8368863785077,18.98674236534618,0.9968433434813874,0.9798998165886645,0.991070607836302,0.9986133736503471,0.9876576092259806,1.008428129516969,1.0093123115255715,0.9650901696896014,0.9106145251396648,0.9899969082425826,0.9978322209295888,1.0124999914074089,1.0082751599817077,1.0,0.0,0.9953083153101729,0.9574971484882636,0.9472015369592723,0.9961215503403008
B0031,39,16,43.0,1.7782778274549178,1.8044387333514835,0.9855019151312632,3.421591713831319,2.386904670931757,4.207227268504839,0.24540500508907914,-3.925749357747081,-3.97681234987642,0.0004080663527147944,0.4373141667649414,53.773379186088945,44.32034939655615,61.736554527800706,4.412789089352231,1646.438,163,1.7628373753518478,False,False,False,True,B0031_p1,0,4049.11,3817.312,9276.188,0.41151731724281565,1.8179924104773353,1.6052394549190805,2535.856573716826,60.6751102825431,0.0,5.637266647026421,3.915,43.0,0.0,10.773379186088945,18.736554527800706,1.0028922343933515,0.9721475374067021,1.0001627502237915,1.024226034213552,0.981869658735205,0.9951400968366308,0.9828885883802524,0.9698118853405338,0.9106145251396648,0.9760430905114972,0.9840584883045823,1.0154280546272199,0.9661833586773778,1.0,0.0,0.9825396849848957,0.9630709992993897,0.9499682275043818,0.9834837989472724
B0031,41,17,43.0,1.7649894859707393,1.8044387333514835,0.9781376631682734,3.420573981542695,2.3650342661568575,4.207303258469689,0.2473722961611701,-3.9249912249362797,-3.976912066880602,-0.0010155926122537079,0.4400359820496345,53.77386924606414,44.32225352667264,61.822305205835185,4.425069489468182,1634.765,161,1.762591283533551,False,False,False,True,B0031_p1,0,4019.141,3813.234,9297.734,0.41012509069414116,1.8048128663524987,1.5921623542591852,2517.8086154796797,60.787867418693075,0.0,5.561639147640253,3.915,43.0,0.0,10.773869246064137,18.822305205835185,1.0025939300092175,0.9632400764582484,1.0001808149318243,1.032436749932981,0.9819143220680638,0.999694506128714,0.985623880026943,0.9629360636347786,0.8994413407821229,0.969096489068109,0.9760418451381382,1.0119927049185058,0.9532213975106407,1.0,0.0,0.9754167591365632,0.9620421592320484,0.9521747389970132,0.9762046620577706
B0031,43,18,43.0,1.762591283533551,1.8044387333514835,0.9768086058869914,3.422624599533156,2.4186775515647607,4.207353806036226,0.24307326325060008,-3.9244475102493666,-3.9786886477737884,0.0009277629617384309,0.4429395647786454,53.754659591825344,44.3225456238234,61.702657378071684,4.42821664494481,1622.016,159,1.751740527921767,False,False,False,True,B0031_p1,0,3977.016,3729.312,9333.438,0.39956466202486157,1.7898184643521915,1.576332335073412,2498.970111792494,60.631016378627066,0.0,5.465220369017948,3.915,43.0,0.0,10.754659591825344,18.702657378071684,1.0031949803478735,0.9850881160732284,1.000192831347848,1.0144942412732723,0.9801635829242843,0.9933397437987352,0.9863248659887013,0.9554264387802706,0.888268156424581,0.9618456092076196,0.9663375828226011,0.9859346143100156,0.9366959738963418,1.0,0.0,0.9673129876724951,0.9408694480669134,0.9558311618287644,0.9659729679248245
B0031,45,19,43.0,1.744314576121582,1.8044387333514835,0.9666798566675469,3.4201177255120836,2.360775838409723,4.206667054740019,0.24770911321404301,-3.9241185399534726,-3.97903376287443,0.0002704688389542206,0.4442069947859374,53.766677549195336,44.31558221016735,61.83339482415222,4.450134662986822,1616.25,158,1.747857930947971,False,False,False,True,B0031_p1,0,3964.2810000000004,3847.4850000000006,9377.641000000003,0.4102828205942197,1.7847571778765545,1.5696315031992576,2659.2301262935175,46.33613251819791,1.8268370270448244,6.202004387472914,3.915,43.0,1.0,10.766677549195336,18.833394824152222,1.0024601982059327,0.9615056879432746,1.0000295734534443,1.033842494669908,0.9812588815764292,1.0002835004301756,0.9912068055913412,0.9520300549924368,0.88268156424581,1.023529176590821,0.9622297779314013,1.0123819069250373,1.0629749850100232,1.0,1.8268370270448244,0.9645775995648599,0.9706833561782251,0.9603579615831871,0.9628797780189949
B0031,49,20,43.0,1.7628373753518478,1.8044387333514835,0.9769449872524255,3.4199667649637617,2.4505597087782616,4.198651200144167,0.23946623243356968,-3.924417903030087,-3.9780140451348855,-0.0002627284743440295,0.44428458461017256,53.731744909320135,44.27500624240207,61.71886225058171,4.455551923177987,1622.218,158,1.744314576121582,False,False,False,True,B0031_p1,0,4001.516,3776.3910000000005,9200.078,0.410473802504718,1.8005118031783907,1.5869829853557884,2513.3136526838875,60.563797954159554,0.0,5.538594412156507,3.915,43.0,0.0,10.731744909320135,18.718862250581708,1.0024159506234407,0.9980732013176339,0.9981240050906423,0.9994398829985823,0.9780751730481642,0.9942004206310163,0.9924134264187519,0.9555454241297576,0.88268156424581,0.9673663922541126,0.9728667413130797,1.0128531590005163,0.94927171030873,1.0,0.0,0.9730922360902439,0.9527470256859335,0.9421738531562811,0.9719237455214341
B0031,51,21,43.0,1.747857930947971,1.8044387333514835,0.9686435447445634,3.4203305433739613,2.3428829070219703,4.207348617133544,0.24933707692159618,-3.9240126202473213,-3.9779736389102816,-6.675195362322442e-06,0.44569798490068663,53.77927288646249,44.338088141973124,61.9456150656118,4.4427146186536035,1619.656,157,1.744314576121582,False,False,False,True,B0031_p1,0,3966.609,3812.2500000000005,9216.281,0.41364298679695205,1.7875371440886787,1.572766236767204,2491.9697997004623,60.83865725763089,0.0,5.479620006666108,3.915,43.0,0.0,10.779272886462493,18.945615065611797,1.0025225765955443,0.9542181873583432,1.0001915978163924,1.0406369885777464,0.9824068017684638,1.0062437671263502,0.9895540919101018,0.954036312914976,0.8770949720670391,0.9591512114567101,0.9641514608097146,1.0206731911249955,0.9391639590277486,1.0,0.0,0.9660800410000318,0.9617939055228126,0.943833191581748,0.9634452233351135
B0031,53,22,43.0,1.7441167338864993,1.8044387333514835,0.9665702146877856,3.422863512888695,2.411955819284382,4.2072481474909695,0.2434864024340028,-3.9232971090768873,-3.9784996176795904,0.00016408495912041446,0.44854157538195083,53.77940592279519,44.36308273819081,61.68681561807962,4.459226062383543,1605.484,155,1.7441167338864993,False,False,False,True,B0031_p1,0,3935.953,3817.844,9244.75,0.41297428270099246,1.7727125637262922,1.5587891455030858,2473.0365065675146,60.646311993263,0.0,5.428394616074866,3.915,43.0,0.0,10.779405922795192,18.68681561807962,1.0032650075074536,0.9823504635967572,1.0001677136790217,1.016218525206443,0.9824189265007628,0.9924983526801507,0.9932317908191658,0.9456884892866062,0.8659217877094972,0.9518638474414983,0.9555830972187781,1.0190231490226827,0.9303843282190634,1.0,0.0,0.9580680501713857,0.9632052177682042,0.9467486828879637,0.9559992217840251
B0031,55,23,43.0,1.7268422932817387,1.8044387333514835,0.9569969106539734,3.4198002859215846,2.3413222526109294,4.207149488755062,0.24952110311648557,-3.92291737914847,-3.978808047093823,0.001292763200131917,0.4498440540726831,53.7498055148608,44.350792998541806,61.72142337926525,4.445923216095667,1600.75,154,1.7394245516699778,False,False,False,True,B0031_p1,0,3929.625,3869.984,9233.563,0.4191214160774124,1.7681036443282498,1.554836927399263,2463.2254875957815,60.74711513496493,0.0,5.2796921608351655,3.915,43.0,0.0,10.749805514860803,18.721423379265246,1.0023671544628954,0.9535825581432711,1.0001442600392865,1.041405043083051,0.9797211896129264,0.9943364478735046,0.9902687632317202,0.9428999910466469,0.8603351955307262,0.9480876175957378,0.95316027253628,1.0341913361788724,0.9048978918584821,1.0,0.0,0.9555771452658562,0.9763596368734464,0.9456030296777127,0.9544622209419293
B0031,57,24,43.0,1.7203093493042265,1.8044387333514835,0.9533764253159215,3.4194705619732524,2.328244465576847,4.2072173595407625,0.2502135177343609,-3.9226738819129343,-3.9775428897202,0.001472605857913956,0.4513858257324389,53.75572683773813,44.33360202803315,61.922368397426354,4.465784973664955,1595.0,153,1.7367384416372014,False,False,False,True,B0031_p1,0,3903.9219999999946,3852.9679999999935,9306.797000000006,0.41399506188863805,1.760773989465572,1.5447369728112577,2632.0468536183157,46.38562699306963,1.8584552405034458,5.968441016855924,3.915,43.0,1.0,10.75572683773813,18.922368397426354,1.002270510089477,0.9482561877126708,1.000160394616136,1.0442949151858654,0.9802608501198479,1.005009084858868,0.9946926988571806,0.9395130318409507,0.8547486033519553,1.0130664218171028,0.946968706528255,1.0215419441773064,1.022944052287377,1.0,1.8584552405034458,0.9516158103679111,0.9720666641942196,0.9531028747835968,0.9482192480208808
B0031,61,25,43.0,1.7394245516699778,1.8044387333514835,0.9639698591701413,3.4145994489347062,2.318164845471509,4.196145238330935,0.2499621649172745,-3.9229572377699213,-3.9805743604314343,-0.00033744302510461553,0.4497117288117621,53.7542876562008,44.308176124250195,61.875049319197814,4.4613794652582905,1612.422,154,1.7268422932817387,False,False,False,True,B0031_p1,0,3992.985,3784.4840000000004,9228.125,0.4101032441584829,1.79481458692359,1.582367236028205,2501.7453689585154,60.98931112546895,0.0,5.514808013451917,3.915,43.0,0.0,10.754287656200802,18.875049319197814,1.000842753113254,0.9441509220174246,0.9975282755283625,1.0432458652737033,0.9801296852679935,1.0024958633366985,0.9937114319415756,0.9497752237160184,0.8603351955307262,0.962913796820974,0.9700371526858032,1.0119387981100332,0.9451949078386247,1.0,0.0,0.9700131577442497,0.9547888115282566,0.9450461277238962,0.9698516604734064
B0031,63,26,43.0,1.7367384416372014,1.8044387333514835,0.9624812466818762,3.4248774653161553,2.4548236850102603,4.2069462617112805,0.24006075503282026,-3.922700094183036,-3.979162923764102,-0.00010401984862474699,0.4528817383656795,53.711431807207,44.31984957720723,61.49120341342234,4.428087647366238,1598.969,152,1.7203093493042265,False,False,False,True,B0031_p1,0,3922.328,3816.062,9122.188,0.4183274889752327,1.765153107713461,1.552352447777616,2462.623770817948,60.48175727678722,0.0,5.340111032694242,3.915,43.0,0.0,10.711431807207,18.49120341342234,1.0038553109155934,0.999809849640451,1.0000959479073155,1.001921191494551,0.9762238673162141,0.9821089532846408,0.9862961335373331,0.9418509172474565,0.8491620111731844,0.9478560187310636,0.9516372142453755,1.0322323035474306,0.915253213363647,1.0,0.0,0.9539825185230142,0.9627556363557466,0.9341971901951256,0.9526898607736656
B0031,65,27,43.0,1.716963468448543,1.8044387333514835,0.9515221751306192,3.420974185160828,2.3584309858697914,4.207372373768093,0.2479352694155544,-3.9220779649294735,-3.978306860506898,-0.0012343201163544065,0.45420958748918727,53.69342764953342,44.31789791986238,61.70751319442212,4.4528429304938895,1592.187,151,1.716963468448543,False,False,False,True,B0031_p1,0,3899.765,3796.0619999999994,9176.562999999995,0.413669257215365,1.7572841512197581,1.5434976510688603,2448.2322266096053,60.67514289216621,0.0,5.353930697951173,3.915,43.0,0.0,10.693427649533419,18.70751319442212,1.0027112324621021,0.9605506675563957,1.000197245360352,1.0347863836069031,0.9745829953255949,0.9935976470085288,0.9918100352433997,0.9378560724938857,0.8435754189944135,0.9423167593612977,0.9462089662436456,1.0207380139617162,0.9176217957688773,1.0,0.0,0.9497297163716275,0.9577098292574564,0.9397656976866238,0.9472095589405103
B0031,67,28,43.0,1.7127773558366357,1.8044387333514835,0.9492022777938267,3.4245085053170605,2.4660401403368404,4.206841499612997,0.23942500939927955,-3.9213702793706045,-3.977319747335911,0.0023885964497716784,0.4574671448339746,53.61958378565316,44.28877858426322,61.49432037699378,4.424567304026755,1577.484,149,1.713732696207521,False,False,False,True,B0031_p1,0,3850.297,3849.609,9170.625,0.4197760785115518,1.742520293754051,1.5254297328696824,2429.178185461842,60.381441147122665,0.0,5.373619613566264,3.915,43.0,0.0,10.619583785653163,18.494320376993777,1.0037471661838893,1.004378129872569,1.0000710433462705,0.999267833920309,0.9678529760646543,0.9822745021546698,0.9855120250686308,0.9291954705458245,0.8324022346368715,0.9349829198210995,0.9351328067240117,1.0358067301710128,0.9209963217242423,1.0,0.0,0.9417505434224351,0.9712192208920634,0.9391575910662193,0.9351943317507517
B0031,69,29,43.0,1.7061083466554066,1.8044387333514835,0.9455063866239213,3.4232173747975634,2.442554361335084,4.207073830058116,0.24145035865262604,-3.9210732675731483,-3.978351078081253,-0.0007856884123706902,0.4587734339468889,53.633628437869824,44.302021606946646,61.505904797603456,4.434836981667208,1571.547,148,1.7127773558366357,False,False,False,True,B0031_p1,0,3835.75,3848.1249999999995,9317.781,0.41298727669173585,1.7343911115774295,1.517272793088262,2592.6924118794127,46.29669299942234,1.8387924523552215,5.857201242732909,3.915,43.0,1.0,10.633628437869824,18.505904797603456,1.0033687268843205,0.9948127532160629,1.0001262740818884,1.0077208621415528,0.9691329846525664,0.9828897765067502,0.9877994557059802,0.9256983615363953,0.8268156424581006,0.9979190229703717,0.9301323653220149,1.0190552119813714,1.0038784261053368,1.0,1.8387924523552215,0.9373571014867204,0.9708448220053701,0.9542277388992123,0.9316610271916546
B0031,73,30,43.0,1.713732696207521,1.8044387333514835,0.9497317168671672,3.4217612690112014,2.455972935605985,4.202288246181564,0.23979863548008903,-3.9208447863377685,-3.977915936469046,0.0006476350430282945,0.4589196598908102,53.64298219337473,44.25632742061698,61.58650298757853,4.459580607632521,1578.484,148,1.7093475797926974,False,False,False,True,B0031_p1,0,3877.828,3849.563,9136.687,0.42133029182240783,1.7477378410696922,1.533833304775396,2436.224425100315,60.56611843267715,0.0,5.2636483446211315,3.915,43.0,0.0,10.642982193374728,18.586502987578527,1.0029419321911681,1.0002779207578707,0.9989886215554301,1.0008272053719522,0.9699854719331915,0.9871705256945287,0.9933107609381153,0.9297845069294239,0.8268156424581006,0.9376949949378476,0.9402844407936541,1.039641785787365,0.9021481073962101,1.0,0.0,0.9445703831898399,0.9712076155357373,0.9356820231168587,0.9418813055471705
B0031,75,31,43.0,1.7093475797926974,1.8044387333514835,0.9473015338225598,3.4200957312475437,2.3451886335989784,4.2068098855652165,0.24926698390025231,-3.9207501433470915,-3.979004823352766,-0.0005359838169886397,0.46039866668811585,53.640194623026446,44.29229687154297,61.668030365099106,4.4419744809189,1574.469,147,1.7061083466554066,False,False,False,True,B0031_p1,0,3856.063,3836.125,9163.844,0.4186152666937587,1.7380364927760728,1.5243354092016297,2417.128155353999,60.651647448028434,0.0,5.224200979563937,3.915,43.0,0.0,10.640194623026446,18.668030365099106,1.0024537515346308,0.9551572723754657,1.0000635278994083,1.0403444472856442,0.9697314169427107,0.9915006261001441,0.9893892363236373,0.9274195258492727,0.8212290502793296,0.9303449017450309,0.9344619544775136,1.0329424014136535,0.8953871379320395,1.0,0.0,0.9393272591584041,0.9678173377463962,0.9384631533779461,0.9365948290414478
B0031,77,32,43.0,1.6901000454115587,1.8044387333514835,0.9366347630281925,3.418207639268387,2.3048157078228537,4.207132897125494,0.25252984643799004,-3.9202672088226542,-3.9789940224296374,-0.002785939291192321,0.46165690402387893,53.65373339276206,44.27297575844494,61.83745125268187,4.466929037648206,1568.281,146,1.6957069027070075,False,False,False,True,B0031_p1,0,3823.016,3860.5620000000004,9143.156,0.4222351669379807,1.7317555289103137,1.514151817716868,2404.843179945633,60.79231447892265,0.0,5.107929643420931,3.915,43.0,0.0,10.653733392762057,18.837451252681873,1.0019003386957868,0.9387140348850291,1.0001403157955364,1.0539623796338373,0.9709653201582555,1.0004989463742961,0.9949475235067944,0.9237745687075598,0.8156424581005587,0.925616453973687,0.9282191166184659,1.041874585088359,0.8754591414212104,1.0,0.0,0.9359326925900848,0.973982557149442,0.9363445090931808,0.9285680801747065
B0031,79,33,43.0,1.6946883343387664,1.8044387333514835,0.9391775420333216,3.4190055604969225,2.327904771892418,4.207018144824621,0.250087347308428,-3.919741625648533,-3.977360849056161,-0.000803782731406179,0.46338239288956484,53.65355338521763,44.29374100507224,61.7791359328034,4.4687000652633175,1561.422,145,1.6946883343387664,False,False,False,True,B0031_p1,0,3811.875,3851.9529999999995,9074.094,0.42450001068977244,1.7243157717312592,1.5077865474663537,2393.921993201653,60.78236705462075,0.0,5.066365870364855,3.915,43.0,0.0,10.653553385217627,18.7791359328034,1.0021342149354682,0.9481178359876055,1.0001130363144173,1.0437683283913484,0.9709489145400028,0.9974016899932033,0.9953419957549243,0.919734368152452,0.8100558659217877,0.9214129241005351,0.9243170207653042,1.0474631369877667,0.8683354361993176,1.0,0.0,0.93191185255085,0.9718105894839829,0.9292719157253114,0.9258620551459787
B0031,81,34,43.0,1.687010991299212,1.8044387333514835,0.9349228433851192,3.4200180230564365,2.3672431402232186,4.206967994384534,0.2470860360486735,-3.9196997597664827,-3.98157731389867,-0.0021179755950894007,0.4648516404500312,53.647830742878845,44.29685687451413,61.63755727730526,4.471578549619915,1554.234,144,1.6901000454115587,False,False,False,True,B0031_p1,0,3796.0779999999945,3902.2339999999967,9387.891000000003,0.41566673494611256,1.7165754676349547,1.4992500166392355,2559.1986071024335,46.34262063933709,1.8558173657930013,5.889876218072363,3.915,43.0,1.0,10.647830742878845,18.637557277305262,1.0024309747254938,0.9641397150195221,1.0001011143052456,1.031242010405686,0.9704273614800772,0.989882132609621,0.9959831388888115,0.9155003746271398,0.8044692737430168,0.9850273645594249,0.9190838790085668,1.0256668343085338,1.0094786610054949,1.0,1.8558173657930013,0.9277285809900664,0.9844960008194382,0.9614076572482513,0.9220251394850124
B0031,85,35,43.0,1.6957069027070075,1.8044387333514835,0.9397420213638829,3.41552953622903,2.32931910043758,4.198742074510769,0.24925617916495926,-3.919678832661814,-3.978371819312698,-0.00013831878756091233,0.463453121358229,53.654715008055895,44.240407412762536,61.76541153453152,4.495496567436377,1573.734,145,1.6888984675135619,False,False,False,True,B0031_p1,0,3871.172,3779.484,9124.89,0.41419502043312306,1.7474830150357863,1.5326567263171123,2431.334627301963,60.78336718775067,0.0,5.259797900506359,3.915,43.0,0.0,10.654715008055895,18.765411534531523,1.0011153681423979,0.9486938690521041,0.9981456081918358,1.040299352479302,0.971054783107338,0.9966727566663723,1.0013105511653695,0.926986584107327,0.8100558659217877,0.9358129273932765,0.9395631639676439,1.0220353462950906,0.9014881714272112,1.0,0.0,0.9444326616627109,0.9535273597536839,0.9344739002133697,0.9402646371519446
B0031,87,36,43.0,1.687696889615565,1.8044387333514835,0.9353029606502142,3.4189014427486333,2.3136169782429055,4.206906802432806,0.25135915544880433,-3.9194105864839486,-3.9792781650234965,0.0004421767681534127,0.46518559396202686,53.66098543950281,44.277682069015725,61.71412204720752,4.47760964141225,1566.578,144,1.687696889615565,False,False,False,True,B0031_p1,0,3831.703,3814.0780000000004,9101.484,0.41906111135283,1.7298153276121981,1.5151469815694332,2401.6412601995644,60.73677888146221,0.0,5.121527267091278,3.915,43.0,0.0,10.66098543950281,18.714122047207518,1.002103697302169,0.9422986494987178,1.0000865674536432,1.0490763660469997,0.9716262608469179,0.9939486578836116,0.9973264823339952,0.9227714397462902,0.8044692737430168,0.9243840452969053,0.9288291810131389,1.0340425329411913,0.877789667637276,1.0,0.0,0.9348841047295023,0.9622550922915963,0.9320769073610292,0.9306780558882471
B0031,89,37,43.0,1.6819617127259294,1.8044387333514835,0.9321245890138532,3.4233537843227144,2.464103908062826,4.20664698001037,0.24000927236772238,-3.9186527397651205,-3.979799695817293,0.0004194401026205966,0.46827760409978825,53.59867010741405,44.26325414571517,61.46370523914892,4.470293554955565,1550.047,142,1.6873539404573885,False,False,False,True,B0031_p1,0,3786.469,3849.484,9133.031,0.42149030261695153,1.7115003561122037,1.4963769957917188,2375.8613565005944,60.42573083160793,0.0,5.073196642756875,3.915,43.0,0.0,10.598670107414051,18.463705239148922,1.003408709461119,1.003589533888844,1.000024801190019,1.0017063226662448,0.9659469347232291,0.9806484640698986,0.9956969238519844,0.9130340792890095,0.7932960893854749,0.914461442756908,0.917322633642082,1.0400366159512848,0.8695061770965153,1.0,0.0,0.9249857210924732,0.9711876845976991,0.9353076145947637,0.9196912202227353
B0031,91,38,43.0,1.6750033888978846,1.8044387333514835,0.9282683628647277,3.4227287920309317,2.450218643464606,4.206935457661614,0.2411851497756468,-3.9185184747583235,-3.978467204430153,0.001218907102783235,0.46998149266076406,53.628910349751585,44.29498234288963,61.45868723262231,4.462652690502544,1543.64,141,1.687010991299212,False,False,False,True,B0031_p1,0,3764.235,3842.891,9029.031,0.4256149967809391,1.7042295856717429,1.487993401707715,2364.0362920507773,60.38852452289778,0.0,5.18540509565003,3.915,43.0,0.0,10.628910349751585,18.45868723262231,1.003225519890765,0.9979342909502434,1.000093379515513,1.0066139823686318,0.9687029851611794,0.9803819465790008,0.9939950255005867,0.9092601231792885,0.7877094972067039,0.9099100132436133,0.9121832465583775,1.0502143897541765,0.8887378272341735,1.0,0.0,0.9210562104647076,0.9695243342877478,0.924657043944357,0.9142908288315916
B0031,93,39,43.0,1.6672987794846676,1.8044387333514835,0.9239985534936405,3.422760457985402,2.4650879684691613,4.207096999865798,0.24032728010684978,-3.918145386509849,-3.9775318525247547,0.0010226274780877642,0.4716606612624063,53.61379694880726,44.27909841111377,61.44540062417477,4.456850040131781,1536.781,140,1.6844863520125708,False,False,False,True,B0031_p1,0,,,,,,,,,,,,,,10.613796948807263,18.445400624174773,1.0032348014013859,1.0039903257228577,1.0001317821224802,1.003033564567352,0.9673255724134046,0.9796762652437535,0.9927025642665918,0.9052199226241806,0.7821229050279329,,,,,,,,,,
B0032,1,0,43.0,1.7048641073512139,1.8654947184112376,0.9138938269432219,3.31356881404843,2.62709691854036,4.087016142066692,0.20452766863624255,-3.895034492956119,-3.994111633376854,-0.00023507909736742707,0.6062495623875361,52.14812251926887,43.25683175903665,59.47600707924567,4.149810269578739,1572.359,169,1.8591172676565222,False,False,False,True,B0032_p1,0,4121.688,5785.531,9888.75,0.585061913790924,1.9368675541291653,1.6387029872037626,2619.6080814451684,57.06170278543699,0.0,22.69837204994978,4.1850000000000005,43.0,0.0,9.148122519268867,16.47600707924567,0.9855749906358918,1.0,0.9759252516417068,0.911198306513195,0.8660079026672426,0.9529282678935275,1.0226113912761707,0.9261766590798779,0.9441340782122905,1.0162792104981682,1.0312530300230511,0.9946186395798626,4.005159738361384,1.0554854981084492,0.0,1.027940614664932,1.0052177916775258,1.0127002934539442,1.0255228211028862
B0032,3,1,43.0,1.8940319526948572,1.8654947184112376,1.0152974082434947,3.360932103985418,2.6672646952717707,4.187844886919987,0.22169521731322211,-3.9466385151298375,-3.993584927278223,0.0015127124644952277,0.4138555899936466,53.49862731805315,44.37911850231533,60.121290886265,3.9556294142601036,1723.281,184,1.8527398169018068,False,False,False,True,B0032_p1,0,4051.562,5704.766,9764.735,0.5842212819907554,1.9032959109356926,1.6088135583187149,2577.646038986734,58.36103373055558,0.0,5.667282588643088,3.965,43.0,0.0,10.498627318053153,17.121290886265,0.9996625429565873,1.0152897962948881,1.0000018186953203,0.9876820477387803,0.9938535700021285,0.9902497607506928,0.9747606362495452,1.015075208165458,1.0279329608938548,1.0,1.0124432979702889,0.9931895462860373,1.0,1.0,0.0,1.0101233635751299,0.9911851272695682,1.0,1.0080746752576255
B0032,5,2,43.0,1.8747686491853095,1.8654947184112376,1.0049712983277541,3.362818742242725,2.653980741191812,4.187701456265651,0.2244601061857667,-3.9459503925460986,-3.994420868734206,0.0012837813797894058,0.4170285831915816,53.56355547229223,44.42491231836779,60.28987126771494,3.998326922288966,1705.906,181,1.8484571069528364,False,False,False,True,B0032_p1,0,3987.7499999999973,5755.5,9742.437999999995,0.5907658842683939,1.8842212541242063,1.5881883705970352,2548.2070642358503,58.50851345394927,0.0,5.547173375809305,3.965,43.0,0.0,10.56355547229223,17.289871267714943,1.000223697285085,1.0102332816356043,0.9999675693572799,1.0,1.0,1.0,0.9852823120016883,1.0048407010004192,1.011173184357542,0.988579124400472,0.9994636503472192,1.0043155198976135,0.978806560118517,1.0,0.0,1.0,1.0,0.997716579098152,0.9921975243766709
B0032,7,3,43.0,1.8654947184112376,1.8654947184112376,1.0,3.3620666570592657,2.614778884516638,4.187956631748198,0.22782841501899884,-3.945374357087773,-3.992737735565066,0.0017161804656120666,0.4193285186350442,53.636497641934646,44.42345633074317,60.570618627724706,4.058052066484388,1697.688,179,1.844174397003866,False,False,False,True,B0032_p1,0,4019.109,5690.594,9674.14,0.5882273773172603,1.8743159149795274,1.5890406519989895,2532.6107715231815,58.7263855829587,0.0,5.564752465373473,3.965,43.0,0.0,10.636497641934646,17.570618627724706,1.0,0.995311161176891,1.000028501878308,1.0150062694456914,1.0069050775407713,1.0162376778671567,1.0,1.0,1.0,0.982528529215262,1.0,1.0,0.9819084152473568,1.0,0.0,0.994743006362444,0.9887227868994874,0.9907222264608306,1.0
B0032,9,4,43.0,1.8527398169018068,1.8654947184112376,0.9931627244057311,3.362352506750974,2.611753951946988,4.187837270519941,0.22830155899768806,-3.9451013111259323,-3.9948661162805594,0.00040717823626788244,0.42177585735885026,53.66821955000141,44.41711926456754,60.444872622429784,4.070546872621435,1686.094,177,1.8435991223775705,False,False,False,True,B0032_p1,0,3970.5,5857.703,9801.422,0.5976380774136651,1.8618005721199906,1.5729555369056767,2631.9716960925994,46.28170259947119,1.7845358281053407,5.946351739943374,3.925,43.0,1.0,10.66821955000141,17.444872622429784,1.0000850220179627,0.9941597257089789,1.0,1.0171141895867326,1.0099080350345782,1.0089648645912288,1.003079015727827,0.9931707121685492,0.9888268156424581,1.0210756854448568,0.9898774678463524,1.015998405479399,1.049242145055467,0.9899117276166456,1.7845358281053407,0.9881008231092071,1.0177574493962298,1.003757091206264,0.9879055283148579
B0032,13,5,43.0,1.844174397003866,1.8654947184112376,0.9885712239241667,3.3539141264171213,2.6899647104301128,4.176580463554566,0.22378066726755516,-3.9441329415172497,-3.9943122416105044,0.001708441430192,0.4241674436388373,53.78514931831166,44.37941292443623,60.80514996345169,4.141305888228838,1678.563,175,1.8430238477512753,False,False,False,True,B0032_p1,0,3991.671,5546.296,9517.672,0.5827366187866109,1.8646440105301212,1.5783308577468917,2540.7705365337197,58.93524793840084,0.0,5.626012978587384,3.965,43.0,0.0,10.78514931831166,17.80514996345169,0.997575143067129,1.023930518682456,0.9973120237874054,0.9969730081226584,1.0209772028556732,1.0298023442603021,1.0205157105873646,0.9887346791636625,0.9776536312849162,0.985694117076094,0.9932602138034512,0.9906655848701038,0.9927179191419877,1.0,0.0,0.989609901941593,0.9636514638172183,0.9746984429172937,0.9931731137423743
B0032,15,6,43.0,1.8430238477512753,1.8654947184112376,0.9879544710375273,3.359881578137895,2.6352220172441965,4.187717629562103,0.22853511348026836,-3.944073053011351,-3.994189778619774,0.0009693359917359237,0.42521020330651255,53.80370465565283,44.42226254081613,60.791314861400984,4.1235421161859485,1677.469,174,1.8430238477512753,False,False,False,True,B0032_p1,0,3929.922,5561.656000000001,9500.375,0.5854143652224255,1.8513529484630546,1.5591095754119775,2504.2690121616015,58.998388286481074,0.0,5.530205799515447,3.965,43.0,0.0,10.80370465565283,17.791314861400984,0.999350078643806,1.003092805083244,0.9999714313259782,1.0181547062582654,1.0227337456588836,1.0290021588895446,1.0161382970520378,0.9880902733600049,0.9720670391061452,0.9715333192706409,0.9811640586102318,0.9952178150774551,0.9758126073680647,1.0,0.0,0.9825560264808556,0.9663202154460951,0.9729270686813313,0.9778092607092767
B0032,17,7,43.0,1.8302818174911863,1.8654947184112376,0.9811240950872053,3.358862190732693,2.616116680441599,4.1875582845369195,0.229729401496559,-3.943421894744355,-3.992661318532081,0.0012858070277202214,0.42769998890023836,53.860865202701575,44.39808687756001,60.824534439051064,4.172830103671871,1666.093,172,1.8302818174911863,False,False,False,True,B0032_p1,0,3912.609,5566.2660000000005,9474.375,0.5875074609143084,1.8393623914713373,1.5507715037071002,2483.268352734919,59.1684485684811,0.0,5.653662772702731,3.965,43.0,0.0,10.860865202701575,17.824534439051064,0.9990468760279204,0.9958203909337072,0.9999333818472401,1.023475420199754,1.028144854371161,1.0309234905834428,1.0282840228038077,0.9813893954601788,0.9608938547486033,0.9633860953659431,0.9759168223646467,0.9987761256433946,0.9975967642821181,1.0,0.0,0.9761923592812248,0.9671211884284598,0.9702644260187295,0.9735015895314111
B0032,19,8,43.0,1.8173838456081814,1.8654947184112376,0.9742101264998326,3.3601097902247443,2.6377575512804055,4.1878149871796655,0.228214349516288,-3.9431707154426756,-3.9925014219671766,-0.0031257014604457478,0.4298702526473072,53.86937461780675,44.397132148523106,60.93844327722512,4.179658209186296,1654.328,170,1.8173838456081814,False,False,False,True,B0032_p1,0,3871.547,5566.281000000001,9446.969,0.5892134291961794,1.8263561317557597,1.5347230512582803,2464.1200077887693,59.1424747474419,0.0,5.597962576269747,3.965,43.0,0.0,10.869374617806749,17.93844327722512,0.9994179571572703,1.0040579518269042,0.9999946790338698,1.0167256596030219,1.0289503989747268,1.0375116737116048,1.0299666294837018,0.9744593824071325,0.9497206703910615,0.9559574784586826,0.9658173623988925,1.0016763107548925,0.9877683861199626,1.0,0.0,0.9692896350458893,0.9671237946312224,0.967457795833681,0.9632848972247332
B0032,21,9,43.0,1.8057992981104682,1.8654947184112376,0.9680002201498542,3.3601434422461938,2.6425811435343314,4.1878814798124315,0.22814223515820833,-3.9427909793014866,-3.994253875500499,0.0013400939842073787,0.43262966690585064,53.919241142689074,44.42440180577051,61.056928797496845,4.202638094863233,1643.812,168,1.8149829605049186,False,False,False,True,B0032_p1,0,3849.891,5813.6720000000005,9648.516,0.6025457179114385,1.8051421531289327,1.5198796202738392,2559.586446424396,46.368890123929816,1.8661666381493944,5.836683477196629,3.925,43.0,1.0,10.919241142689074,18.056928797496845,0.9994279664833433,1.0058940440623616,1.0000105565927315,1.01640438042649,1.0336710183734816,1.0443645599151576,1.0356294167768292,0.9682650757972017,0.9385474860335196,0.99299376551738,0.9564762351182478,1.0243415066117463,1.0298910255318854,0.9899117276166456,1.8661666381493944,0.9580308836755852,1.0101072018069672,0.9880980897075035,0.9578966382847542
B0032,25,10,43.0,1.8149829605049186,1.8654947184112376,0.9729231300374103,3.355149818972587,2.6868552360676885,4.180429711622443,0.225200327440381,-3.942681377393959,-3.993279981032099,-0.0014889906843565941,0.4325705469344236,54.04736439027926,44.403748475386195,61.26264235870029,4.276230082557914,1652.266,168,1.8057992981104682,False,False,False,True,B0032_p1,0,3878.282,5473.9529999999995,9315.61,0.5876107952136252,1.8181017419353256,1.5331635201594225,2482.21583568049,59.364637199660656,0.0,5.556710735848663,3.965,43.0,0.0,11.047364390279263,18.26264235870029,0.9979426826436782,1.0227469025240723,0.9982311731762734,1.0032977853712752,1.0457998179927246,1.0562624831569327,1.0537642229569866,0.9732447893841507,0.9385474860335196,0.9629777704685328,0.964835933071143,0.9989517963165077,0.9804894407390228,1.0,0.0,0.9649088385750041,0.951082095387021,0.9540054082368851,0.9649606417740848
B0032,27,11,43.0,1.7995150369321797,1.8654947184112376,0.9646315367029021,3.3593418283288132,2.6740516269543457,4.187435297570574,0.22621676661376758,-3.9184845032163933,-3.9928213513263473,0.0016267295925668302,0.5298323872670793,54.07432799473692,44.39805639027924,61.309095933731044,4.283279898349425,1648.672,167,1.799526080374287,False,False,False,True,B0032_p1,0,3836.265,5479.749999999999,9290.016,0.5898536665598852,1.7986409070769296,1.5138072917607157,2446.053342814721,58.874000139777394,0.0,5.449977538136249,3.965,43.0,0.0,11.074327994736919,18.309095933731044,0.9991895375647204,1.0178732303641367,0.9999040141907624,1.0078261587675943,1.0483523302153734,1.0589492339320814,1.0555014642924874,0.9711277926214946,0.9329608938547486,0.9489485002278507,0.9526548549002625,1.0027647289217343,0.9616562175773083,1.0,0.0,0.9545805213374187,0.9520893058813308,0.9513843437635532,0.9545063346129702
B0032,29,12,43.0,1.7866516942518147,1.8654947184112376,0.9577361311284922,3.358629751735543,2.6712280977184064,4.187467933100937,0.22626930109723967,-3.9177419538846427,-3.9936307443005115,0.0038627008274447795,0.533363258415452,54.13198237630402,44.423423394108156,61.35860964032413,4.30877843722013,1636.969,165,1.7995150369321797,False,False,False,True,B0032_p1,0,3791.469,5502.2970000000005,9274.812,0.593251593671117,1.785581798964963,1.4987007491848459,2419.9764335908544,58.98847280250583,0.0,5.252952632363162,3.965,43.0,0.0,11.131982376304023,18.358609640324133,0.9989777402787341,1.0167984587346577,0.999911807122592,1.0080602069660238,1.053810187820072,1.0618129745479843,1.0617849072973955,0.9642342998242315,0.9217877094972067,0.938831940844035,0.9431481487270339,1.0085412827549285,0.9268908952748854,1.0,0.0,0.9476497492301713,0.9560067761271828,0.9498273122619303,0.9433605806660134
B0032,31,13,43.0,1.7735550719416031,1.8654947184112376,0.9507156758139013,3.3590704748251823,2.6834486699239664,4.187491241001438,0.225891004772022,-3.916992039332035,-3.9933041077525164,0.0030013386583011147,0.5363545753412592,54.1706485784692,44.405296432368274,61.482188769123354,4.343798786964841,1625.187,163,1.7968530684449833,False,False,False,True,B0032_p1,0,3769.109,5584.795999999999,9327.077999999994,0.5987723057532062,1.7736193087369998,1.4880342635869142,2398.3057468020334,58.95213722407075,0.0,5.308982185205712,3.965,43.0,0.0,11.170648578469198,18.482188769123354,0.9991088272364285,1.021450198881477,0.999917372740116,1.006374845893867,1.0574705275860337,1.068960461471729,1.0704147496875278,0.957294273152664,0.9106145251396648,0.9304247792473482,0.9364356171221858,1.0179266196076053,0.9367773888396902,1.0,0.0,0.9413009777142044,0.9703407175744938,0.9551798384697581,0.9377971585244391
B0032,33,14,43.0,1.769995333364443,1.8654947184112376,0.9488074749800807,3.3579238322389635,2.670098200587867,4.1874322769983605,0.22694144471512198,-3.9165301686540293,-3.9940797199332114,0.0014240302884510813,0.5379819477479437,54.230275057026425,44.433840746655626,61.558060893098116,4.368203139516428,1622.016,162,1.7866516942518147,False,False,False,True,B0032_p1,0,3739.484,5735.343999999999,9473.437,0.6054132201438611,1.7697159380069345,1.4806363195423762,2487.6739039921436,46.43490727043025,1.9421063394840843,5.742350504034016,3.925,43.0,1.0,11.230275057026425,18.558060893098116,0.9987677743355851,1.016368365302411,0.9999032929181774,1.0110546972979764,1.0631150739429516,1.0733487025870019,1.0764285593064689,0.9554264387802706,0.9050279329608939,0.9650952327690585,0.9317800131039805,1.0292163260149174,1.0132458394683477,0.9899117276166456,1.9421063394840843,0.9392293681717891,0.9964979584745025,0.9701683660642095,0.9304261218095852
B0032,37,15,43.0,1.799526080374287,1.8654947184112376,0.9646374565492561,3.346388148340216,2.6512994484308834,4.174276691190384,0.2284622597202136,-3.941133829882486,-3.9939678062045267,0.00211788380601706,0.43939862403698127,54.344649105313806,44.39020318316664,61.75555924618304,4.419028878739511,1638.422,163,1.7838265504081745,False,False,False,True,B0032_p1,0,3869.875,5384.516,9249.172,0.5821619491993445,1.817518691498333,1.5316076229526343,2478.2908551455644,59.88480251422224,0.0,5.537990233752627,3.965,43.0,0.0,11.344649105313806,18.75555924618304,0.9953366454867485,1.0092126520798366,0.9967619135000741,1.0178301329463628,1.0739423042810115,1.084771480121136,1.088953223453303,0.9650901696896014,0.9106145251396648,0.9614550708908716,0.9638567905899039,0.9896886334233906,0.977186181760275,1.0,0.0,0.9645994001607434,0.9355426982885935,0.9472015369592723,0.9628688846209447
B0032,39,16,43.0,1.7968530684449833,1.8654947184112376,0.9632045862747264,3.3534652549262995,2.6257034386294866,4.186860433427951,0.23108116515835692,-3.9168961856121998,-3.994597299462833,0.00171086722647622,0.5363401354622882,54.34024033975075,44.38622768250236,61.788148736083365,4.399576875277683,1646.438,163,1.7735550719416031,False,False,False,True,B0032_p1,0,3829.781,5436.6720000000005,9276.188,0.5860890270874201,1.8036365112859982,1.5153359855790587,2440.784801139735,59.36559655889547,0.0,5.507661512025359,3.965,43.0,0.0,11.34024033975075,18.788148736083365,0.9974416324807523,0.9994695742280998,0.9997667442575034,1.0294977093484512,1.0735249480627742,1.0866563692215643,1.0841597897705557,0.9698118853405338,0.9106145251396648,0.9469045649491896,0.9536168780029565,0.9963647556841155,0.9718346360674512,1.0,0.0,0.9572318045655078,0.9446046390409175,0.9499682275043818,0.95289304171646
B0032,41,17,43.0,1.7838265504081745,1.8654947184112376,0.956221710414374,3.3539379658636705,2.6363985091733704,4.187242083144707,0.22973665731317067,-3.9161279657117896,-3.99403993642454,0.0001165466879612154,0.5394439599218488,54.383818324015124,44.4051269140013,62.026796878552666,4.437399140874226,1634.765,161,1.769995333364443,False,False,False,True,B0032_p1,0,3796.125,5514.718999999999,9297.734,0.5931250560620468,1.7910531991687655,1.5015032235078623,2415.2390503918987,59.40752319398857,0.0,5.346572904283789,3.975,43.0,0.0,11.383818324015124,19.026796878552666,0.9975822337791764,1.0035406347468057,0.9998578771483257,1.0235077458398643,1.0776502621559958,1.1004591407271522,1.0934800904904303,0.9629360636347786,0.8994413407821229,0.9369940689534406,0.9449117753022829,1.0083261659243463,0.9434103241998232,1.0025220680958387,0.0,0.9505535484479259,0.9581650595082962,0.9521747389970132,0.9445190463856542
B0032,43,18,43.0,1.7696444491040102,1.8654947184112376,0.9486193831795681,3.352033498067153,2.6091385279000474,4.187348698823322,0.232671166462101,-3.9150746408037618,-3.996695123471853,0.001878510603219966,0.5428785299577575,54.44223460892958,44.42169542184864,62.05922080379437,4.473173426445594,1622.016,159,1.7697554297961993,False,False,False,True,B0032_p1,0,3767.797,5597.984999999999,9333.438,0.5997773810679408,1.7775860463868938,1.4885861258241444,2387.895858883995,59.593605864808254,0.0,5.314216602315257,3.965,43.0,0.0,11.442234608929581,19.059220803794368,0.9970157763020414,0.9931641689678162,0.9998833355584139,1.036581379274314,1.0831802454147272,1.1023344540096893,1.1022957204984405,0.9554264387802706,0.888268156424581,0.9263862542673512,0.9367829098340091,1.0196352706386378,0.9377010091158406,1.0,0.0,0.9434062175533218,0.9726322647902005,0.9558311618287644,0.9374707180123754
B0032,45,19,43.0,1.7512940457049684,1.8654947184112376,0.9387826341296055,3.356088193037498,2.6928273258727593,4.187458308694366,0.22555180494751262,-3.8893700702054987,-3.996085886074777,0.0009533628343327387,0.626553438030082,54.47793957059441,44.414900411879636,61.81678431928173,4.48945628227521,1616.25,158,1.7696444491040102,False,False,False,True,B0032_p1,0,3731.2499999999977,5659.530999999988,9377.641000000003,0.6035132929486197,1.758388290623905,1.47071896338486,2447.107916665921,46.50529749732045,2.008337823725455,5.703683616449785,3.925,43.0,1.0,11.477939570594408,18.81678431928173,0.9982217889674452,1.0250201684104292,0.9999095089419443,1.0048636649972997,1.0865602590624501,1.0883125749130338,1.1063082012559196,0.9520300549924368,0.88268156424581,0.949357623061339,0.925538916537294,1.0259864063129367,1.0064230126585962,0.9899117276166456,2.008337823725455,0.9332175225043893,0.9833256884718944,0.9603579615831871,0.9283774090227456
B0032,49,20,43.0,1.7697554297961993,1.8654947184112376,0.9486788744721961,3.3485978246821815,2.6580053475407666,4.18032452902128,0.2289008129164992,-3.914545791564823,-3.9941183811183705,0.002640804918085652,0.5446731369929253,54.522884319691855,44.37973715309972,62.13034562682843,4.529287532828512,1622.218,158,1.7547726933914918,False,False,False,True,B0032_p1,0,3753.062,5436.9529999999995,9200.078,0.5909681417918413,1.7805245157861542,1.4877775652551901,2402.8922639031953,59.63674278824714,0.0,5.494513439378896,3.965,43.0,0.0,11.522884319691855,19.13034562682843,0.9959938830038352,1.0117652412373044,0.998206056966075,1.0197839464936245,1.0908149580807243,1.106448123911146,1.1161235633805875,0.9555454241297576,0.88268156424581,0.9322041225054182,0.9362740741614055,1.0046593623150981,0.9695146401186326,1.0,0.0,0.9449657315397121,0.9446534619060029,0.9421738531562811,0.9338044825358058
B0032,51,21,43.0,1.7547726933914918,1.8654947184112376,0.9406473661238542,3.350888760453381,2.622656733898926,4.187278944270903,0.23149812931054553,-3.88872960338246,-3.99420296582248,0.00027940867379329083,0.6284546357773587,54.63737439274004,44.435051057028076,62.20855323363066,4.553502479377023,1619.656,157,1.7512940457049684,False,False,False,True,B0032_p1,0,3746.594,5499.5,9216.281,0.5967157468397501,1.7621827862094044,1.4773100044996432,2369.703214304568,59.258447796188655,0.0,5.2479706967660364,3.975,43.0,0.0,11.637374392740043,19.20855323363066,0.9966752900087764,0.9983098512239507,0.9998666790963996,1.0313553407969702,1.1016531719139826,1.1109714431187487,1.1220906988810173,0.954036312914976,0.8770949720670391,0.9193284021401528,0.9296867280526834,1.014430422400948,0.9260118257174383,1.0025220680958387,0.0,0.9352313494778373,0.9555208061853879,0.943833191581748,0.9321951706211501
B0032,53,22,43.0,1.7389166355812984,1.8654947184112376,0.9321477131075769,3.351949039148667,2.6579673401898325,4.186871482774904,0.22905522079179735,-3.887437874711392,-3.9942076761239322,-0.0006333733548199719,0.6323585344261966,54.626766126568995,44.45074387838419,62.27936068413306,4.558791966111052,1605.484,155,1.7462926148815636,False,False,False,True,B0032_p1,0,3673.969,5584.656000000001,9244.75,0.6040894561778307,1.7471329325012008,1.4549290106799044,2337.627328563487,59.3085664702357,0.0,5.150644719282703,3.975,43.0,0.0,11.626766126568995,19.27936068413306,0.9969906551705764,1.0117507738034364,0.9997693826950165,1.0204718543714297,1.1006489393713625,1.1150667570401784,1.123394153505889,0.9456884892866062,0.8659217877094972,0.9068845346517795,0.9156021331799318,1.02696589698513,0.9088385198232928,1.0025220680958387,0.0,0.9272440424271062,0.9703163930153768,0.9467486828879637,0.9141252451724997
B0032,55,23,43.0,1.7337200518764075,1.8654947184112376,0.9293620800775803,3.349297591300232,2.62449780009349,4.187368946542894,0.23164163609116734,-3.8867994146602536,-3.9938232398252884,-0.0020744273359697553,0.634185003524004,54.64310926864166,44.4475889304923,62.40536913200032,4.571540971860239,1600.75,154,1.7389166355812984,False,False,False,True,B0032_p1,0,3681.297,5582.655999999999,9233.563,0.6046047446689863,1.74153257501555,1.45359461484459,2323.046113480418,59.284656159335626,0.0,5.175289821397343,3.975,43.0,0.0,11.643109268641659,19.405369132000317,0.9962020188587806,0.9990106499579338,0.9998881704453171,1.031994682829995,1.1021960644956195,1.1223547492939177,1.126535810029836,0.9428999910466469,0.8603351955307262,0.9012277397068845,0.9147623838420934,1.0278418992098235,0.9131871828252096,1.0025220680958387,0.0,0.9242718025835142,0.9699688993136998,0.9456030296777127,0.9159485348618314
B0032,57,24,43.0,1.7150972597500092,1.8654947184112376,0.9193793168230916,3.351231111091802,2.6693549937573904,4.187171328295389,0.22838174102756265,-3.8600791350059627,-3.9947546221632204,0.0012452126846412897,0.7092989864835462,54.70581681215588,44.4423253200928,62.216007793788314,4.622676531864626,1595.0,153,1.7337200518764075,False,False,False,True,B0032_p1,0,3614.875000000003,5693.875,9306.797000000006,0.6117974852143006,1.7229632331316937,1.429467572913767,2359.577149361073,46.52981437437011,1.9905940929929784,5.427753966925036,3.925,43.0,1.0,11.70581681215588,19.216007793788314,0.9967771174480694,1.0160854648790458,0.9998409818286782,1.017471411327545,1.1081322801645483,1.1114025949788309,1.1391368213442834,0.9395130318409507,0.8547486033519553,0.9153999865274819,0.8995789825235232,1.040069722705762,0.9577348371161067,0.9899117276166456,1.9905940929929784,0.914416621381619,0.989292850317088,0.9531028747835968,0.8994219863158733
B0032,61,25,43.0,1.7462926148815636,1.8654947184112376,0.9361016129645259,3.3435018088780115,2.6245992054256915,4.179483481777926,0.23188011263330344,-3.8867131837578937,-3.9935521542972516,0.0008661686052773623,0.6343682245846062,54.73634803491553,44.41306950471116,62.6157960112704,4.633316986079548,1612.422,154,1.719149261914565,False,False,False,True,B0032_p1,0,3718.063,5541.203,9228.125,0.600469001015916,1.76005054406424,1.4707796603092962,2364.4063052324414,59.44359826694643,0.0,5.251557072125302,3.975,43.0,0.0,11.73634803491553,19.615796011270398,0.9944781439290402,0.9990492497261744,0.998005226038552,1.0330571279396785,1.1110225213186495,1.134525278270788,1.1417588809040415,0.9497752237160184,0.8603351955307262,0.9172734617053486,0.9255771137504112,1.020811040374364,0.9266446467040701,1.0025220680958387,0.0,0.9340997190281237,0.9627665711058988,0.9450461277238962,0.9250963335405933
B0032,63,26,43.0,1.719149261914565,1.8654947184112376,0.9215513959635818,3.3521161040604457,2.6829848740711117,4.187057003834118,0.22819550552496431,-3.859329219112499,-3.9950865002613853,0.0017493587339206494,0.7114746219330226,54.729006905014316,44.42726286487183,62.26360588854172,4.6295042228520575,1598.969,152,1.7150972597500092,False,False,False,True,B0032_p1,0,3646.516,5502.625,9122.188,0.6032132861107444,1.7259449712981234,1.4391801208444692,2306.3329320832336,58.879234299247685,0.0,5.184487650477031,3.975,43.0,0.0,11.729006905014316,19.26360588854172,0.9970403463066603,1.0212736557742998,0.9998136826635278,1.016641707084047,1.1103275725468587,1.1141555417195206,1.140819325874923,0.9418509172474565,0.8491620111731844,0.8947438465949527,0.9056911911183657,1.025476387824434,0.9148101527293608,1.0025220680958387,0.0,0.9159990991081085,0.9560637650942576,0.9341971901951256,0.9072946267443854
B0032,65,27,43.0,1.711582246191498,1.8654947184112376,0.9174950908728274,3.3500497479561155,2.6671246169170018,4.186996418231206,0.22906533166296844,-3.858428126429743,-3.9949368262887304,0.0029029926987244646,0.7139705872476034,54.73589338579687,44.42740030389657,62.42580063958537,4.6383415823846095,1592.187,151,1.711582246191498,False,False,False,True,B0032_p1,0,3639.578,5563.921999999995,9176.562999999995,0.6063187273928157,1.719991993379357,1.4321902848659462,2287.0639330089025,58.81505419791299,0.0,5.086393484427984,3.975,43.0,0.0,11.73589338579687,19.42580063958537,0.996425737402345,1.0152364757059977,0.9997992156250545,1.0205168996640783,1.1109794819158791,1.12353645315213,1.1429970602626949,0.9378560724938857,0.8435754189944135,0.8872684218147894,0.9012924137996546,1.03075570905602,0.8975012988801419,1.0025220680958387,0.0,0.9128397154074225,0.9667139258100939,0.9397656976866238,0.9055683734877557
B0032,67,28,43.0,1.6951051195225901,1.8654947184112376,0.9086625133767406,3.346822633241171,2.6334454972272856,4.1871621368173555,0.2331580798393388,-3.8566873181204584,-3.9949029619473433,0.0030505218567754874,0.718480479454483,54.73540508711326,44.40480279768343,62.5594040849182,4.669406247322092,1577.484,149,1.7080989351250158,False,False,False,True,B0032_p1,0,3586.578,5611.5779999999995,9170.625,0.6119079124923328,1.703181212262311,1.412846265153075,2252.272505550351,59.015380236205814,0.0,5.046281104593505,3.975,43.0,0.0,11.735405087113257,19.5594040849182,0.9954658769819191,1.0024165757426464,0.9998387870256236,1.0387506439401464,1.1109332570737893,1.1312637197849538,1.1506521283664404,0.9291954705458245,0.8324022346368715,0.8737710575792298,0.8891190186832134,1.0402574516049776,0.8904234129256171,1.0025220680958387,0.0,0.9039178432651512,0.974994005733646,0.9391575910662193,0.8923813710949368
B0032,69,29,43.0,1.7005124371100973,1.8654947184112376,0.911561110480308,3.3445668126766406,2.6133538721871226,4.187124475593186,0.23431776193396303,-3.8827695760741974,-3.99441842582716,-0.000644345960708234,0.6467176108875095,54.74865999209295,44.39853762644303,62.582629376324434,4.688466064453156,1571.547,148,1.7005124371100973,False,False,False,True,B0032_p1,0,3576.625,5730.297,9317.781,0.6149851558005065,1.708157257163299,1.4125102434554708,2319.6429987871384,46.524627259295784,2.0372587994785647,5.367916893706774,3.9350000000000005,43.0,1.0,11.748659992092954,19.582629376324434,0.9947949145071585,0.9947687326431515,0.9998297940247649,1.0439171838404013,1.1121880339350898,1.132607008641569,1.1553489180622847,0.9256983615363953,0.8268156424581006,0.8999074984317801,0.8889075566937535,1.0454888356357723,0.9471765012148456,0.9924337957124844,2.0372587994785647,0.9065587459139758,0.9956210581183216,0.9542277388992123,0.8899049515701117
B0032,73,30,43.0,1.7080989351250158,1.8654947184112376,0.9156278590698615,3.3426166901503263,2.647938106735209,4.181856074494181,0.23099358422181585,-3.882600911283088,-3.9933943376990633,0.0024583516966073405,0.6468797246835731,54.78747299373422,44.35319619672111,62.57090441669303,4.707338660566392,1578.484,148,1.6951051195225901,False,False,False,True,B0032_p1,0,3613.25,5542.844000000001,9136.687,0.6066579713193635,1.7183898006446612,1.425803793177731,2278.692190602388,59.45793504317822,0.0,5.034021682253439,3.975,43.0,0.0,11.78747299373422,19.570904416693033,0.9942148776651704,1.0079331630469228,0.9985717697132447,1.029107524482065,1.1158622704876473,1.1319288682754638,1.1599995720716567,0.9297845069294239,0.8268156424581006,0.8840205971406905,0.8972733273903918,1.0313324314930052,0.8882602205757891,1.0025220680958387,0.0,0.9119893944956988,0.9630516896881246,0.9356820231168587,0.8990176678462813
B0032,75,31,43.0,1.691435430587127,1.8654947184112376,0.9066953735616312,3.34732439121854,2.6715941703662405,4.18690867607217,0.22967244467405912,-3.854937565206465,-3.9945059330621557,0.0009777946664947625,0.7231480544354428,54.781382520592445,44.39241607753322,62.42898686923908,4.684345274435013,1574.469,147,1.691435430587127,False,False,False,True,B0032_p1,0,3588.938,5612.062,9163.844,0.6124135242808586,1.6997433646098845,1.4112193061149239,2248.0584891666886,58.925885284909064,0.0,5.03668482946731,3.975,43.0,0.0,11.781382520592445,19.428986869239083,0.9956151179186851,1.0169378036690795,0.9997782639611362,1.023221669885421,1.1152857152588942,1.1237207361698793,1.1543334579472762,0.9274195258492727,0.8212290502793296,0.872136226295211,0.8880951562438827,1.041117003213799,0.8887301366550063,1.0025220680958387,0.0,0.9020932976366048,0.9750780992094518,0.9384631533779461,0.8929685659184661
B0032,77,32,43.0,1.6844494328889932,1.8654947184112376,0.9029505236678274,3.3453547357724522,2.6462614968063676,4.186886051758731,0.23197903726383598,-3.854046236326502,-3.9949900066471686,0.0008586417537280709,0.7254389116373965,54.78435229628446,44.38940961934091,62.43152363917722,4.703905916052175,1568.281,146,1.6899344075625968,False,False,False,True,B0032_p1,0,3549.469,5591.531000000001,9143.156,0.6115537129630075,1.6924531647764722,1.4006550165547471,2228.617990539272,59.02832346071502,0.0,4.905028822331524,3.975,43.0,0.0,11.78435229628446,19.43152363917722,0.9950292712811855,1.007294964312415,0.9997728615751367,1.0334978504903962,1.1155668493618773,1.1238674561713682,1.1591536626407335,0.9237745687075598,0.8156424581005587,0.864594268115779,0.8814469376807598,1.0396553043010888,0.8654992486453601,1.0025220680958387,0.0,0.8982242191950708,0.9715109026148903,0.9363445090931808,0.8831482301176704
B0032,79,33,43.0,1.664037581688075,1.8654947184112376,0.8920087338040094,3.346646262078225,2.6718636231921065,4.186961283097403,0.23096871860777882,-3.825515955469031,-3.9944555852207273,0.0008078766421049594,0.7944512375056753,54.845012944023324,44.40456977005993,62.5729328576623,4.744943963006639,1561.422,145,1.6844494328889932,False,False,False,True,B0032_p1,0,3513.156,5581.016,9074.094,0.6150493922588856,1.6724600908544132,1.3817466692259162,2194.7983211074493,58.68136580395927,0.0,4.841355045319543,3.975,43.0,0.0,11.845012944023324,19.572932857662302,0.9954134178307671,1.0170403704316395,0.9997908258210737,1.0289967448229997,1.1213092954443515,1.1320461878863424,1.1692664079387542,0.919734368152452,0.8100558659217877,0.8514738982433053,0.8695477157791397,1.045598039084738,0.8542639209524054,1.0025220680958387,0.0,0.8876134303196678,0.969683954478325,0.9292719157253114,0.8741131429876622
B0032,81,34,43.0,1.6686372014231974,1.8654947184112376,0.8944743638000244,3.3430379418002483,2.6372752376377897,4.186797536056034,0.2335366121513391,-3.852185223644289,-3.994950149647624,0.0003270290264657244,0.7300350859643504,54.84412055277582,44.41077624094624,62.57967644827836,4.742840893719729,1554.234,144,1.669431712846442,False,False,False,True,B0032_p1,0,3530.5779999999945,5882.062000000005,9387.891000000003,0.6265584037991071,1.6770324340473561,1.3858596053211454,2241.7340147801333,46.56005291450031,2.0637501698659335,5.261073831866571,3.975,43.0,1.0,11.84412055277582,19.579676448278363,0.9943401731137415,1.0038743599543654,0.9997517251992512,1.040437056365199,1.121224817140636,1.1324362191660229,1.168748161929966,0.9155003746271398,0.8044692737430168,0.8696826410120115,0.872136029734516,1.0651636220276994,0.9283238923729449,1.0025220680958387,2.0637501698659335,0.8900400790919045,1.0219897489358014,0.9614076572482513,0.8784479346044097
B0032,85,35,43.0,1.6899344075625968,1.8654947184112376,0.9058907489171784,3.3373798184076704,2.6027515790201994,4.180871809929545,0.2357792705220493,-3.8529024760904154,-3.9939090960595336,-0.0004538951829893893,0.7278052282550442,54.916794359881244,44.34599596279828,62.96996562520999,4.797613602886494,1573.734,145,1.6690344571348197,False,False,False,True,B0032_p1,0,3569.516,5580.015000000001,9124.89,0.611515864848782,1.702039270122877,1.4101359898388899,2243.77654587282,59.33515313721114,0.0,5.05597013018654,3.975,43.0,0.0,11.916794359881244,19.969965625209987,0.9926572429491364,0.9907329876761124,0.9983367403887854,1.0504284014145244,1.1281044901158994,1.1550095033095784,1.1822454528147073,0.926986584107327,0.8100558659217877,0.8704750427078974,0.8874134139142128,1.0395909616409456,0.8921330551468205,1.0025220680958387,0.0,0.9033117880383914,0.9695100338806362,0.9344739002133697,0.8881361515699127
B0032,87,36,43.0,1.669431712846442,1.8654947184112376,0.8949002623112361,3.3435347690202875,2.6344496446331838,4.186876840985748,0.23406084003525413,-3.8243694013351117,-3.9956769444125584,0.0031454037894103255,0.7974438290573665,54.90429470994109,44.40208052480985,62.75574288944966,4.779661433479578,1566.578,144,1.6686372014231974,False,False,False,True,B0032_p1,0,3528.203,5611.5779999999995,9101.484,0.6165563769600649,1.6776462705580724,1.3871150491647124,2199.024137468344,58.785130394576186,0.0,4.889204992988032,3.975,43.0,0.0,11.904294709941091,19.755742889449657,0.9944879474652689,1.002798802754833,0.9997706621647041,1.0427725621832402,1.1269212095459304,1.1426194321260905,1.177821613713385,0.9227714397462902,0.8044692737430168,0.8531133073386503,0.8729260937533236,1.0481599475563435,0.8627071116562496,1.0025220680958387,0.0,0.8903658563908139,0.974994005733646,0.9320769073610292,0.8778570076103933
B0032,89,37,43.0,1.6634226761839213,1.8654947184112376,0.8916791131955536,3.3406975425250534,2.612265282912701,4.1866310585931235,0.2361649936221938,-3.850082677405248,-3.995326411032614,-0.0010781432331686787,0.7351225864072244,54.85304065526831,44.38078135255614,62.70443033939053,4.777250475247536,1550.047,142,1.6663373915556363,False,False,False,True,B0032_p1,0,3520.078,5629.030999999999,9133.031,0.6163376649000751,1.6719046852155166,1.381610804992267,2180.850058666218,59.21143024226969,0.0,4.847814468695642,3.975,43.0,0.0,11.853040655268309,19.704430339390527,0.9936440538769974,0.9943543629764906,0.9997119725889761,1.0521468497691076,1.1220692395054246,1.1396516512060009,1.177227496587103,0.9130340792890095,0.7932960893854749,0.8460626578207396,0.869462214987528,1.0477881320502591,0.8554036953107625,1.0025220680958387,0.0,0.8873186636420917,0.9780264095213272,0.9353076145947637,0.8758354152624376
B0032,91,38,43.0,1.6436152195947373,1.8654947184112376,0.8810613095675417,3.3456376475453258,2.6874948249577777,4.1868719484291095,0.23126533318033354,-3.820950546148158,-3.9933417260498723,0.0005040802090653307,0.8053590073670002,54.870101858468004,44.42484682444376,62.46020747529598,4.776480548489035,1543.64,141,1.664037581688075,False,False,False,True,B0032_p1,0,3462.75,5587.218999999999,9029.031,0.6188060490655086,1.6513458543230455,1.3591612790762295,2149.4192730689133,58.57486319722263,0.0,4.740227516249519,3.975,43.0,0.0,11.870101858468004,19.46020747529598,0.9951134194560229,1.0229903609536322,0.9997694938870652,1.0303182026873619,1.1236843399556893,1.1255264526829454,1.1770377684254414,0.9092601231792885,0.7877094972067039,0.8338690574885311,0.8553344921455753,1.0519844416077828,0.8364198259230384,1.0025220680958387,0.0,0.8764076143969609,0.9707617061940751,0.924657043944357,0.8615715572779937
B0032,93,39,43.0,1.6358000873538245,1.8654947184112376,0.8768720014104172,3.33983349960651,2.6076358711453813,4.186758471539941,0.23817340568158477,-3.8197049752589796,-3.992853792791997,0.0011578976243076559,0.8080110047762605,54.9152115205818,44.41205349181541,62.789754357166764,4.807424602637066,1536.781,140,1.6660299388035593,False,False,False,True,B0032_p1,0,,,,,,,,,,,,,,11.9152115205818,19.789754357166764,0.9933870563196381,0.9925921852149286,0.999742397110892,1.061094595956703,1.1279546504805988,1.1445865646275692,1.1846631151782836,0.9052199226241806,0.7821229050279329,,,,,,,,,,
B0042,2,0,22.0,1.7287126633755356,1.7282350363146088,1.0002763669587127,3.4614155612128847,2.129158438168119,4.186140431282269,0.2705052789783543,-1.8939211913974323,-2.014638801503157,0.0017182819450348265,0.4723357805350859,30.57466734048236,22.916770992915133,36.717449850963185,3.1918892910239602,3360.922,358,1.7252042365426863,False,False,False,True,B0042_p1,0,143.406,4278.86,5080.078,0.8422823429089079,0.2889367425653201,0.03623867333924011,,23.663844296679446,0.005637877569100169,,,22.0,1.0,8.57466734048236,14.717449850963185,0.9921933743320712,0.9964718602863191,0.9997942563847191,1.0758329077805424,1.0919732210556379,1.0693603487753922,1.01336789617259,1.0357880631669716,1.0498533724340176,,0.024875845667109386,1.7216477376245083,,,0.005637877569100169,0.16525150533067293,0.8169514475539722,0.4702701271598305,0.03948436784565067
B0042,4,1,22.0,1.7314706281853145,1.7282350363146088,1.001872194350142,3.4852386922159138,2.1712317301519577,4.187001880186287,0.2514380040078996,-1.919584179064593,-2.0148053114573066,-0.00020116620562418,0.4209678123945014,29.95773352180402,22.539912627969,35.70113647811508,3.096888455125318,3289.406,348,1.7221734367707637,False,False,False,True,B0042_p1,0,3671.016,5285.5,10803.703999999998,0.489230360254224,1.7625308550369563,1.4714307999060892,2081.487694310076,34.07301356903037,0.0,4.98691531343571,4.015000000000001,22.0,0.0,7.95773352180402,13.701136478115082,0.999022127574507,1.0161626690020746,1.0,1.0,1.0134074665592723,0.9955156790901195,0.9832068258998924,1.0137478554128347,1.0205278592375366,0.9926670000156741,1.0100558909992017,1.0,1.0286006329341264,1.006265664160401,0.0,1.0080437482635827,1.0091465661523211,1.0001144182977444,1.0107509177528773
B0042,6,2,22.0,1.7282350363146088,1.7282350363146088,1.0,3.488650146996854,2.0952902803723332,4.187021318592124,0.25477926259745626,-1.9414451091961449,-2.015434761164688,0.0020564914579724422,0.3704487390956388,29.657371849977196,22.253302549270135,35.604456217007545,3.124935777880404,3244.797,341,1.7212590895311923,False,False,False,True,B0042_p1,0,3633.094,5193.968999999999,10802.781,0.48079924974874516,1.7517662139801873,1.4596253706421405,2108.4237376938745,33.61990494114175,0.0,4.883436136405793,3.9850000000000003,22.0,0.0,7.657371849977196,13.604456217007545,1.0,0.9806211534538704,1.000004642559615,1.0132885981287525,0.9751567812273859,0.9884909541014433,0.9921113504188105,1.0,1.0,1.0055128705203036,1.0019521165134517,0.982766583616974,1.0072570286620208,0.9987468671679198,0.0,1.0018871303022194,0.9916707938797851,1.0000289748601894,1.000309749339821
B0042,8,3,22.0,1.720344742291621,1.7282350363146088,0.9954344786113042,3.4946031502677606,2.1366970037230573,4.186893543931745,0.2467290648407982,-1.952411218384564,-2.0155565107237616,-0.0001845581676960956,0.3415437066969632,29.58111945436258,22.14576006233928,35.76285352997919,3.1570438507854934,3211.438,336,1.720344742291621,False,False,False,True,B0042_p1,0,3631.969,5237.594,10802.468,0.48485160983582637,1.74846662962101,1.4567815632959384,2097.5375263007345,34.116060916810085,0.0,4.813068325603578,3.995,22.0,0.0,7.581119454362579,13.76285352997919,1.0017063915898907,1.0,0.9999741255777662,0.9812719672760627,0.9654461334848907,1.0,1.0023050906533124,0.9897192335915005,0.9853372434017595,1.0003212074445598,1.0,0.9910497165054878,0.9927429713379791,1.0012531328320802,0.0,1.0,1.0,1.0,1.0
B0042,10,4,22.0,1.7221734367707637,1.7282350363146088,0.9964926069565334,3.5041466859903747,2.168073033459323,4.187506351946306,0.24091901771633753,-1.9696086717857546,-2.015995237854003,-0.0003839805140552891,0.28961726206561267,29.852452033753185,22.50193566756556,36.007677297437105,3.1497833147068035,3175.594,330,1.714507159811783,False,False,False,True,B0042_p1,0,3617.515,5344.875000000001,10802.39,0.494786338949066,1.742876180710279,1.450917513945549,2096.1904696479764,34.34920401622037,0.0,4.699483107374977,3.9850000000000003,22.0,0.0,7.852452033753185,14.007677297437105,1.0044419871126546,1.0146843608062328,1.000120485200259,0.9581646921949333,1.0,1.017788735956873,1.0,0.9786726257451545,0.967741935483871,0.99967879255544,0.9959746543351893,1.0113565697189253,0.969314896061239,0.9987468671679198,0.0,0.9968026562154391,1.0204828782070547,0.9999927794278121,0.996020340481981
B0042,14,5,22.0,0.0,1.7282350363146088,0.0,3.5813916541827884,3.3813406435619986,4.182774174856053,0.14286703134530435,-1.9976081862271116,-2.0156141177062725,-0.0014793412116017486,0.1711468163001041,29.44940696187815,23.09569830656804,33.431937420119205,2.591172847601329,2646.625,274,1.708669577331945,True,True,True,False,B0042_p1,-1,3630.657,4666.14,10802.547,0.4319481322321486,1.7327469569261837,1.448602458147662,2130.892984292736,27.596732709484773,2.9636641805971067,5.511338079676954,3.995,22.0,1.0,7.44940696187815,11.431937420119205,1.0265837797652968,1.5825082534726402,0.9989902786167257,0.5681998308450451,0.9486727113846,0.8306371491360696,0.8226511441287914,0.8156519498754468,0.8035190615835777,1.0162285137954838,0.9943854965257993,0.8829135869811734,1.136768018056449,1.0012531328320802,2.9636641805971067,0.99100945226605,0.8908937958917779,1.000007313143626,0.9996387634365822
B0042,16,6,22.0,1.708669577331945,1.7282350363146088,0.9886789362722408,3.511927235956774,2.139145470034486,4.186160728297307,0.23953157661497415,-1.9934476128094072,-2.0146673758608302,-0.0016426030143646974,0.19342590539737428,30.133153080135422,23.133782244082017,36.26317829568585,2.9843548913155638,3121.672,321,1.7036476485918646,False,False,False,True,B0042_p1,2,3030.547,4903.032,10513.953,0.46633573499900566,1.4810421849195292,1.201934705319717,1795.5532479833573,33.108698143366134,0.0,4.328926380615015,3.975,22.0,0.0,8.133153080135422,14.263178295685847,1.0066722336660665,1.00114591180086,0.9997991040097306,0.9526466675556675,1.0357469291344492,1.0363532725692979,0.9474794273565328,0.9620546370081087,0.9413489736070382,0.8563041044712126,0.825061722088495,0.9532027708923841,0.8928839042101461,0.9962406015037594,0.0,0.8470520167951695,0.9361229602752714,0.9732917514775327,0.8344088289299826
B0042,18,7,22.0,1.7036476485918646,1.7282350363146088,0.9857731227488734,3.509889497883845,2.0578186631112567,4.185572306171051,0.24278674724427052,-1.9997503053848376,-2.016448918600222,-0.0016062938841261412,0.15902845326681167,29.740453708978055,22.667392403357333,35.7623078299739,3.0130255594415125,3102.937,317,1.6958375743577971,False,False,False,True,B0042_p1,2,3580.984,4935.515000000005,10805.0,0.45678065710319343,1.7286571913432642,1.4384080060388966,2088.5135737518262,35.959821477204805,0.008672776068713972,4.587363175212466,3.9850000000000003,22.0,0.0,7.740453708978055,13.7623078299739,1.006088128643474,0.9630839840771246,0.9996585685757627,0.9655928832327301,0.9857371526379642,0.9999603497919889,0.956581852908183,0.9562807781195557,0.9296187683284457,0.996017660548993,0.9873875687886439,0.9336719349670606,0.9461890505358139,0.9987468671679198,0.008672776068713972,0.988670393851303,0.9423248537400961,1.0002343908817872,0.9859621599193165
B0042,20,8,22.0,1.6958375743577971,1.7282350363146088,0.9812540185356396,3.508503301766948,2.0659696365057045,4.185230831091511,0.24062202480831274,-1.9995857055614814,-2.016370882539026,-0.002244777297343679,0.15988744696965598,29.503354124651093,22.397436866058804,35.6522927277619,3.0401427843799715,3089.437,314,1.6949064846676911,False,False,False,True,B0042_p1,2,3588.516,4879.218,10804.266,0.4516010620249446,1.724621682505533,1.4363781723221447,2067.35777919165,35.88264613638098,0.0,4.518057000597316,3.995,22.0,0.0,7.503354124651093,13.652292727761903,1.005690784095156,0.966898738054991,0.9995770125867015,0.9569835147146369,0.9555428154668733,0.991966723908203,0.9651910879663042,0.9521202713143534,0.9208211143695014,0.9859284060333862,0.9859942001684648,0.9230847034723567,0.9318939661810984,1.0012531328320802,0.0,0.9863623664807114,0.931576216102279,1.0001664434460718,0.9880359661660107
B0042,22,9,22.0,1.6949064846676911,1.7282350363146088,0.980715266762564,3.5093738486555153,2.1287000635251876,4.185842765241663,0.23524713873834924,-1.999480712152978,-2.0173293605362743,-0.0001720142145016335,0.1608172467116979,29.324509292718897,22.15647191474241,35.46408341742395,3.0736694792526715,3077.75,311,1.6874768094352455,False,False,False,True,B0042_p1,2,3550.031,5094.312,10803.594,0.47153863797547374,1.7195626560085697,1.4242318726713428,2051.2244308671197,35.62798038489517,0.0,4.460102216817159,3.995,22.0,0.0,7.324509292718897,13.46408341742395,1.0059403209795919,0.9962573354182013,0.9997231635003296,0.9356069288990947,0.932767148558824,0.9782915576406856,0.9758352153626743,0.9485185051638053,0.9120234604105572,0.978234369443452,0.9776564370083373,0.9638376443572371,0.9199402185172424,1.0012531328320802,0.0,0.983468958959368,0.9726435458723987,1.0001042354395309,0.9774397854166706
B0042,26,10,22.0,1.6874768094352455,1.7282350363146088,0.9764162709221087,3.5046118772654107,2.0313187007109774,4.181929749098425,0.2433266898298662,-1.9994501505976243,-2.0179688284834034,-0.0032857606579941665,0.1610891227061377,29.22569193760115,21.97680688887855,35.57686579319408,3.1097319353310473,3074.875,309,1.685989172917945,False,False,False,True,B0042_p1,2,3528.234,4772.906000000001,10802.406,0.4418373092068564,1.7069548928468956,1.411435122614378,2071.489035714971,26.86891345318714,2.8522744032977485,5.34121610110537,4.005,22.0,1.0,7.225691937601152,13.57686579319408,1.0045753313161243,0.9506816816663921,0.998788600714066,0.9677403015902935,0.9201828812888062,0.98648625182416,0.9872844016955864,0.9476324713071419,0.906158357771261,0.987898613222461,0.9688721756067773,0.90312733039965,1.1016786764822524,1.0037593984962405,2.8522744032977485,0.9762582047201482,0.9112783465079578,0.9999942605708251,0.9714383575410472
B0042,28,11,22.0,1.685989172917945,1.7282350363146088,0.9755554872404674,3.5095049490219243,2.1649043558777703,4.185220171197086,0.232614812313888,-1.9994421818851504,-2.018830939124682,0.0004905732385570956,0.16210923872986716,29.238210532728655,22.039358695383665,35.388257294125744,3.095582228273705,3061.891,306,1.685989172917945,False,False,False,True,B0042_p1,2,3556.485,5032.983999999999,10805.516,0.4657791446516759,1.714077231999837,1.4224621248955402,2032.396900160424,35.421769545679894,0.0,4.452237825402578,4.025,22.0,0.0,7.238210532728655,13.388257294125744,1.005977900089243,1.0132013814338503,0.9995744666374209,0.9251378415594635,0.9217771088082731,0.9727820807627231,0.9827921221818575,0.9436309883176051,0.8973607038123167,0.969255470132441,0.97644160300687,0.9520650852691115,0.9183181099635066,1.0087719298245614,0.0,0.9803316820358035,0.9609343526817845,1.0002821577439525,0.9792167829626299
B0042,30,12,22.0,1.6782864747774933,1.7282350363146088,0.9710985135195332,3.505007993364287,2.0349571700229223,4.185080917700821,0.24409469087170363,-1.999407899212143,-2.019325717882185,-0.0028296503882772476,0.16245286766749084,29.20609205353922,22.004296473708575,35.480764002425865,3.108814333584859,3058.469,304,1.6782864747774933,False,False,False,True,B0042_p1,2,3496.516,5008.438000000001,10804.578,0.4635477665115659,1.7030500954884744,1.4043476950575668,2017.2032218666725,35.23792163447379,0.0,4.369513263517503,4.025,22.0,0.0,7.206092053539219,13.480764002425865,1.004688875547327,0.9523845292416941,0.9995412081149149,0.9707947365985085,0.917686860430903,0.9795035581146847,0.986993079514183,0.9425763768889086,0.8914956011730205,0.9620095646715102,0.9640070484419496,0.947504088402624,0.9012553504486347,1.0087719298245614,0.0,0.9740249351270833,0.9562478496805978,1.0001953257348226,0.9627053534873232
B0042,32,13,22.0,1.6739647640901527,1.7282350363146088,0.9685978636677883,3.508074728787427,2.181544114739576,4.184485186999273,0.23232551398002668,-1.9990854937416902,-2.0198651097991984,-0.001279701751986286,0.16339698129810046,29.183920322474094,21.977290475494513,35.44318242068533,3.11478497243179,3040.75,301,1.6759897900491967,False,False,False,True,B0042_p1,2,3507.156,4871.046999999997,10802.781000000003,0.4509067618791861,1.7005432649319305,1.4054652185209346,2005.4332456694087,35.597016542740676,0.0,4.431343583384622,4.035,22.0,0.0,7.183920322474094,13.443182420685332,1.0055679362997445,1.0209889895190454,0.9993989271418953,0.9239872663510625,0.9148633180558816,0.9767729047905997,0.9888886508123904,0.9371156346606583,0.8826979472140762,0.956396431817575,0.9647741665134053,0.9216655353213905,0.9140084657819734,1.0112781954887218,0.0,0.9725912042716724,0.9300161486361862,1.0000289748601896,0.9656348939101628
B0042,34,14,22.0,1.6722378801237066,1.7282350363146088,0.9675986454305926,3.505745200469688,2.113769860085841,4.1847915856010305,0.23804224189609924,-1.9991858462433614,-2.019707495930309,-0.002652121454792672,0.16381830700301775,29.153714127894734,21.937196310338024,35.53526888191109,3.1293324935033073,3037.641,299,1.6739647640901527,False,False,False,True,B0042_p1,2,3501.5,4946.875,10803.484,0.4578962675373981,1.692594222572623,1.399097060318094,1994.1505032149303,35.33720537114794,0.0,4.393251053878882,4.035,22.0,0.0,7.153714127894734,13.535268881911087,1.0049001914071407,0.9892698199149119,0.9994721056621169,0.9467233994134812,0.9110165967451979,0.983463847263043,0.9935072291773189,0.9361574853527047,0.8768328445747801,0.9510156620273655,0.9604027779927868,0.9359522726665135,0.906151504615197,1.0112781954887218,0.0,0.9680449108368183,0.9444937885601671,1.0000940525813176,0.9640776118959165
B0042,38,15,22.0,1.6759897900491967,1.7282350363146088,0.9697695943158153,3.5048985290607786,2.098421577709346,4.184774909668599,0.23924532775884794,-1.9989914019015806,-2.019811604847253,-0.002175708409508,0.1640569388795852,29.10632507144163,21.827025575894588,35.63389752973798,3.15469957337801,3044.828,298,1.6739647640901527,False,False,False,True,B0042_p1,2,3476.625,5564.2660000000005,10803.953,0.515021307478846,1.6918268224257789,1.3869818124061117,2021.0409217291333,26.682921023622715,2.8190964063910826,5.158863245084782,4.005,22.0,1.0,7.106325071441631,13.633897529737979,1.0046574982813659,0.9820866384204129,0.9994681228761262,0.9515082204968959,0.9049816593461021,0.9906301407654808,1.0015608244060001,0.9383724159015187,0.873900293255132,0.9638397739107208,0.9520863301345562,1.0527173890255297,1.0640665953998292,1.0037593984962405,2.8190964063910826,0.9676060118988327,1.0623706228470555,1.0001374685858824,0.9572287098265431
B0042,40,16,22.0,1.6618247672847988,1.7282350363146088,0.9615733580014514,3.5020910209596536,2.037616415551784,4.183886479555269,0.24496848698698687,-1.9988805936646044,-2.019941517456099,-0.0028485703598498543,0.16491389545535798,29.126742424015156,21.89229814678285,35.59922975777694,3.157554303295162,3030.25,295,1.6722378801237066,False,False,False,True,B0042_p1,2,3472.891,4906.766,10802.313,0.4542329036383226,1.6902151277421054,1.391320404926991,1978.2314204072413,35.468197968726294,0.0,4.3078201554003686,4.035,22.0,0.0,7.126742424015156,13.59922975777694,1.0038527434384241,0.9536290882616338,0.9992559352204352,0.9742699316818093,0.9075817838022289,0.9881112029677688,1.0024671502169926,0.9338796849232787,0.8651026392961877,0.9434238092304901,0.9550645340260602,0.9284642584370371,0.888530536396551,1.0112781954887218,0.0,0.9666842358372427,0.9368358830409534,0.9999856514270627,0.9562006173510842
B0042,42,17,22.0,1.6606710352566112,1.7282350363146088,0.9609057798052312,3.5056874475759354,2.187174985653482,4.185135902762495,0.2336865147033407,-1.998923841150207,-2.020188403345957,-0.00015945041076528602,0.16559415507184805,29.11535255703125,21.904699326684245,35.43687423276839,3.1448859000453457,3017.578,293,1.6700520424481298,False,False,False,True,B0042_p1,2,3465.719,5270.406000000001,10802.547,0.48788549589277425,1.6880120097424607,1.3872276518863413,1966.3525239035234,35.50852416322547,0.0,4.286933399680173,4.035,22.0,0.0,7.115352557031251,13.436874232768389,1.0048836368971386,1.023624305103845,0.9995543404380537,0.9294001343408644,0.906131298407992,0.9763145559530421,0.9984451582308563,0.9299743558687955,0.8592375366568915,0.9377587319936291,0.9522550853456486,0.9972510611141325,0.8842224363380135,1.0112781954887218,0.0,0.9654242072142645,1.0062647085665672,1.000007313143626,0.9542259308931327
B0042,44,18,22.0,1.6530644874507203,1.7282350363146088,0.9565044410717499,3.501789524982507,2.072733153164181,4.1851821245426,0.24303428172764077,-1.9987415414363179,-2.0200971028016084,-0.0007384060495031991,0.1661601596001154,29.12272547212756,21.879984390778024,35.61618852753751,3.1673827810337447,3015.0,291,1.667181860354792,False,False,False,True,B0042_p1,2,3440.547,5213.655999999999,10805.141,0.4825162392605519,1.6788390937968003,1.3768961445196948,1950.7806184365427,35.37975169540351,0.0,4.296314900509704,4.035,22.0,0.0,7.122725472127559,13.61618852753751,1.0037663214802333,0.970064145525817,0.9995653797882685,0.9665773584489844,0.9070702299754332,0.9893434161656808,1.0055875165268566,0.9291798531618465,0.8533724340175953,0.9303324489910005,0.9451630767515312,0.9862761563076683,0.8861574637216005,1.0112781954887218,0.0,0.9601779441227872,0.9954295808342531,1.0002474434545883,0.9472952549980465
B0042,46,19,22.0,1.649953986270456,1.7282350363146088,0.9547046273225174,3.5025833976800564,2.153538168709435,4.1837159565353605,0.2374921529916894,-1.9984049924032652,-2.0220817004003178,0.0006422289496137022,0.16884933846070826,29.13774561916092,21.894505247973274,35.607533152172905,3.1641962257143965,2999.454,282,1.6618247672847988,False,False,False,True,B0042_p1,2,3446.4999999999945,4992.577999999994,10802.875,0.4621527139766029,1.675296207416356,1.3759471414775155,1940.2662428130352,35.49262081134743,0.0,4.29653160387348,4.035,22.0,0.0,7.1377456191609205,13.607533152172905,1.003993880181765,1.0078818685836284,0.9992152084606228,0.9445356278927028,0.9089830270188024,0.988714522212421,1.0045758420715156,0.9243887984363891,0.8269794721407625,0.9253181153796338,0.9445116386319877,0.9446525635417424,0.8862021609348334,1.0112781954887218,0.0,0.9581516621678309,0.9532197417363762,1.00003767657539,0.948934310838004
B0042,50,20,22.0,1.681297805444492,1.7282350363146088,0.9728409447304063,3.5037983873679237,2.0832977472531726,4.180907860399083,0.2410922095826148,-1.9987909313311893,-2.0208707402093506,-0.0013752044979968077,0.1658650413302155,29.35747712988229,22.055422569884072,35.78017086282214,3.1974757561135534,3054.859,292,1.6606710352566112,False,False,False,True,B0042_p1,2,3455.735,5764.499999999999,10803.204,0.533591701128665,1.6726666050953662,1.3699877072276312,1965.2388924771667,26.701062752873813,2.8778311605772515,10.427136996972797,4.195,22.0,1.0,7.357477129882291,13.780170862822139,1.0043421494654916,0.9750085031350538,0.9985445385596692,0.9588534976400792,0.9369655616177875,1.0012582661586298,1.015141499157757,0.9414638265506285,0.8563049853372434,0.9372276382138548,0.9404208165073575,1.090675772557102,2.1507001905327887,1.0513784461152882,2.8778311605772515,0.9566477144936567,1.1006007720338764,1.000068132578592,0.951477008752002
B0042,54,21,22.0,1.6700520424481298,1.7282350363146088,0.9663338651028902,3.512523395065813,2.199482829433638,4.1839131722082135,0.2331736284905321,-1.9987942581899858,-2.0221682438178825,-0.0009057434365643359,0.16675761771984057,30.058298726634376,22.902106092162704,36.29735151754127,3.1366441896745196,3034.875,289,1.6568865613275168,False,False,False,True,B0042_p1,2,3531.219,5314.437999999999,10803.672,0.49191034307594667,1.7002723263105006,1.402882350631024,2026.939913685028,27.377493184481697,2.896995607599674,5.101022405983833,3.995,22.0,1.0,8.058298726634376,14.297351517541273,1.0068431189895926,1.0293845246196258,0.9992623103436639,0.9273603225199255,1.0262143203163006,1.038836276677493,0.995828562247144,0.9353050437361721,0.8475073313782991,0.9666530188143452,0.9630011705097581,1.0054779568878964,1.0521363499536338,1.0012531328320802,2.896995607599674,0.9724362464264155,1.0146716221226768,1.0001114560117188,0.9722602257893721
B0042,56,22,22.0,1.667181860354792,1.7282350363146088,0.9646731059856244,3.509324438333478,2.053610599291471,4.186499199755687,0.2460368461934164,-1.9986644728662533,-2.0194606261451518,-3.264133466017354e-05,0.16734629486328928,30.335552136245834,23.25558148148619,36.77407258413331,3.1352761323756067,3030.0,287,1.6530644874507203,False,False,False,True,B0042_p1,2,3491.375,5396.609,10803.109,0.49954221511603747,1.6909958538126102,1.3943263329958941,1994.0868555941527,36.18036349741626,0.0,4.315813373424885,4.025,22.0,0.0,8.335552136245834,14.774072584133307,1.005926157816203,0.9611145593938619,0.999879942630793,0.9785189282113712,1.0615221971959943,1.073474519797178,0.9953942284653485,0.9338026385009601,0.841642228739003,0.9509853083082692,0.9571279374522419,1.0210777083753653,0.8901792167134288,1.0087719298245614,0.0,0.9671307562667885,1.0303603142969846,1.0000593382919531,0.9612898678375283
B0042,58,23,22.0,1.6568865613275168,1.7282350363146088,0.958715988573383,3.507216525411572,2.0842633816547624,4.185720302344454,0.24391112312108124,-1.9984721935924135,-2.0196503096891822,-0.00012200872967821821,0.16817278454691478,30.22790176989086,23.13255340128993,36.689880841645596,3.1649171898402346,3011.781,284,1.649953986270456,False,False,False,True,B0042_p1,2,3464.796000000002,5279.687000000005,10803.687000000005,0.48869307302220094,1.684100829024361,1.385001448104241,1975.9434401748122,36.70242840799778,0.0,4.276776972363819,4.025,22.0,0.0,8.22790176989086,14.689880841645596,1.0053219376069282,0.975460431695775,0.9996939151501466,0.9700646649796747,1.0478130569309856,1.067357202461473,1.004804735317115,0.9281878034280727,0.8328445747800587,0.9423326653915767,0.9507269195326056,0.9989017704630108,0.8821275726979984,1.0087719298245614,0.0,0.9631872867881953,1.0080367054032835,1.0001128445832939,0.9539717987681068
B0042,60,24,22.0,1.6449819446579936,1.7282350363146088,0.951827679738429,3.5055185795629873,2.1599889328107214,4.183888714545253,0.23890020303974552,-1.9985308662699577,-2.0197092405916743,-0.0016208708068343783,0.1689883277088597,30.04068826163031,22.933575068997126,36.474588298798025,3.1746387466070307,2990.25,281,1.6449819446579936,False,False,False,True,B0042_p1,2,3444.281,4956.766,10805.016,0.4587467524342398,1.6728784467062963,1.3754401208572193,1951.0889131119623,36.611095056004714,0.0,4.1982176165004335,4.025,22.0,0.0,8.040688261630311,14.474588298798025,1.0048352319250624,1.010900904080962,0.9992564690128833,0.9501356168586186,1.023971649501074,1.051714186107444,1.0078911561262558,0.921552257352309,0.8240469208211144,0.9304794755390825,0.9441635970085414,0.9376906866447461,0.8659239281431634,1.0087719298245614,0.0,0.9567688730032566,0.9463822510870449,1.0002358720248001,0.9483233474735054
B0042,62,25,22.0,1.639214585000014,1.7282350363146088,0.9484905412492809,3.5041328171645443,2.1678081694534352,4.18402917199016,0.23877031602120083,-1.9984054053915892,-2.021433558764001,-0.0017287035571895096,0.16965267873857942,29.995148407588697,22.75566941167782,36.537300845099665,3.2520750575851696,2980.234,279,1.6432696512198481,False,False,False,True,B0042_p1,2,3420.656,5002.3279999999995,10802.484,0.46307201195576864,1.6639678662940474,1.3647241887804828,1929.8271480791047,36.41047162522261,0.0,4.150077526006523,4.025,22.0,0.0,7.995148407588697,14.537300845099665,1.0044380116994587,1.014560401253041,0.9992900150797174,0.9496190401419954,1.0181722057291331,1.0562708389966893,1.0324758031451722,0.9184654694885381,0.8181818181818182,0.9203396834240969,0.9368077021051957,0.9465316333089745,0.8559945580938798,1.0087719298245614,0.0,0.951672647395462,0.9550812835053651,1.000001481143013,0.9418186113372663
B0042,66,26,22.0,1.6410599890208055,1.7282350363146088,0.9495583381530671,3.500597395262485,2.0092759412003707,4.1826825462923845,0.25266489719119617,-1.9983882415644911,-2.0209567624857296,-0.0008327829483928086,0.16969953200794338,30.299545316589416,23.092659024881236,36.91332213005366,3.20261014606503,2994.844,279,1.6410599890208055,False,False,False,True,B0042_p1,2,3412.531,5268.0470000000005,10804.281,0.48758885482523084,1.6590387739482864,1.3545626947049343,1955.7515236911022,27.694893072027316,2.761359495993176,4.968645054697074,3.995,22.0,1.0,8.299545316589416,14.913322130053658,1.0034246048649835,0.9403654040321751,0.9989683945654904,1.0048795057379551,1.056936773496283,1.0835923013761963,1.0167715763530685,0.9229680624088348,0.8181818181818182,0.9327030868861438,0.9298323982356449,0.9966447188025286,1.0248322112703776,1.0012531328320802,2.761359495993176,0.9488535530746116,1.0058143109221525,1.0001678320176464,0.9395815327718932
B0042,68,27,22.0,1.6432696512198481,1.7282350363146088,0.9508369039456891,3.5042529973432037,2.0586265993400703,4.1858935294796344,0.24886043542730482,-1.998374293478694,-2.0209872934269897,-0.0011614647093873423,0.17026477115087427,30.68092451180232,23.575970837477485,37.19792815636057,3.1715619546710174,2987.672,277,1.639214585000014,False,False,False,True,B0042_p1,2,3485.125,5348.187,10806.0,0.49492754025541363,1.670173210285387,1.380215616572339,1932.6957393425268,36.919540612328625,0.0,9.714849343419736,4.195,22.0,0.0,8.68092451180232,15.197928156360568,1.0044724606047932,0.9634621079886599,0.9997352877456546,0.98974869136921,1.105504939665726,1.1042715904267528,1.0069143295865866,0.9207577546453599,0.8123167155425219,0.9217077222030512,0.9474417107871885,1.0116451889826077,2.003783813328244,1.0513784461152882,0.0,0.9552216679407868,1.0211152296264276,1.0003269623200919,0.9595690381718567
B0042,70,28,22.0,1.6298673102402295,1.7282350363146088,0.9430819743799752,3.501278659398817,2.043267705708337,4.185186392104773,0.25098695127738035,-1.9981525515062302,-2.0191972634782047,-5.5944877781625684e-05,0.17096328500670785,30.663435287795615,23.502479291188067,37.30788971906059,3.2093843014593877,2975.1100000000006,275,1.6298673102402295,False,False,False,True,B0042_p1,2,3434.484,5203.109,10803.312,0.48162165454445827,1.6611735160119017,1.3649492595151242,1922.6214165345527,37.22259329139202,0.0,4.211783840383122,4.035,22.0,0.0,8.663435287795615,15.30788971906059,1.0036198850185176,0.9562739602985703,0.9995663990288362,0.9982061075759053,1.1032777087407193,1.1122613261643668,1.018922249817725,0.9168863260166971,0.8064516129032258,0.9169032509461141,0.9369622007207138,0.984447601114101,0.8687220960676646,1.0112781954887218,0.0,0.9500744754688114,0.9934158699586109,1.000078130293929,0.9456259125559717
B0042,72,29,22.0,1.6238536344658807,1.7282350363146088,0.939602311227692,3.501431066556208,2.1921151659229676,4.184091250625792,0.2403896345361689,-1.9980383822206629,-2.0193297812824187,-0.00205587058752552,0.1717920596900774,30.40848004603748,23.25101099435588,36.91850317978018,3.2203034258726264,2953.219,272,1.6238536344658807,False,False,False,True,B0042_p1,2,3410.391,5105.7029999999995,10806.016,0.4724870849719267,1.6539357341758023,1.35526623915548,1901.8283887795342,37.278710352101726,0.0,4.091363098338362,4.035,22.0,0.0,8.408480046037479,14.918503179780181,1.0036635715880986,1.0259363691264356,0.9993048415921978,0.9560592698970694,1.0708094758037678,1.0839687530847928,1.0223888769860943,0.9101398330927944,0.7976539589442815,0.906987000881682,0.9303153426030584,0.9657762954989204,0.8438841263608357,1.0112781954887218,0.0,0.9459349730536762,0.9748183994406591,1.0003284434631048,0.9389923206943672
B0042,74,30,22.0,1.6186308887044174,1.7282350363146088,0.9365802999550814,3.4934993616796306,2.009457332273357,4.185322505991986,0.2564226559931945,-1.9979232246026066,-2.021266928188253,-0.0013207371739492463,0.17214852129860134,30.239404481904074,22.971790357139568,37.047150483309736,3.275527447648725,2955.484,271,1.6193418112441196,False,False,False,True,B0042_p1,2,3380.235,5432.718000000001,10802.829,0.5028977131823525,1.6451686717928071,1.3423534927764118,1878.7516863535002,36.87775821642486,0.0,4.0314176048126455,4.025,22.0,0.0,8.239404481904074,15.047150483309736,1.0013899974140288,0.9404502972447693,0.9995989077047593,1.0198245766584206,1.049277912999354,1.0933161826167084,1.0399215185231325,0.9108378736790005,0.7947214076246334,0.8959816603119899,0.9214514561396319,1.0279364365715702,0.8315197751122839,1.0087719298245614,0.0,0.9409208296697127,1.0372545103725108,1.0000334182892279,0.9306893863906879
B0042,78,31,22.0,1.6193418112441196,1.7282350363146088,0.9369916575104856,3.491928488990642,2.022898050960585,4.184033603294302,0.2548881394967966,-1.997803306177237,-2.019754051447638,-0.00042129067195272854,0.17237871317143547,30.138707501965232,22.750486671200427,37.11898525927804,3.331618564743354,2957.016,270,1.6186308887044174,False,False,False,True,B0042_p1,2,3381.953,5738.999999999999,10802.265,0.5312774681976419,1.643980158436691,1.3344872246131327,1889.663946359411,27.602025952972873,2.597470389533811,4.7261046235457576,4.045,22.0,1.0,8.138707501965232,15.118985259278041,1.000939716467875,0.9467407158973946,0.9992910734274968,1.0137216150060935,1.0364542778461554,1.0985356507896298,1.0577294473519925,0.9113100141549687,0.7917888563049853,0.9011857460402262,0.9160516979593583,1.085945418272015,0.9748058472127766,1.0137844611528821,2.597470389533811,0.9402410835790632,1.09573212433037,0.999981207998024,0.9311624080491876
B0042,80,32,22.0,1.614593271326993,1.7282350363146088,0.934244033595134,3.4957274527798257,2.0786601580627257,4.186164958491378,0.25090352667045707,-1.9980185647316375,-2.0194164856966417,-0.0010122095977501732,0.1731588371263073,30.49092272629849,23.20335228956989,37.20592886199134,3.2724129606415726,2948.219,268,1.614593271326993,False,False,False,True,B0042_p1,2,3379.875,5682.704000000001,10805.875,0.5258902217543698,1.646620666431084,1.3407717483490034,1856.5618181470288,37.21357029019813,0.0,4.0101183088599415,4.035,22.0,0.0,8.49092272629849,15.205928861991339,1.0020286659552446,0.972838055391473,0.9998001143255106,0.9978743176094185,1.0813084485968059,1.1048529165022896,1.0389327244709796,0.9085989046464232,0.7859237536656891,0.8853992533328499,0.9203656760424224,1.0749337418084517,0.8271265845483743,1.0112781954887218,0.0,0.9417512685317868,1.0849836776199149,1.000315390890304,0.9305902666019451
B0042,82,33,22.0,1.6072040891927848,1.7282350363146088,0.9299684680736958,3.4919326250007057,2.0245603644426806,4.18461988628569,0.25647635265485186,-1.9977650982407589,-2.018937306071589,-0.002880976739829788,0.17358062130932309,30.52916769412123,23.332680948762246,37.368553487110155,3.2581034395506046,2935.5,266,1.6072040891927848,False,False,False,True,B0042_p1,2,3395.578,5347.079,10804.343,0.49490089309456387,1.6387237076576286,1.341079185946077,1854.7063166965809,37.400300853229844,0.0,10.017745109233603,4.195,22.0,0.0,8.52916769412123,15.368553487110155,1.0009409020295936,0.9475186986807275,0.9994310979625136,1.020038134914537,1.0861788976817985,1.1166691161562767,1.0343897068531789,0.904679090864544,0.7800586510263929,0.884514359771684,0.9205767149550634,1.0115907214699293,2.0662590624245762,1.0513784461152882,0.0,0.9372347632467147,1.0209036821105262,1.0001735714468212,0.9349138167203519
B0042,84,34,22.0,1.6012663590062357,1.7282350363146088,0.926532748937246,3.4900059195673445,2.1378818450405794,4.184040894709915,0.24866902080394582,-1.9975731627964834,-2.0197870445936115,-0.0009847832694445762,0.17467955595976034,30.179619049814637,22.939046141588143,36.95276259711366,3.2762470024601593,2913.797000000006,263,1.6012663590062357,False,False,False,True,B0042_p1,2,3344.86,5289.484,10805.5,0.48951774559252237,1.6321828096270459,1.3261486722044613,1827.2250568884301,37.53383624014103,0.003092203021935802,3.935182705203872,4.035,22.0,0.0,8.179619049814637,14.952762597113662,1.0003886238267994,1.0005545200444694,0.9992928148682272,0.9889874117682432,1.0416643125809808,1.0864580201004488,1.0401499643365555,0.897990536850227,0.7712609970674487,0.8714084741087613,0.9103277427564892,1.000587423352363,0.8116703747462409,1.0112781954887218,0.003092203021935802,0.9334938293794207,1.0099072207582338,1.0002806766009396,0.920949490482986
B0042,86,35,22.0,1.5940407410631041,1.7282350363146088,0.9223518257460694,3.487760577211602,2.1834760399486535,4.184856050801538,0.24661699832987047,-1.9975539729276182,-2.019731795851263,-0.002366089076090569,0.1752813120384409,29.93310245467766,22.62107627575683,36.815592394057184,3.307618372414096,2900.703,261,1.5946888289374477,False,False,False,True,B0042_p1,2,3312.125,5506.907000000001,10803.484,0.5097343597676454,1.622178444540153,1.311647867534524,1797.7809992179884,37.075639564207776,0.0,3.9299016592679044,4.025,22.0,0.0,7.933102454677659,14.815592394057184,0.9997450103198172,1.0218931538463745,0.9994875021683407,0.9808262649194524,1.0102707307956553,1.0764913222236105,1.0501098145292527,0.8939551534348682,0.7653958944281525,0.8573665249413925,0.9003737420776713,1.0419107258649416,0.8105811067617504,1.0087719298245614,0.0,0.9277720358276265,1.0514192203519404,1.0000940525813176,0.9119364730260638
B0042,90,36,22.0,1.5946888289374477,1.7282350363146088,0.9227268255931537,3.4820338003810947,2.0156684625826635,4.183683003795162,0.2593498441264917,-1.9973829316274176,-2.0193579089897273,-0.0006941638440918704,0.17546364997154154,29.855112852408766,22.33910192769368,36.96422627426333,3.4080915090782447,2914.031,261,1.5940407410631041,False,False,False,True,B0042_p1,2,3255.203,5947.8279999999995,10805.328,0.5504532578742635,1.613583709874367,1.2876883245781834,1788.5321388578054,27.219248013791418,2.8544144737243258,4.6184104453791495,4.045,22.0,1.0,7.855112852408766,14.964226274263332,0.9981034651406777,0.9433571812336942,0.9992073382133333,1.0314663654359248,1.0003388519463912,1.0872909634377224,1.082008242651284,0.8980626523015153,0.7653958944281525,0.8529557189143361,0.8839268405242684,1.1251412475469134,0.9525928572454022,1.0137844611528821,2.8544144737243258,0.9228564517837669,1.1356031032569534,1.0002647543135512,0.8962639824293654
B0042,92,37,22.0,1.5882100957302596,1.7282350363146088,0.9189780685832254,3.4857768989088593,2.0632481862122884,4.184611325870051,0.2554087717191002,-1.9975492343534866,-2.019389721774823,-0.0006398187790150943,0.17609763580221757,30.257387669276046,22.822384651747097,37.23035953747147,3.3769470605022636,2901.968,259,1.5882100957302596,False,False,False,True,B0042_p1,2,3318.14,5525.125,10805.453,0.51132747511835,1.6207379513458064,1.310637846185242,1783.5318583413696,36.88857121645346,0.0,3.908710305300639,4.035,22.0,0.0,8.257387669276046,15.230359537471472,0.9991764011961852,0.9656250664540695,0.9994290534409482,1.0157922336635945,1.0515680495445594,1.1066280335175884,1.0721204359470695,0.8943450083318001,0.7595307917888563,0.850571071878922,0.8996804182639095,1.0451670964423454,0.8062101803005103,1.0112781954887218,0.0,0.9269481749829623,1.0548975350132141,1.0002763257433394,0.9135925994963062
B0042,94,38,22.0,1.587985558077698,1.7282350363146088,0.9188481454837375,3.484962036012865,1.9973214087149431,4.185413957037178,0.2619393074488242,-1.9975022770940793,-2.0213797301297833,-0.00039291175473987077,0.1764750074914067,30.562785800580222,23.226244445744424,37.46832272742832,3.351486392791352,2901.734,258,1.587985558077698,False,False,False,True,B0042_p1,2,3300.593,5650.608999999999,10806.391,0.5228951090146561,1.6166050234783447,1.3048530646764642,1783.291539992001,37.282553067928404,0.0,3.962472536167001,4.035,22.0,0.0,8.562785800580222,15.468322727428323,0.9989428257840174,0.9347705384688324,0.9996207493584793,1.041764980923865,1.090460121726783,1.1239182843684388,1.0640371282503043,0.8942728928805099,0.7565982404692082,0.8504564634209578,0.8957094855897688,1.0688116509019157,0.8172991724372128,1.0112781954887218,0.0,0.9245844307756408,1.0788558639711285,1.000363157752469,0.9087613357933396
B0042,96,39,22.0,1.5799165406650344,1.7282350363146088,0.914179210273472,3.4839596946536755,2.040034213071634,4.184723241072492,0.25923416253099635,-1.997334294795813,-2.019502208637406,-0.0014477021978065545,0.1770404557691928,30.59004134732037,23.235713853755716,37.650592081498104,3.3584902810423007,2887.407,256,1.5799165406650344,False,False,False,True,B0042_p1,2,3298.14,5545.875,10805.922,0.5132255257811411,1.6137206472874674,1.3028573007634807,1778.656366816217,37.75121590746879,0.0489097567689214,3.860582373167969,4.045,22.0,0.0,8.59004134732037,15.650592081498104,0.9986555108292483,0.9547606466976859,0.999455782638986,1.0310062854414475,1.0939310817050154,1.1371618572708715,1.0662607377977442,0.8898575165102779,0.750733137829912,0.8482459370443012,0.89433950400621,1.0490467629900324,0.7962833180335492,1.0137844611528821,0.0489097567689214,0.9229347703577565,1.058859277752342,1.0003197417479042,0.9080859445661568
B0042,98,40,22.0,1.5655946193652834,1.7282350363146088,0.9058921885438976,3.479594890613384,2.11763338483894,4.182701394192162,0.254462325156891,-1.9971237584867627,-2.02072945969767,0.0007887257964197284,0.17814491630645427,30.190272809188617,22.885196264237926,37.16199226931662,3.3411065723229867,2861.937,253,1.5655946193652834,False,False,False,True,B0042_p1,2,3267.515,5226.188,10805.39,0.48366491167833836,1.6028199201724327,1.291285463059896,1751.346450461334,37.84287087923924,0.0,3.8315829911187023,4.045,22.0,0.0,8.190272809188617,15.16199226931662,0.9974043667315666,0.9910779961543915,0.9989728960919565,1.0120280987789592,1.0430210555866288,1.1016605122106204,1.060741720461489,0.8820080270044628,0.7419354838709677,0.8352217655285208,0.8863960772117332,0.9886240735898042,0.7903019085136783,1.0137844611528821,0.0,0.9167003207375213,0.9978222825213257,1.000270493742726,0.8996538792043655
B0042,102,41,4.0,0.07070127737340176,1.7282350363146088,0.04090952670660431,2.7052764231784736,2.166646513631925,4.181775825418943,0.3086961911320001,-3.938418442736194,-4.032113976084337,-0.001300388626828951,0.5901976606535566,24.183402923813027,5.7856129033703665,36.86635295736364,9.086444627430872,1055.25,91,0.10603180131397782,False,True,True,False,B0042_p2,-1,3199.329,5806.859,10803.094,0.537518140636377,1.5938743003516305,1.2621700124378412,,27.362782764723004,2.78507408771981,4.511938815656253,4.055,22.0,1.0,20.183402923813027,32.86635295736364,0.7896257344454714,0.9993933599346817,1.0004657704891686,0.9770321574891818,4.883093385426023,4.06982246299313,5.928911394948931,0.18729875700362458,0.19912472647702406,,1.2210585030824688,0.7313965551440633,0.8314348159620502,0.9689366786140978,2.78507408771981,1.0192846011499903,0.7333585327522566,0.9999855599009556,1.1063941553537193
B0042,106,42,4.0,0.08416878530139071,1.7282350363146088,0.04870216349789855,2.679525148874618,2.1499182639223604,4.178606054628232,0.325226839146433,-3.9351759952435854,-4.034013050651154,-0.0014040617202484493,0.6033522872751366,23.826987359225914,5.832910464719786,38.12553242159685,9.435584471242091,1012.187,87,0.10603180131397782,False,True,True,False,B0042_p2,-1,1908.172,8900.516,10806.266,0.823643985813416,1.1283305568590516,0.6508385615483177,,8.725679908789616,2.409766061487156,4.823048254836131,4.1850000000000005,4.0,1.0,19.826987359225914,34.12553242159685,0.7821093606247147,0.9916772412333233,0.9997074210919756,1.0293521250113253,4.796863600861557,4.225745965522418,6.156725384169081,0.17965540578557476,0.19037199124726478,,0.6296393923807263,1.1207256617904173,0.8887643210544093,1.0,2.409766061487156,0.7215687970875114,1.1240619678380313,1.0002791752481892,0.6598853535255728
B0042,108,43,4.0,0.08443785621465827,1.7282350363146088,0.04885785465541688,2.6791157950874176,2.1626004782242956,4.187711795130632,0.32951179165368744,-3.9330339281400906,-4.034190401454665,-0.0015910768541789232,0.6102116243124434,23.77974968565753,6.190532539577355,38.33981699002702,9.654751988661582,991.172,85,0.09439111585512952,False,True,True,False,B0042_p2,-1,1766.203,9029.296999999999,10803.094,0.8358065754125623,1.115600904973831,0.646412385563961,,36.65849253770792,0.0,1.6493399567396925,4.1850000000000005,4.0,0.0,19.77974968565753,34.33981699002702,0.7819898769807896,0.9975270744584841,1.0018859170391359,1.0429141206341068,4.7854351032878135,4.252280706118713,6.29973234065328,0.17592540495313583,0.18599562363238512,,0.6253573861782502,1.1372751983770615,0.30393113014571455,1.0,0.0,0.7134281688449061,1.1403259489690296,0.9999855599009556,0.6107895362959561
B0042,110,44,4.0,0.08478919060590338,1.7282350363146088,0.04906114551798053,2.671214412999543,2.174009268733748,4.188160354925031,0.34300368536813075,-3.931680950777038,-4.032988970431842,0.0010617334447227764,0.6139586786074559,23.729074463498662,4.744830301776295,37.77196459678644,9.501295102875618,982.094,84,0.09439111585512952,False,True,True,False,B0042_p2,-1,1735.578,9062.655999999999,10805.765,0.8386871267328134,1.0925301277713002,0.6296376641433884,,36.029986151282536,0.0,22.822599619161725,4.195,4.0,0.0,19.729074463498662,33.77196459678644,0.7796835933859539,1.0027895247051188,1.0019932323853067,1.0856163450318175,4.773174938683112,4.181963855670689,6.199601616692986,0.1743141297898296,0.1838074398249453,,0.6091290524152988,1.1411947410924999,4.205620840488576,1.0023894862604539,0.0,0.6986743780761397,1.14453891630543,1.00023280031472,0.600198777731361
B0042,112,45,4.0,0.09334258183442584,1.7282350363146088,0.05401035152803933,2.691575483192303,2.1861984912538444,4.147325113187213,0.3170185700088296,-3.942868822909943,-4.034270870730653,-0.00047393607634380486,0.5778316727410028,24.093822128089528,4.730017206468228,36.82466507220515,9.6230763755284,1063.609,95,0.09334258183442584,False,True,True,False,B0042_p2,-1,1679.3439999999973,6790.625,8483.202999999994,0.8004788993025399,,0.6144314040311764,,,,1.3632344311331215,4.105,4.0,0.0,20.093822128089528,32.82466507220515,0.7856266551992691,1.0084119591782579,0.9922236360956145,1.0033727215228798,4.861420558861058,4.064660275035348,6.279063981207126,0.18878241519816927,0.20787746170678337,,0.5944180919051237,1.0892051172863564,0.25120920621292603,0.980884109916368,,,0.8576000874949421,0.7852454585425677,0.5807518971722925
B0042,115,46,4.0,0.10603180131397782,1.7282350363146088,0.06135265116490541,2.6739113004169983,2.1758569457027304,4.178007633870366,0.32855879528428955,-3.943133668889635,-4.035551171922283,-0.00046395737528633736,0.5781784411185055,23.99346261249294,6.19069543442408,38.55810679258891,9.894019623982052,1067.641,95,0.09334258183442584,False,True,True,False,B0042_p2,-1,2032.406,8763.937000000002,10803.406,0.8112198134551272,1.2047053088295108,0.7218762145685009,,13.626806270959332,0.0,2.2267741431107853,4.125,4.0,1.0,19.99346261249294,34.55810679258891,0.7804707705074782,1.0036417892911909,0.9995642523738066,1.039897860227855,4.837139971062057,4.279311412661091,6.455854637950008,0.1894980641801533,0.20787746170678337,,0.6983632009045709,1.103820191674357,0.4103374681061765,0.9856630824372759,0.0,0.7704105461407239,1.1068131634422695,1.0000144400990443,0.7028480408566393
B0042,117,47,4.0,0.106505866207118,1.7282350363146088,0.0616269569642781,2.674532494466212,2.1928857082631903,4.187777600667363,0.34811784645931615,-3.941238449762143,-4.0336360496244295,-0.00124516242122111,0.5840556268386483,24.134267829139272,5.756061028005535,38.71410921886447,9.577978929088847,1048.687,93,0.09439111585512952,False,True,True,False,B0042_p2,-1,1852.969,8946.359,10806.531,0.8278659451400269,1.1762738532637775,0.6906349942535138,683.7767681893356,36.62087072785683,0.0,1.7444771046284484,4.175,4.0,0.0,20.134267829139272,34.71410921886447,0.7806520868428961,1.0114965233808326,1.0019016606346216,1.1018028092260954,4.871205833227845,4.298629107555969,6.249637866258779,0.18613387499252312,0.20350109409190373,1.3907507396541892,0.6681395722837266,1.126470447452508,0.3214624709457199,0.9976105137395458,0.0,0.7522285948789219,1.1298515616988367,1.000303704903617,0.6407950140956512
B0042,119,48,4.0,0.09439111585512952,1.7282350363146088,0.05461705952705064,2.672674327169749,2.1962120524397566,4.187801760321389,0.34603843435425236,-3.940098411106424,-4.0344969748098904,-7.243994267375294e-05,0.5871446454275907,24.399198659580694,5.517396127585015,38.82770605774448,9.539809505218328,1039.984,92,0.09439111585512952,False,True,True,False,B0042_p2,-1,1877.718,8918.969,10803.828,0.825537855656347,1.1556511231080302,0.6849536366780204,697.776293725681,36.80702672608156,0.0,1.5234971551872838,4.1850000000000005,4.0,0.0,20.399198659580694,34.82770605774448,0.7801097183427232,1.0130308420904155,1.0019074406926376,1.0952214112248133,4.935302159828827,4.312695741818633,6.2247322908215645,0.18458915944435678,0.2013129102844639,1.4192247261952013,0.6626432683720141,1.1233026350575352,0.2807415234547255,1.0,0.0,0.7390403332470057,1.1263924299699475,1.0000535024182537,0.6493537302985954
B0042,121,49,4.0,0.09450595927387112,1.7282350363146088,0.05468351080036038,2.795919785016863,2.177441070098024,4.187724346556428,0.3565581594255389,-3.895915337791737,-4.034666797827482,-0.0023372383400789612,0.7168076227298545,19.290333517015608,5.553047335078787,28.576587463983174,7.36933390162472,687.328,61,0.09439111585512952,False,True,True,False,B0042_p2,-1,1836.094,8962.484000000006,10805.687000000005,0.8294228770461334,1.1457499007745544,0.6701907492446247,687.9206152438943,36.936676386267756,0.0,1.5095118350371628,4.125,4.0,0.0,15.290333517015608,24.576587463983174,0.8160830423017055,1.0043724868886097,1.0018889198954353,1.1285166379812626,3.699283353740394,3.043305348007111,4.808495460438404,0.12199543241297064,0.13347921225382933,1.3991790142377234,0.6483612389679247,1.128588952013809,0.2781643869818553,0.9856630824372759,0.0,0.7327084892271556,1.1318880165775644,1.0002255802651985,0.6349592899886294
B0042,123,50,4.0,0.08211456108215626,1.7282350363146088,0.04751353800653309,2.647432949750048,2.1475982200987445,4.184585351637899,0.333398305202224,-3.939911966880655,-4.034572987789034,-0.0010899874353723059,0.5871676227100583,24.880141621063864,4.297748001576022,39.82101597656743,10.580450138716655,1047.531,92,0.09450595927387112,False,True,True,False,B0042_p2,-1,1072.5629999999999,8341.765,9426.047,0.88496959542001,0.7616448877841158,0.3907825644928318,,28.013724783114405,0.0,1.1413503267604312,4.165,4.0,0.0,20.880141621063864,35.82101597656743,0.7727421750437546,0.9906070914061637,1.0011379334483286,1.0552150457071146,5.0516596146569634,4.435696764341085,6.903751022897368,0.18592869388558528,0.2013129102844639,,0.3780539614538219,1.204170919201209,0.21032164611484447,0.9952210274790919,0.0,0.48707285479895873,1.053496312027574,0.8725195658713814,0.37091447439405295
B0042,127,51,4.0,0.09518470631946747,1.7282350363146088,0.055076250810448216,2.650103128820241,2.1889636369151995,4.174370629404978,0.3321437229595751,-3.9391677500177606,-4.03512977633892,-0.0008747962133831193,0.5903768972063547,24.484790248053308,6.1880198679126615,39.40691039052945,10.06158058791888,1038.375,91,0.09450595927387112,False,True,True,False,B0042_p2,-1,1898.015,8930.671999999999,10802.828,0.8266976017761274,1.1404995852171997,0.6406200576054221,,8.405012576003644,2.560778290242806,4.685656176736377,4.1850000000000005,4.0,1.0,20.484790248053308,35.40691039052945,0.7735215564375881,1.0096874179094462,0.9986941200121866,1.0512442575001466,4.956009853229012,4.384418296715101,6.565188282644719,0.18430357432232994,0.19912472647702406,,0.6197537264202787,1.1248806921550034,0.8634464783626756,1.0,2.560778290242806,0.7293509058859792,1.1278704226177454,0.9999609376807904,0.6563728527993493
B0042,129,52,4.0,0.09539129998659052,1.7282350363146088,0.05519579107133981,2.6386351740397065,2.1591530449897105,4.187149567075233,0.3369455247017265,-3.938160748076452,-4.03420892483412,-0.0008121114595693276,0.5932782278403341,24.324380281877854,6.267578933042184,39.34611379625948,10.275107427376282,1030.703,90,0.09450595927387112,False,True,True,False,B0042_p2,-1,1751.344,9047.875,10806.515,0.8372611336772309,1.1471016445182265,0.6502757860964365,648.420863429714,37.32298820966789,0.0,1.588218730922231,4.175,4.0,0.0,20.324380281877854,35.34611379625948,0.770174248880186,0.9959369018752845,1.0017514072164868,1.0664420955387877,4.917200894811816,4.37688988778715,6.704514692862921,0.1829418533427215,0.19693654266958424,1.3188394771148169,0.6290949476988896,1.139254403958431,0.2926680529597877,0.9976105137395458,0.0,0.733572931035598,1.1426721975728742,1.0003022238678174,0.6056509866955865
B0042,131,53,4.0,0.08289664565854568,1.7282350363146088,0.04796607169550238,2.641516205964566,2.1872998670546773,4.186990272639876,0.35606995520803103,-3.9364453051464534,-4.03394881658736,-0.001861892207628201,0.5999695835884935,24.31173812149945,5.120871196805115,37.81632351305823,9.551049095858643,1010.765,88,0.09439111585512952,False,True,True,False,B0042_p2,-1,1786.469,9012.813,10806.563,0.8340129049356396,1.1341290847663934,0.6490418995059374,624.7647599124167,37.284417864822665,0.0,1.5316036371580597,4.1850000000000005,4.0,0.0,20.31173812149945,33.81632351305823,0.7710151747575333,1.0089199828245794,1.0017132969406954,1.1269714578539085,4.914142300086521,4.187456795946452,6.23206613147699,0.1794030117249643,0.1925601750547046,1.270724734124737,0.6279012513677128,1.1348345655710101,0.2822353405521746,1.0,0.0,0.7252769629096143,1.1382441553429252,1.0003066669752159,0.6177979383553874
B0042,133,54,4.0,0.08343199036452603,1.7282350363146088,0.04827583552665462,2.6361490952131295,2.1645340110741715,4.187147788668544,0.34078395005226514,-3.9374486872527408,-4.034576773439992,-0.0010553441197214642,0.5966954914654712,24.798155128694976,4.1434430425399045,39.87139328791911,10.591395909598983,1025.719,89,0.09450595927387112,False,True,True,False,B0042_p2,-1,1675.984,9131.235,10805.016,0.8450922238338194,1.113927294884673,0.616482291276232,,35.79329632931669,0.0,1.5297078455524797,4.175,4.0,0.0,20.798155128694976,35.87139328791911,0.769448603322303,0.9984189411655006,1.0017509817429338,1.0785908201079037,5.031824124076312,4.441934959179138,6.910893145957781,0.18205723168443574,0.19474835886214442,,0.5964021774758161,1.1499101045395694,0.28188599469242615,0.9976105137395458,0.0,0.7123578931074583,1.1531998799722967,1.0001634693263601,0.5795899396612063
B0042,135,55,4.0,0.09624772156495698,1.7282350363146088,0.055691338008168924,2.6207075351068374,2.1770285343272047,4.18639765148157,0.3406548167804928,-3.9362749816753353,-4.034351864470546,0.0003041886385817139,0.600151417270792,24.477937441374635,6.254954957414337,39.50565821587436,10.199206646717563,1016.859,88,0.0871279249656989,False,True,True,False,B0042_p2,-1,1675.125,9120.625,10803.234,0.8442495089896229,1.128267245590582,0.6226926483275368,626.9493752659732,38.156056909304894,0.0,1.5419495671853851,4.1450000000000005,4.0,0.0,20.477937441374635,35.50565821587436,0.7649414656651504,1.004182199498628,1.0015715157433036,1.0781821096581223,4.954351912043844,4.396646185774827,6.654989381062256,0.18048464984406415,0.1925601750547046,1.2751680781518586,0.6024102502472704,1.1487634293161353,0.2841418305955185,0.9904420549581839,0.0,0.7215283094524351,1.1518599242350382,0.9999985189642007,0.579292879690366
B0042,139,56,4.0,0.0871279249656989,1.7282350363146088,0.0504143956897759,2.609437196185719,2.141111284495936,4.171541055891453,0.3636290909595908,-3.9328752001842844,-4.0360153311832665,0.004795592661441842,0.6104765826475329,24.426888204419104,5.41572408589482,38.61632478517865,9.530927076906272,1021.079,85,0.0871279249656989,False,True,True,False,B0042_p2,-1,1697.75,9099.155999999999,10804.39,0.8421721170746335,1.1136754769267954,0.5755387943696211,,8.828395779107666,3.743488235286531,3.22478766830719,4.1850000000000005,4.0,1.0,20.426888204419104,34.61632478517865,0.7616518389298604,0.9876149095587874,0.9980171608533152,1.1508963358545636,4.942001259765358,4.286520514757068,6.218936500213301,0.1812336673797716,0.18599562363238512,,0.556792295644457,1.1459367390606052,0.5942458111825485,1.0,3.743488235286531,0.7121968552096133,1.1491485661084402,1.0001055238007082,0.587117072752373
B0042,141,57,4.0,0.09681912182757578,1.7282350363146088,0.056021964485825165,2.6133279392952935,2.169659057289744,4.185612994515991,0.34620969757535136,-3.9348711002995205,-4.034406713148468,-9.72148222703691e-05,0.6034896323107769,24.529804368213707,6.029955350974764,39.5809379115645,9.982660937094629,1010.562,87,0.08548836969893649,False,True,True,False,B0042_p2,-1,1657.406,9140.234,10805.093,0.8459190494704673,1.126731469965427,0.6093041743294201,,36.226656154249525,0.0,1.5199097976572031,4.175,4.0,0.0,20.529804368213707,35.5809379115645,0.7627874829103106,1.0007829341495778,1.0013837910855479,1.0957634641532776,4.96690039300745,4.4059680292091885,6.513693155976061,0.17936698078663527,0.19037199124726478,,0.5894578667667573,1.1510351594477313,0.28008046529997765,0.9976105137395458,0.0,0.7205461790264681,1.1543363796593458,1.000170596811145,0.5731652829228211
B0042,143,58,4.0,0.08440054891345107,1.7282350363146088,0.048836267718210265,2.6084761921076955,2.181654361966916,4.185815228961297,0.3635150684121276,-3.9340089265905283,-4.03395759066338,-0.0017411040008431158,0.60672462473335,24.521420210496924,5.424272480385026,38.80523939319278,9.624518571862023,1003.313,86,0.08548836969893649,False,True,True,False,B0042_p2,-1,1680.312,9115.546,10803.343,0.8437708587054951,1.1129635595175442,0.6107887242543871,,37.42383845944067,0.0,1.3603923154836353,4.1850000000000005,4.0,0.0,20.521420210496924,34.80523939319278,0.7613713376308388,1.0063159215424609,1.0014321745112955,1.1505354512737016,4.964871962754943,4.309913707067784,6.280005015310867,0.1780803390529046,0.18818380743982493,,0.5908940618048807,1.1481121337737832,0.25068547705822786,1.0,0.0,0.7117415831393,1.151218488307655,1.0000086085205842,0.5810866515981066
B0042,145,59,4.0,0.09770121716674529,1.7282350363146088,0.05653236690253033,2.602763654326182,2.152597184317211,4.185190800042781,0.3453732328557727,-3.9338909734981855,-4.035821871740746,0.000757118118019328,0.6068835100942758,24.626500323697712,6.171293375093454,39.65831560799121,10.213341227626938,1006.187,86,0.08577749933433501,False,True,True,False,B0042_p2,-1,1587.141,9209.688,10804.438,0.8523986161982696,1.1036092748015858,0.585340142967182,,36.685901578444984,0.0,1.4720774792121896,4.175,4.0,0.0,20.626500323697712,35.65831560799121,0.7597039417216344,0.9929129274597394,1.0012827834905522,1.093116029707661,4.99029463343379,4.415549666924229,6.664212204867667,0.17859045194333667,0.18818380743982493,,0.566274393879077,1.1598518531093256,0.2712661935404916,0.9976105137395458,0.0,0.7057595064073735,1.163107848629709,1.0001099669081064,0.5488661922929019
B0042,147,60,4.0,0.08517426476572666,1.7282350363146088,0.049283959054178955,2.5909779927483028,2.1543073222809688,4.185054518834841,0.36777721634816407,-3.933060350490302,-4.036045295099187,-0.0029838713042761194,0.6100213980645574,24.561944088587065,5.325273797252637,38.948661840205986,9.692583123854066,996.765,85,0.08595553255245832,False,True,True,False,B0042_p2,-1,1655.875,9141.875,10805.344,0.8460512687055591,1.1060346592415404,0.602522097417128,,37.38528835414629,0.0,1.3620931788151183,4.1850000000000005,4.0,0.0,20.561944088587065,34.948661840205986,0.7562639007706897,0.9937017504240755,1.0012501789968162,1.1640252697849482,4.974676150968434,4.327673630029392,6.324417182494438,0.17691811942640878,0.18599562363238512,,0.5828966962424169,1.1512150690838143,0.25099890262731606,1.0,0.0,0.7073105427789175,1.154543624462818,1.000193830560248,0.5726358314497633
B0042,151,61,4.0,0.08471993544879124,1.7282350363146088,0.04902107275261186,2.5818616349209504,2.177098848593695,4.168001002398225,0.3471069306608114,-3.9328133118112514,-4.034780378871755,-0.003022715826767279,0.6099313945582704,24.349376846518034,6.175186105872323,39.202440143533465,10.009146402646573,999.422,85,0.08595553255245832,False,True,True,False,B0042_p2,-1,1730.672,9065.281,10803.656,0.8390938215729935,1.090285167612279,0.5625126956815277,,8.092777739302454,1.920118328777301,29.644390057113533,4.195,4.0,1.0,20.349376846518034,35.202440143533465,0.7536029857221517,1.0042146328515524,0.997170223453145,1.0986032321920185,4.923248465675539,4.359098858159885,6.530974940540884,0.1773897164862132,0.18599562363238512,,0.5441904841544449,1.1417481274484476,5.462702177147875,1.0023894862604539,1.920118328777301,0.6972387232570735,1.1448704322159207,1.0000375812834101,0.5985021814368988
B0042,153,62,4.0,0.08548836969893649,1.7282350363146088,0.049465708021541425,2.5894657078700765,2.1860372690383523,4.184494029120111,0.35523028305050997,-3.931442483824809,-4.033579787707524,-0.00303181205559452,0.6134335092058075,24.83962802826491,4.661077022364263,39.957340694247904,10.370308934441708,990.234,84,0.08595553255245832,False,True,True,False,B0042_p2,-1,1615.703,9181.078000000001,10804.406,0.8497531470031764,1.103081282218909,0.5869893246129232,,37.13554692111551,0.0,1.3287279695014231,4.065,4.0,0.0,20.83962802826491,35.957340694247904,0.755822489664812,1.0083375933734886,1.0011160850621557,1.1243138717766783,5.0418579148265055,4.452577779371773,6.766633741974005,0.1757589171691326,0.1838074398249453,,0.5678698582395163,1.1562521847265244,0.24485054871590947,0.9713261648745519,0.0,0.7054218544928373,1.159494640934802,1.0001070048365077,0.558743522778517
B0042,155,63,4.0,0.08577749933433501,1.7282350363146088,0.049633005657177307,2.74324665969125,2.1515100073583078,4.184245249283899,0.38268366465736686,-3.8726297778107583,-4.03486917319316,-0.0002365954410871517,0.7741495234952571,18.66421642737719,5.781013489512925,27.779193601334228,7.176848642612333,608.953,52,0.08595553255245832,False,True,True,False,B0042_p2,-1,1555.2810000000002,9241.858999999997,10804.733999999997,0.8553527555606644,1.0896643722533486,0.5724432733456446,,36.50837521403815,0.0,6.230050031902695,4.195,4.0,0.0,14.664216427377191,23.779193601334228,0.800708622551317,0.9924114532104948,1.0010565659198323,1.2112045993990725,3.5478030394219235,2.944564503281458,4.682898695992934,0.10808447284873555,0.1137855579868709,,0.5537976021954369,1.1638715264742339,1.148038728658154,1.0023894862604539,0.0,0.6968417238514846,1.167170781336904,1.0001373660703952,0.5378483451788447
B0042,157,64,4.0,0.08595553255245832,1.7282350363146088,0.04973602012823152,2.7253834676969557,2.186039852986656,4.188328512345139,0.3966860174871344,-3.866632309551034,-4.034128418138735,-0.0008738851024605422,0.7888983812885566,18.036688378070966,5.959666089901167,28.172175880273606,6.7570525687355225,586.719,50,0.08614796979658328,False,True,True,False,B0042_p2,-1,881.0160000000001,9914.875,10803.687,0.9177306784248748,0.6959211144788926,0.3132713811790748,,26.893573534637117,0.0,1.1333054820613773,4.195,4.0,0.0,14.036688378070966,24.172175880273606,0.7954946503386502,1.0083387852526258,1.0020334630791305,1.2555224413038422,3.395981363052316,2.9932272833733204,4.4089814678562815,0.10413810889401527,0.10940919037199125,,0.3030674790175598,1.2487486579621343,0.20883918718863043,1.0023894862604539,0.0,0.4450424198740041,1.252167166866292,1.0000404507902714,0.3046735591035221
B0042,159,65,4.0,0.08614796979658328,1.7282350363146088,0.049847369128848545,2.719690012340044,2.194439659521147,4.183150067115272,0.3994155327864052,-3.863052351120637,-4.035982933293039,-0.002320109755672334,0.7963109164730884,18.05907472602224,5.99603423820299,28.019806483186763,6.766210553342388,575.922,49,0.08595553255245832,False,True,True,False,B0042_p2,-1,794.078,9689.656,10496.5,0.9231320916495975,0.6436987875628274,0.2840333957628559,,27.68451726186382,0.0,1.0624972770282268,4.195,4.0,0.0,14.059074726022239,24.019806483186763,0.793832824275622,1.0122133032335188,1.0007945498965196,1.2641614342631233,3.401397428322248,2.9743594644905493,4.41495705913722,0.10222172445490782,0.10722100656455143,,0.2747818357574102,1.256098316935122,0.1957910477244924,1.0023894862604539,0.0,0.41164617673863085,1.2237238594968638,0.9716057667831439,0.27460860014552135
B0042,163,66,4.0,0.08652450808993331,1.7282350363146088,0.05006524359929846,2.615760645023181,2.1996590897894817,4.146111713893696,0.3350785409130414,-3.9362026199966365,-4.03581430505571,0.0008740084244236819,0.6001917643034873,24.765477730551947,4.479408156056278,39.575497528042895,10.385801957455557,1050.406,88,0.08614796979658328,False,True,True,False,B0042_p2,-1,536.157,9593.562,10132.125,0.9468459972611866,0.6195783350684461,0.16410841317782435,,7.585694483693135,1.3111715065042517,0.6146219698064651,4.1850000000000005,4.0,1.0,20.765477730551947,35.575497528042895,0.7634975497377204,1.01462083206667,0.9919333373063488,1.0605330391543621,5.023918282463405,4.405294349501183,6.776742950190793,0.18643898426832436,0.1925601750547046,,0.1587630599392188,1.2883656351186414,0.11325909442279182,1.0,1.3111715065042517,0.39622111731275966,1.21158797762918,0.9378774905699674,0.18541418252139247
B0042,167,67,4.0,0.08676036428685732,1.7282350363146088,0.050201715891531905,2.5894472814365503,2.1361070306368717,4.168085841455298,0.351219763960916,-3.935267346074326,-4.034670379890685,-0.0013796716649676448,0.6032443440239086,25.247650848522692,4.209594025408038,40.52562745153084,10.54535381966284,1040.75,87,0.08652450808993331,False,True,True,False,B0042_p2,-1,1762.953,9056.719000000001,10806.375,0.8380903864616952,1.1298934938689251,0.5879964177243351,,8.444679319989106,2.68657690514892,4.253984263143597,4.1850000000000005,4.0,1.0,21.247650848522692,36.52562745153084,0.7558171112916515,0.9853066335909679,0.9971905207087,1.1116204656663253,5.140573356529992,4.5229484168809595,6.880850650475491,0.1847251185515492,0.19037199124726478,,0.5688441482281607,1.1403827614668545,0.7839003956922711,1.0,2.68657690514892,0.7225682972528508,1.1437891220347325,1.0002892648045727,0.6096656190605296
B0042,169,68,4.0,0.08662025389371077,1.7282350363146088,0.05012064451512622,2.5730668910828003,2.1419779252621813,4.183024595509789,0.35977938743114907,-3.9325874401041485,-4.034567644462774,-0.0016879895212775884,0.6100872423187877,24.850317398468412,6.1114866794686815,39.732594757918605,10.114946102648771,1019.125,85,0.08662025389371077,False,True,True,False,B0042_p2,-1,1651.3120000000001,9146.469,10805.687,0.8464495593847943,1.143844212867198,0.6118994778544531,611.7410080586351,37.283817652930765,0.0,7.464932441458897,4.195,4.0,0.0,20.850317398468412,35.732594757918605,0.7510359445122557,0.9880146586741991,1.0007645315378857,1.138711915534072,5.0444440591517274,4.424747613325484,6.600009317862849,0.18088684741181607,0.18599562363238512,1.2442353981800796,0.5919686358438966,1.1517570199664278,1.3755959431667906,1.0023894862604539,0.0,0.7314897994357852,1.15512380887912,1.000225580265198,0.5710578516512247
B0042,171,69,4.0,0.0869802394927499,1.7282350363146088,0.050328941182810255,2.7401588017218352,2.1988863560155885,4.183194814686632,0.3860771567725615,-3.8727999832071216,-4.035671934777944,-0.002427445657589341,0.7740469861307534,18.864531156596232,5.762629273523069,28.137335489275593,7.298402898686385,618.844,52,0.08676036428685732,False,True,True,False,B0042_p2,-1,1674.125,9125.047,10807.125,0.8443547196872434,1.121596240548962,0.604852560214508,,37.41329889088782,0.0,1.361878698971655,4.1850000000000005,4.0,0.0,14.864531156596232,24.137335489275593,0.7998073275501586,1.014264398750129,1.0008052554951283,1.2219450977206519,3.5962663997851476,2.9889130168623046,4.762212932032664,0.10984004925766506,0.1137855579868709,,0.585151251006685,1.1489065886553025,0.250959379482951,1.0,0.0,0.7172621934157958,1.1524183864659672,1.00035868835767,0.5789470590025425
B0042,173,70,4.0,0.07387787113473963,1.7282350363146088,0.04274758327564126,2.5703065006615917,2.122954770697664,4.187955458211665,0.35547842529723084,-3.933637026469155,-4.0334227980197594,-0.000527700833343363,0.6068167593173303,25.750153086607327,4.11670799614815,40.647285732276394,10.717070415814334,1039.547,86,0.08676036428685732,False,True,True,False,B0042_p2,-1,853.469,9944.859999999999,10806.219,0.9202904364607084,0.7089398024563174,0.30917736368405685,,27.187071543959846,0.0,0.9908338506475487,4.095000000000001,4.0,0.0,21.750153086607327,36.647285732276394,0.7502302319074262,0.979239985815856,1.001944212027266,1.1250992489910483,5.262146778227768,4.538013295068986,6.992895848060357,0.18451159530618047,0.18818380743982493,,0.29910681220976215,1.2522316998687657,0.1825853128600752,0.978494623655914,0.0,0.4533678870577325,1.2559540257524084,1.0002748247055284,0.29514723661604775
B0042,175,71,4.0,0.08775865702231889,1.7282350363146088,0.05077935302680859,2.554774172450461,2.152849839303629,4.182683957990996,0.3601279623979737,-3.9300907584627907,-4.033737999973946,0.0008490808760314476,0.6174943792806763,25.210180888220314,6.1209352703449404,40.39876505346307,10.382767346353672,1004.328,83,0.08676036428685732,False,True,True,False,B0042_p2,-1,1578.281,9218.718,10804.937,0.853194979295113,1.1083497985953614,0.5821230561759922,,38.31314751482923,0.0,1.4039629170160128,4.155,4.0,0.0,21.210180888220314,36.39876505346307,0.7456966005319854,0.9930294677971649,1.0006830359742964,1.1398151651421558,5.131508021214863,4.507239115698831,6.77476286435096,0.17826049374454989,0.18161925601750548,,0.5631620943133875,1.1609354578877347,0.2587144234926797,0.9928315412186379,0.0,0.7087910772805062,1.1642482633617963,1.0001561567121005,0.5458022209987855
B0042,179,72,4.0,0.08790576300272998,1.7282350363146088,0.05086447222490377,2.569770688194377,2.196522899315092,4.162514481062673,0.3541522547337774,-3.930747740189577,-4.033875415877974,0.000294010211596314,0.617565371670076,25.400612986280134,5.500435881271609,40.90163609300309,10.806875511820504,1005.75,83,0.08676036428685732,False,True,True,False,B0042_p2,-1,1578.39,9219.75,10806.062,0.8532016566256977,1.0969809070312218,0.5240720035530003,,8.621974203588968,3.2159928055175753,3.261259858768458,4.1850000000000005,4.0,1.0,21.400612986280134,36.90163609300309,0.7500738370527916,1.0131742241793773,0.9958576048374094,1.120901881728245,5.177580416534861,4.569509360753512,7.051493735228246,0.1785128878051603,0.18161925601750548,,0.5070018855303549,1.1609445436770653,0.6009667021792688,1.0,3.2159928055175753,0.7015206569588314,1.1643785964740347,1.0002602920417467,0.5458399154537583
B0042,181,73,4.0,0.08808784882200178,1.7282350363146088,0.05096983163230248,2.5650203867450827,2.197996842344396,4.182351033163065,0.356816058067743,-3.929501181608493,-4.035122004029501,-0.002047659702682906,0.6208764799000316,25.47246500800018,6.159046065895221,41.18900895779625,10.5996343628472,995.797,82,0.08662025389371077,False,True,True,False,B0042_p2,-1,1635.359,9162.891000000001,10806.281,0.8479227034721751,1.111343643994229,0.5947770629417982,,38.84372893779345,0.0,1.444073056566472,4.1850000000000005,4.0,0.0,21.47246500800018,37.18900895779625,0.74868730211736,1.013854099215356,1.0006033856275547,1.1293328944626988,5.194964013013366,4.605094585007238,6.916268742392127,0.17674630687319437,0.17943107221006566,,0.5754039336909582,1.153761515125355,0.2661056953733241,1.0,0.0,0.7107056451436157,1.1571977724151485,1.0002805637192513,0.565540974218376
B0042,183,74,4.0,0.08834250268158712,1.7282350363146088,0.05111718072211632,2.5498903733729468,2.1297135396833,4.18217351248383,0.3637970208479387,-3.92912394117899,-4.034188562278321,-0.000504340603270576,0.6210260317739141,25.7066698253335,6.315637106895644,41.34432689728045,10.788896314734878,998.921,82,0.07553765302367196,False,True,True,False,B0042_p2,-1,1599.75,9196.0,10803.813,0.8511809673121887,1.0958041818153095,0.5793695107544499,,38.59058672556881,0.0,1.3314801369448466,4.155,4.0,0.0,21.7066698253335,37.34432689728045,0.7442710998325281,0.9823575542807987,1.0005609148279366,1.1514278386907917,5.251626608447455,4.6243275202781104,7.0397622967125475,0.17730079284038633,0.17943107221006566,,0.5604982376082959,1.1581950081894496,0.24535770271894677,0.9928315412186379,0.0,0.7007681397169763,1.1613791668076925,1.0000521139471918,0.5532266453456686
B0042,185,75,4.0,0.07463055332745072,1.7282350363146088,0.04318310401031873,2.541309292458781,2.167460006041706,4.182212563987984,0.3714971412433701,-3.9284467564220784,-4.035608644890248,-0.0013759515805679718,0.6246408102239561,25.73079046383608,4.142877022607462,41.46126781944402,11.052168917479733,989.141,81,0.07553765302367196,False,True,True,False,B0042_p2,-1,1577.407,9220.203000000001,10805.718,0.8532707405468105,1.0971354352146037,0.575528673827877,,39.01689897984102,0.0,1.3588970733570194,4.165,4.0,0.0,21.73079046383608,37.46126781944402,0.7417664233192041,0.9997685936922777,1.0005702576752875,1.1757989370684125,5.257462261175036,4.638808250539901,7.211547851832711,0.17556491807753824,0.1772428884026258,,0.5567825047498622,1.1610385456057406,0.2504099422131968,0.9952210274790919,0.0,0.7016194779246567,1.1644358066483025,1.0002284497720595,0.5454999737176277
B0042,187,76,4.0,0.07485698665122698,1.7282350363146088,0.04331412399256554,2.532211294556467,2.188428099048639,4.182029042319134,0.3704714392435711,-3.9267682674435918,-4.03477323779569,-0.001986074495312301,0.6283929815967662,25.610151874322735,6.306072938554303,41.26138545585116,10.727345916272718,979.203,80,0.07584285606128259,False,True,True,False,B0042_p2,-1,1539.125,9259.875,10807.077999999994,0.85683428952766,1.0866453506702283,0.5640892354272363,,39.419431814941674,0.0,1.3521429766179882,4.165,4.0,0.0,21.610151874322735,37.26138545585116,0.7391108672310919,1.0094403942327796,1.0005263511734823,1.1725525612899175,5.228275433725601,4.614056927070526,6.999600619206224,0.17380099953017789,0.175054704595186,,0.5457156727130186,1.1658874376740058,0.24916533509225794,0.9952210274790919,0.0,0.6949110557871742,1.1694460539629603,1.0003543378150088,0.5322612661463679
B0042,191,77,4.0,0.07527573643141765,1.7282350363146088,0.043556423084640215,2.5336398931006547,2.1364927300394707,4.1594358105794,0.36433056714253875,-3.9278468443801544,-4.035478262157419,-0.002589487570254189,0.6245293944562705,25.871001272619925,6.308430698033009,41.67057172451578,10.838564170745775,994.031,81,0.07584285606128259,False,True,True,False,B0042_p2,-1,1457.5,9338.953000000001,10804.672,0.8643439615751409,1.0675334091273474,0.48337112094712786,,8.767906294927622,3.419453454390447,2.2590826586895627,4.1850000000000005,4.0,1.0,21.871001272619925,37.67057172451578,0.7395278516712094,0.9854845423635633,0.9951210506638433,1.153116527771865,5.291384314632624,4.664726238323891,7.072170607062748,0.17643285545896228,0.1772428884026258,,0.4676267155460264,1.1761057872524712,0.41629110041409617,1.0,3.419453454390447,0.6826889453557308,1.1794329549800133,1.000131627056673,0.5040336525027734
B0042,193,78,4.0,0.07532351860488727,1.7282350363146088,0.04358407104482248,2.5300104336765603,2.191166300272401,4.181389260665308,0.37152644228900933,-3.9256584663973166,-4.0348123254431405,-0.001417317889479082,0.6322621827966969,25.600970602838455,6.08363611699178,41.186747771669836,10.497320761602404,971.516,79,0.07553765302367196,False,True,True,False,B0042_p2,-1,1586.578,9209.829,10804.688,0.8523919432009512,1.0979606019964783,0.5754016316303313,,39.20301692066861,0.0,1.3381956923875844,4.165,4.0,0.0,21.600970602838455,37.186747771669836,0.7384684721051008,1.0107034244982036,1.0003732870992799,1.1758916757048454,5.226054152892834,4.604814583569225,6.849509046917039,0.17243661616596384,0.17286652078774617,,0.5566596005816165,1.159842773216235,0.24659520766565418,0.9952210274790919,0.0,0.7021471731098791,1.163125655770044,1.0001331080924722,0.5486714952456572
B0042,195,79,4.0,0.07553765302367196,1.7282350363146088,0.043707974573153514,2.5687661609629626,2.1913163423875845,4.1811310594098385,0.3893787437076367,-3.9058724989108504,-4.036198260626553,0.000642900107638055,0.6903819496096255,22.972831047751573,6.053939877888575,36.899850438855346,9.237147538957087,810.563,66,0.07553765302367196,False,True,True,False,B0042_p2,-1,1524.109,9271.047,10803.297,0.8581682980667846,1.0687998066588953,0.5510490439161221,,38.81974620270847,0.0,1.500411365385189,4.195,4.0,0.0,18.972831047751573,32.899850438855346,0.7497806320604736,1.0107726333390006,1.000311513936686,1.2323947135532465,4.5902123711148,4.073970437756423,6.027245148802708,0.14386869687100587,0.14442013129102846,,0.5331002274326198,1.16770261222587,0.2764874034013152,1.0023894862604539,0.0,0.6834988081551725,1.1708569856780076,1.0000043505426608,0.52706842269801
B0042,197,80,4.0,0.07584285606128259,1.7282350363146088,0.04388457268116402,2.6667675405848916,2.1777089403180425,4.183136931480622,0.418568373507547,-3.863354268170434,-4.035140494431039,0.0004867641078371885,0.7969318227574365,19.739623944709617,5.758986455111538,29.79153666326944,7.862521900115106,599.047,49,0.07532351860488727,False,True,True,False,B0042_p2,-1,1162.578,9636.344,10807.219,0.8916580667052273,0.9030827686486852,0.4245654889835076,,35.194455224797714,0.0,1.248374356321873,4.075,4.0,0.0,15.739623944709617,25.79153666326944,0.7783856243997462,1.004496045446744,1.0007914072716182,1.3247807157100464,3.8079829186199805,3.19375184108364,5.130300970073526,0.10632623405520047,0.10722100656455143,,0.4107365056450421,1.2132718675922647,0.23004343489734413,0.9737156511350059,0.0,0.5775225558530115,1.2169909923654096,1.0003673894429916,0.4020435236084867
B0042,199,81,4.0,0.0759921803489148,1.7282350363146088,0.04397097544727773,3.1051211862160657,2.1316975124246333,4.186858423852253,0.69516819573764,-3.22393930405399,-4.034942103518998,-0.0008462779898683204,1.611404924437332,6.0573358126113375,4.3832182010726894,9.15118085083689,1.57966694080384,109.078,10,0.07532351860488727,False,True,True,False,B0042_p2,-1,814.907,9979.108999999999,10802.344,0.9237910771958382,0.6787922806452528,0.28988737048032426,,28.09489445883117,0.0,1.0272744369494378,4.195,4.0,0.0,2.0573358126113375,5.151180850836891,0.9063338504711086,0.9832726870315751,1.0016817528779804,2.2002269597456037,0.4977437618465075,0.6378678998814504,1.0307337698710097,0.01936050586727445,0.02188183807439825,,0.28044513431081847,1.2569949931995539,0.1893003800193034,1.0023894862604539,0.0,0.43408850929370657,1.2602793927689369,0.9999161363478583,0.28181169925219735
B0042,203,82,4.0,0.07621652609591999,1.7282350363146088,0.044100787505412825,3.133556616526209,2.1969934922661687,4.173229464797026,0.6658805808052646,-3.224483832257962,-4.03535806126515,0.0011581209737159038,1.6119374621108205,6.452306826213871,5.410302000622145,8.639171556267463,1.0280215049402246,109.17099999999999,10,0.07553765302367196,False,True,True,False,B0042_p2,-1,23.765,4839.5779999999995,4877.25,0.9922759751909375,0.13484548242883113,0.0065795188189729905,,6.360282676148238,0.13647316147892674,,,4.0,1.0,2.4523068262138707,4.639171556267463,0.914633685323674,1.0133912911848066,0.9984211029552201,2.107530831879046,0.5933015006102728,0.5744660697178438,0.670784741976244,0.01937701265182914,0.02188183807439825,,0.006365210170522687,1.3501818359983964,,,0.13647316147892674,0.08623385403982405,0.6111988979274509,0.4514613657927013,0.00821842864612584
B0042,205,83,4.0,0.06216923141552526,1.7282350363146088,0.03597267160379911,3.175407439924743,2.1767041905630014,4.182309477232018,0.6774430054286956,-3.1336357808131234,-4.03389585056911,0.0017708340942048577,1.6754127410287627,5.8829411130714435,4.591253062887671,8.36040279366827,1.2666929013890578,96.484,9,0.07584285606128259,False,True,True,False,B0042_p2,-1,70.26599999999999,4006.968999999997,4091.172000000006,0.9794183671573796,0.13142707591469735,0.021072664621397508,,9.718855136490546,0.2652845964116164,0.11784261931695747,4.195,4.0,0.0,1.8829411130714435,4.360402793668269,0.9268492529751261,1.0040325917973987,1.0005934436105004,2.144126232146898,0.45555139185859594,0.539946286720357,0.8265179929974369,0.01712516775241669,0.019693654266958426,,0.020386283991063944,1.3326865934899235,0.021715377913436903,1.0023894862604539,0.2652845964116164,0.0840477788144699,0.5060472290826717,0.37869826209705465,0.024299436450607118
B0042,207,84,4.0,0.0759822277461493,1.7282350363146088,0.04396521662249037,3.102016459243783,2.137070814591814,4.179128534299532,0.6943832289441837,-3.224095150373821,-4.034621719624155,-0.0011780329669630765,1.611382199535307,7.141415346306763,5.611697555798786,10.13355592147926,1.5033625632773269,109.094,10,0.0759822277461493,False,True,True,False,B0042_p2,-1,53.062,2512.188,3046.829,0.8245254328352526,0.09686917263295444,0.015777083413901473,,10.011071126056178,0.0,,,4.0,0.0,3.141415346306763,6.13355592147926,0.9054276316852068,0.9857511912421218,0.9998324213427625,2.1977425176896275,0.7600217146895452,0.7595148661503079,0.9809451108353643,0.019363345744187084,0.02188183807439825,,0.015263190906569349,1.1219250395724398,,,0.0,0.06194795660431174,0.31726868272121395,0.2820289264804573,0.018349937337291365
B0042,209,85,4.0,0.06227013548943564,1.7282350363146088,0.036031057223688844,3.1454428736631384,2.082550981383133,4.181278186068862,0.7087088130441817,-3.134890688113641,-4.0354552764801035,-0.0029746030201113173,1.67375694495009,4.976092805264432,3.445726070155866,7.825436879589506,1.5049256623284426,96.906,9,0.0759921803489148,False,True,True,False,B0042_p2,-1,70.84400000000001,3216.25,3301.0,0.9743259618297485,0.11913148726492089,0.021145779209906304,,11.679805896374084,0.014472230393732133,0.10946992706112645,4.195,4.0,0.0,0.9760928052644324,3.825436879589506,0.9181030884653049,0.9606032222722474,1.0003467131421013,2.2430833956874667,0.23615206706918515,0.47370175095218614,0.9819650340457712,0.017200069505987438,0.019693654266958426,,0.020457017084956425,1.3257573990452167,0.020172505075561058,1.0023894862604539,0.014472230393732133,0.07618473455180322,0.4061859227104438,0.3055561983662324,0.024499320808169116
B0042,211,86,4.0,0.06259446608798445,1.7282350363146088,0.03621872301667059,3.1652602154514007,2.144385419639702,4.180985964629633,0.6889061126674095,-3.1337747765377175,-4.033746345766042,-0.002155790769271562,1.673665959382088,6.411857494253951,5.1212840136675215,8.862063004604039,1.2539120462926185,97.015,9,0.07621652609591999,False,True,True,False,B0042_p2,-1,53.437,2914.985,3004.844,0.9700952861446385,0.10145476775009277,0.01593951507661904,,9.628739259597122,0.01191477241243355,,,4.0,0.0,2.411857494253951,4.862063004604039,0.9238874448919683,0.9891251461855841,1.0002768008465701,2.1804072900890135,0.5835153477953108,0.6020665955329852,0.8181784762199165,0.017219416167454763,0.019693654266958426,,0.01542033183130739,1.3200007531051228,,,0.01191477241243355,0.06488045039568319,0.3681386309870511,0.2781425959780622,0.018479620095225184
B0042,215,87,4.0,1.4377344766079456,1.7282350363146088,0.8319091132846468,3.375833171038118,2.1679616860507585,4.091725418867881,0.30321722333515516,-0.9606132638664066,-1.0117101728405982,0.0007729257222862269,0.21051089741783532,8.336150156814936,4.866447950679472,12.075623262738652,1.6208517900415143,5608.781,457,1.4377344766079456,False,False,False,True,B0042_p2,1,18.202999999999996,3686.906,3752.781,0.9824463511193432,0.10179865527326337,0.005202688162592486,,6.204775629258535,2.224394243145985,,,4.0,1.0,4.336150156814936,8.075623262738652,0.9853502304634914,1.0,0.9789217295998066,0.9596910697752874,1.0490711714413365,1.0,1.0576069124428962,0.9955154793703355,1.0,,0.005033225759776891,1.3368067465998996,,,2.224394243145985,0.06510036689525789,0.4656259045648415,0.34737518802212297,0.006294973980451446
B0042,219,88,4.0,1.5246019289244055,1.7282350363146088,0.8821727929874383,3.4250125349211604,2.1808501795778437,4.159841572444575,0.31243582870636344,-0.9944195894158236,-1.0157168253561746,-0.00046618949845138953,0.11372875140054597,8.088311260303593,4.392392021662698,11.61044167945082,1.5010025497353996,5703.296,463,1.489011227320312,False,False,False,True,B0042_p2,1,2891.672,7942.5470000000005,10807.359,0.7349202520245696,1.56803015464427,1.0340954987023772,429.7876626316912,8.879527327672763,3.6510559007820573,5.467617205969375,4.1850000000000005,4.0,1.0,4.088311260303593,7.610441679450821,0.9997048786587699,1.0059449821507516,0.9952181268520527,0.9888682159585442,0.9891100003358453,0.9423968196443482,0.9794052003693141,1.012291164770191,1.013129102844639,0.8741559197485937,1.0004128518716715,1.0,1.007541877478869,1.0,3.6510559007820573,1.0027572377665808,1.0030783620259829,1.0003803485062366,1.0
B0042,221,89,4.0,1.5215273965539478,1.7282350363146088,0.8803937916908242,3.427812476893316,2.148712088809679,4.180350451491815,0.3201757645724719,-0.9986292541736457,-1.014585811777543,-0.0013941777112871086,0.09342723120503256,8.108636077883194,5.45862942281849,12.416393344856289,1.476928649057637,5668.032,459,1.489011227320312,False,False,False,True,B0042_p2,1,2896.906,7897.844,10803.25,0.7310618563858098,1.5682990593064778,1.039912399264771,573.9088079115863,10.728089453341308,0.0,5.215385307531903,4.1850000000000005,4.0,0.0,4.108636077883194,8.416393344856289,1.0005221357114042,0.9911208775667316,1.000124757990227,1.0133653314245987,0.994027307028754,1.0421973723922917,0.9636969635504417,1.0060320760547437,1.0043763676148796,1.167287536268099,1.0060402838525482,0.9947499124862451,0.9610619958525011,1.0,0.0,1.002929202633136,0.997432740789162,1.0,1.0018100254800681
B0042,223,90,4.0,1.5155323631175952,1.7282350363146088,0.8769249154613868,3.4260236276092266,2.126630218048744,4.180484652340476,0.3212152097392792,-1.0007710730973127,-1.0152252739169738,0.0004917354460156597,0.08150988492319063,8.179473273978417,5.378401802765508,12.741907914911504,1.5533659553463819,5634.047,455,1.489011227320312,False,False,False,True,B0042_p2,1,2896.313,7918.172,10805.14,0.732815308269953,1.5637186106347227,1.0336687466256445,482.6221797401351,11.637478526115904,0.0,5.385762347148101,4.1850000000000005,4.0,0.0,4.179473273978417,8.741907914911504,1.0,0.980935332820708,1.0001568647699925,1.0166552047145585,1.0111653805736565,1.082505663091928,1.0135723586952505,1.0,0.9956236323851203,0.9816173708628468,1.0,0.9971358201807369,0.9924581225211311,1.0,0.0,1.0,1.0,1.0001749473538055,1.001604953812189
B0042,225,91,4.0,1.5044249661534554,1.7282350363146088,0.8704978978794347,3.427137964017458,2.177720591678305,4.179828984428225,0.3159529486985367,-1.0029400958959638,-1.015528714589196,-0.000375861507562752,0.06701470735759571,8.133323147997125,3.9425222197783962,11.812176644627149,1.5325654276385317,5582.375,449,1.489011227320312,False,False,False,True,B0042_p2,1,2796.36,7997.86,10802.829,0.7403486623735319,1.558340748721147,1.0079691107244024,500.6981934841237,11.086639987489344,0.0,42.25811402359524,4.195,4.0,0.0,4.133323147997125,7.812176644627149,1.0003252564866312,1.0045014197853854,1.0,1.0,1.0,0.9673775497518489,1.0,0.9908286175106457,0.9824945295404814,1.0183826291371532,0.9751374548324722,1.007386393740012,7.787088586883007,1.0023894862604539,0.0,0.9965608506050888,1.010063939000062,0.999961030245528,0.9670391386021652
B0042,227,92,4.0,1.5001507149498807,1.7282350363146088,0.8680247092715417,3.4224753028837007,2.1738551413791023,4.179688473119865,0.3194337441339185,-1.002976218809888,-1.0152994782253595,-0.0017314201089289405,0.06713857461337767,8.221548017024785,5.433875343316513,12.77319183354637,1.5715268169605274,5567.329,447,1.489011227320312,False,False,False,True,B0042_p2,1,2785.89,8008.203000000001,10802.656,0.7413179684699763,1.549041110117861,0.9983825132458689,530.6852350327558,11.391443060713113,0.0,4.0090426549555485,4.1850000000000005,4.0,0.0,4.221548017024785,8.77319183354637,0.9989643023191869,1.0027184314954751,0.9999663834791127,1.0110168157939965,1.0213447789753414,1.0863795335805642,1.0254223334412742,0.9881580682589265,0.9781181619256017,1.0793740259701226,0.9658631128251043,1.008705320649121,0.7387639279240003,1.0,0.0,0.990613720130309,1.0113701748332824,0.9999450165459469,0.9634183960006528
B0042,231,93,4.0,1.489011227320312,1.7282350363146088,0.8615791232282665,3.4137666152192327,2.1739453453589515,4.156718320546126,0.31603441613312266,-1.0029036577307848,-1.0156907563945252,-0.0025000475145131695,0.06745003750888409,8.196033184015114,3.948091350954695,11.714847602816855,1.5642764381355698,5528.453,442,1.489011227320312,False,False,False,True,B0042_p2,1,2788.453,8036.344000000006,10803.047000000006,0.7438960508086285,1.539357763713749,0.9830654583915315,373.66427001813054,8.768646460620156,3.1691555368497974,30.821341227318236,4.195,4.0,1.0,4.196033184015114,7.714847602816855,0.9964223794923016,1.0027600392325628,0.9944709068317875,1.0002578467297791,1.0151718202938904,0.9553253478791618,1.0206914562505174,0.981257877330452,0.9671772428884027,0.7600051421550514,0.9510449663885991,1.0122132962853212,5.679584147311102,1.0023894862604539,3.1691555368497974,0.9844212080387753,1.014924151685516,0.9999812093582955,0.9643047344235446
B0042,233,94,4.0,1.4810149357562845,1.7282350363146088,0.8569522690122571,3.415284661394718,2.1496986936751377,4.179126280631904,0.32225438151007374,-1.0028526103336208,-1.0141702039281322,-0.0012569793191836165,0.06770363551466191,8.16363192494008,4.856942399753029,11.58953853216132,1.5055301552892486,5513.39,440,1.4810149357562845,False,False,False,True,B0042_p2,1,2714.203,8079.469,10802.312,0.74793886716103,1.5371089296968181,0.9707093467830497,497.6306124085909,11.229997559633148,0.0,21.02291647208046,4.195,4.0,0.0,4.163631924940081,7.5895385321613205,0.9968654722261788,0.9915759616541521,0.9998318821657682,1.0199442126984215,1.007332786684642,0.939808394378654,0.98235946612019,0.9785843107095132,0.962800875273523,1.0121433989552862,0.9390913191018667,1.0177143235617696,3.8739853092195475,1.0023894862604539,0.0,0.9829830758827488,1.0203704845007155,0.9999131742762595,0.9386275483526485
B0042,235,95,4.0,1.476262027748574,1.7282350363146088,0.854202117610486,3.411339830211172,2.1308714510516316,4.178321190076967,0.3229272523305341,-1.002761137143926,-1.015116075388854,-0.0019003583424086314,0.06827772875833123,8.182297960881899,3.7743106596445495,12.228023164640563,1.6446697473265521,5486.187,432,1.476262027748574,False,False,False,True,B0042_p2,1,2611.797,8182.031000000001,10802.484,0.757421256074066,1.527336571488346,0.941719852339753,483.2574053233859,11.115515758610977,0.0,2.8193305471827346,4.155,4.0,0.0,4.182297960881899,8.228023164640563,0.9957140408257192,0.9828916556792607,0.9996392688894988,1.0220738678360994,1.0118487742504492,1.0188715962772918,1.0731481460212484,0.9737559874811127,0.9452954048140044,0.9829093721282491,0.9110460729454638,1.0306169329087207,0.5195304436529952,0.9928315412186379,0.0,0.9767336406314119,1.0333232215718477,0.9999290954111032,0.9032134349953936
B0042,237,96,4.0,1.4662551025438961,1.7282350363146088,0.8484118605016976,3.406171736681637,2.1249846428522594,4.177914160605347,0.32799959431152426,-1.0028500275234071,-1.0161898571210812,-0.001235670588422102,0.0681678115395448,8.239851195999249,4.866093726205865,12.995413081963957,1.6658962163227755,5461.922,433,1.4662551025438961,False,False,False,True,B0042_p2,1,2706.688,8086.9529999999995,10802.266,0.7486348697578823,1.5200731260726494,0.9552370856342416,454.38762464780376,10.525460128212492,0.004098950406845603,3.629675956663341,4.1850000000000005,4.0,0.0,4.239851195999249,8.995413081963957,0.9942055592472832,0.980176290256869,0.9995418894337517,1.0381279733663185,1.0257729783488485,1.113897068907271,1.0869984317013388,0.9694491366507947,0.9474835886214442,0.9241904002413562,0.9241230217635594,1.018661368625414,0.6688563573952907,1.0,0.004098950406845603,0.9720886582373299,1.0213156521479958,0.9999089162983361,0.9360287058836548
B0042,239,97,4.0,1.4593282593817019,1.7282350363146088,0.8444038158685061,3.404061107280645,2.124079082604729,4.177668141485771,0.3286401777277191,-1.0027529355519171,-1.0156335856045817,0.0005687903234577565,0.06851611139092005,8.314381068196377,5.064328187477132,13.00690019959285,1.6851876918374316,5438.157,430,1.4593282593817019,False,False,False,True,B0042_p2,1,2679.078,8115.359,10803.234,0.7511971878050592,1.5144194457680848,0.9428355503111925,414.95563886688274,12.559137589831142,0.0,3.972423443596333,4.1850000000000005,4.0,0.0,4.3143810681963775,9.00690019959285,0.993589501207291,0.9797585890339382,0.9994830307769759,1.0401554379582252,1.0438044434747347,1.1153195123837882,1.0995861327983036,0.9652310319739967,0.9409190371991247,0.8439886941552197,0.9121254303073668,1.0221478939186255,0.7320159447395925,1.0,0.0,0.968473122637693,1.0249030963207166,0.9999985189642007,0.9264805966928475
B0042,243,98,4.0,1.445704157754381,1.7282350363146088,0.8365205700477445,3.3920891926927386,2.157698091133544,4.153042890139087,0.32582611848484944,-1.0027471224260915,-1.0151373782288406,-0.002021243389795451,0.06875838454086707,8.203300249486228,3.7607493206822635,13.003396618491456,1.7611598302120675,5402.875,426,1.445704157754381,False,False,False,True,B0042_p2,1,2637.828,8161.3589999999995,10807.89,0.7551297246733636,1.5032864499003875,0.9181357956452129,312.1081494852685,8.774827840178588,2.8668141473800093,5.754382138232511,4.1850000000000005,4.0,1.0,4.203300249486228,9.003396618491456,0.990095096063255,0.9952657858377973,0.993591581285041,1.0312488610313086,1.0169299856274272,1.114885665857346,1.1491580055578885,0.9589687483970227,0.9321663019693655,0.6348046028211158,0.8882301981581792,1.02749886479944,1.0603853131773409,1.0,2.8668141473800093,0.9613535579078352,1.0307125179902634,1.0004295003818295,0.9122154933201275
B0042,245,99,4.0,1.4400686089389023,1.7282350363146088,0.8332597006074997,3.3962072676781316,2.128860427750212,4.176783274878805,0.3320829574126435,-1.0026619793717584,-1.0156661309978001,-0.0017615914551981737,0.0688892372570496,8.252382764570392,5.127499040352615,12.802739574235913,1.626040340206212,5384.438,423,1.4400686089389023,False,False,False,True,B0042_p2,1,2687.5,8107.5779999999995,10803.938,0.7504280383689724,1.502656013167039,0.9349944157499095,402.1107413926427,12.584127275687873,0.0,20.507584825539396,4.195,4.0,0.0,4.252382764570392,8.802739574235913,0.9912970944827074,0.9819640455123657,0.9992713315399347,1.051051932829078,1.0288048169258093,1.0900384141063406,1.0609924450088322,0.9556963227321321,0.925601750547046,0.8178631346244591,0.9045396978501556,1.0211013185467155,3.779022879495427,1.0023894862604539,0.0,0.960950392831292,1.023920420016135,1.0000636845393747,0.9293930985256972
B0042,247,100,4.0,1.4290313659547842,1.7282350363146088,0.8268732758723233,3.395827065629725,2.162828573021361,4.176835821672092,0.33089170733331336,-1.002740647957347,-1.015570651710456,-0.001295845381980595,0.06933297218662363,8.247452041994245,5.268947360045857,12.748426837127603,1.5927604175217611,5344.859,419,1.4290313659547842,False,False,False,True,B0042_p2,1,2583.5,8214.734,10807.062,0.760126480258927,1.492158614997889,0.905094400626645,410.6620300787788,12.385617234938117,0.0,3.6239527850760007,4.1850000000000005,4.0,0.0,4.247452041994245,8.748426837127603,0.9911861197523107,0.9976322860950794,0.9992839030574495,1.0472815927064834,1.02761189723393,1.0833128976550084,1.039277272472459,0.9486713547118085,0.9168490153172867,0.8352558154210481,0.8756135885710743,1.0342979094193132,0.6678017233876379,1.0,0.0,0.9542372936216529,1.0374533415035694,1.00035285677921,0.8934277469920516
B0042,249,101,4.0,1.414172188151386,1.7282350363146088,0.8182753840976693,3.3924931276502397,2.1882897882574714,4.1765571620332524,0.33040003158639575,-1.0027179745166037,-1.0147574189655577,-0.0024425355844481696,0.0696247757318798,8.179356055314594,5.033635313790021,12.453422458173545,1.6123779650765908,5305.156,415,1.415603079129078,False,False,False,True,B0042_p2,1,2548.204,8249.016,10806.157,0.7633625904195174,1.4819892488206834,0.8912253073956923,418.1626838277539,12.311188659149154,0.0,26.32425041555709,4.195,4.0,0.0,4.179356055314594,8.453422458173545,0.9902129980398339,1.0093765966149262,0.9992172353445173,1.045725425090568,1.011137021149623,1.0467826671878167,1.0520777358008389,0.941624377645412,0.9080962800875274,0.8505115834356592,0.8621962406283917,1.0387012581522885,4.850885438351012,1.0023894862604539,0.0,0.9477339712796122,1.041782876148687,1.0002690856918057,0.8812216599946329
B0042,251,102,4.0,1.415603079129078,1.7282350363146088,0.8191033333913853,3.389283502389414,2.1285029465259013,4.1766999837334025,0.331079649342986,-1.0026894950538923,-1.015910590106893,-0.0013228207107746923,0.06994391723668263,8.33800631225338,4.9905387057055535,12.169150023943399,1.6425253149994201,5284.547,412,1.414172188151386,False,False,False,True,B0042_p2,1,2450.328,8345.468,10804.781,0.7723865944159349,1.4708901338786957,0.8616956774560597,429.4601201425946,12.083581753795514,0.0,32.364687654435414,4.195,4.0,0.0,4.3380063122533805,8.169150023943399,0.9892761611672097,0.9817991527346884,0.9992514046133276,1.047876434471521,1.0495202424120744,1.0115813675504506,1.0717489024467433,0.9379664386896311,0.9015317286652079,0.8734897228548537,0.8336284523151334,1.0509801468773687,5.963983383431777,1.0023894862604539,0.0,0.9406360734439636,1.0539639704719728,1.0001417166130564,0.8473741143532185
B0042,255,103,4.0,1.3994410223300702,1.7282350363146088,0.8097515632563042,3.377876069069322,2.158726692822152,4.150196439454072,0.3318288128893133,-1.0025103497063337,-1.0159094949842238,-0.001649295270730888,0.07011502367051788,8.293330795902381,4.9273863857427855,12.726444405331803,1.6432539808720534,5267.843,409,1.3994410223300702,False,False,False,True,B0042_p2,1,2596.641,8253.656000000006,10808.187000000005,0.7636485194047811,1.4629090069741786,0.8787091016228391,219.08228714139443,8.83100668779785,2.489224597371418,28.815717740330335,4.195,4.0,1.0,4.293330795902381,8.726444405331803,0.9859465188296137,0.9957402414959512,0.9929105843601381,1.0502475582398327,1.0387116231119726,1.0805908251807725,1.0722243574318895,0.9350016071928403,0.8949671772428884,0.4455969653573524,0.8500877137780718,1.0390903193932546,5.30999908356719,1.0023894862604539,2.489224597371418,0.9355321328435012,1.0423688699866593,1.0004569921088566,0.8979721766507405
B0042,257,104,4.0,1.3959635285794907,1.7282350363146088,0.8077393984306245,3.386987302997725,2.1998128745691083,4.175707583064406,0.32889676938914897,-1.0024134076376698,-1.015635228418542,-0.000597670991539855,0.07050211575404294,8.373136255476883,5.217565120870593,12.125723483812017,1.5996800459559077,5229.688,406,1.3959635285794907,False,False,False,True,B0042_p2,1,2424.281,8372.36,10805.625,0.7748149690554689,1.4640000486725266,0.8494655743417482,418.1257768530837,12.30790672691502,0.0,2.0594455998715953,4.1850000000000005,4.0,0.0,4.373136255476883,8.125723483812017,0.9886059382962452,1.0146917672592135,0.9990139784715659,1.0409675578086233,1.0580194431678935,1.0062038829008442,1.043792334804779,0.9282293882177413,0.888402625820569,0.8504365174130787,0.8217967091631458,1.0542844164669523,0.3795031012768828,1.0,0.0,0.9362298553691065,1.0573602088967,1.0002198412514753,0.8383665228974794
B0042,259,105,4.0,1.3929784652630588,1.7282350363146088,0.8060121661655054,3.3829130588839496,2.1540885607694915,4.176508363415245,0.3319251081157238,-1.0024655689800792,-1.016152801679653,-0.0028143667405868696,0.07054877718588566,8.329037453715973,4.923982446005675,12.113502869241639,1.6234766394937268,5206.954,403,1.3929784652630588,False,False,False,True,B0042_p2,1,2405.984,8390.578,10805.5,0.7765099255009023,1.4517085704936086,0.8399029084611709,390.60277837656764,11.758439453700104,0.0,2.295158526952034,4.165,4.0,0.0,4.329037453715973,8.113502869241639,0.9874167333879829,0.9936008438845897,0.9992055605563407,1.0505523353492319,1.0473503519350247,1.0046906109003084,1.0593196285233164,0.924194278109501,0.8818380743982495,0.7944567996609294,0.8125455192516833,1.056590729894517,0.4229389593756136,0.9952210274790919,0.0,0.9283694397576757,1.0596609924613913,1.0002082706592923,0.8320390417723725
B0042,261,106,4.0,1.3740772023800918,1.7282350363146088,0.7950754229067452,3.3774651407729346,2.159795216779738,4.175329405348679,0.3372938802743163,-1.0024461693775721,-1.0151802085458579,-0.0010365158630051465,0.07097756466806417,8.396128944133206,5.5619286658367235,12.960410174687055,1.6090894919913932,5179.062,400,1.3752493030002435,False,False,False,True,B0042_p2,1,2458.062,8335.844,10803.016,0.7716219248402483,1.4436541843407495,0.8449538386039176,368.73835167013516,11.252606050678244,0.0,48.2140880669222,4.195,4.0,0.0,4.396128944133206,8.960410174687055,0.9858265756123294,0.9962331118102475,0.9989235016321698,1.067544650757926,1.0635822041311793,1.1095626780945635,1.0499320048415646,0.9192436626815502,0.87527352297593,0.7499861931286146,0.8174319300667874,1.0499396672150105,8.884622127321329,1.0023894862604539,0.0,0.9232186497766127,1.052748538425283,0.9999783398514336,0.8500486915528455
B0042,263,107,4.0,1.3752493030002435,1.7282350363146088,0.7957536296295131,3.3780934843236405,2.185043715780537,4.1751813693585715,0.3308806968373481,-1.002355515867145,-1.0146961801450893,-0.0007376994377314608,0.07135050081934848,8.43692173445999,4.134321617243554,12.426232816501301,1.6965000539838977,5144.109,396,1.3746632526901676,False,False,False,True,B0042_p2,1,2351.125,8443.704,10803.875,0.7815440293413243,1.4357617605012394,0.8156673142033679,381.7702922954483,12.481310536742583,0.0,2.2207582248030655,4.1850000000000005,4.0,0.0,4.43692173445999,8.426232816501301,0.9860099787697515,1.007879304251403,0.9988880848745325,1.0472467441759963,1.0734514519170801,1.0434157887701845,1.1069674569117525,0.9130397740735924,0.8665207877461707,0.7764921844213243,0.7890993288382468,1.0634405939805236,0.40922888837241206,1.0,0.0,0.9181714348967523,1.0663703693226163,1.0000578529609145,0.8130676646590623
B0042,267,108,4.0,1.3671966130854505,1.7282350363146088,0.7910941419177231,3.364163079749717,2.1784898920030544,4.147372136171002,0.333483873759522,-1.0023378437056385,-1.0153472628222506,-0.0015101895474657527,0.07139751871057938,8.419794670115083,4.481717410647008,13.217541890864759,1.7918700289434677,5142.891,395,1.3740772023800918,False,False,False,True,B0042_p2,1,2467.265,8330.921999999999,10807.344,0.7708574835778337,1.4233937194886777,0.8213690579655384,,8.773483394016624,2.4316119861277015,3.8859617729931144,4.1850000000000005,4.0,1.0,4.419794670115083,9.217541890864759,0.9819439225809784,1.0048562693796839,0.9922348860735357,1.055485872606026,1.0693077971067355,1.1414031574993075,1.1691964314401169,0.9128235884436179,0.8643326039387309,,0.7946153549160242,1.048899498216662,0.7160832723069983,1.0,2.4316119861277015,0.910262057257804,1.0521269303066414,1.0003789600351745,0.8532312793428853
B0042,269,109,4.0,1.356887600783644,1.7282350363146088,0.7851290896619894,3.3705853863809336,2.189853076065801,4.174822480867543,0.3362842275092149,-1.0021679698004895,-1.015989585590983,-0.0011949572748057567,0.07178875697450995,8.409805733876953,4.950165168661344,13.047668558877342,1.7019687670033214,5109.734,391,1.3706369077327711,False,False,False,True,B0042_p2,1,2423.734,8372.968,10805.812,0.7748578265104002,1.4294829678510648,0.825350525807702,331.92122368338306,12.81776652320136,0.0,22.83553706356827,4.195,4.0,0.0,4.4098057338769525,9.047668558877342,0.9838184883543902,1.0100976830706454,0.9988022228709994,1.0643490712602182,1.0668911130294283,1.1203678359568552,1.1105357959338915,0.9069384760191033,0.8555798687089715,0.6751029119737035,0.798467138047865,1.054342732256745,4.208004880288019,1.0023894862604539,0.0,0.9141561391731656,1.0574369942961583,1.0002371508573809,0.8381773589812399
B0042,271,110,4.0,1.3449320225969348,1.7282350363146088,0.7782112932190912,3.366371835007897,2.169597235193881,4.174669508085626,0.33994075238792215,-1.0021759719497005,-1.0147917391902936,-0.0003718638051042368,0.07210765738572221,8.370055044633526,4.931862010617464,13.073094195785368,1.6840004796987784,5078.937,388,1.3671966130854505,False,False,False,True,B0042_p2,1,2323.281,8471.594000000001,10804.172,0.7841039553979704,1.4163523782888248,0.7962980545873503,363.04521287488683,12.61372040068924,0.0,1.6829093567642646,4.1850000000000005,4.0,0.0,4.370055044633526,9.073094195785368,0.982588621946266,1.000754417918751,0.9987656250143677,1.0759220757020793,1.057273987094649,1.1235162786319042,1.0988114760578849,0.9014722454392021,0.849015317286652,0.7384067751682589,0.7703609663993635,1.0669238645117056,0.3101171111777572,1.0,0.0,0.905759110786511,1.069892646939218,1.0000853446879412,0.8034386334273044
B0042,273,111,4.0,1.3374691704584258,1.7282350363146088,0.7738931003913244,3.3609438971566736,2.153907127504055,4.174072805021775,0.34160369557612363,-1.0021900129076768,-1.0152446711938672,2.465679595063534e-05,0.07238628642729082,8.33428157906845,4.286490828675208,13.279102890770861,1.801169130118897,5051.672,385,1.3620421069345472,False,False,False,True,B0042_p2,1,2255.156,8552.39,10803.296,0.791646364220697,1.407421347467105,0.7755182385264963,345.6413574322167,12.637625360495532,0.0,1.7706242823410405,4.1850000000000005,4.0,0.0,4.334281579068451,9.279102890770861,0.9810042960801273,0.9935171554750556,0.9986228672445945,1.081185337827188,1.048619095066086,1.1490262223579852,1.1752641013795058,0.8966329176877651,0.8424507658643327,0.7030086365420779,0.7502579922805381,1.077186758753562,0.3262807264180592,1.0,0.0,0.9000477054473529,1.0800965172264507,1.0000042579779234,0.7798795990693274
B0043,2,0,22.0,1.713782642126885,1.6814906372051954,1.0192043917505018,3.475911687674208,2.421307986424623,4.204104775621549,0.23405170104001294,-1.8551004388985552,-1.990987822798042,0.002759030854540164,0.4970392861819861,30.907894474048284,22.74851289531124,36.84241052511593,3.3124391109362725,3360.922,358,1.6800639390792453,False,False,False,True,B0043_p1,0,18.171999999999997,3907.907,5080.078,0.7692612200048896,0.1509777606749455,0.005320374855431853,,23.571297692640734,0.0,,,22.0,1.0,8.907894474048284,14.84241052511593,0.9959280109203097,1.0089788179642085,0.9998463501080662,1.0068494665314358,1.0650539559425323,1.034132871223236,0.9930711769595355,1.0357880631669716,1.0498533724340176,,0.0038254313775073897,1.4221020604667522,,,0.0,0.08891603183214908,0.6751283733251614,0.4702701271598305,0.0051362583889582305
B0043,4,1,22.0,1.6955681658647108,1.6814906372051954,1.0083720529558902,3.4897388185035,2.4612810169393184,4.2050537738824865,0.22844734678138812,-1.8688899233782812,-1.9917802328214218,0.001860661440889201,0.4733197874382051,30.363796429604484,22.372949334869002,36.2511342416132,3.3015496921289875,3289.406,348,1.6786372409532953,False,False,False,True,B0043_p1,0,3613.844,5788.390999999994,10803.703999999998,0.5357783774897938,1.7219836682262915,1.4209043913948016,2051.6133334221086,33.64669336002957,0.0,4.4556082376766915,3.9850000000000003,22.0,0.0,8.363796429604484,14.251134241613201,0.9998897994065891,1.0256359063252476,1.000072046777892,0.9827405150883318,1.0,0.9929361774846962,0.9898065228514334,1.0137478554128347,1.0205278592375366,1.0140246740159153,1.0216521186905188,0.9904717861338781,1.0231263497583585,1.0,0.0,1.014135816917428,1.0,1.0001144182977444,1.021441589334491
B0043,6,2,22.0,1.6814906372051954,1.6814906372051954,1.0,3.4901234321768033,2.3997609695216755,4.204546702288046,0.2324594776280843,-1.8840563804062687,-1.9921619298055877,0.0006171347576784951,0.4443531288719527,30.07611798184701,22.121030952775914,36.12855723169499,3.335550550442815,3244.797,341,1.674027048019897,False,False,False,True,B0043_p1,0,3574.484,5735.36,10802.781,0.530915141202992,1.704146060614819,1.4030306384525757,2030.4725263939022,33.37578911929969,0.0,4.3803345654853825,3.995,22.0,0.0,8.076117981847009,14.128557231694991,1.0,1.0,0.9999514518569746,1.0,0.9656043221306524,0.9843957240995688,1.0,1.0,1.0,1.0035756778010911,1.0088006153290219,0.9814813181834027,1.0058415093159772,1.002509410288582,0.0,1.0036306320537722,0.9908383866950256,1.0000289748601894,1.0103166096850635
B0043,8,3,22.0,1.6786372409532953,1.6814906372051954,0.9983030555218299,3.4940185374934947,2.399740066713552,4.204756646870948,0.23139631236268476,-1.89408796703159,-1.9914034366675073,0.0013219649313469717,0.4231363799359833,30.05896964075817,22.079578018864606,36.352517880569266,3.3966276275278733,3211.438,336,1.6694168550864992,False,False,False,True,B0043_p1,0,3537.984,5843.405999999999,10802.468,0.5409324980180453,1.6979813152250567,1.3907908234125879,2016.0036314237486,33.63010057861451,0.0,4.329456241347057,3.9850000000000003,22.0,0.0,8.058969640758171,14.352517880569266,1.0011160365506793,0.9999912896290968,1.0000013821836773,0.9954264490471733,0.9635540162398802,1.0,1.0183109433244686,0.9897192335915005,0.9853372434017595,0.9964243221989088,1.0,1.0,0.9941584906840226,1.0,0.0,1.0,1.0095043683123694,1.0,1.0
B0043,10,4,22.0,1.6694168550864992,1.6814906372051954,0.9928195959873056,3.5005489873453817,2.3786378834863195,4.204750835132976,0.2337418828872342,-1.9103670337506284,-1.9917916805558111,0.0003667088363332359,0.38654291540864727,30.417149405736243,22.548068572848898,36.75256708066779,3.3994915492727302,3175.594,330,1.6653053536044884,False,False,False,True,B0043_p1,0,3537.219,5878.343000000001,10802.39,0.5441705955811632,1.6951477632500076,1.3872635715374642,2013.693886354474,34.09595672700282,0.0,4.228577727075157,3.975,22.0,0.0,8.417149405736243,14.752567080667788,1.0029871594432624,0.9911978374914706,1.0,1.0055166830461593,1.0063790381055797,1.0278731023662486,1.0191695487335446,0.9786726257451545,0.967741935483871,0.9952827140543447,0.9974638516333687,1.0059861398140844,0.9709940963812879,0.9974905897114178,0.0,0.998331223112032,1.0155400697706853,0.9999927794278121,0.9997837751668748
B0043,14,5,22.0,0.0,1.6814906372051954,0.0,3.579339612317741,3.3579241790202077,4.2033864964434615,0.1501251865582598,-1.9739982626160064,-1.9916737594555385,-0.0024452219143259197,0.16901149494959114,29.92385834200675,23.111690837240317,34.26334191029433,2.8153999645755037,2646.625,274,1.6611938521224778,True,True,True,False,B0043_p1,-1,3542.328,6167.5,10802.547,0.5709301704496171,1.6971636408456574,1.3836410631058234,2046.5994003273368,27.637315293771184,3.14903739936787,5.030201731123559,3.995,22.0,1.0,7.923858342006749,12.26334191029433,1.0255624713207616,1.3992744367742238,0.999675524485752,0.6458122856081072,0.9473997135988951,0.8544383649155173,0.8440585510544105,0.8156519498754468,0.8035190615835777,1.0115465014533092,0.9948592123370349,1.0554554820453237,1.1550683231513645,1.002509410288582,3.14903739936787,0.9995184432407662,1.065494711742867,1.000007313143626,1.0012278178759428
B0043,16,6,22.0,1.6611938521224778,1.6814906372051954,0.9879292904559653,3.507465391169604,2.416288536712014,4.204901465726193,0.23283496397733994,-1.9268034708959647,-1.992343743472965,0.0008785937306626388,0.34522829381626907,30.617574721987218,23.28940869791394,36.83142721849718,3.20003594534408,3121.672,321,1.6506423382064332,False,False,False,True,B0043_p1,2,3010.547,5965.688,10513.953,0.5674067593796549,1.4718262199491747,1.1694673950518855,1744.522896518884,33.79796309653685,0.0,3.8694890453603796,3.965,22.0,0.0,8.617574721987218,14.831427218497183,1.004968866955512,1.0068871722643413,1.000035823904703,1.0016152765767476,1.0303424759938513,1.0333676182752765,0.9593726423721133,0.9620546370081087,0.9413489736070382,0.8622430126758693,0.8408650498443465,1.0489418947070295,0.8885377688577638,0.9949811794228355,0.0,0.8668094323252865,1.0306297553154247,0.9732917514775327,0.850921598288743
B0043,18,7,22.0,1.6506423382064332,1.6814906372051954,0.9816541952026357,3.5054667200956016,2.3791815969853816,4.205123789023272,0.23548079279340237,-1.9324769674832156,-1.9917617417601157,0.0006505199361241833,0.3299928957865112,30.258236869364143,22.825651927649513,36.54735803665934,3.2345977664446655,3102.937,317,1.6424273190907783,False,False,False,True,B0043_p1,2,3506.484,5927.062000000005,10805.0,0.5485480795927816,1.6956196786098563,1.3728165664199352,1995.5133787622037,35.467673658172735,0.0,4.16713944914936,3.975,22.0,0.0,8.258236869364143,14.54735803665934,1.0043962020876804,0.9914244073482052,1.0000886982142152,1.012997169210506,0.9873789897770943,1.0135753292705423,0.9697342964912502,0.9562807781195557,0.9296187683284457,0.9862968671677165,0.9870762326799445,1.0140786172075804,0.956886231040228,0.9974905897114178,0.0,0.9986091504105348,1.0239567437652384,1.0002343908817872,0.9910966245183698
B0043,20,8,22.0,1.6424273190907783,1.6814906372051954,0.9767686377490961,3.505146635224542,2.4666546752460183,4.204720843069481,0.22772812091418426,-1.9255143226505498,-1.9926632981632448,-4.053565775769004e-05,0.3489409545025576,29.936684037867014,22.28596476376554,36.223678523702304,3.324946600499912,3089.437,314,1.6353664801041328,False,False,False,True,B0043_p1,2,3475.828,5819.7970000000005,10804.266,0.5386573229500274,1.6667448328585737,1.3611999357011473,1975.966633820146,35.33863665711668,0.0,4.052519143260048,3.9850000000000003,22.0,0.0,7.936684037867014,14.223678523702304,1.004304490468513,1.0278751536398545,0.9999928671008887,0.9796465312484707,0.9489331913644307,0.9910232226889341,0.9968209296238982,0.9521202713143534,0.9208211143695014,0.9766357476258187,0.9787236964658471,0.9957939760018967,0.9305663552977709,1.0,0.0,0.981603753771376,1.0054256873801384,1.0001664434460718,0.9824318029702791
B0043,22,9,22.0,1.6353664801041328,1.6814906372051954,0.9725694832427223,3.5024428414174498,2.429311406516166,4.204351643955918,0.2306794891478708,-1.924996304077744,-1.9910210969809978,-0.00030013254677948605,0.3503945645721002,29.74762436888935,22.04776019407551,36.16960256825446,3.363592158729807,3077.75,311,1.633232875930849,False,False,False,True,B0043_p1,2,3431.578,5778.2660000000005,10803.594,0.5348466445518039,1.6527541431378785,1.3456046213310195,1955.3405610421376,34.8331220023317,0.0,4.036686678372532,3.9850000000000003,22.0,0.0,7.747624368889351,14.169602568254462,1.003529791848354,1.0123139084974702,0.9999050618710335,0.9923428009975083,0.9263286635559265,0.9872555245123618,1.0084068905156511,0.9485185051638053,0.9120234604105572,0.9664411625233416,0.9675104254925304,0.9887493291888734,0.9269307995792349,1.0,0.0,0.9733641520777373,0.9982508092490653,1.0001042354395309,0.9699246802698939
B0043,26,10,22.0,1.633232875930849,1.6814906372051954,0.9713006066126211,3.5007336141613488,2.4024069940444392,4.203254409200642,0.23272943104400046,-1.9244448695912972,-1.9917602339187832,8.03685131861218e-05,0.35152208302050614,29.699035458962353,22.03233666280654,36.19613432531801,3.370364280027049,3074.875,309,1.6258840554387932,False,False,False,True,B0043_p1,2,3407.375,6324.968000000001,10802.406,0.5855147455113241,1.6603005591941375,1.3311830254051469,1968.8957355913958,26.783840311074258,3.016079636276416,4.807729730853555,3.9850000000000003,22.0,1.0,7.699035458962353,14.196134325318013,1.0030400592388011,1.001102620034399,0.9996441106759928,1.0011612923623103,0.9205192311604878,0.9891041030882136,1.010437176429424,0.9476324713071419,0.906158357771261,0.9731409052232066,0.9571410761388394,1.0824173952510272,1.1039828251861357,1.0,3.016079636276416,0.977808497836194,1.092698817339742,0.9999942605708251,0.9630837787847543
B0043,28,11,22.0,1.6258840554387932,1.6814906372051954,0.9669301865047397,3.501947249481621,2.406157541131262,4.204230992986033,0.23326228168481652,-1.9239340941617735,-1.9925408228773611,0.0007316620638213458,0.3531539182903401,29.746622188626663,22.137944786719313,36.217566438813456,3.3555361808646267,3061.891,306,1.6258840554387932,False,False,False,True,B0043_p1,2,3417.875,5972.797,10805.516,0.5527544450445494,1.6520266108409691,1.3367612637607236,1930.5525353087414,34.705656233174764,0.0,4.009047761776953,3.9850000000000003,22.0,0.0,7.746622188626663,14.217566438813456,1.0033877934504578,1.002665503644249,0.999876367906845,1.0034535225877803,0.9262088399481757,0.9905973681497021,1.0059917036541863,0.9436309883176051,0.8973607038123167,0.954189502181537,0.9611519153403013,1.0218547546501997,0.9205841680220459,1.0,0.0,0.972935683112628,1.031857903172057,1.0002821577439525,0.9660515706119643
B0043,30,12,22.0,1.617976174654771,1.6814906372051954,0.9622272874168412,3.5002499918856302,2.415785415380386,4.204061240829561,0.23199721316205402,-1.916896100852633,-1.9923230772192122,6.37208826967672e-05,0.37091856052240063,29.642987306218718,21.93064744860828,36.09047688646367,3.408360876942094,3058.469,304,1.617976174654771,False,False,False,True,B0043_p1,2,3394.828,5756.8910000000005,10804.578,0.5328196066519212,1.636489150846615,1.327803916914477,1920.210971147124,34.799501521572445,0.0,3.925170222671065,3.975,22.0,0.0,7.642987306218718,14.09047688646367,1.0029014904216471,1.00667751749538,0.9998359963930198,0.9980114191482015,0.9138179498445955,0.9817425070439834,1.021828578340572,0.9425763768889086,0.8914956011730205,0.9490781095731126,0.9547114451448856,0.9850020263233408,0.9013236505271619,0.9974905897114178,0.0,0.9637851348380172,0.994558073219312,1.0001953257348226,0.9595374088746585
B0043,32,13,22.0,1.6136652707273988,1.6814906372051954,0.9596635479395061,3.5007698538114447,2.400209592232293,4.204423283955662,0.2340890222441882,-1.9227329924422065,-1.992372409835,0.00136296002377789,0.3561620229365714,29.6639395578783,22.073666648142986,36.148984496134304,3.36405383278649,3040.75,301,1.6136652707273988,False,False,False,True,B0043_p1,2,3385.531,6110.344000000003,10802.781000000003,0.5656269436546016,1.635188038198925,1.3219631470379516,1905.4129926714797,34.562751461728446,0.0,3.9278026282462246,3.975,22.0,0.0,7.663939557878301,14.148984496134304,1.00305044272546,1.000186944748379,0.9999220997414218,1.0070100158218158,0.916323062425459,0.985818977121045,1.0085453006670493,0.9371156346606583,0.8826979472140762,0.9417641020769582,0.9505118417406914,1.0456516214630027,0.9019281209750846,0.9974905897114178,0.0,0.9630188645404447,1.0556204651689924,1.0000289748601896,0.9569096411967946
B0043,34,14,22.0,1.605821026619692,1.6814906372051954,0.95499849424599,3.5004947608560313,2.4374747406672226,4.204490583977483,0.23129905890296784,-1.9157256805286993,-1.9935372199400445,-0.000496059063857326,0.3739538132072339,29.637650852441404,22.049002397470606,36.15795969792578,3.3823215799886857,3037.641,299,1.605821026619692,False,False,False,True,B0043_p1,2,3367.781,6053.188,10803.484,0.560299621862725,1.6300143727058507,1.3151982007644822,1892.881318070065,34.71721177428733,0.0,3.8803256307740615,3.975,22.0,0.0,7.6376508524414035,14.157959697925783,1.0029716223167384,1.015715636525693,0.9999381054512628,0.9950080816796248,0.9131799077996666,0.986444316999815,1.0140219819302878,0.9361574853527047,0.8768328445747801,0.9355702316016785,0.9456477412882092,1.0358032174358909,0.8910261375577746,0.9974905897114178,0.0,0.9599719137603129,1.0457462185951167,1.0000940525813176,0.9518926597746061
B0043,38,15,22.0,1.6033527961961531,1.6814906372051954,0.9535306118986692,3.4961700451758575,2.3865949081957893,4.202477824031488,0.23486243175297494,-1.9087255587088567,-1.9925774400879446,-9.649659603026656e-05,0.39051477693504505,29.593597067401642,21.794239658347614,36.16956081888435,3.459443919184643,3044.828,298,1.6033527961961531,False,False,False,True,B0043_p1,2,3324.812,6112.296,10803.953,0.5657462597254913,1.6216498334261333,1.2960059213754749,1898.5701459522113,26.607998346453872,3.0348963777158033,4.725157561034094,3.995,22.0,1.0,7.593597067401642,14.16956081888435,1.0017324925941897,0.9945135946900118,0.9994594183601808,1.010337088207413,0.9079127082198408,0.9872526156589843,1.0371433041916815,0.9383724159015187,0.873900293255132,0.9383819757762516,0.9318481971253312,1.0458721962506645,1.0850220552547416,1.002509410288582,3.0348963777158033,0.955045746902812,1.0559576918698144,1.0001374685858824,0.9397476076771404
B0043,40,16,22.0,1.5951342406182645,1.6814906372051954,0.9486429512741957,3.4993157107183803,2.4489169685849195,4.204489330076927,0.23114326204801725,-1.9078668399519791,-1.991618906287858,0.00044862616801423353,0.3924045873333759,29.63922727943673,22.03954138522161,36.13182777424954,3.4058558754226538,3030.25,295,1.5951342406182645,False,False,False,True,B0043_p1,2,3341.407,6092.718999999999,10802.313,0.5640198538961053,1.6266720667336168,1.3043017854688106,1870.0803085828366,34.47807236441817,0.0,3.877733107334707,4.035,22.0,0.0,7.6392272794367315,14.131827774249537,1.002633797549058,1.02048370637224,0.9999378072408326,0.9943378708689482,0.9133683900288309,0.9846235964897487,1.0210775774243641,0.9338796849232787,0.8651026392961877,0.9243006683580264,0.937813051044183,1.0426806597175269,0.8904308251107016,1.012547051442911,0.0,0.9580035140245413,1.052575577565511,0.9999856514270627,0.9444381319983358
B0043,42,17,22.0,1.5878135544728507,1.6814906372051954,0.9442892629553707,3.50080829213355,2.4933649317176108,4.2049536620331756,0.22834207413058089,-1.907455457642798,-1.991997740216363,0.0006829786283691177,0.3935734148856231,29.666195384468185,22.218607583795134,36.12995412374782,3.367547687239008,3017.578,293,1.5950169012164208,False,False,False,True,B0043_p1,2,3345.219,6260.844000000001,10802.547,0.5795710955944001,1.630351039191449,1.3023229683654223,1853.8994194301094,34.386138300047726,0.0,3.7883809516990734,3.9850000000000003,22.0,0.0,7.666195384468185,14.129954123747822,1.0030614561818183,1.0390055357115806,1.0000482375551256,0.9822876505638074,0.9165927756602168,0.9844930514162428,1.0095927602691992,0.9299743558687955,0.8592375366568915,0.9163031472944381,0.9363902511018215,1.0714296103819332,0.8699131898155943,1.0,0.0,0.9601701883129122,1.0816207820100625,1.000007313143626,0.9455155817550334
B0043,44,18,22.0,1.5800601969084245,1.6814906372051954,0.939678260436015,3.497552326899387,2.473993010608268,4.204018303566451,0.22925921252842438,-1.9000139238260703,-1.9916623493440428,0.0008361130921469012,0.4103871685818873,29.635949832755518,21.880054590809358,36.115379230424814,3.469037896877369,3015.0,291,1.5898075522577595,False,False,False,True,B0043_p1,2,3304.562,5939.5470000000005,10805.141,0.5496963898944031,1.6027812677539264,1.287384266249378,1840.0393239841253,34.31542905895985,0.0,3.845446376868016,3.975,22.0,0.0,7.635949832755518,14.115379230424814,1.002128547848507,1.030933097933245,0.9998257847860081,0.9862330194823027,0.9129765289034677,0.9834775575883103,1.04001958429826,0.9291798531618465,0.8533724340175953,0.9094526952440994,0.9256490944414769,1.016201451952819,0.8830169316699169,0.9974905897114178,0.0,0.9439333951336725,1.0261136471257741,1.0002474434545883,0.9340240091532352
B0043,46,19,22.0,1.575565087879128,1.6814906372051954,0.9370049722654857,3.4969748978677377,2.4568566798816054,4.20390099564762,0.2320038174172981,-1.904134059211754,-1.9915432702858618,0.0015714835841860021,0.40109097124515525,29.671876354508125,22.09491692470087,36.260266208231016,3.4323674582393107,2999.454,282,1.5878135544728507,False,False,False,True,B0043_p1,2,3287.7970000000005,5996.703000000009,10802.875,0.5551025074343643,1.614284974814383,1.2810150402468785,1827.5431423458,34.260795592909766,0.0,3.79069967073126,3.975,22.0,0.0,7.671876354508125,14.260266208231016,1.0019631012553218,1.0237922489302385,0.9997978858870175,0.9980398294987344,0.9172720090786477,0.9935724398251304,1.0290257654118427,0.9243887984363891,0.8269794721407625,0.90327636742159,0.9210695229521632,1.0261955224879948,0.8704456294765716,0.9974905897114178,0.0,0.9507083266110145,1.0359878936996507,1.00003767657539,0.9292854348691234
B0043,50,20,22.0,1.5950169012164208,1.6814906372051954,0.9485731683094575,3.4931433851686124,2.389783772934692,4.19682124697899,0.23496874847697855,-1.8929472665362916,-1.9935482540074148,-0.00017630845209682796,0.42443222997343577,29.993152820136338,21.939777569258517,36.73407518988127,3.648678629250213,3054.859,292,1.5807953202097411,False,False,False,True,B0043_p1,2,3271.172,6431.639999999999,10803.204,0.5953456030266576,1.6002980577731947,1.2682873456456452,,26.65223090573239,3.1035745384301663,4.606097254787082,3.995,22.0,1.0,7.993152820136338,14.734075189881267,1.0008652854406141,0.9958424206770176,0.9981141360178278,1.0107944441521497,0.9556847643785044,1.0265846949285853,1.093875980613104,0.9414638265506285,0.8563049853372434,,0.9119181147123508,1.1005913033659092,1.0576826371475663,1.002509410288582,3.1035745384301663,0.9424709467789905,1.1111274272936997,1.000068132578592,0.9245864311427073
B0043,54,21,22.0,1.5898075522577595,1.6814906372051954,0.9454751142118625,3.500270597096414,2.3834815017568327,4.202479371762253,0.2374250740910401,-1.8991542942688262,-1.9935266008477734,-0.0008798809511987908,0.41164446956810685,30.681276254794994,22.790100143073218,37.354359945059734,3.568020189051289,3034.875,289,1.5800601969084245,False,False,False,True,B0043_p1,2,3319.594,6002.938,10803.672,0.555638675442942,1.6146151105644067,1.2921204479159,1888.483773516342,27.40458956348636,3.182580198910774,4.581953680503962,3.995,22.0,1.0,8.681276254794994,15.354359945059734,1.0029073942847007,0.9932162127930234,0.9994597864511392,1.0213611271677223,1.0379588178481676,1.06980253031747,1.0696945332091017,0.9353050437361721,0.8475073313782991,0.9333967135171956,0.9290544819280732,1.02718671456934,1.0521386293020092,1.002509410288582,3.182580198910774,0.9509027549872654,1.037065049683065,1.0001114560117188,0.9382727564624374
B0043,56,22,22.0,1.5807953202097411,1.6814906372051954,0.940115445921947,3.5026578112869,2.427559147580718,4.204284851556785,0.23473518692048148,-1.8917722041126424,-1.9920971011220756,-0.0010677904511500582,0.42780235615642964,30.871236598447616,23.147488082629188,37.40944456827136,3.493615297296021,3030.0,287,1.575565087879128,False,False,False,True,B0043_p1,2,3318.484,5803.343000000001,10803.109,0.5371919324335245,1.6075830770608048,1.2940881967553362,1868.6229743609474,35.49731062124874,0.0,3.8430483130003674,3.975,22.0,0.0,8.871236598447616,15.409444568271361,1.003591385621075,1.011583727884608,0.9998891768871779,1.009789703201683,1.0606710329590276,1.073640506599402,1.0473879032749847,0.9338026385009601,0.841642228739003,0.9235803704172743,0.9304693236183625,0.9930849679059289,0.8824662723209536,0.9974905897114178,0.0,0.9467613469278546,1.0025831012452349,1.0000593382919531,0.9379590184692752
B0043,58,23,22.0,1.5704333289187615,1.6814906372051954,0.9339530617482222,3.5018704137639554,2.458384607788224,4.20378732342866,0.23300629303456202,-1.8907827482284796,-1.9921457624515235,0.0008091845029971647,0.430118713916275,30.779999574712413,23.181964893680906,37.26366414928814,3.4695685574099606,3011.781,284,1.5704333289187615,False,False,False,True,B0043_p1,2,3310.0310000000027,5971.0320000000065,10803.687000000005,0.5526846529337627,1.598926896698422,1.2872577772236415,1851.0964535591006,35.35598187834858,0.0,3.8431385571063887,4.035,22.0,0.0,8.779999574712413,15.26366414928814,1.00336577826413,1.024428948970794,0.9997708516527863,1.0023523042039721,1.0497624671536405,1.0634833745758576,1.040178676635362,0.9281878034280727,0.8328445747800587,0.9149177612144566,0.9255581468858797,1.021725732801739,0.882486994771819,1.012547051442911,0.0,0.9416634225368342,1.0315529825127592,1.0001128445832939,0.9355698047249514
B0043,60,24,22.0,1.5643368431897877,1.6814906372051954,0.9303274181709813,3.4967579517606566,2.394787213470724,4.204330620589128,0.23848166707343513,-1.8968520026147064,-1.9912425550809054,-0.0009103473917132046,0.4172376825553393,30.581480715523952,22.828460913409543,37.270027909781355,3.536954199249301,2990.25,281,1.5643368431897877,False,False,False,True,B0043_p1,2,3281.516,5897.593,10805.016,0.5458199228950702,1.58666323749091,1.274308758263541,1827.1982092942665,35.22001546111849,0.0,3.758563095066738,4.035,22.0,0.0,8.581480715523952,15.270027909781355,1.0019009412454263,0.9979273952222238,0.999900061963164,1.0259064053089968,1.0260269708560759,1.0639267644079533,1.060380931351722,0.921552257352309,0.8240469208211144,0.9031058817752742,0.9162476030268633,1.0090351844175238,0.863066215578522,1.012547051442911,0.0,0.9344409289218873,1.0188656916922174,1.0002358720248001,0.9275101300627703
B0043,62,25,22.0,1.558307017802491,1.6814906372051954,0.9267414181934144,3.4938467732797593,2.365525236922006,4.2038717516378,0.24060831406110486,-1.8960710046785778,-1.991041676372342,0.00198953894941226,0.4186886239579139,30.546605962885614,22.613478996348647,37.37612563137064,3.6457327600679728,2980.234,279,1.558307017802491,False,False,False,True,B0043_p1,2,3289.062,5825.9839999999995,10802.484,0.5393189196114523,1.5757902436552524,1.2723134720882885,1803.1760097938761,35.34394887318136,0.0,3.715819385524362,3.975,22.0,0.0,8.546605962885614,15.376125631370641,1.0010668221841752,0.9857336905489826,0.9997909308946846,1.0350548685567384,1.0218572432769952,1.071319036793339,1.0929928073145163,0.9184654694885381,0.8181818181818182,0.8912327365676939,0.914812961568447,0.9970170429535938,0.8532511211657272,0.9974905897114178,0.0,0.9280374463051093,1.0064945509036975,1.000001481143013,0.9296429831225919
B0043,66,26,22.0,1.5537149289772467,1.6814906372051954,0.924010455127883,3.498085824975237,2.4742728824322295,4.202475048160179,0.23194417698912587,-1.8818174142025106,-1.9909446444723564,0.0006647374957945685,0.4479884026726024,30.92329503843904,22.97635708986064,37.57568180724724,3.6360224338007696,2994.844,279,1.5537149289772467,False,False,False,True,B0043_p1,2,3222.797,6197.1720000000005,10804.281,0.573584859557059,1.5739744339811956,1.2481930939799861,,27.726194047834742,3.0495474706340673,4.477192943308363,3.995,22.0,1.0,8.92329503843904,15.575681807247243,1.0022814072204511,1.0310497228086037,0.9994587581851981,0.9977832668118489,1.0668952925317687,1.085222950903543,1.090081645837466,0.9229680624088348,0.8181818181818182,,0.8974700386052956,1.0603630982768655,1.0280827731927167,1.002509410288582,3.0495474706340673,0.9269680531040327,1.070620834010696,1.0001678320176464,0.9109133902244895
B0043,68,27,22.0,1.549528250585513,1.6814906372051954,0.9215205938707949,3.499824440494276,2.4720598546819113,4.203857283529741,0.2336259841263337,-1.8812480163452203,-1.991996113254465,-0.00040864320078743793,0.4495348219625684,31.225884514077716,23.466158715991067,37.80943515485114,3.5649449678595224,2987.672,277,1.549528250585513,False,False,False,True,B0043_p1,2,3233.688,5890.4529999999995,10806.0,0.5451094762169165,1.5675916829956595,1.2555374968654511,1796.214099206465,35.39687599315163,0.0,3.65912436801662,4.035,22.0,0.0,9.225884514077716,15.809435154851137,1.0027795602379088,1.0301275360664968,0.9997874899992245,1.005018106855233,1.103073776571341,1.1015095251164448,1.0687725801026322,0.9207577546453599,0.8123167155425219,0.8877917620921809,0.9027507772770134,1.0077218104184449,0.8402324347781581,1.012547051442911,0.0,0.9232090300050712,1.0176321882885944,1.0003269623200919,0.913991696966408
B0043,70,28,22.0,1.5424430535161062,1.6814906372051954,0.9173069533588364,3.4987433448544607,2.4838780206846622,4.203991230539982,0.23366846744011874,-1.8805764098134792,-1.9914446702730202,0.0007408592528157625,0.4510842044316297,31.163201064541546,23.535242082118458,37.698369730936356,3.519553446936651,2975.1100000000006,275,1.54256227031715,False,False,False,True,B0043_p1,2,3228.703,6000.391,10803.312,0.5554214300207195,1.573912539560225,1.25303630332018,1788.0595285905451,35.613961269530755,0.0,3.643274628606097,3.975,22.0,0.0,9.163201064541546,15.698369730936356,1.0024698016689573,1.0350522623841796,0.9998193461104409,1.005200862637955,1.0955791597351043,1.0937711321153714,1.0551641756619183,0.9168863260166971,0.8064516129032258,0.8837613068032424,0.9009523806359325,1.026785101756247,0.8365929123689426,0.9974905897114178,0.0,0.9269316013360328,1.0366250310319407,1.000078130293929,0.9125827024655849
B0043,72,29,22.0,1.54256227031715,1.6814906372051954,0.9173778528324379,3.496873891743175,2.4291754256355516,4.205957997721127,0.2414383576322833,-1.8940750825904094,-1.9937155470584818,-0.001334783122954133,0.4236539279180735,31.130645067035932,24.066452352307945,37.67202323454292,3.3556387585696794,2953.219,272,1.5424430535161062,False,False,False,True,B0043_p1,2,3233.172,7090.655999999999,10806.016,0.6561767074933074,1.5901328445878955,1.2503341132628687,1765.6420822139196,35.47595935359682,0.0,3.6305006222118403,4.025,22.0,0.0,9.130645067035932,15.67202323454292,1.0019341606959045,1.0122572441536704,1.0002870949160803,1.0386255707696481,1.091686669311691,1.0919354614259027,1.006022456509975,0.9101398330927944,0.7976539589442815,0.8726813223909701,0.8990094644102697,1.2130473023852553,0.8336596601984689,1.0100376411543288,0.0,0.9364843006986407,1.2249787548906088,1.0003284434631048,0.9138458511966137
B0043,74,30,22.0,1.5309356452520158,1.6814906372051954,0.9104633777780546,3.4895372240361704,2.397532773087188,4.2037856859347436,0.2420401706973753,-1.8790362639465747,-1.9926097349240806,-0.001418515211249006,0.4541617751684658,30.837232735283838,23.210579274230103,37.5846177818102,3.5736769820314174,2955.484,271,1.5309356452520158,False,False,False,True,B0043_p1,2,3183.016,6357.391,10802.829,0.5884931623003566,1.560877550384773,1.2334733670879536,1739.544679827265,35.739367423263246,0.0,3.549339199980437,4.035,22.0,0.0,8.837232735283838,15.584617781810202,0.9998320379917718,0.9990714923432846,0.9997704622137968,1.0412144652781992,1.0566054314764979,1.0858455576570978,1.07139044304305,0.9108378736790005,0.7947214076246334,0.8597824932028948,0.8868863285000516,1.0879234737357648,0.8150228354959201,1.012547051442911,0.0,0.9192548447907323,1.0983002012130842,1.0000334182892279,0.8996694162551329
B0043,78,31,22.0,1.5247733176952427,1.6814906372051954,0.9067985773798702,3.4871652344467075,2.435189655089205,4.202128090345783,0.2380065063185545,-1.8710836448265253,-1.9922654806203883,0.00013009460923417472,0.4688404738041948,30.641318807832377,22.6005385062199,37.57163850758581,3.737430086982314,2957.016,270,1.5247733176952427,False,False,False,True,B0043_p1,2,3125.875,6302.187,10802.265,0.5834134785621349,1.5419533441628615,1.209700539772352,,27.673910140867378,3.0021488948305723,4.259402298801114,3.995,22.0,1.0,8.641318807832377,15.57163850758581,0.9991524088509813,1.0147634226981328,0.9993762425194668,1.02386234687899,1.0331813884476642,1.0849412372909852,1.1204837193926342,0.9113100141549687,0.7917888563049853,,0.8697932999040833,1.0785328681484994,0.9780722392229683,1.002509410288582,3.0021488948305723,0.9081097243749618,1.0887631813400316,0.999981207998024,0.8835186931314557
B0043,80,32,22.0,1.5196742408779502,1.6814906372051954,0.903766103273581,3.4906015804101496,2.4649257198080514,4.203512527913386,0.2363448359565442,-1.8702004234947458,-1.9909690488532357,0.000756935917929289,0.4705130892131002,31.01732542847249,23.044631321913247,37.83811660125229,3.700240952766302,2948.219,268,1.5196742408779502,False,False,False,True,B0043_p1,2,3158.125,5994.188,10805.875,0.554715652365033,1.5369910308521968,1.2201982604903074,1707.7194188723317,35.089609112126794,0.0,3.5348248184828712,4.035,22.0,0.0,9.017325428472489,15.838116601252288,1.0001370003791092,1.0271546837847625,0.9997054980739303,1.016714131719233,1.078137841393984,1.10350788154699,1.109334395269492,0.9085989046464232,0.7859237536656891,0.8440526286423694,0.8773413226126292,1.0254803591898962,0.8116899468377494,1.012547051442911,0.0,0.9051872462144722,1.0355534033550957,1.000315390890304,0.8926340537436009
B0043,82,33,22.0,1.5123696925788683,1.6814906372051954,0.8994220123000964,3.4876146185117345,2.4457109146915506,4.203182025095136,0.23937709771206214,-1.8695581981674536,-1.991978047763166,0.0010801247264375174,0.47220691256744346,30.93897323974993,23.15753369175818,37.76120652410461,3.635061808076933,2935.5,266,1.5123696925788683,False,False,False,True,B0043_p1,2,3153.921,5923.218000000001,10804.343,0.5482256533321832,1.5322701401430483,1.217661918531067,1708.4120496174705,35.394409369224675,0.0,3.5109634368556493,4.025,22.0,0.0,8.93897323974993,15.761206524104608,0.9992811676395341,1.0191477175241475,0.9996268958377433,1.029758391245486,1.0687698242044188,1.09814923452856,1.0897936496853138,0.904679090864544,0.7800586510263929,0.844394966379267,0.8755176537211298,1.0134825608386624,0.8062107379436613,1.0100376411543288,0.0,0.9024069501848173,1.023292655938413,1.0001735714468212,0.8914458064253541
B0043,84,34,22.0,1.499914486202397,1.6814906372051954,0.8920147713075607,3.4842857075179094,2.4807762094187127,4.202993560256935,0.2375617919422066,-1.8681373339121092,-1.9913479340556113,-6.834459439358272e-05,0.47491658598170927,30.585360437692227,22.75595694417365,37.43416840833683,3.6637261256632048,2913.797000000006,263,1.499914486202397,False,False,False,True,B0043_p1,2,3110.969,6010.578,10805.5,0.5562517236592477,1.5243477989827277,1.2029214308681073,1673.9733258112908,35.23311134460008,0.0,3.4688617446262633,4.035,22.0,0.0,8.585360437692227,15.43416840833683,0.9983273586816233,1.0337597122905058,0.9995820739575441,1.0219492634423173,1.026490841802832,1.0753631200301046,1.098387228811994,0.897990536850227,0.7712609970674487,0.8273733789718408,0.8649190163021749,1.0283200319768757,0.7965430678094121,1.012547051442911,0.0,0.8977412091137675,1.0383849328768575,1.0002806766009396,0.8793055593241801
B0043,86,35,22.0,1.4924106271188253,1.6814906372051954,0.8875521481340867,3.4811070895804797,2.482626305221594,4.203399051569862,0.23825516838023478,-1.8672666650634016,-1.991255410410246,0.0015269350505374489,0.47638884845406954,30.3648233882985,22.49213732688199,37.31899313705125,3.6959677972095,2900.703,261,1.492624987952706,False,False,False,True,B0043_p1,2,3078.156,6189.391,10803.484,0.5729069437229694,1.5145100473814688,1.1885701034453353,1639.3157360988926,34.87896847206367,0.0,3.4199936872117926,4.045,22.0,0.0,8.3648233882985,15.318993137051251,0.9974166121137154,1.0345306623252712,0.999678510424014,1.0249320475606638,1.0001227861895803,1.067338376758995,1.1080533007418634,0.8939551534348682,0.7653958944281525,0.8102436155131134,0.854600191083327,1.0591098627316293,0.7853216599712041,1.015056461731493,0.0,0.8919474165007111,1.0692765917160756,1.0000940525813176,0.8700310685407283
B0043,90,36,22.0,1.492624987952706,1.6814906372051954,0.8876796307552429,3.475104459646633,2.397470273055264,4.2008898664224255,0.2434048324362882,-1.8594886102216435,-1.991416403593573,0.0014447698059237995,0.4902236733055223,30.432401864910737,22.19536882270379,37.586047363350716,3.88643216431175,2914.031,261,1.4924106271188253,False,False,False,True,B0043_p1,2,3019.563,6313.812999999999,10805.328,0.5843240482843278,1.5033839789331973,1.1649461967114398,,27.186812707178827,3.187289407896106,4.083416387482018,4.005,22.0,1.0,8.432401864910737,15.586047363350716,0.9956967216713013,0.99904544806941,0.9990817604034251,1.0470850013081228,1.0082026668013364,1.0859451625872159,1.165154629059902,0.8980626523015153,0.7653958944281525,,0.8376142386768182,1.080216201513622,0.9376611856805471,1.0050188205771642,3.187289407896106,0.8853948894802375,1.0907716842210564,1.0002647543135512,0.8534699422043741
B0043,92,37,22.0,1.4924024018806028,1.6814906372051954,0.8875472564992237,3.4772044059441005,2.370171214445116,4.2034382985534515,0.2468245566683949,-1.8662699457286134,-1.9932848499087765,-0.00028403975197592167,0.4782457350775252,30.831835959630617,22.683699351856536,38.06717620893625,3.8500926752769935,2901.968,259,1.4924024018806028,False,False,False,True,B0043_p1,2,3069.453,6150.062,10805.453,0.5691628106660591,1.506762518418764,1.1823397587427047,1621.078677399607,34.845696304787715,0.0,3.3864202656153033,4.035,22.0,0.0,8.831835959630617,16.067176208936253,0.9962984042015256,0.9876697073365364,0.9996878443857939,1.0617960566154825,1.0559601771713931,1.1194674232517994,1.1542600290575329,0.8943450083318001,0.7595307917888563,0.8012298178343344,0.8501204773853727,1.0521882355958434,0.7776123079692817,1.012547051442911,0.0,0.8873846283868279,1.0624821301809098,1.0002763257433394,0.8675711930862322
B0043,94,38,22.0,1.4853020201751674,1.6814906372051954,0.8833245855260229,3.4821729368749876,2.4670029904490636,4.203125269256038,0.23962531763699912,-1.8580509519301622,-1.9915678335386535,0.00011778646513073094,0.49291199637304683,31.094991080529404,23.072158171530635,38.034298138732915,3.7977945926623846,2901.734,258,1.4853020201751674,False,False,False,True,B0043_p1,2,3065.312,6113.437,10806.391,0.5657242089426525,1.5055810720713905,1.181664877503054,1623.6480663557697,35.475693109577854,0.0,3.37296462304984,4.045,22.0,0.0,9.094991080529404,16.034298138732915,0.9977220016838038,1.0280202994304015,0.9996133978110295,1.0308261899322495,1.0874237742488309,1.1171766704739994,1.1385810333943833,0.8942728928805099,0.7565982404692082,0.8024997568409927,0.8496352273907007,1.045831431861541,0.7745225339749607,1.015056461731493,0.0,0.8866888337177228,1.0561548105509815,1.000363157752469,0.8664007525189487
B0043,96,39,22.0,1.477208127101587,1.6814906372051954,0.8785110629916166,3.4803385610467843,2.476788514821077,4.203051054659131,0.24014628253381676,-1.8570868946683126,-1.9914103858193752,-0.0001800246189846829,0.4946004405701745,31.038470618761803,23.07534146448387,37.8850432804777,3.7528807483299493,2887.407,256,1.477208127101587,False,False,False,True,B0043_p1,2,3047.703,6106.844,10805.922,0.56513863416745,1.4981046938570572,1.174184495894444,1614.4585124859898,35.383640618754164,0.0,3.3643796404842767,4.045,22.0,0.0,9.038470618761803,15.885043280477703,0.9971964111527379,1.0320980073756074,0.9995957476339282,1.0330672897666522,1.0806660222825657,1.1067774597224644,1.1251158366740182,0.8898575165102779,0.750733137829912,0.7979577536207212,0.8442567179249456,1.0447489034918311,0.7725511932720753,1.015056461731493,0.0,0.8822857356698846,1.0550158066378041,1.0003197417479042,0.861423624301297
B0043,98,40,22.0,1.4694738525181406,1.6814906372051954,0.8739114093198593,3.4714831954460226,2.4014857684023228,4.203121514305449,0.24752604764800457,-1.8634355664455715,-1.9914698934009563,0.0004906338413997106,0.48349327753073207,30.652253424171764,22.67357072841237,37.72173567628911,3.776287752760998,2861.937,253,1.4694738525181406,False,False,False,True,B0043_p1,2,3020.14,6196.609,10805.39,0.5734738866436103,1.489702621850773,1.1623638211076488,1583.4615370319407,35.24258481778586,0.0,3.3084803490242436,4.045,22.0,0.0,8.652253424171764,15.721735676289107,0.9946591468488108,1.0007187377837015,0.9996125047853222,1.064813748071935,1.034488763206414,1.0953991353373276,1.132133270251195,0.8820080270044628,0.7419354838709677,0.7826372751376519,0.8357574708866378,1.0601579471464468,0.7597152267833779,1.015056461731493,0.0,0.8773374644898977,1.0705235703669649,1.000270493742726,0.8536330294314503
B0043,102,41,4.0,0.057034391042653794,1.6814906372051954,0.03391894654700583,4.05715902963358,2.4576176811598773,4.199278377795993,0.3085820136419698,-0.26538241903639787,-3.9790202106481383,0.00012271762362573506,0.9858603148601014,7.628394260109583,5.6941618212199705,10.169699784021773,1.2207153922429352,1055.25,91,0.06714781920234739,False,True,True,False,B0043_p2,-1,2987.422,6525.4529999999995,10803.094,0.6040355661072652,1.4820511919961266,1.1417227824234757,,27.30932056956777,3.101154347179257,4.007077471155206,4.005,22.0,1.0,3.628394260109583,6.169699784021773,1.1648956581134486,0.9893653015893732,1.0000851839286364,1.149978996173401,0.958661375660591,0.8739996646979487,0.9993310462074689,0.18729875700362458,0.19912472647702406,,1.0540401296153152,0.8438717415123952,0.6913253767163632,0.9627403846153846,3.101154347179257,0.9530780446157755,0.8439301835605018,0.9999855599009556,0.975479638310461
B0043,106,42,4.0,0.0571536334895882,1.6814906372051954,0.03398986127248572,4.049827246639277,2.427637650375664,4.197486385695169,0.3152884805141953,-0.27790699151072984,-3.976994268390442,0.0005520917621009688,1.0064516888742419,7.4649167649876285,5.765062136960731,10.073103559906277,1.1335072871000338,1012.187,87,0.06714781920234739,False,True,True,False,B0043_p2,-1,10.282000000000004,3177.641,10806.266,0.2940554119248962,0.07385331399637912,0.0030056325734297324,,6.1275011966890025,0.20401747111634627,,,4.0,1.0,3.4649167649876285,6.0731035599062775,1.1627905490669674,0.9772962143485605,0.9996584094715708,1.174971690823907,0.915468836722326,0.8603158436947494,0.9279386745670178,0.17965540578557476,0.19037199124726478,,0.002774804353600808,0.4108119893690847,,,0.20401747111634627,0.047493617273274225,0.4109610708129193,1.0002791752481892,0.0033573702145556147
B0043,108,43,4.0,0.05729366005937665,1.6814906372051954,0.03407313653235941,4.049066061935538,2.4427831763874552,4.198105245504659,0.3140648911416546,-0.2845068500189359,-3.978414173747544,0.0014480996432118885,1.0171753443716436,7.503302872635532,6.072122727432658,9.363713069880482,0.7200171518597653,991.172,85,0.06714781920234739,False,True,True,False,B0043_p2,-1,15.141000000000005,3231.875,10803.094,0.2991619808177176,0.0808394542232983,0.004209745768700759,,6.866361113998969,0.08751231601108422,,,4.0,0.0,3.5033028726355324,5.3637130698804825,1.1625719969348152,0.9833933620152854,0.9998057949199071,1.1704117942124495,0.9256108654341904,0.7598235876488156,0.5894375529526756,0.17592540495313583,0.18599562363238512,,0.0038864434028987073,0.4179461540218545,,,0.08751231601108422,0.051986266989318006,0.4179750987394434,0.9999855599009556,0.004943974170257398
B0043,110,44,4.0,0.05744203185278054,1.6814906372051954,0.03416137478365916,4.044551430084685,2.3604432554634345,4.197970873673746,0.3274359155271492,-0.28818241995759014,-3.978020094727615,-0.0004245114604187849,1.0228101866699133,7.637968852421283,4.827395779527931,9.49837575629517,1.210697335848414,982.094,84,0.06714781920234739,False,True,True,False,B0043_p2,-1,15.297,3165.906,10805.765,0.29298305117684864,0.08013642970791131,0.004279275163818638,,6.530742951627768,0.0,,,4.0,0.0,3.6379688524212828,5.49837575629517,1.1612757512114835,0.9502457079589426,0.9997737934031837,1.2202410017516856,0.9611910874776983,0.7788999036599394,0.9911298267902979,0.1743141297898296,0.1838074398249453,,0.003950633041373435,0.40931384094412304,,,0.0,0.05153416571639265,0.4094433952271657,1.00023280031472,0.004994912679639878
B0043,112,45,4.0,0.06713062107721124,1.6814906372051954,0.03992327973279054,4.035830307373486,2.381932819122213,4.1944764420212435,0.3284254658690855,-0.29738235564582266,-3.9772827671809017,-0.0014801606712992075,1.0375176426013826,7.608951449591351,4.647097871495842,9.502985965829737,1.1424884605499912,1063.609,95,0.06714781920234739,False,True,True,False,B0043_p2,-1,15.531000000000004,3270.7190000000032,8483.202999999994,0.3855523674253705,,0.004366852031434328,,,,,,4.0,0.0,3.608951449591351,5.502985965829737,1.1587717335217778,0.9588967804155248,0.9989415720052411,1.2239287154179892,0.9535243728593702,0.7795529859375948,0.9352910562253057,0.18878241519816927,0.20787746170678337,,0.004031484132648854,0.5386383948220975,,,,,0.42299875365661566,0.7852454585425677,0.005071320443713601
B0043,115,46,4.0,0.06714781920234739,1.6814906372051954,0.03993350763698199,4.044589005651629,2.484673285435373,4.197752247409493,0.30753553478744206,-0.29734862514364657,-3.9769644736289558,-0.0015909297354780695,1.0373288390232156,7.076698354969239,6.121120472903962,8.979535773958249,0.6654810492000156,1067.641,95,0.06714781920234739,False,True,True,False,B0043_p2,-1,13.953000000000003,3613.344,10803.406,0.3344634090397047,0.0932279487372309,0.003929312566312927,,6.229454977282889,0.46983457318985256,,,4.0,1.0,3.0766983549692393,4.979535773958249,1.1612865399467693,1.0002570998901876,0.999721726150664,1.1460791295271135,0.812897294512424,0.7054010323260798,0.5447919124754892,0.1894980641801533,0.20787746170678337,,0.0036275470634861925,0.4672642395504025,,,0.46983457318985256,0.05995306475638394,0.46731009558834274,1.0000144400990443,0.004556057829575422
B0043,117,47,4.0,0.06732001211690299,1.6814906372051954,0.04003591255720314,4.04142282173358,2.4449132183808002,4.198570311408386,0.3173873023732311,-0.3034723285432028,-3.9766535760963024,-0.0015168801551566273,1.047642704919418,7.203287534892745,5.463217277420028,10.239009824535195,1.6676174160733728,1048.687,93,0.06732001211690299,False,True,True,False,B0043_p2,-1,13.844000000000001,3481.25,10806.531,0.322143155837891,0.08923812813017237,0.003955567738107909,,6.6447483155865585,0.0774548009276197,,,4.0,0.0,3.2032875348927448,6.239009824535195,1.1603774619757101,0.9842508548854332,0.9999165533593397,1.182793277785878,0.8463435378557669,0.8838181249617387,1.36518460213431,0.18613387499252312,0.20350109409190373,,0.003651785876189144,0.4500521512088331,,,0.0774548009276197,0.057387289401875805,0.45022651324283497,1.000303704903617,0.004520466178788944
B0043,119,48,4.0,0.06784038051613318,1.6814906372051954,0.040345381065511395,4.038238044394062,2.3975988971956834,4.1988415529393635,0.3262005747230805,-0.3066704492321664,-3.976962731071752,-0.001906841759292056,1.052815412135484,7.515405447362731,5.309197793992613,10.120757638084276,1.6471521950426378,1039.984,92,0.06784038051613318,False,True,True,False,B0043_p2,-1,14.030999999999999,3510.813,10803.828,0.3249600974765611,0.08926960226134366,0.003975611871243448,,6.409504088446808,0.33160218375971606,,,4.0,0.0,3.515405447362731,6.120757638084276,1.1594630454424255,0.9652034871814716,0.9999811512764082,1.2156373115980423,0.928808497804125,0.8670665203576439,1.3484308765128659,0.18458915944435678,0.2013129102844639,,0.003670290648988163,0.4539875774978559,,,0.33160218375971606,0.05740752979812845,0.4540498658923137,1.0000535024182537,0.0045815270842666615
B0043,121,49,4.0,0.06799604927210635,1.6814906372051954,0.04043795889647209,3.9848046527051646,2.3944641668469124,4.199385029561721,0.3900042944948725,-0.4602932757726641,-3.9770413411476904,-0.0003255228386646401,1.2658352830901383,8.284967270173246,5.448346729575731,10.16908687877008,1.45643249774733,687.328,61,0.06784038051613318,False,True,True,False,B0043_p2,-1,14.061999999999998,3576.796,10805.687000000005,0.3310105132602858,0.09025425988376345,0.00400764288458682,,6.332474800659244,0.4461427472341777,,,4.0,0.0,4.2849672701732455,6.169086878770081,1.144121195265482,0.9639415360404587,1.0001105837333526,1.4534118233050817,1.1321351329005873,0.8739128405406602,1.1922993852237302,0.12199543241297064,0.13347921225382933,,0.0036998617269905594,0.46244034947151674,,,0.4461427472341777,0.05804074379671368,0.46258338001031785,1.0002255802651985,0.0045916494803618976
B0043,123,50,4.0,0.06828011147886554,1.6814906372051954,0.04060689365023992,4.061944839809303,2.484746371426068,4.198510355333928,0.28633411380048857,-0.26354071255954326,-3.9768840982044757,7.43883165125051e-05,0.9803764902368027,6.857064194557378,4.236925977594628,7.981964148617724,0.7671297180946813,1047.531,92,0.06799604927210635,False,True,True,False,B0043_p2,-1,14.188000000000002,3328.265,9426.047,0.35309234082961816,0.08785402927870639,0.004125881068763639,,6.292721779547927,1.0364078189645092,,,4.0,0.0,2.8570641945573776,3.981964148617724,1.1662697648353038,1.0002865221814496,0.9999022744341631,1.0670687279282876,0.7548675515274003,0.5640850369647195,0.6280059616122493,0.18592869388558528,0.2013129102844639,,0.0038090193902112876,0.4932899075642596,,,1.0364078189645092,0.056497202585688695,0.4304411191664385,0.8725195658713814,0.004632792122555442
B0043,127,51,4.0,0.06844632943125976,1.6814906372051954,0.040705745198215536,4.0390164727182745,2.439654912409003,4.198662948375451,0.31930649901139196,-0.3098209489247125,-3.9773559134401215,0.0006754476534428327,1.0582523355820814,7.332807580550581,6.0787828590077835,9.506796063481339,0.7917466955080265,1038.375,91,0.06799604927210635,False,True,True,False,B0043_p2,-1,9.686999999999998,3444.125,10802.828,0.3188169801463098,0.07923676135826341,0.002795956366527317,,6.178716009539013,0.8313103997607216,,,4.0,1.0,3.332807580550581,5.506796063481339,1.1596865485805583,0.9821340140466331,0.9999386154495158,1.189945463350304,0.8805641479231562,0.7800927243667791,0.6481584967152457,0.18430357432232994,0.19912472647702406,,0.0025812309751038413,0.44540529623716346,,,0.8313103997607216,0.050955606651688384,0.4454251748430819,0.9999609376807904,0.003163085515308327
B0043,129,52,4.0,0.06851361914788083,1.6814906372051954,0.04074576309372574,4.0361346398417846,2.4090725568197633,4.197798424948824,0.32370441167608077,-0.31356071971779875,-3.9777598539045798,0.0011478493232138925,1.063689694447459,7.093409222592422,6.154364735395251,8.947219582076908,0.6344909917309879,1030.703,90,0.06828011147886554,False,True,True,False,B0043_p2,-1,14.453000000000003,3367.235,10806.515,0.3115930528944808,0.08886273419675007,0.004179205444878647,,6.6874040187988655,0.05944943577814854,,,4.0,0.0,3.093409222592422,4.947219582076908,1.1588591137719368,0.9698224483817158,0.999732723628983,1.2063349707350897,0.8173124881754298,0.7008231206192973,0.5194220951131882,0.1829418533427215,0.19693654266958424,,0.0038582485316256444,0.4353130625797214,,,0.05944943577814854,0.05714588092829611,0.435481069535149,1.0003022238678174,0.004719322282724401
B0043,131,53,4.0,0.06887402435616684,1.6814906372051954,0.04096009982585589,4.057393658498293,2.4859989490669228,4.197881021158161,0.2930179859898749,-0.27513448834106563,-3.977445240880274,0.0004278373832344988,1.0009004247312658,7.192057776504479,4.3882703022466245,9.048570192927317,1.3810806375801123,1010.765,88,0.06844632943125976,False,True,True,False,B0043_p2,-1,14.579,3448.031,10806.563,0.3190682365891912,0.09044602867623651,0.004216469236370331,,6.659120075751061,0.07767282831586719,,,4.0,0.0,3.1920577765044786,5.048570192927317,1.164963024993518,1.000790773458981,0.9997523944480559,1.091977219969628,0.843376513091345,0.7151804480421962,1.1306130546235844,0.1794030117249643,0.1925601750547046,,0.0038926505180084336,0.4457563156537633,,,0.07767282831586719,0.05816406654476423,0.4459303338407771,1.0003066669752159,0.004760464924917943
B0043,133,54,4.0,0.056544389321695726,1.6814906372051954,0.0336275374186312,4.057321348653442,2.4347562857307143,4.198733839270603,0.2969259194640953,-0.2716683318033776,-3.978076611417741,-0.00022550053567087114,0.9957876854659502,7.020826540727179,4.0727536142424885,8.214832927581378,0.8669284256261436,1025.719,89,0.06851361914788083,False,True,True,False,B0043_p2,-1,9.905999999999999,3259.453,10805.016,0.30166109888222287,0.08048458331130535,0.002981248060422913,,6.251625255305149,1.143948025494531,,,4.0,0.0,3.020826540727179,4.214832927581378,1.1649422633167656,0.9801619696159259,0.9999554985726476,1.1065407434905115,0.7981353512223007,0.5970732279395781,0.7097055514112461,0.18205723168443574,0.19474835886214442,,0.002752292535805811,0.4214375628588047,,,1.143948025494531,0.05175805646817014,0.4215417333626996,1.0001634693263601,0.0032345953457875807
B0043,135,55,4.0,0.06918353164189846,1.6814906372051954,0.041144167033179774,4.033634353087378,2.406517387646374,4.198110326587282,0.3282997329123506,-0.32019609515703706,-3.977528651299922,-0.0008470022568792757,1.0748336104442195,7.160800567147388,6.130931936896288,9.472969870923514,0.8082749632183913,1016.859,88,0.06851361914788083,False,True,True,False,B0043_p2,-1,14.796999999999997,3161.625,10803.234,0.2926554215154462,0.07843887604555908,0.004215515741985165,,6.886877884099849,0.04002418357285098,,,4.0,0.0,3.1608005671473878,5.472969870923514,1.1581412288768729,0.9687938116904918,0.9998070050124498,1.223460151947081,0.8351180171359813,0.7753009059658074,0.6616892600430083,0.18048464984406415,0.1925601750547046,,0.0038917702506083254,0.4088561238353101,,,0.04002418357285098,0.05044250226112029,0.4088897378617962,0.9999985189642007,0.004831648226490897
B0043,139,56,4.0,0.059122086455436665,1.6814906372051954,0.03516052075895198,4.051793890502685,2.451707097247213,4.197869647773584,0.30249558269052274,-0.2847656836072143,-3.9778198232377036,-0.00037527756837162004,1.0173005430198523,7.125807255445202,4.3296755936289975,9.447247671252791,1.634863975762454,1021.079,85,0.06887402435616684,False,True,True,False,B0043_p2,-1,10.0,3677.469,10804.39,0.3403680355855352,0.09084194951641311,0.002954776215539999,,6.207539011276482,1.567409191270344,,,4.0,1.0,3.125807255445202,5.447247671252791,1.1633552138683239,0.986985872648838,0.999749685803288,1.1272969620742113,0.8258724021530263,0.7716570991884132,1.338371202401008,0.1812336673797716,0.18599562363238512,,0.0027278536901936424,0.47551333573909527,,,1.567409191270344,0.05841867546935199,0.47560331646064347,1.0001055238007082,0.003265289062979589
B0043,141,57,4.0,0.06956120084140223,1.6814906372051954,0.04136877084074631,4.030996821807475,2.381706206862016,4.197430661878491,0.33422310729666127,-0.3238806690763745,-3.9765929339855948,-0.000748195669588448,1.080324874489486,7.276161437071745,5.931364219681455,10.624675414528705,1.368750394119761,1010.562,87,0.06887402435616684,False,True,True,False,B0043_p2,-1,10.125,3188.75,10805.093,0.295115460829444,0.08231397390873726,0.0030307919094344103,,6.322702387830821,0.984432501833262,,,4.0,0.0,3.276161437071745,6.624675414528705,1.1573839381930087,0.9588055529195344,0.9996451384858354,1.2455345303207088,0.8655976183951198,0.9384515120209939,1.1205189776786009,0.17936698078663527,0.19037199124726478,,0.0027980314891118607,0.4122929374545327,,,0.984432501833262,0.05293450166983052,0.41239778645690195,1.000170596811145,0.003306105176266834
B0043,143,58,4.0,0.07017897804376615,1.6814906372051954,0.041736169379099596,4.055018337093391,2.474242037374171,4.197964103178539,0.29626915858148445,-0.28177752116071475,-3.977735314263721,-0.00016108190289182157,1.0115947577990565,7.0723476874628055,4.553904275309285,9.289965371994613,1.5489171320708175,1003.313,86,0.06918353164189846,False,True,True,False,B0043_p2,-1,15.172,3526.531,10803.343,0.32642960609507626,0.09225413399977496,0.004313400650682628,,6.532899202837024,0.15667738711157675,,,4.0,0.0,3.0723476874628055,5.289965371994613,1.1642810202776603,0.9960577832254597,0.9997721809661564,1.1040932216417914,0.8117478006598365,0.7493764888464685,1.268011354585228,0.1780803390529046,0.18818380743982493,,0.003982137740369591,0.4560405638891467,,,0.15667738711157675,0.05932682360438805,0.4560826588072583,1.0000086085205842,0.004954096566352633
B0043,145,59,4.0,0.07028148183862523,1.6814906372051954,0.04179712945380418,4.030113750605147,2.3764067993680786,4.1984290827154815,0.3368959990905347,-0.32764641388558274,-3.976763233599402,-0.001510018083077162,1.085804600253334,7.211729709283271,6.044513643187531,10.405043941704964,1.0643366636194789,1006.187,86,0.06956120084140223,False,True,True,False,B0043_p2,-1,10.25,3349.25,10804.438,0.309988358487503,0.08189475503517532,0.003082048091797115,,6.251060693243228,0.8573085535234561,,,4.0,0.0,3.2117297092832713,6.405043941704964,1.1571303898844796,0.9566721658049814,0.999882918836783,1.2554954784191452,0.8485740524951942,0.9073385178195261,0.8713125748480348,0.17859045194333667,0.18818380743982493,,0.0028453512710527036,0.43307121402014326,,,0.8573085535234561,0.052664910237066105,0.4331550878214908,1.0001099669081064,0.003346921289554079
B0043,147,60,4.0,0.05787364202878375,1.6814906372051954,0.03441805785191614,4.052423434416539,2.444206792905019,4.197776325811346,0.30211508621084443,-0.28464369596708927,-3.9775998337681004,-0.0008120789444715858,1.017435445512064,7.126821145688813,4.364509412911411,9.269985860917538,1.5586620388024537,996.765,85,0.07017897804376615,False,True,True,False,B0043_p2,-1,15.343,3477.406,10805.344,0.32182279435064726,0.09078218171930653,0.004433622750083917,,6.584339494481034,0.09946681705218285,,,4.0,0.0,3.1268211456888126,5.269985860917538,1.1635359691619873,0.9839664685631607,0.9997274605771009,1.125878982605532,0.8261402830242961,0.7465461913290081,1.2759889617336289,0.17691811942640878,0.18599562363238512,,0.004093126957004632,0.44960458814910115,,,0.09946681705218285,0.05838023997164114,0.4497293726419285,1.000193830560248,0.005009933009329583
B0043,151,61,4.0,0.07056618554293374,1.6814906372051954,0.041966445712847834,4.027129856353761,2.3625240054533236,4.196951926227284,0.3405061285526865,-0.3313651943047909,-3.976739739726006,0.000640497809531067,1.09161830658588,7.168249960966138,6.077075790728183,10.696409617431332,1.1805874070365152,999.422,85,0.07028148183862523,False,True,True,False,B0043_p2,-1,10.421999999999997,3358.954,10803.656,0.31090901080152866,0.08067466004076067,0.003079764373420132,,6.294152395169733,0.5053314713087964,,,4.0,1.0,3.168249960966138,6.696409617431332,1.1562736511093117,0.9510833573041033,0.9995311245080236,1.2689491888475122,0.8370862283098974,0.9486133791262036,0.9664805212666406,0.1773897164862132,0.18599562363238512,,0.0028432429389329134,0.43435741720942084,,,0.5053314713087964,0.051880291083691236,0.4344100962479206,1.0000375812834101,0.003403084261437327
B0043,153,62,4.0,0.057989410208958,1.6814906372051954,0.034486906394758265,4.048117106628375,2.3656545996286327,4.19797990922366,0.3150926471799427,-0.28836663731547013,-3.9778656380270108,0.00039071341532208976,1.0230529175542797,7.434058256465138,4.55380785051336,8.841145903774922,0.8877981412342705,990.234,84,0.07028148183862523,False,True,True,False,B0043_p2,-1,15.593000000000004,3573.781,10804.406,0.33077070595088703,0.09323329186046657,0.004536760705428233,,6.6263380819663515,0.15393983744080053,,,4.0,0.0,3.4340582564651383,4.8411459037749225,1.162299531914592,0.9523436433421443,0.9997759452775736,1.1742418873642588,0.9073156818801863,0.685796723466342,0.7267904139969481,0.1757589171691326,0.1838074398249453,,0.004188344067053557,0.4621053251398968,,,0.15393983744080053,0.059956500814107916,0.4621934531342167,1.0001070048365077,0.005091565235904075
B0043,155,63,4.0,0.07129266446800787,1.6814906372051954,0.042398490298169826,3.9942812603304247,2.4649338982361098,4.198154349205609,0.368701246398689,-0.4625693034020786,-3.9773621490207614,-0.0010638110949864612,1.268835724426321,7.930969485581617,5.41531757857979,9.601778804173833,1.3817970770589698,608.953,52,0.07056618554293374,False,True,True,False,B0043_p2,-1,15.640999999999998,3310.8599999999974,10804.733999999997,0.3064267940330598,0.08219885511113559,0.004461932385640106,,6.302224751853333,0.5593775682435247,,,4.0,0.0,3.930969485581617,5.601778804173833,1.1468421285578867,0.9923105975032208,0.9998174892824565,1.3740226924353012,1.0386050535240525,0.7935479793100298,1.1311995633368361,0.10808447284873555,0.1137855579868709,,0.004119262453633392,0.42809550767548415,,,0.5593775682435247,0.05286047102965476,0.4281901482614496,1.0001373660703952,0.005107238623406375
B0043,157,64,4.0,0.07146546557664281,1.6814906372051954,0.04250125691774622,3.989213116660272,2.4780138487049133,4.197870451831717,0.37200197550765807,-0.4810643118406535,-3.9771300354377037,-0.001376465906585161,1.290590977102548,7.59327498772461,5.424102617329487,9.775871193110238,1.5863581301705445,586.719,50,0.07129266446800787,False,True,True,False,B0043_p2,-1,15.719000000000001,3170.375,10803.687,0.29345305912694436,0.08148116174951459,0.004489484837118089,,6.328585368747628,1.3228459459978676,,,4.0,0.0,3.5932749877246097,5.7758711931102376,1.145386957953793,0.9975762046151596,0.9997498772949096,1.3863233741975782,0.9493824804900974,0.8182099069375194,1.2986621942812069,0.10413810889401527,0.10940919037199125,,0.004144698916822317,0.40997046854956026,,,1.3228459459978676,0.05239893650951029,0.41002136644086257,1.0000404507902714,0.0051327078780976166
B0043,159,65,4.0,0.0716254973792324,1.6814906372051954,0.04259642949798466,3.985650654864829,2.467345657591589,4.198411457661763,0.377400396820452,-0.4905753520009799,-3.9779080167511784,-0.0007371586631494323,1.302059983804969,7.6206831277866485,5.349078288975341,9.77507439966935,1.5930411659458121,575.922,49,0.07129266446800787,False,True,True,False,B0043_p2,-1,15.89,3209.562,10496.5,0.3057744962606583,0.08213591610546715,0.004543410461557453,,6.374967961697977,0.439721812965697,,,4.0,0.0,3.6206831277866485,5.77507439966935,1.1443641002724954,0.9932815015784913,0.999878721316756,1.406441433085517,0.956624010316401,0.8180970331795494,1.304133219858159,0.10222172445490782,0.10722100656455143,,0.00419448313156226,0.4271842109107447,,,0.439721812965697,0.052819996189934985,0.4150893811983339,0.9716057667831439,0.005188544321074568
B0043,163,66,4.0,0.07192596356272017,1.6814906372051954,0.04277511986761239,4.052984666529467,2.453991394977099,4.194430059860958,0.2939182175777533,-0.2752743573987098,-3.976499927125273,-0.0008066057021680428,1.0008694619002159,6.882286937183749,4.474576539395464,7.9530776238610095,0.7261996155509175,1050.406,88,0.07146546557664281,False,True,True,False,B0043_p2,-1,10.843999999999994,3339.766,10132.125,0.32962147624511146,0.0798199861017674,0.0031816496921894762,,6.22489316120491,0.294913444901872,,,4.0,1.0,2.882286937183749,3.9530776238610095,1.163697110701367,0.9879054643858985,0.9989305257951242,1.095332073369973,0.7615316754926388,0.5599929718990835,0.594498788313415,0.18643898426832436,0.1925601750547046,,0.0029373036130779834,0.46049978644710005,,,0.294913444901872,0.051330667041715565,0.43192853177076335,0.9378774905699674,0.0035408794598950646
B0043,167,67,4.0,0.058840095111364746,1.6814906372051954,0.03499281756879886,4.051719519499582,2.3794329527267557,4.197497159574681,0.3078934788082187,-0.27838097907948867,-3.97769541756124,-0.0008539388694312755,1.006179290192116,7.3351511578492685,4.153878698717327,8.70377999346024,0.8964206628110236,1040.75,87,0.0716254973792324,False,True,True,False,B0043_p2,-1,10.828000000000003,3429.172,10806.375,0.31732861389688954,0.08515598042223677,0.0033035574340465695,,6.277112307731992,0.8687194690109026,,,4.0,1.0,3.3351511578492685,4.703779993460239,1.1633338603897023,0.9578904070120312,0.9996609753403474,1.147413063740715,0.8811833466309227,0.6663374687604833,0.7338491875349886,0.1847251185515492,0.19037199124726478,,0.0030498490172744465,0.44332596467230073,,,0.8687194690109026,0.05476214030019605,0.44349131859819285,1.0002892648045727,0.0035356549973943
B0043,169,68,4.0,0.07213853480103966,1.6814906372051954,0.042901538197644126,4.026760095683099,2.3452670801496267,4.1973835054560045,0.34170369253802546,-0.3315356390651545,-3.97788488306095,-0.000599176020015696,1.0916478921889237,7.3668189489801215,6.015547943973044,10.861930060972163,1.3522064964828864,1019.125,85,0.07192596356272017,False,True,True,False,B0043_p2,-1,16.109,3188.781,10805.687,0.29510210688131167,0.08162917654537245,0.004613249414445604,,6.32441593453,0.10912016407307235,,,4.0,0.0,3.3668189489801215,6.861930060972163,1.1561674850466435,0.9441362217758711,0.9996339078801899,1.2734120977949899,0.8895503227733441,0.9720610049782741,1.1069754190089345,0.18088684741181607,0.18599562363238512,,0.004258958554219737,0.4122742812360933,,,0.10912016407307235,0.05249412192076482,0.41240179565529633,1.000225580265198,0.005260054151553821
B0043,171,69,4.0,0.07231835711877917,1.6814906372051954,0.04300848040342316,3.9942222633789237,2.474574662858291,4.196870024472014,0.36544776316669747,-0.4626293854853942,-3.9787860145489566,-0.0013997887913588937,1.2690292561781935,7.9936664890195335,5.519490782480637,9.628805360691263,1.324307519171965,618.844,52,0.07213853480103966,False,True,True,False,B0043_p2,-1,16.313000000000002,3469.156,10807.125,0.3210063731103323,0.09363502080158315,0.004755689649263592,,6.598247928698309,0.1075452764076088,,,4.0,0.0,3.9936664890195335,5.628805360691263,1.1468251892927153,0.9961916885578208,0.9995116190776583,1.3618980798014177,1.0551702863121164,0.7973765612769107,1.0841360951490016,0.10984004925766506,0.1137855579868709,,0.004390459585714702,0.4484640016463687,,,0.1075452764076088,0.06021484481445872,0.4486624085530945,1.00035868835767,0.0053266660484386046
B0043,173,70,4.0,0.05938170626668099,1.6814906372051954,0.03531491936546212,4.049966366718909,2.3452420900020043,4.198079959089733,0.31286758215884475,-0.28159998506577105,-3.976902186853475,0.0007575854373163767,1.0117868218620167,7.296477939821086,4.052220534177486,8.740129795491647,0.9340023292055502,1039.547,86,0.07213853480103966,False,True,True,False,B0043_p2,-1,16.406,3253.094,10806.219,0.3010390590825524,0.08453819231613131,0.004733192529219196,,6.340952010901764,1.12783979051152,,,4.0,0.0,3.296477939821086,4.740129795491647,1.162830493366793,0.9441261614702635,0.9997997727973785,1.1659498355716629,0.8709654602221288,0.6714867816767396,0.764615184453612,0.18451159530618047,0.18818380743982493,,0.004369690211841621,0.4205685381879218,,,1.12783979051152,0.05436485288979234,0.4207193303759244,1.0002748247055284,0.0053570332367243135
B0043,175,71,4.0,0.07294488485625279,1.6814906372051954,0.04338108297617074,4.051191449078818,2.4837961610187183,4.196857869022103,0.29653492610590215,-0.2915968889897802,-3.9770017267086653,-0.0005707548659945959,1.0282438153501205,6.946289418376631,6.005361361292126,9.890833414808087,0.9806920188826121,1004.328,83,0.07231835711877917,False,True,True,False,B0043_p2,-1,16.531,3175.406,10804.937,0.2938847306559955,0.0817425292003173,0.004771051490335705,,6.905931592584774,0.0,,,4.0,0.0,2.9462894183766313,5.890833414808087,1.1631822402693586,0.9999039951458379,0.9995087241789955,1.1050836457670936,0.7784418297558104,0.8344954551382707,0.8028374078552113,0.17826049374454989,0.18161925601750548,,0.004404641659685767,0.41057353801338226,,,0.0,0.05256701678924863,0.41067202054158064,1.0001561567121005,0.0053978493500115585
B0043,179,72,4.0,0.07306917734079586,1.6814906372051954,0.04345500101162864,4.0502554179984545,2.45187326606884,4.197040748347509,0.29974330048779646,-0.2912181433078148,-3.9765911746920217,-0.00028751755211658785,1.0282676883510924,6.902633045655659,5.433024970832323,8.123599018265942,0.5392956178247508,1005.75,83,0.07231835711877917,False,True,True,False,B0043_p2,-1,11.203,3417.688,10806.062,0.31627506856799453,0.08366952339426574,0.0033480759009632964,,6.175724774526226,1.1453022318025505,,,4.0,1.0,2.9026330456556586,4.123599018265942,1.1629134860663781,0.987052767376844,0.9995522780678618,1.1170401532365148,0.7669073394747639,0.5841490324451264,0.4414909956903843,0.1785128878051603,0.18161925601750548,,0.003090948530537709,0.4418541024487127,,,1.1453022318025505,0.05380622894890468,0.4420061045865359,1.0002602920417467,0.0036581033372560337
B0043,181,73,4.0,0.07317054128128272,1.6814906372051954,0.043515283203062874,4.049866693334642,2.481690176251403,4.196682246183551,0.2981973650500485,-0.2948913004839587,-3.977587594021444,-0.00043086543776372854,1.0343195756063461,6.896174405116905,6.034976417915098,9.54039758015595,0.8654810208079884,995.797,82,0.07231835711877917,False,True,True,False,B0043_p2,-1,16.686999999999998,3148.578,10806.281,0.2913655493504194,0.08267225778473893,0.004854583391489177,,6.677311090181903,0.09357200293344636,,,4.0,0.0,2.8961744051169047,5.54039758015595,1.1628018750425633,0.9990561870142355,0.9994668984691965,1.1112789837442678,0.7652008961337384,0.7848527151823792,0.7085206424796441,0.17674630687319437,0.17943107221006566,,0.004481758432053161,0.40705409969748607,,,0.09357200293344636,0.05316490700117208,0.40720238265367287,1.0002805637192513,0.0054487878593940395
B0043,183,74,4.0,0.07347430293304898,1.6814906372051954,0.043695933422008566,4.04947173354325,2.469341225978269,4.19696998692681,0.29935838703947315,-0.2952176989493163,-3.976125848069426,0.000566170127430035,1.0340700304900194,7.035611200131563,6.174377163607433,8.68981677408595,0.559172798640372,998.921,82,0.07231835711877917,False,True,True,False,B0043_p2,-1,16.75,3224.266,10803.813,0.29843778303086144,0.08385722700661524,0.0047933878343440275,,6.586049909387342,0.16514311273232352,,,4.0,0.0,3.035611200131563,4.6898167740859495,1.1626884737825285,0.99408485929107,0.9995354257799047,1.1156057132453685,0.8020416196449753,0.6643594391190996,0.45776332585542956,0.17730079284038633,0.17943107221006566,,0.0044252626048890235,0.41693440888318295,,,0.16514311273232352,0.053926937459374165,0.41699103452708725,1.0000521139471918,0.005469359180490812
B0043,185,75,4.0,0.06010697591831878,1.6814906372051954,0.0357462447832731,4.043702193909917,2.3359478200885606,4.197583527373011,0.3212633676946966,-0.29899741830480414,-3.9770473107829605,0.002092932679302835,1.0400093048685455,7.22435677434366,4.10069315022509,8.648121468375715,0.9901603293412499,989.141,81,0.06099653048237791,False,True,True,False,B0043_p2,-1,16.86,3332.969,10805.718,0.3084449362828088,0.08483057247703679,0.004833074921549283,,6.720920432498334,0.10165447861138777,,,4.0,0.0,3.2243567743436596,4.648121468375715,1.1610319176507393,0.9403845590939217,0.9996815443876235,1.1972380396657882,0.8519102609371573,0.6584528821575113,0.810588581188958,0.17556491807753824,0.1772428884026258,,0.004461901781391298,0.4309149661816957,,,0.10165447861138777,0.05455287683494697,0.4310494826905446,1.0002284497720595,0.005505277360183587
B0043,187,76,4.0,0.07383162509955737,1.6814906372051954,0.043908436637073923,4.04662199809222,2.455991331590063,4.1970633301567934,0.30459417441398146,-0.3025440962097056,-3.978121135361649,0.000527592679423842,1.0459565605955505,6.990028087646541,6.147828164497968,8.766749021949757,0.6104970063263918,979.203,80,0.061130459259873135,False,True,True,False,B0043_p2,-1,17.016000000000005,3251.6879999999974,10807.077999999994,0.3008850310879591,0.0833587175008871,0.00490854393393197,,6.920131367891099,0.018866501175117456,,,4.0,0.0,2.9900280876465413,4.766749021949757,1.1618702548195965,0.9887105806191571,0.9995576560711424,1.1351176914000654,0.7899980636835395,0.6752576612678598,0.4997795685345687,0.17380099953017789,0.175054704595186,,0.004531574883144542,0.4203533523953421,,,0.018866501175117456,0.05360635577669839,0.42053749382939065,1.0003543378150088,0.005556215869566071
B0043,191,77,4.0,0.060495215307428206,1.6814906372051954,0.03597713479272015,4.0478344519741825,2.446533765156367,4.197323566834658,0.30389006539956076,-0.2990404522680275,-3.977738911880702,9.953877011578583e-05,1.0399561282767464,7.072814815985095,6.172157666098706,8.697295284987012,0.5692045412709935,994.031,81,0.061130459259873135,False,True,True,False,B0043_p2,-1,11.484000000000002,3524.407,10804.672,0.32619287286092535,0.08525984222691717,0.0033989153691494065,,6.2236005897631115,1.3073454201663885,,,4.0,1.0,3.0728148159850948,4.697295284987012,1.1622183758206333,0.9849032398196885,0.9996196331115844,1.1324937193543725,0.8118712211151909,0.6654188449652149,0.46597574942446734,0.17643285545896228,0.1772428884026258,,0.003137883601345979,0.4557098342139651,,,1.3073454201663885,0.0548289317890796,0.45580796405275126,1.000131627056673,0.003749857959925761
B0043,193,78,4.0,0.060604010237618126,1.6814906372051954,0.03604183627114809,4.045020633492667,2.4401050698854356,4.197136062671134,0.30916614681086396,-0.3062477823294265,-3.976381485366203,0.0009262238803689249,1.0518568632209377,7.152123066131912,5.955478541850807,10.097658187656732,1.1363200820288115,971.516,79,0.061130459259873135,False,True,True,False,B0043_p2,-1,17.281,3266.656,10804.688,0.30233691153321596,0.08408422960612684,0.005011192086612144,,6.677323929043646,0.08578806965606045,,,4.0,0.0,3.152123066131912,6.097658187656732,1.1614104693747938,0.982315234336041,0.9995749777877417,1.152155859520906,0.8328253266331194,0.8637942522351875,0.9302413516011607,0.17243661616596384,0.17286652078774617,,0.004626339806663124,0.42238171123471074,,,0.08578806965606045,0.054072918377465,0.42247329000898703,1.0001331080924722,0.0056427460297350275
B0043,195,79,4.0,0.06073438432235217,1.6814906372051954,0.036119371097598704,4.0242391243497195,2.426379928299938,4.196810616000894,0.3367955604110248,-0.36568183307963065,-3.9788388766990823,-0.0006326592603038144,1.1417865202042639,7.40243656537614,5.93392326449305,10.08193635042433,1.2724644750362963,810.563,66,0.061130459259873135,False,True,True,False,B0043_p2,-1,17.297000000000004,3248.109,10803.297,0.3006590488070447,0.0843108890859815,0.00494583506276051,,6.558668280760351,0.0971283660829112,,,4.0,0.0,3.4024365653761404,6.08193635042433,1.1554436611740684,0.9767898920713792,0.9994974705677425,1.2551211780168745,0.8989608858721093,0.8615670967899354,1.0416951102446617,0.14386869687100587,0.14442013129102846,,0.004566002107396389,0.42003764240797303,,,0.0971283660829112,0.054218678642036264,0.42007462540830776,1.0000043505426608,0.005647970492235797
B0043,197,80,4.0,0.06099653048237791,1.6814906372051954,0.03627527215004908,3.980071334963229,2.3818713355998336,4.19749831364625,0.39126746369768217,-0.49053400510100387,-3.9767622508780898,-0.000539587012327033,1.3014718316046279,8.281671008133785,5.662764662746331,9.867385484495305,1.3079367762814715,599.047,49,0.061130459259873135,False,True,True,False,B0043_p2,-1,17.311999999999998,3344.109,10807.219,0.30943288925670887,0.08563341710414644,0.005007002084713576,,6.5610153061804715,0.06460498306235696,,,4.0,0.0,4.2816710081337845,5.867385484495305,1.1427621602250067,0.9588720289400906,0.9996612501899222,1.4581192203263793,1.1312642244835973,0.8311738213556503,1.070734288533054,0.10632623405520047,0.10722100656455143,,0.004622471590829785,0.43229519218724416,,,0.06460498306235696,0.055069170463310356,0.43249020753292167,1.0003673894429916,0.005652868425830264
B0043,199,81,4.0,0.061130459259873135,1.6814906372051954,0.03635492098931817,3.3967939181762525,2.259462555169981,4.197443547761606,0.652566690970684,-2.3863012371136616,-3.9769579428175974,0.001861794000618719,1.9465743846353625,5.990209166830171,4.29842713475425,8.668191215610703,1.5513714012614028,109.078,10,0.061151661574090986,False,True,True,False,B0043_p2,-1,17.375,3250.328,10802.344,0.3008909918069634,0.08485576371714311,0.005093126097166173,,6.367490508798421,1.1523899916855358,,,4.0,0.0,1.9902091668301711,4.668191215610703,0.9752909506105929,0.9095938190315375,0.9996482073418684,2.4318915395028684,0.5258349895163014,0.6612959625290036,1.2700205267587648,0.01936050586727445,0.02188183807439825,,0.004701981404110234,0.42036167985585776,,,1.1523899916855358,0.054569076827222306,0.420361606415959,0.9999161363478583,0.0056734397469270365
B0043,203,82,4.0,0.06129124410987595,1.6814906372051954,0.03645054141469862,3.4366476653788816,2.3642680452849265,4.197249677217233,0.6139024411904244,-2.386978959718076,-3.9767291231283286,-0.0026713391993762005,1.9451575564567867,6.4435194897145704,5.435730330132727,8.230234796537065,0.9822009820838018,109.17099999999999,10,0.061151661574090986,False,True,True,False,B0043_p2,-1,12.14,3340.266,4877.25,0.6848666769183454,0.08023324877306935,0.0036585750141624566,,6.24312320092498,0.13246263839275052,,,4.0,1.0,2.4435194897145704,4.230234796537065,0.9867337993470612,0.9517854569460473,0.999602035823435,2.287803183135836,0.6456045257310291,0.5992550566790986,0.8040727111733441,0.01937701265182914,0.02188183807439825,,0.003377601762443256,0.9567973605916111,,,0.13246263839275052,0.05159642815766371,0.4319931962609957,0.4514613657927013,0.003964060922457222
B0043,205,83,4.0,0.06130329065804092,1.6814906372051954,0.0364577056223953,3.3244665701392724,2.2200788093903734,4.199324238157774,0.6683464116780267,-2.6498487159567716,-3.976784600681961,0.0013875928608605053,1.8737899094893686,5.804997367748431,4.4438076049213855,8.3473989032227,1.3331499726744827,96.484,9,0.06129124410987595,False,True,True,False,B0043_p2,-1,29.656,2753.594,4091.172000000006,0.6730575003935293,0.08212825659942707,0.009080566388358255,,7.893581716449819,0.21756606303741322,,,4.0,0.0,1.804997367748431,4.3473989032227,0.9545242483256328,0.8937390700119213,1.0000961058690798,2.4906971295136358,0.47690001019271716,0.6158525239048261,1.0913749145870653,0.01712516775241669,0.019693654266958426,,0.008383192067560523,0.940299275182425,,,0.21756606303741322,0.052815070511875534,0.3561195046337927,0.37869826209705465,0.00968354124517227
B0043,207,84,4.0,0.061151661574090986,1.6814906372051954,0.03636753022647282,3.4223166127184776,2.3089650825269894,4.20125127915007,0.633131639314113,-2.387047276888483,-3.9777976422643935,-0.0003253066180622895,1.9470480067962925,7.064649745993309,5.558814897540426,9.566970302021362,1.427013729039223,109.094,10,0.06130329065804092,False,True,True,False,B0043_p2,-1,35.609,2768.157,3046.829,0.9085370396566398,0.08139699073389345,0.010579743856413951,,9.072391508832105,0.0,,,4.0,0.0,3.064649745993309,5.566970302021362,0.9826190528216318,0.9295220948099279,1.0005550430892003,2.359463788673123,0.8097139204831328,0.7886170069329483,1.168215893610513,0.019363345744187084,0.02188183807439825,,0.009767234881694084,1.269277467922171,,,0.0,0.052344807780749264,0.35800292257630056,0.2820289264804573,0.01162736782436402
B0043,209,85,4.0,0.061405387192057306,1.6814906372051954,0.03651842349483382,3.517134909435146,2.4643253089090313,4.201927103230439,0.5832137365953025,-2.209874839881083,-3.976527780195651,0.00015926819003148751,1.974071507417495,4.857763577409316,3.3754160017304455,7.155555764844436,1.383816639080125,96.906,9,0.061405387192057306,False,True,True,False,B0043_p2,-1,35.719,2972.031,3301.0,0.9003426234474402,0.08239576616027501,0.010545902087665147,,9.666790854091367,0.0,,,4.0,0.0,0.8577635774093162,3.1555557648444363,1.0098433793388337,0.9920655971649889,1.000715994945427,2.173436939660911,0.22663050158334505,0.4470160262177164,1.1328528651959808,0.017200069505987438,0.019693654266958426,,0.009735992111673602,1.2578294064748974,,,0.0,0.05298710066207944,0.3843697391395665,0.3055561983662324,0.011663286004056795
B0043,211,86,4.0,0.06175780765942851,1.6814906372051954,0.03672801161835556,3.3308466979658498,2.227174478989743,4.201871725413588,0.6672028978927971,-2.651553384507515,-3.978417528616236,0.00036901399687716557,1.8731598373691354,6.365147956644147,5.025619206039836,8.849096539219643,1.3003544985242426,97.015,9,0.06175780765942851,False,True,True,False,B0043_p2,-1,24.109,2700.657,3004.844,0.8987677896090446,0.0689567229144288,0.007359687591278347,,7.470449600455194,0.0,,,4.0,0.0,2.3651479566441473,4.849096539219643,0.9563561171651591,0.8965955799349155,1.0007028063617782,2.4864356470658135,0.624897911091072,0.6869230104747985,1.064527104113232,0.017219416167454763,0.019693654266958426,,0.00679447426473615,1.255629274813174,,,0.0,0.04434471561665692,0.3492732163949314,0.2781425959780622,0.007872285401937492
B0043,215,87,4.0,1.5250840516518187,1.6814906372051954,0.906983374101125,3.4693912792577155,2.487710804240493,4.151713316448254,0.25415590962131424,-0.9908307773272778,-0.9989196316837596,-0.003571095626999674,0.0654595602264445,7.784854957371514,4.8323692369241,11.059155779143234,1.2215325410689835,5608.781,457,1.5074989761997712,False,False,False,True,B0043_p2,1,12.296999999999997,3488.953,3752.781,0.9296980026279178,0.0801732135209112,0.003666150685323579,,6.136545294154151,2.145902088013227,,,4.0,1.0,3.784854957371514,7.059155779143234,0.9961351793175777,1.0014799164949626,0.9887572583074022,0.9471516319708947,1.0,1.0,1.0,0.9955154793703355,1.0,,0.00338459563305311,1.2988405262528795,,,2.145902088013227,0.051557820664856494,0.45122273437935473,0.34737518802212297,0.004015325960746
B0043,219,88,4.0,1.552568811301301,1.6814906372051954,0.9233288470055502,3.4896631252373917,2.4700528908595785,4.1860990142535135,0.26409593970638295,-0.9917840133525034,-1.0004222702851215,0.0004325901221601669,0.06532918737897826,7.677310156075022,4.332623990652337,10.464754894665266,1.1794695805176303,5703.296,463,1.5074989761997712,False,False,False,True,B0043_p2,1,3080.078,7718.89,10807.359,0.7142253718045269,1.5751002553301734,1.1129061708942902,575.3903943945547,8.795929446378274,3.5883589405269305,7.360883217841765,4.1850000000000005,4.0,1.0,3.6773101560750217,6.4647548946652655,1.0019556525085933,0.9943713548454132,0.9969464336418882,0.9841947041974674,0.9715854894024316,0.9157971713509755,0.9655654195552227,1.012291164770191,1.013129102844639,1.0179231842257814,1.0274365920325548,0.997813112597402,1.2699443422721164,1.0060096153846154,3.5883589405269305,1.0129160716789962,0.9982761740193856,1.0003803485062366,1.0057345006524048
B0043,221,89,4.0,1.5427752626774387,1.6814906372051954,0.917504521608092,3.4883481289690543,2.4917865311625422,4.20024763178396,0.2683370867370519,-0.9917267979357508,-1.0013749229178603,-0.001504452154232964,0.06551181300786585,7.720355963617298,5.517278023626756,11.117824082083432,1.1456952349825456,5668.032,459,1.5074989761997712,False,False,False,True,B0043_p2,1,3062.563,7732.219,10803.25,0.7157308217434568,1.5662506994199628,1.0978707796967735,655.0713274588047,10.177542059501901,0.0,5.807405559168163,4.165,4.0,0.0,3.7203559636172976,7.117824082083432,1.0015780894325017,1.003120685450338,1.0003160180066903,1.0,0.982958661697565,1.008310951730735,0.93791626212424,1.0060320760547437,1.0043763676148796,1.1588867281031316,1.0135558970594651,0.9999163110396919,1.0019289282119113,1.0012019230769231,0.0,1.0072250958961275,1.0,1.0,1.000015346858596
B0043,223,90,4.0,1.5331932831264679,1.6814906372051954,0.9118060185424449,3.4828518772266346,2.4681420264399123,4.199618145627328,0.2709011284987722,-0.9915700758751732,-0.999906490000437,-0.0029166043859581714,0.06567406111940706,7.795012554263815,5.290754145842495,11.465947003288688,1.2341807664854298,5634.047,455,1.5074989761997712,False,False,False,True,B0043_p2,1,3062.516,7734.218999999999,10805.14,0.7157907255250742,1.5550155628583404,1.0831872054436498,536.1070993117829,10.766172385787042,0.0,5.78504455509758,4.155,4.0,0.0,3.795012554263815,7.465947003288688,1.0,0.9936020964829948,1.0001661018253614,1.009555301478818,1.0026837479921173,1.0576260443702556,1.010354390891116,1.0,0.9956236323851203,0.9484271043344719,1.0,1.0,0.9980710717880886,0.998798076923077,0.0,1.0,1.0002586579609294,1.0001749473538055,1.0
B0043,225,91,4.0,1.5152721949172019,1.6814906372051954,0.9011481606794641,3.4797712380230035,2.4840346404021036,4.1989206972349695,0.2698747078401676,-0.9892746508058018,-1.0000803262722175,-0.0017843806336135864,0.08099179252756923,7.802002705131443,3.9419394874990115,10.672391649812306,1.2470691138919998,5582.375,449,1.5074989761997712,False,False,False,True,B0043_p2,1,2939.985,7854.329,10802.829,0.7270622352718904,1.5456935287537852,1.0484016227563675,555.1279066149441,10.105785566585643,0.0,4.828285767306609,4.1450000000000005,4.0,0.0,3.802002705131443,6.672391649812306,0.9991154837150054,1.0,1.0,1.005730184827647,1.0045306221646702,0.9452109938594004,1.0209053561525827,0.9908286175106457,0.9824945295404814,0.9820768157742186,0.9678858995818411,1.015746934606547,0.8330052266284742,0.9963942307692308,0.0,0.9940051827600876,1.015792361804548,0.999961030245528,0.9599900865824048
B0043,227,92,4.0,1.5074989761997712,1.6814906372051954,0.8965253465254998,3.4723642645257145,2.4820985064146877,4.1989096150494385,0.2748817443410257,-0.9870448856228408,-0.9998205155477988,-0.0003884534970397314,0.09358977684576023,7.8854226977198625,5.404348495944301,11.55324188297086,1.2767167480658392,5567.329,447,1.5074989761997712,False,False,False,True,B0043_p2,1,2978.594,7827.484,10802.656,0.7245888418551882,1.530185868260181,1.0465117167845255,580.7760454576945,10.19771714924704,0.0,5.828026025099382,4.1850000000000005,4.0,0.0,3.8854226977198625,7.553241882970861,0.9969887858942564,0.9992205688455686,0.99999736070616,1.02438968717875,1.0265710949246496,1.069992236931141,1.0451762070526285,0.9881580682589265,0.9781181619256017,1.027450939872604,0.966141135645982,1.0122914645529393,1.0054864964098271,1.0060096153846154,0.0,0.9840325105476636,1.0123205253239724,0.9999450165459469,0.9725970411256627
B0043,231,93,4.0,1.4896288908647644,1.6814906372051954,0.8858978206031974,3.465591847973898,2.4995448861629077,4.182123550892078,0.26927456706580083,-0.982521155601079,-0.9995028844280673,0.00046373173796644934,0.11497372498328512,7.865599621307659,4.012126831459005,10.678188237457311,1.2747743671489749,5528.453,442,1.4896288908647644,False,False,False,True,B0043_p2,1,2958.219,7836.156000000006,10803.047000000006,0.7253653529416286,1.5168184961929814,1.0222062974649577,,8.598445605016577,3.06573939723474,6.4146121971467664,4.175,4.0,1.0,3.865599621307659,6.678188237457311,0.9950442827139463,1.0062439732154032,0.995999651445203,1.0034936666420158,1.0213336217227782,0.9460321384588908,1.0435860890233826,0.981257877330452,0.9671772428884027,,0.9437023372578376,1.0133762943205655,1.1066879104794083,1.0036057692307692,3.06573939723474,0.9754362158310831,1.0134420662425632,0.9999812093582955,0.9659440146598418
B0043,233,94,4.0,1.4780778852088083,1.6814906372051954,0.8790283171992683,3.4621709600387423,2.4624361945446704,4.198072340064109,0.27641854172798797,-0.9800816231955619,-0.9994974790321102,-0.0004446704583660312,0.12434335526375154,7.840911830800532,4.807700816743437,10.67885056037868,1.2326863545919307,5513.39,440,1.4780778852088083,False,False,False,True,B0043_p2,1,2860.078,7933.594,10802.312,0.7344348135843513,1.5075858990534718,1.0041117740848393,522.854370428396,9.642614737525658,0.0,5.534733440819024,4.195,4.0,0.0,3.8409118308005317,6.678850560378679,0.9940620738644905,0.9913050947413773,0.999797958277369,1.0301168022996956,1.0148108379476575,0.9461259631232118,1.0091309999103146,0.9785843107095132,0.962800875273523,0.9249817008030954,0.9269974470143202,1.026046842176672,0.9548858759388484,1.0084134615384617,0.0,0.9694989137486919,1.0260436234410846,0.9999131742762595,0.9338981412668538
B0043,235,95,4.0,1.4700035345334466,1.6814906372051954,0.8742264167326786,3.4569777103220325,2.4931009972754072,4.19729618680157,0.2751902226910066,-0.9774850815985034,-1.0007522715759782,-0.0012613985506070278,0.13382975967605476,7.866129688953066,3.7521686599542687,11.249497515672802,1.383468807183267,5486.187,432,1.4700035345334466,False,False,False,True,B0043_p2,1,2776.39,8017.437,10802.484,0.7421845753254529,1.4949103733926765,0.9753725468706352,497.37831833264255,9.45315859467021,0.0,5.111123756754213,4.195,4.0,0.0,3.866129688953066,7.249497515672802,0.9925709826841085,1.003649851224231,0.9996131123804103,1.0255392798561245,1.0214736713815833,1.0269638101898737,1.1325681147819202,0.9737559874811127,0.9452954048140044,0.8799120153800385,0.9004653507434516,1.0368736962622942,0.8818021568131541,1.0084134615384617,0.0,0.9613475318824578,1.0368869531501888,0.9999290954111032,0.9065715901565902
B0043,237,96,4.0,1.4565623180137077,1.6814906372051954,0.8662327852355212,3.449217752251389,2.462787320418678,4.196562826262564,0.28280421023661256,-0.9753322406906505,-1.0074496368791506,0.0009610082927127459,0.14184057901673308,7.9393273558149495,4.867001171567123,11.637480263714385,1.39327292978273,5461.922,433,1.4565623180137077,False,False,False,True,B0043_p2,1,2780.688,8012.891,10802.266,0.7417787156879861,1.4834572229519825,0.9682042520715566,457.26354078717327,8.744596592723743,0.0,4.53257001375861,4.165,4.0,0.0,3.9393273558149495,7.6374802637143855,0.9903429355709413,0.991446447791893,0.9994384578460941,1.0539139918208071,1.0408132940847785,1.0819254458557002,1.1405941986313797,0.9694491366507947,0.9474835886214442,0.8089449598097771,0.8938475705822257,1.0363066874662958,0.7819865462575164,1.0012019230769231,0.0,0.953982235538001,1.036299023604996,0.9999089162983361,0.9079750113958588
B0043,239,97,4.0,1.445976962830235,1.6814906372051954,0.859937564227888,3.447579855504856,2.497516098993309,4.1961404278065615,0.2798908333399356,-0.970424713185739,-0.9995519473703497,0.002357738303520221,0.15690082524941973,8.020423171340544,5.0592312500732435,11.797524620709758,1.41630114613822,5438.157,430,1.445976962830235,False,False,False,True,B0043_p2,1,2834.125,7985.093000000001,10803.234,0.7391391318562571,1.4742668507447356,0.9700918400668568,407.76054852176946,10.622668733630734,0.0,4.929655891224021,4.195,4.0,0.0,4.0204231713405445,7.797524620709758,0.9898726609786617,1.005427242588301,0.9993378609340636,1.043056838483923,1.062239693891104,1.1045973292936935,1.159446104398325,0.9652310319739967,0.9409190371991247,0.7213692129665814,0.8955901945587775,1.0326190400330426,0.8504942169485905,1.0084134615384617,0.0,0.94807208748112,1.0327039366060378,0.9999985189642007,0.9254237365617028
B0043,243,98,4.0,1.4325855992469252,1.6814906372051954,0.8519735807914012,3.4358831885309766,2.472999574663348,4.178175250938716,0.28211737386153724,-0.970256674882607,-1.0000552345201275,-0.00020253049223384803,0.15752506547152056,7.909281139740462,3.744411749265198,11.717322041018162,1.5097124279907503,5402.875,426,1.4325855992469252,False,False,False,True,B0043_p2,1,2806.234,8017.905999999999,10807.89,0.7418567361436875,1.4567894627131674,0.9425460115480269,,8.523394607722713,2.7150115404662003,6.27576378986246,4.175,4.0,1.0,3.909281139740462,7.717322041018162,0.9865143019711022,0.995557603924167,0.9950593383890496,1.0513543889592454,1.0328747557754125,1.0932358319417637,1.2359166679829716,0.9589687483970227,0.9321663019693655,,0.870159845695353,1.0364156864417213,1.082732938766666,1.0036057692307692,2.7150115404662003,0.9368327221339062,1.0369476084420266,1.0004295003818295,0.9163165188361464
B0043,245,99,4.0,1.4197344854662965,1.6814906372051954,0.8443308895409828,3.4393737351491587,2.4798848457409326,4.195619110791885,0.2833620654812858,-0.9652466121144252,-1.0000587870310462,-0.0004145189886527689,0.17148063670668168,7.9764627392531535,5.169956637721328,11.400146543773253,1.358279999305129,5384.438,423,1.4197344854662965,False,False,False,True,B0043_p2,1,2768.813,8026.313,10803.938,0.74290624400103,1.4553051267627353,0.9439418021152806,385.7264776407492,10.472392946002465,0.0,5.0536175288612615,4.195,4.0,0.0,3.9764627392531535,7.400146543773253,0.9875165112930104,0.9983294135300387,0.9992137059303695,1.0559929263857482,1.0506248678059533,1.0483047513468253,1.1119474542335774,0.9556963227321321,0.925601750547046,0.6823887367348478,0.8714484415726298,1.0378819080899169,0.8718808326191971,1.0084134615384617,0.0,0.9358781748059658,1.0380348771807937,1.0000636845393747,0.9040974806335705
B0043,247,100,4.0,1.401262575071573,1.6814906372051954,0.8333454519857516,3.437163038991663,2.483308761917933,4.195354802720307,0.2834475072969908,-0.9624204407769305,-0.9996583037293504,0.0004912000522550359,0.17859111711980263,7.975220288628877,5.330701318871918,11.27412857657329,1.3260757440614164,5344.859,419,1.401262575071573,False,False,False,True,B0043_p2,1,2690.703,8107.469,10807.062,0.7502010259587666,1.4383418092743752,0.9143554406532372,404.2447448886148,9.990632078017223,0.0,5.16930306165813,4.195,4.0,0.0,3.9752202886288774,7.27412857657329,0.986881773946886,0.9997077824631088,0.9991507592613,1.0563113386363394,1.0502965987868575,1.0304530462502624,1.0855836414320534,0.9486713547118085,0.9168490153172867,0.715149404530017,0.8441342697347843,1.0480731297663162,0.8918396043467555,1.0084134615384617,0.0,0.9249693981393329,1.0485306999193893,1.00035285677921,0.878592307762637
B0043,249,101,4.0,1.3862945308535968,1.6814906372051954,0.824443800149703,3.432715938014848,2.4722726688004673,4.195137899317883,0.28397993022487655,-0.959579561659367,-1.0003023505936774,-0.00049760110525502,0.18547546087536196,7.919276364601211,5.089357799320184,10.939205926809544,1.3499937661540542,5305.156,415,1.3862945308535968,False,False,False,True,B0043_p2,1,2611.672,8185.562999999999,10806.157,0.75749066018567,1.4239565671835588,0.891252826809241,404.41802702295405,9.813143379978053,0.0,5.363063567930974,4.195,4.0,0.0,3.9192763646012114,6.939205926809544,0.9856049177573094,0.995264972794529,0.9990991023194181,1.0582954957066868,1.0355156033041355,0.9830079040487971,1.1051639811188756,0.941624377645412,0.9080962800875274,0.7154559579651706,0.8228059031072135,1.058257159772511,0.9252683453571482,1.0084134615384617,0.0,0.9157185311805648,1.0586305173198016,1.0002690856918057,0.852786401769003
B0043,251,102,4.0,1.384130256052478,1.6814906372051954,0.8231566833776963,3.4312793781460638,2.4995232811069013,4.195919647393222,0.2791921322074032,-0.9569605305508407,-0.9997391001993594,-1.523743837134638e-05,0.19185563976417455,8.087848756281263,4.916489735710996,11.469256268063758,1.3998155776004382,5284.547,412,1.384130256052478,False,False,False,True,B0043_p2,1,2501.469,8294.296,10804.781,0.7676505428476523,1.410648219857425,0.8579082946088902,389.06363194872154,9.520546229020955,0.0,4.544200967045467,4.195,4.0,0.0,4.087848756281263,7.4692562680637575,0.9851924512156867,1.0062352756490909,0.9992852806570688,1.0404530197534279,1.0800542695353827,1.0580948348146946,1.1459502964820212,0.9379664386896311,0.9015317286652079,0.6882924966385884,0.7920221825898597,1.072451088667761,0.7839931890590315,1.0084134615384617,0.0,0.9071601941169337,1.072692845352673,1.0001417166130564,0.8168019367082491
B0043,255,103,4.0,1.3651743201871416,1.6814906372051954,0.8118833908324324,3.423768606452633,2.492874341811692,4.176270279535014,0.28109302491302657,-0.9522133825707908,-0.9993417683995699,0.0003722025001506802,0.2036337176378735,8.02258709983945,5.04116977986091,11.07680003582411,1.3526966169962111,5267.843,409,1.3651743201871416,False,False,False,True,B0043_p2,1,2609.437,8189.797000000006,10808.187000000005,0.7577401279233975,1.396582739686181,0.8603636556860367,,8.480389649517344,2.267289085844877,6.333365892650041,4.175,4.0,1.0,4.02258709983945,7.07680003582411,0.9830359507504955,1.0035586063357624,0.9946056571835542,1.0475369928588156,1.0628114274246947,1.0024994853822333,1.1073766531118718,0.9350016071928403,0.8949671772428884,,0.794288975499531,1.0586056802671633,1.0926708038805637,1.0036057692307692,2.267289085844877,0.8981149597751051,1.0591780962230901,1.0004569921088566,0.852056609663427
B0043,257,104,4.0,1.361508332192898,1.6814906372051954,0.8097031895793724,3.425776013992083,2.466722917823166,4.195157601948688,0.2821382074716997,-0.9541332483411131,-0.9985673084050938,-0.0004598315898297383,0.19896860309917494,8.12948679263687,5.159444442594697,11.26155378961363,1.349568204069343,5229.688,406,1.361508332192898,False,False,False,True,B0043_p2,1,2462.656,8334.0,10805.625,0.7712649661634565,1.3921116993649778,0.8322520758184709,390.3538655248394,9.329700108341445,0.0,5.292407708970999,4.195,4.0,0.0,4.12948679263687,7.261553789613631,0.9836123196602893,0.9930308046846983,0.9991037946278054,1.0514320286564478,1.091055493313988,1.028671701943226,1.1048155973710807,0.9282293882177413,0.888402625820569,0.6905750489421923,0.7683363241699284,1.0775006418219357,0.913078366834312,1.0084134615384617,0.0,0.8952397214636733,1.0778277231930447,1.0002198412514753,0.8041283702681064
B0043,259,105,4.0,1.351001663879717,1.6814906372051954,0.8034547644732748,3.4199159770745933,2.4707802117428486,4.195480097537295,0.28458424205742333,-0.951277080781025,-0.9980068368798175,-0.00016541851510324857,0.2051945591267312,8.089656475775936,4.8624179201860835,11.576966830401837,1.4057757730917506,5206.954,403,1.351001663879717,False,False,False,True,B0043_p2,1,2425.453,8371.078,10805.5,0.774705288973208,1.3810234321278831,0.821812557832249,331.6788575694165,8.940998769001832,0.0,3.768865770302462,4.155,4.0,0.0,4.089656475775936,7.576966830401837,0.9819297798555371,0.9946641530501726,0.9991805990287121,1.0605475579910886,1.0805318887612272,1.0733531129584237,1.1508295733665292,0.924194278109501,0.8818380743982495,0.5867730885439769,0.7586985460150931,1.0823069667533294,0.6502276452610258,0.998798076923077,0.0,0.8881090743486613,1.0826229831307157,1.0002082706592923,0.7919805153671033
B0043,261,106,4.0,1.3282588067265129,1.6814906372051954,0.789929350385329,3.419545032162598,2.4848489819284896,4.1943133355165845,0.28438788153584044,-0.9432133015363675,-1.000251640119134,0.0008465508340473731,0.22146953026925928,8.144440591218109,5.684438439783706,11.16400609714747,1.3200131058899498,5179.062,400,1.3282588067265129,False,False,False,True,B0043_p2,1,2438.578,8355.328,10803.016,0.7734254952505856,1.3698385688439394,0.817093210136385,305.30621764935216,8.685296959070875,0.33284606479695533,4.056515402631836,4.1850000000000005,4.0,0.0,4.144440591218109,7.164006097147469,0.9818232737722837,1.0003278301812466,0.9989027271409486,1.059815789885641,1.0950064501537247,1.0148530959345057,1.0806205004860405,0.9192436626815502,0.87527352297593,0.5401172495424944,0.7543416373734968,1.080519022767769,0.6998547093404979,1.0060096153846154,0.33284606479695533,0.8809163082110771,1.0805860516883963,0.9999783398514336,0.796266207262264
B0043,263,107,4.0,1.3257206687421472,1.6814906372051954,0.7884198932832756,3.4121967412564467,2.4661345187240347,4.194450936586587,0.2875876671575165,-0.9477871437594549,-0.9983916549138827,0.0011324508413777003,0.21229613465465003,8.231983414070719,4.136944134078735,11.988971088033125,1.5098316401433178,5144.109,396,1.32698973773433,False,False,False,True,B0043_p2,1,2377.281,8417.532,10803.875,0.7791215651791602,1.353776456173525,0.7951484020528236,315.2288196570978,9.180683652500887,0.0,4.345893483997719,4.195,4.0,0.0,4.231983414070719,7.988971088033125,0.9797134249572365,0.9927939323442078,0.9989354977217536,1.0717402900007205,1.1181362196795315,1.1317176356466159,1.2360142602685305,0.9130397740735924,0.8665207877461707,0.5576713254011254,0.7340821587041809,1.0884767536036866,0.7497799759603251,1.0084134615384617,0.0,0.8705870786817662,1.0886308315892241,1.0000578529609145,0.7762509648929181
B0043,267,108,4.0,1.3142909715978441,1.6814906372051954,0.7816225333150391,3.407362058046422,2.4725812888729317,4.173215087704208,0.2851401421321316,-0.9403317488154684,-0.9999277500600487,0.0032808403710279706,0.2278688997204701,8.207473278156359,4.541378151215567,11.73519417014362,1.5154276623422216,5142.891,395,1.3257206687421472,False,False,False,True,B0043_p2,1,2460.656,8337.484999999999,10807.344,0.7714647558178956,1.3439709931428188,0.7971268692757829,,8.554486239681019,2.325516738336301,6.0428524160832735,4.195,4.0,1.0,4.207473278156359,7.73519417014362,0.9783252857596906,0.995389214247303,0.9938780435773201,1.062619206310253,1.1116603741873223,1.0957675977342487,1.2405954089573787,0.9128235884436179,0.8643326039387309,,0.7359086825155927,1.0777797592333727,1.0425496519751076,1.0084134615384617,2.325516738336301,0.8642813777840321,1.078278434689964,1.0003789600351745,0.8034753124555104
B0043,269,109,4.0,1.3003260094811093,1.6814906372051954,0.7733174248548779,3.4128712396915972,2.4919564449811342,4.193501778898149,0.2839000965061678,-0.9372882788479067,-0.9989961791594165,-0.00028979533681811195,0.2336401609821688,8.189312466474622,5.062725266929668,11.299125699617386,1.405684397434997,5109.734,391,1.3200058201699956,False,False,False,True,B0043_p2,1,2364.0,8432.593,10805.812,0.7803756904154913,1.3427248673651018,0.783303717320764,277.826197501922,9.469044225676551,0.0,4.794192847901626,4.195,4.0,0.0,4.189312466474622,7.299125699617386,0.979907087639121,1.003189087805051,0.9987094497068285,1.0579979829041162,1.1068620894746237,1.0339941386735167,1.1507547692547422,0.9069384760191033,0.8555798687089715,0.4915023441086031,0.7231471285703933,1.0902288372667028,0.8271233088166343,1.0084134615384617,0.0,0.863480018744624,1.0905786553640036,1.0002371508573809,0.7719143344883749
B0043,271,110,4.0,1.2881071401556836,1.6814906372051954,0.7660507359687984,3.408624211537015,2.485517355170574,4.193305249397542,0.2868180772912575,-0.9340008362934733,-0.9986368638895086,-0.00035441333553725687,0.2391661920353531,8.139466322876048,4.938219232151636,11.376911439849154,1.3901433319977172,5078.937,388,1.3142909715978441,False,False,False,True,B0043_p2,1,2276.594,8518.297,10804.172,0.7884266374137694,1.3247711884724764,0.7550785485984418,281.5456605665663,9.057655673900555,0.0,4.278680309607426,4.195,4.0,0.0,4.139466322876048,7.376911439849154,0.9786876765632863,1.0005968977824844,0.9986626449408476,1.0688722933491315,1.0936921941523494,1.0450132665501946,1.1380321729138543,0.9014722454392021,0.849015317286652,0.49808244645868976,0.6970896118452379,1.101476464137493,0.7381839503181566,1.0084134615384617,0.0,0.8519343600892058,1.1016626663057527,1.0000853446879412,0.7433737489044955
B0043,273,111,4.0,1.2767801501201566,1.6814906372051954,0.759314456988171,3.405803295662315,2.499796953515674,4.192997819348426,0.28546473639836556,-0.9308225674416871,-0.9990064665951188,0.000927886113475438,0.24478582672581672,8.11394700059043,4.306619484362203,11.488807348025915,1.5109794818661697,5051.672,385,1.3073084905394767,False,False,False,True,B0043_p2,1,2241.734,8552.39,10803.296,0.791646364220697,1.3132757442302998,0.7398918812627974,272.5705898183803,9.040070474105034,0.0,3.92422211277122,4.195,4.0,0.0,4.11394700059043,7.488807348025915,0.9778777323066428,1.0063454481902951,0.998589428495174,1.0638288574627677,1.0869497106032995,1.0608644407808816,1.236953933739568,0.8966329176877651,0.8424507658643327,0.4822046482131033,0.6830692585218949,1.1059746040156895,0.6770306663544831,1.0084134615384617,0.0,0.8445418654307946,1.1060718792367366,1.0000042579779234,0.7319909512309486
