battery_id,raw_cycle_index,discharge_cycle,ambient_temperature,capacity,voltage_mean,voltage_min,voltage_max,voltage_std,current_mean,current_min,current_max,current_std,temperature_mean,temperature_min,temperature_max,temperature_std,discharge_time,num_measurements,capacity_reference,soh,capacity_local_median,is_anomalous,is_valid,protocol_block,segment_id,temperature_mean_rise,temperature_max_rise,voltage_mean_rel,voltage_min_rel,voltage_max_rel,voltage_std_rel,temperature_mean_rise_rel,temperature_max_rise_rel,temperature_std_rel,discharge_time_rel,num_measurements_rel
B0025,3,0,24.0,1.847011162956716,3.400080836543819,1.9182683747066012,4.196965327364252,0.2770427667121989,-1.0680263652396946,-4.027931217882849,0.00362245138600783,1.7763814850769495,33.13281956573637,26.503791065076168,41.81748104839704,4.252813417845759,6515.422000000006,641,1.847111177186175,0.9999458537035051,1.8470611700714454,False,True,B0025_p1,0,9.13281956573637,17.817481048397042,0.9977371013517276,1.0128341310333542,0.9986695945140599,1.0,1.0004878259846681,1.0083021171916766,1.0193119517705056,1.003994452577241,1.0158478605388273
B0025,5,1,24.0,1.8485654344528386,3.4067357604110753,1.8939610306669548,4.202556431495687,0.27482526968832,-1.0683949803553137,-4.0283470601196845,0.0038947878766607863,1.7765241714085083,32.848310333012144,26.21789049788759,41.504410609595574,4.227032855667029,6516.219,637,1.847111177186175,1.000787314420824,1.847011162956716,False,True,B0025_p1,0,8.848310333012144,17.504410609595574,0.9996899562302551,1.0,1.0,0.9919958313649729,0.9693202307341563,0.9905852701572274,1.013132880983654,1.00411726635334,1.0095087163232963
B0025,7,2,24.0,1.847111177186175,3.407792325190085,1.82462740970999,4.202713117217314,0.2776126923183023,-1.071886802134967,-4.028306841028089,0.0037637098566710753,1.7781365588101776,33.07297579198606,26.419675926917517,41.670776193570134,4.172239333070495,6489.5,631,1.847111177186175,1.0,1.8450353624649296,False,True,B0025_p1,0,9.07297579198606,17.670776193570134,1.0,0.963392266348506,1.0000372834307358,1.0020571755504286,0.9939320228542974,1.0,1.0,1.0,1.0
B0025,9,3,24.0,1.8489837601535537,3.425685226676254,1.9612044915457982,4.203084581094102,0.2643698606546062,-1.069881568315977,-4.028897912512196,0.005409341565185887,1.7773710921137398,33.12836651135456,26.557301540486087,41.58349706133725,4.123497492788356,6471.25,625,1.847111177186175,1.001013790068788,1.8430595619731431,False,True,B0025_p1,0,9.128366511354557,17.583497061337248,1.0052505844777884,1.0355041417378918,1.0001256734102266,0.9542564990669555,1.0,0.995060820686267,0.9883175828635248,0.997187764850913,0.9904912836767037
B0025,11,4,24.0,1.8370120718560439,3.4102415310941074,1.7869386268841287,4.200058863569411,0.27761430696201045,-1.0696478002906964,-4.029600870864891,0.0032108902176176297,1.7767162002546446,33.20066590827124,26.61720163533676,41.82908827830225,4.135096500982315,6466.672,621,1.847111177186175,0.9945324864822075,1.8416233674633744,False,True,B0025_p1,0,9.20066590827124,17.82908827830225,1.0007187075004302,0.9434928163515919,0.9994057027033455,1.0020630036892653,1.0079202995220178,1.0089589774098164,0.991097626688437,0.996482317589953,0.9841521394611727
B0025,15,5,24.0,1.817549211247137,3.395651158058303,1.9399607811955055,4.178122904439056,0.2731767510788664,-1.0609975004031984,-4.02823190197934,0.0031691595779807236,1.7725897109099185,32.8030291471027,26.38695918330851,41.15307253815554,4.080767718834413,6410.672,611,1.847111177186175,0.9839955676170659,1.8401871729536057,False,True,B0025_p1,0,8.803029147102698,17.15307253815554,0.9964372338531208,1.0242875908129705,0.9941860323698415,0.9860454193436906,0.9643597390784892,0.9707028344570982,0.9780761344367164,0.987852993296864,0.9683042789223455
B0025,19,6,24.0,1.839863822522073,3.3987545550856617,1.7632585904014149,4.198227921922519,0.28379817097986154,-1.0700556397664167,-4.0284426372332245,0.011942320812140217,1.776994428725522,32.70663040910488,26.182583925840603,41.167510218490015,3.9421248621432103,6474.156,613,1.847111177186175,0.9960763841648436,1.839863822522073,False,True,B0025_p1,0,8.706630409104882,17.167510218490015,0.9973479105409045,0.9309898999244386,0.9989700293990752,1.0243839763363336,0.9537993898771387,0.9715198715909694,0.944846291749535,0.9976355651436937,0.971473851030111
B0025,22,7,24.0,1.8430595619731431,3.4107861698937034,1.7411634552856725,4.201052747751877,0.2790689138261572,-1.0673189298080559,-4.028591260100669,0.004251121425607281,1.7754012746009722,32.88774741633189,26.57839299781365,41.40744159178738,4.0431875407764135,6460.75,607,1.847111177186175,0.997806512535318,1.8370120718560439,False,True,B0025_p1,0,8.88774741633189,17.407441591787382,1.0008785290938913,0.9193238018590726,0.9996421978459253,1.0073134813733042,0.9736405089866444,0.9850977343101334,0.9690689382866472,0.9955697665459589,0.9619651347068146
B0025,24,8,24.0,1.8401871729536057,3.4362212866947472,1.990361763373611,4.2014816169511375,0.2571119653949873,-1.0619524466901569,-4.028787836120025,0.004995226754526997,1.7732254636817137,32.85054388832057,26.516178483949197,41.089112912518665,3.9719930270471355,6448.907,603,1.847111177186175,0.9962514415385016,1.830315627968932,False,True,B0025_p1,0,8.850543888320573,17.089112912518665,1.00834233978829,1.0508990053890965,0.9997442474450803,0.9280587558601869,0.9695649136471014,0.9670833202412965,0.952005076881342,0.9937448185530473,0.9556259904912837
B0025,26,9,24.0,1.8281265632888257,3.429899192703782,1.8524105657072532,4.201461223125712,0.2639601646633932,-1.0617949104462787,-4.029715142311533,0.00923119912736286,1.7728854382333332,33.21344988692114,26.776145101766126,41.56081694228564,3.961104382196395,6447.125,599,1.847111177186175,0.9897219971749238,1.8281265632888257,False,True,B0025_p1,0,9.21344988692114,17.56081694228564,1.006487152210035,0.9780616051297161,0.9997393947260846,0.9527776804857124,1.0093207668054027,0.9937773389193564,0.9493952925469599,0.993470221126435,0.9492868462757528
B0025,30,10,24.0,1.8253563336445804,3.4061977189259807,1.7970500760271888,4.190430872833885,0.2743031254537046,-1.0616392954595641,-4.027391825734414,0.004483366830661881,1.7726576585206468,32.54793058844526,26.14548341054868,41.027186904575295,4.088404871300384,6431.219,595,1.847111177186175,0.9882222338263714,1.8253563336445804,False,True,B0025_p1,0,8.547930588445261,17.027186904575295,0.9995320705864859,0.9488316005078314,0.9971147184197391,0.9901111251125343,0.9364140427329134,0.9635788896908206,0.9799066028869409,0.9910191848370444,0.9429477020602218
B0025,34,11,24.0,1.8214180552626154,3.431364532702854,1.9099130781506344,4.197641122625931,0.2606260247324691,-1.0590758191027096,-4.027595208325832,0.004890389760649614,1.7715544694180327,32.95568065114475,26.576468758844456,41.20659187421087,3.9817315714346453,6442.203,593,1.847111177186175,0.986090105327228,1.8253563336445804,False,True,B0025_p1,0,8.955680651144753,17.206591874210872,1.0069171490699493,1.0084225848501551,0.9988304002694839,0.9407429323112989,0.9810825014535729,0.9737315263192476,0.9543392057771412,0.9927117651591032,0.9397781299524565
B0025,36,12,24.0,1.830315627968932,3.437199999112006,1.9344488971472638,4.200877212432817,0.25868037282669615,-1.0596169539874956,-4.028474225036271,0.008092210324098516,1.7718670343332463,33.31259035127085,26.983382387627444,41.458124206642374,3.9373132828377226,6427.079,589,1.847111177186175,0.990907125989661,1.8214180552626154,False,True,B0025_p1,0,9.312590351270849,17.458124206642374,1.0086295381630337,1.0213773492826572,0.9996004291458683,0.9337200024984654,1.0201814683587846,0.9879658943897927,0.9436930551009685,0.9903812312196625,0.9334389857369255
B0025,38,13,24.0,1.8175491643824844,3.4349851634526334,1.8425883947903754,4.20189282071032,0.2626981593999096,-1.0597552847363263,-4.029721928809883,0.03046127232114153,1.7717148438855492,33.27639301328207,26.96989321715805,41.50830652935,3.9409282147039355,6417.156,585,1.847111177186175,0.9839955422452024,1.8175491643824844,False,True,B0025_p1,0,9.276393013282068,17.50830652935,1.0079796054652572,0.972875558132002,0.9998420935456349,0.9482224081049878,1.0162160997527196,0.9908057426317668,0.9445594799576539,0.9888521457739425,0.9270998415213946
B0025,40,14,24.0,1.810901200296979,3.4358715577304486,1.8285852544110042,4.200832471783116,0.26252258706779347,-1.059854592361014,-4.028724169575779,0.008863039345181947,1.7716578967487187,33.13052620279671,26.840841260921778,41.369681799861574,3.9545358823071743,6398.907,581,1.847111177186175,0.9803964280350699,1.812563150045885,False,True,B0025_p1,0,9.130526202796709,17.369681799861574,1.008239713533247,0.9654819844773002,0.9995897830902042,0.9475886708152554,1.0002365912279558,0.982960884660057,0.9478209581512417,0.9860400647199322,0.9207606973058637
B0025,42,15,24.0,1.8083032603084233,3.437200278486185,1.8355395996102943,4.2006834078208275,0.2618235635547514,-1.0604451363745762,-4.030782136338009,0.017170204462116916,1.7719426727856373,33.262538649813465,26.879810126294203,41.46226760798129,3.9398493039544578,6384.75,577,1.847111177186175,0.9789899398817615,1.810901200296979,False,True,B0025_p1,0,9.262538649813465,17.46226760798129,1.008629620144021,0.9691538367945789,0.9995543132601808,0.9450655097837016,1.014698373284203,0.9882003719981064,0.9443008872300206,0.983858540719624,0.9144215530903328
B0025,46,16,24.0,1.7928016149381065,3.3887362465772446,1.9492783916128957,4.176908127442872,0.2793078291380924,-1.061164896269225,-4.027991609867125,0.004450321459459288,1.7729038430215145,33.455906862521594,27.38742094844262,41.32045149274522,3.751599869680929,6284.063,565,1.847111177186175,0.9705975672071879,1.8083032603084233,False,True,B0025_p1,0,9.455906862521594,17.32045149274522,0.9944080868801836,1.0292072329104158,0.993896975693034,1.0081758583801848,1.0358815951090063,0.9801749115609089,0.8991813676517922,0.968343169735727,0.8954041204437401
B0025,50,17,24.0,1.812563150045885,3.3997812429989795,1.7363301713780446,4.198430576015103,0.2868693925570401,-1.0644657893096274,-4.0277556636915905,0.004809562587394428,1.7740182187670137,33.359161719231366,27.278235740158276,41.29100352861782,3.7589966198176104,6370.937000000005,559,1.847111177186175,0.9812961842432683,1.807772607491239,False,True,B0025_p1,0,9.359161719231366,17.29100352861782,0.997649187090455,0.9167718571097523,0.9990182510222438,1.035469707299918,1.0252832976841726,0.9785084333142932,0.9009542166056027,0.9817300254256884,0.8858954041204438
B0025,52,18,24.0,1.807772607491239,3.4092528162288933,1.7105280581137303,4.201378297006623,0.2814034742945381,-1.0636693462251967,-4.028543330165215,0.004504843262715071,1.7735125235673492,33.19907517017467,27.155818753476673,41.08913600776219,3.731783763945216,6359.812,567,1.847111177186175,0.978702651913534,1.807409052434889,False,True,B0025_p1,0,9.199075170174673,17.089136007762193,1.0004285739562275,0.9031484969420787,0.9997196624225592,1.015740196483344,1.0077460363507713,0.9670846272152107,0.8944318544638395,0.9800157176978196,0.8985736925515055
B0025,54,19,24.0,1.8048055175003972,3.413290161572333,1.6755342791432475,4.201267329262803,0.2802094988553024,-1.063944284256531,-4.027516600690674,0.005444848316188652,1.7735736182091215,33.10915637159371,27.025078005866863,41.020672808164036,3.7226311959304277,6346.156,563,1.847111177186175,0.977096311143423,1.8048055175003972,False,True,B0025_p1,0,9.109156371593713,17.020672808164036,1.0016133132120781,0.8846719927247982,0.999693257603105,1.0114304812238364,0.9978955556027522,0.9632102530027713,0.8922381720587479,0.9779113953309192,0.8922345483359746
B0025,56,20,24.0,1.800538555899242,3.418321145613461,1.6704419000715314,4.201007650907643,0.2774190300830893,-1.0644931821377202,-4.02700237666114,0.005047689637102718,1.7736360342382804,32.8730319628199,26.87253908617082,40.73588950026045,3.771411918825551,6328.172,559,1.847111177186175,0.9747862381744231,1.800538555899242,False,True,B0025_p1,0,8.873031962819901,16.73588950026045,1.0030896308867028,0.8819832472916765,0.9996314670336283,1.0013581418325976,0.9720284512878563,0.9470941919546316,0.9039299085582511,0.9751401494722243,0.8858954041204438
B0025,58,21,24.0,1.7942356098033032,3.4228002445936747,1.7016507714607274,4.200640308563649,0.27280921158621285,-1.0611486398597036,-4.027487021545032,0.005449243485488303,1.772001695212777,32.8903015920882,26.819965319318538,40.76227622359968,3.687202047041496,6326.062,557,1.847111177186175,0.9713739118489767,1.7961223845359495,False,True,B0025_p1,0,8.8903015920882,16.762276223599677,1.0044040005879034,0.8984613431362388,0.9995440577745305,0.9847187667946443,0.9739203154288083,0.9485874327183753,0.8837465333821003,0.9748150088604669,0.8827258320126783
B0025,65,22,24.0,1.807409052434889,3.4103062616510487,1.8891035060983299,4.199028873312285,0.2726714857312039,-1.057828326267502,-4.029754792125187,0.005434986874264781,1.7710578297893387,32.07013291213046,26.151023423681288,39.71112605386658,3.656087418697095,6352.843,555,1.847111177186175,0.9785058283217327,1.7961223845359495,False,True,B0025_p1,0,8.070132912130461,15.711126053866579,1.0007377023659514,0.9974352563278907,0.9991606161057196,0.9842216382947979,0.8840719642547454,0.88910220364759,0.8762889965869849,0.97894182910856,0.8795562599049128
B0025,67,23,24.0,1.7902504816962075,3.4104689136383888,1.756482386846181,4.200691577023061,0.27692734094770227,-1.0619681305424282,-4.028900600933191,0.0059730062396821885,1.772735614527799,32.18349666127279,26.242111136505635,39.797043058510575,3.6641842549670454,6309.172000000006,549,1.847111177186175,0.969216419567886,1.7951789971696264,False,True,B0025_p1,0,8.183496661272791,15.797043058510575,1.0007854317965679,0.9274121053206882,0.9995562571251514,0.9995833648145142,0.8964908071004308,0.8939642993304756,0.8782296417953679,0.9722123430156415,0.8700475435816165
B0025,69,24,24.0,1.7961223845359495,3.4208452515825636,1.8323981556137667,4.199965507353377,0.2690806882383923,-1.0623591353414312,-4.028134432056257,0.0071363997758972265,1.773277151658895,32.133961271398654,26.235453942984385,39.64019141128942,3.6426513655567065,6284.297,545,1.847111177186175,0.9723953851397835,1.7942356098033032,False,True,B0025_p1,0,8.133961271398654,15.640191411289422,1.0038303174451075,0.9674951733133027,0.99938348855404,0.9712604715571663,0.891064273249876,0.8850879689699437,0.8730686508522879,0.9683792279836658,0.8637083993660856
B0025,71,25,24.0,1.7912236690350776,3.426965494192803,1.8971268658440401,4.200628533399999,0.2644588381686,-1.0638074812423732,-4.028496319452566,0.005573763624208927,1.7739077735437305,32.19734869129393,26.19622065765121,39.75344188854835,3.705584186143065,6265.969,541,1.847111177186175,0.9697432894991007,1.7927296394191905,False,True,B0025_p1,0,8.197348691293932,15.753441888548352,1.00562627272237,1.0016715418774855,0.9995412558695846,0.9545776679429732,0.8980082779429864,0.8914968825353895,0.8881523542456989,0.9655549734185993,0.8573692551505546
B0025,73,26,24.0,1.7854822365303245,3.4343195510923628,1.9934958310371553,4.200021709929957,0.25825410988849684,-1.0603658561835867,-4.030782393095651,0.004617963619156729,1.772564265185778,32.128660226085096,26.170530846818277,39.57317189988566,3.67148195169613,6266.641,539,1.847111177186175,0.9666349587306737,1.7912236690350776,False,True,B0025_p1,0,8.128660226085096,15.573171899885658,1.0077842847717542,1.052553774211051,0.9993968619798337,0.9321813846768996,0.8904835510246055,0.8812952939527505,0.8799787496836045,0.9656585253101163,0.8541996830427893
B0025,77,27,24.0,1.7677890780323617,3.379891621690332,1.9679550948765454,4.179880908916163,0.2831766559019388,-1.0606190479243294,-4.027217905704875,0.006979406727267191,1.7725446231125621,32.16680073898097,26.291996929686196,39.45687787991913,3.538344683258347,6198.75,531,1.847111177186175,0.957056131686318,1.7907370753656426,False,True,B0025_p1,0,8.166800738980967,15.456877879919134,0.9918126749410422,1.0390684195775315,0.994604350245107,1.0221405859554962,0.8946617917699162,0.8747141444496042,0.8480684833231648,0.9551968564604361,0.8415213946117274
B0026,3,0,24.0,1.8132504303869899,3.404890220315493,1.98069037313681,4.185453870728775,0.2669668516674607,-1.0495360191773455,-4.027935564812271,0.002538134600464907,1.7661882274192156,32.764485625071856,26.41603138908335,40.711455499237935,4.0744034355411,6515.422000000006,641,1.8142913014068198,0.9994262933306118,1.8139133594815096,False,True,B0026_p1,0,8.764485625071856,16.711455499237935,0.9932029103639574,1.0264335072980846,0.9985780717742729,1.027155639004952,1.0,1.0,1.020230141707273,1.003994452577241,1.0158478605388273
B0026,5,1,24.0,1.8149760087078302,3.418631404129339,1.9296821070764223,4.191986600147927,0.26289196776483414,-1.0501897262481419,-4.029362314258353,0.002675384267946554,1.7663235849388792,32.560591865941106,26.345453817866563,40.56984371986605,4.081817976648714,6516.219,637,1.8142913014068198,1.0003773965627678,1.8142913014068198,False,True,B0026_p1,0,8.560591865941106,16.56984371986605,0.997211199287438,1.0,1.0001366698494834,1.0114775128528448,0.9767363690405871,0.9915260654957109,1.022086741929757,1.00411726635334,1.0095087163232963
B0026,7,2,24.0,1.8135354175561993,3.4453022579697716,2.169258771295841,4.19141376026019,0.246039741687949,-1.0474152615120338,-4.027846247982629,0.0022300953649009077,1.7648685061694613,32.70948277164228,26.842146069678503,40.420735413096146,3.9286837575573674,6489.5,631,1.8142913014068198,0.9995833723889684,1.8139133594815096,False,True,B0026_p1,0,8.709482771642278,16.420735413096146,1.0049910594127829,1.1241534361234198,1.0,0.9466385302730136,0.9937243489484157,0.9826035448465248,0.9837419514554065,1.0,1.0
B0026,9,3,24.0,1.815149273310334,3.4281919482774947,1.898741105703338,4.188502919522219,0.25990886047812817,-1.0511342688931857,-4.028749226179444,0.0031754521995803935,1.7667883493569287,32.89402601565415,26.73411994275517,40.839359753382105,3.9936120968969946,6471.25,625,1.8142913014068198,1.0004728964432827,1.8135354175561993,False,True,B0026_p1,0,8.894026015654148,16.839359753382105,1.0,0.9839657520481643,0.9993055229322456,1.0,1.0147801475321867,1.0076536872656008,1.0,0.997187764850913,0.9904912836767037
B0026,11,4,24.0,1.8142913014068198,3.433945869545595,1.9095478812878097,4.191429313781171,0.2573070459710433,-1.051239794627214,-4.028704122042971,0.002372958802629003,1.7668684646520203,32.88851048708752,26.66618164782183,40.762597974826,3.970379482930641,6466.672,621,1.8142913014068198,1.0,1.8133929239715947,False,True,B0026_p1,0,8.888510487087522,16.762597974826,1.0016784128062,0.9895660400670259,1.0000037108054396,0.9899895120839722,1.0141508432235748,1.0030603244337633,0.9941825561915728,0.996482317589953,0.9841521394611727
B0026,15,5,24.0,1.3863373424430125,3.2986715430208906,2.0442560844271522,3.9865474622465253,0.23187895933177424,-0.8176606997984731,-4.028710959917574,0.004266984341373865,1.6182611067273855,31.60887613480477,26.28928363042606,39.78739652537364,3.812855735507267,6410.672,611,1.8142913014068198,0.76412059153237,1.8132504303869899,False,True,B0026_p1,0,7.60887613480477,15.787396525373637,0.9622190334699077,1.059374534764338,0.9511223874015847,0.8921548842359966,0.8681486239236531,0.9447050573239155,0.9547386283384474,0.987852993296864,0.9683042789223455
B0026,19,6,24.0,1.8165277958816064,3.395711592779412,1.8584184081271529,4.1842030048921135,0.275888205168666,-1.051071206615797,-4.028058491701451,0.007320773684125001,1.7668300570243751,32.4909596779559,26.458131735942853,40.12859054534907,3.792431624194329,6474.156,613,1.8142913014068198,1.001232709693891,1.809804813280106,False,True,B0026_p1,0,8.4909596779559,16.12859054534907,0.9905255143270486,0.9630697208167422,0.9982796364710057,1.0614805692316232,0.9687915573352641,0.9651218319125199,0.9496244332645675,0.9976355651436937,0.971473851030111
B0026,22,7,24.0,1.8085638576011063,3.4209107644287986,1.9288388497995346,4.189253474215399,0.262287793561101,-1.0489813674620347,-4.028495234172356,0.0024839459442753376,1.7655929653054623,32.63416073863936,26.47590651334998,40.39287009990307,3.9364075334713657,6460.75,607,1.8142913014068198,0.996843150931015,1.8085638576011063,False,True,B0026_p1,0,8.634160738639359,16.39287009990307,0.9978760862989733,0.9995630071534605,0.9994845925102235,1.0091529510713737,0.9851303439805198,0.9809361070105838,0.9856759840370886,0.9955697665459589,0.9619651347068146
B0026,24,8,24.0,1.804936077644182,3.4290052342029878,1.935441772448038,4.190404777859946,0.2580620036365273,-1.0490946281054965,-4.027850787866815,0.003353708617280294,1.765710418330214,32.646683898798194,26.420629809971153,40.37811271633581,3.899125028757,6448.907,603,1.8142913014068198,0.9948435933328988,1.806556213274488,False,True,B0026_p1,0,8.646683898798194,16.378112716335806,1.0002372346524826,1.002984774202183,0.9997592739686523,0.9928942136170218,0.9865591968185017,0.9800530370967789,0.9763404492355654,0.9937448185530473,0.9556259904912837
B0026,26,9,24.0,1.8049315924982108,3.4422746572295977,2.0842440571468894,4.188068725985081,0.24805439032853877,-1.042943784297617,-4.03024351282461,0.0049785783479378365,1.7622126808600458,32.95341147758712,26.668129241717903,40.6345527951007,3.8365461448312774,6447.125,599,1.8142913014068198,0.9948411212128111,1.804936077644182,False,True,B0026_p1,0,8.953411477587117,16.634552795100703,1.0041079114485345,1.0800971048566321,0.9992019317427395,0.9543898960282388,1.0215558403079374,0.995398204295207,0.9606707040506622,0.993470221126435,0.9492868462757528
B0026,30,10,24.0,1.717679232699393,3.391747147883427,1.8964443776301838,4.137907749692748,0.2556778882716662,-1.002108129626011,-4.0277523093513175,0.0035022633535197072,1.7391740569142435,32.14122281811958,26.253373650244296,40.0980220096873,3.9492364267316744,6431.219,595,1.8142913014068198,0.9467494174543455,1.8049315924982108,False,True,B0026_p1,0,8.14122281811958,16.0980220096873,0.9893690899039712,0.9827755414612848,0.9872343763637117,0.983721323702937,0.9288876913472984,0.9632926354273205,0.9888883374026737,0.9910191848370444,0.9429477020602218
B0026,34,11,24.0,1.809804813280106,3.433128893119263,2.0399077334404954,4.186123854255208,0.25297141889198604,-1.046478428570111,-4.028862296598938,0.002465421576114108,1.7642652063260653,32.73498021932445,26.46703845524767,40.34748376711444,3.879028297849136,6442.203,593,1.8142913014068198,0.9975271401437933,1.8049315924982108,False,True,B0026_p1,0,8.734980219324449,16.34748376711444,1.0014401016384886,1.057121132004002,0.9987379184429043,0.9733081758991209,0.9966335268252362,0.9782202255129666,0.971308230176664,0.9927117651591032,0.9397781299524565
B0026,36,12,24.0,1.806556213274488,3.4445618404708633,2.1312634408664395,4.1900980869893365,0.2475457610631164,-1.046791486848897,-4.027646271570473,0.007179850996485138,1.7643780494907528,33.0777254348539,26.866927200418342,40.655125518765814,3.8332818400896995,6427.079,589,1.8142913014068198,0.9957365787256247,1.8007519383961936,False,True,B0026_p1,0,9.077725434853903,16.655125518765814,1.0047750804039994,1.104463493261812,0.9996861027457304,0.9524329436392872,1.035739668382362,0.9966292594636841,0.9598533225267746,0.9903812312196625,0.9334389857369255
B0026,38,13,24.0,1.7938155707698507,3.435084142217923,1.8782785619868927,4.18806162606315,0.2572617260713015,-1.0469850347811238,-4.029328017656563,0.0061861294480158755,1.7643401902344973,33.067457381369145,26.846354528059383,40.78648924035223,3.8821731468997074,6417.156,585,1.8142913014068198,0.9887141989706437,1.799304949381792,False,True,B0026_p1,0,9.067457381369145,16.786489240352232,1.0020104457522838,0.973361651175069,0.9992002378221826,0.9898151436547526,1.0345681160604112,1.004489958466976,0.9720957000095541,0.9888521457739425,0.9270998415213946
B0026,40,14,24.0,1.799304949381792,3.4457210478614795,1.9640553148703692,4.1883484559434,0.2502691293073183,-1.0475275600281526,-4.029272047274109,0.005741252990129893,1.764649470332957,32.902717226956746,26.721977656250186,40.64545029611132,3.878493328773138,6398.907,581,1.8142913014068198,0.991739831407775,1.795972684272296,False,True,B0026_p1,0,8.902717226956746,16.64545029611132,1.0051132199854773,1.0178128862095448,0.9992686705507691,0.9629111098672181,1.0157717871644927,0.9960503019542718,0.971174273982868,0.9860400647199322,0.9207606973058637
B0026,42,15,24.0,1.7842197448470132,3.4449342432242034,1.9028600928182506,4.18723267594963,0.2520616656913995,-1.0476470565655591,-4.028750889542927,0.0039839523366369525,1.7648031396157438,33.04143942038261,26.76115770717377,40.753548433947245,3.8417840121057383,6384.75,577,1.8142913014068198,0.9834251773480428,1.795972684272296,False,True,B0026_p1,0,9.04143942038261,16.753548433947245,1.0048837098970262,0.9861002938464261,0.9990024644309276,0.9698078981520946,1.0315995492671577,1.0025188072164766,0.9619822654009823,0.983858540719624,0.9144215530903328
B0026,46,16,24.0,1.6818819918515189,3.348388974288582,2.066791178782658,4.116319031433004,0.26944182934103833,-0.99787222854682,-4.027668196882973,0.005249192243253369,1.737172684988675,33.28920270851618,27.272018113625958,40.90407080657346,3.794569150721836,6284.063,565,1.8142913014068198,0.9270187155432926,1.795972684272296,False,True,B0026_p1,0,9.289202708516179,16.904070806573458,0.9767215560876019,1.0710526729783298,0.9820836755513909,1.0366781218823142,1.059868554287237,1.0115259444244282,0.9501596696559955,0.968343169735727,0.8954041204437401
B0026,50,17,24.0,1.8007519383961936,3.4115903895548496,2.1735697218309302,4.1829771605808554,0.2617822201498266,-1.05175253436239,-4.027827958238032,0.0037481053878815466,1.7676558282741908,33.31828122927918,27.178165265331575,40.760169873884465,3.787946074641643,6370.937000000005,559,1.8142913014068198,0.9925373819517694,1.7959303030608789,False,True,B0026_p1,0,9.31828122927918,16.760169873884465,0.9951573427121003,1.1263874572190606,0.997987170877921,1.0072077560890083,1.0631863212397914,1.0029150288344872,0.9485012521834175,0.9817300254256884,0.8858954041204438
B0026,52,18,24.0,1.795972684272296,3.4077180188358045,1.8699981350012518,4.188680037627242,0.2722544946157835,-1.0581306387784024,-4.02962982115965,0.00515289392316887,1.7708507407535288,33.24546150252619,27.037146422025586,40.86760057065783,3.807344333409932,6359.812,567,1.8142913014068198,0.9899031555074318,1.7938155707698507,False,True,B0026_p1,0,9.24546150252619,16.867600570657828,0.9940277762299811,0.9690705677083802,0.9993477802981737,1.0474998586617799,1.054877821475164,1.00934359496257,0.9533585739006072,0.9800157176978196,0.8985736925515055
B0026,54,19,24.0,1.7931026940553298,3.416993809879986,1.834360851438286,4.189566172290167,0.26822799990446744,-1.0584303641401285,-4.028266984927104,0.002527081159935938,1.770910802595974,33.19381621015531,26.912811421770908,40.845772478695196,3.780820146855691,6346.156,563,1.8142913014068198,0.9883212760072982,1.7931026940553298,False,True,B0026_p1,0,9.193816210155312,16.845772478695196,0.996733514760416,0.9506026120631065,0.9995591969498359,1.0320079100459885,1.0489852574867946,1.0080374195690727,0.946716920702779,0.9779113953309192,0.8922345483359746
B0026,56,20,24.0,1.8010267542068712,3.4279308915459796,1.8588013920189892,4.191202777072821,0.262402145529525,-1.058835499937123,-4.029480151507068,0.0037213046467527502,1.7711721533491755,32.950371591621256,26.794587883115437,40.61328442378913,3.8472047016077267,6328.172,559,1.8142913014068198,0.9926888547667824,1.7842197448470132,False,True,B0026_p1,0,8.950371591621256,16.613284423789132,0.9999238500248954,0.9632681907566519,0.9999496630016895,1.0095929205599616,1.021208998964828,0.9941255221334084,0.9633396054156023,0.9751401494722243,0.8858954041204438
B0026,58,21,24.0,1.7824572301269948,3.450423062016945,2.1656553710973343,4.18738502716279,0.2434768719967029,-1.048570222149277,-4.028789778263289,0.00353301902756691,1.7658030440830614,32.98142836772341,26.68911300750602,40.55411444614823,3.7994913877888377,6326.062,557,1.8142913014068198,0.9824537155333652,1.7824572301269948,False,True,B0026_p1,0,8.98142836772341,16.554114446148233,1.0064847925888807,1.1222860818139755,0.9990388128379029,0.9367778826347166,1.0247524785745512,0.990584838460248,0.9513921972394397,0.9748150088604669,0.8827258320126783
B0026,65,22,24.0,1.7959303030608789,3.4243550860962872,2.161441726851442,4.187376898822461,0.25523705702751964,-1.0522245912177104,-4.028805091889541,0.00591276904559493,1.7677747819970289,32.285643510120714,26.055865754438425,39.89740047610024,3.82843986566964,6352.843,555,1.8142913014068198,0.9898797958565398,1.7824572301269948,False,True,B0026_p1,0,8.285643510120714,15.897400476100238,0.9988807913211699,1.120102486790505,0.9990368735542162,0.9820252243728271,0.9453656340559956,0.9512876048902611,0.9586408927006976,0.97894182910856,0.8795562599049128
B0026,67,23,24.0,1.7783142127341003,3.419928142613709,1.8357784756785414,4.187719914558781,0.2657963889449642,-1.0562946339613315,-4.028118554798276,0.004736714019873918,1.7693952811305744,32.40988062398286,26.129925036104066,40.148009555945954,3.8408407681187793,6309.172000000006,549,1.8142913014068198,0.9801701696718589,1.7807660895403359,False,True,B0026_p1,0,8.409880623982858,16.148009555945954,0.9975894565448886,0.951337253398618,0.9991187112719744,1.022652280711036,0.9595406945417757,0.9662838498227952,0.961746077217435,0.9722123430156415,0.8700475435816165
B0026,69,24,24.0,1.771719092984802,3.4304184604928114,1.7730752055194368,4.187714468300498,0.2627047133930131,-1.0562794361681302,-4.032124737768037,0.00542191560161902,1.769242482054923,32.395070835603484,26.125417290944853,40.16428171644192,3.846937078573314,6284.297,545,1.8142913014068198,0.976535075492559,1.7790749489536772,False,True,B0026_p1,0,8.395070835603484,16.16428171644192,1.0006494712807534,0.9188431602372819,0.9991174118874242,1.0107570511822555,0.9578509446793299,0.9672575627645977,0.9632725926392186,0.9683792279836658,0.8637083993660856
B0026,71,25,24.0,1.7790749489536772,3.4416415585585702,1.8034969218504175,4.1886348865652785,0.2568257035937933,-1.0570022650761444,-4.029296562552747,0.004076928573911276,1.769606616873422,32.48055490141574,26.079677017636747,40.348229188960836,3.9147637766407866,6265.969,541,1.8142913014068198,0.9805894718087247,1.7786945808438888,False,True,B0026_p1,0,8.480554901415744,16.348229188960836,1.0039232372294187,0.9346083042573357,0.9993370080231023,0.9881375460664824,0.9676044053465163,0.978264830954212,0.9802563898688427,0.9655549734185993,0.8573692551505546
B0026,73,26,24.0,1.7733229782464675,3.448941537538792,1.8019162984387032,4.188731148597371,0.2536204394776369,-1.0532958143214937,-4.029143714811075,0.004842197764890287,1.7677584587790964,32.39831599080119,26.06579910051455,40.155136061235744,3.8623048668673468,6266.641,539,1.8142913014068198,0.9774191040167667,1.7783142127341003,False,True,B0026_p1,0,8.398315990801187,16.155136061235744,1.0060526334506221,0.9337891934794941,0.9993599745059164,0.9758052842487821,0.9582212065904704,0.9667102941435856,0.9671206850230466,0.9656585253101163,0.8541996830427893
B0026,77,27,24.0,1.768754111010884,3.3679598202717265,2.094755756018166,4.16813557610843,0.2836200003142359,-1.061746365944055,-4.028758416480095,0.003813682948653234,1.772889167128315,32.5316653403438,26.214960316138942,40.014600736484276,3.774768406208476,6198.75,531,1.8142913014068198,0.9749008384923491,1.7758185954902839,False,True,B0026_p1,0,8.5316653403438,16.014600736484276,0.982430351358817,1.0855444782000077,0.9944462213746431,1.0912286706674361,0.973435944254156,0.9583007738143792,0.9452015655555134,0.9551968564604361,0.8415213946117274
B0027,3,0,24.0,1.8233077742149364,3.415635388206693,2.4407952016086623,4.201942981365258,0.26348603590940445,-1.048298128077691,-3.9783143078898098,0.003323509431851215,1.750336118390269,33.531461449042084,26.281751283369985,42.07194057268294,4.668691361076615,6515.422000000006,641,1.8142384651167962,1.0049989619735884,1.8135490722149414,False,True,B0027_p1,0,9.531461449042084,18.07194057268294,0.9992905098794279,0.989405388332913,0.9988935076274473,0.9671528038743851,0.9476934670565095,0.9686391549442162,0.934905906721811,1.003994452577241,1.0158478605388273
B0027,5,1,24.0,1.8142384651167962,3.405140913759623,2.4193060956450503,4.206957767652323,0.2726529665422416,-1.049212058679183,-3.9768925426133843,0.0033952109005791044,1.7506147807252528,33.768115475386416,25.96471800834349,42.526459613766654,4.993755336777247,6516.219,637,1.8142384651167962,1.0,1.8142384651167962,False,True,B0027_p1,0,9.768115475386416,18.526459613766654,0.9962202088873084,0.9806945234406673,1.0000856317201594,1.0008009728707823,0.9712234866571955,0.9930009515144681,1.0,1.00411726635334,1.0095087163232963
B0027,7,2,24.0,1.8128596793130867,3.425659661801085,2.4982363525248754,4.206087528624208,0.26743462548777713,-1.0465273412198817,-3.9768476817269596,0.004058825730750291,1.7491462645464366,34.0575363030056,26.165819522764874,42.65704114936764,4.9544064489025175,6489.5,631,1.8142384651167962,0.9992400195287333,1.8143313548953968,False,True,B0027_p1,0,10.057536303005598,18.657041149367643,1.0022232472277695,1.0126898425923645,0.9998787569198294,0.9816465111742488,1.0,1.0,0.992120381312048,1.0,1.0
B0027,9,3,24.0,1.8144242446739973,3.4201699208239194,2.4798358184535396,4.206597549468143,0.27243475369547326,-1.0503251867609642,-3.9770011933599085,0.0032144239681810545,1.7509397918350857,34.34311925332076,26.288545989531762,43.07456793109374,5.069356816731562,6471.25,625,1.8142384651167962,1.0001024008479442,1.8144242446739973,False,True,B0027_p1,0,10.343119253320758,19.07456793109374,1.0006171489659001,1.0052309670806525,1.0,1.0,1.0283949211527892,1.0223790459796593,1.0151392038367473,0.997187764850913,0.9904912836767037
B0027,11,4,24.0,1.812800333853042,3.4180604683404985,2.4669313816061296,4.206708529635488,0.2740054478250831,-1.0497801003401392,-3.975861081535826,0.0026358337984817106,1.7506481427158975,34.3900563067441,26.342034597511443,43.12836631992577,5.0775896840526915,6466.672,621,1.8142384651167962,0.9992073085807595,1.8143313548953968,False,True,B0027_p1,0,10.3900563067441,19.128366319925767,1.0,1.0,1.0000263824066933,1.0057653955976762,1.0330617751425994,1.0252625894312346,1.0167878363319152,0.996482317589953,0.9841521394611727
B0027,15,5,24.0,1.7946038703195293,3.3978401981445576,2.492471012096456,4.182675464297748,0.2724065088172257,-1.0476986183510903,-3.976047513456661,0.004539629204396564,1.7500187600999006,34.16207101391941,26.163341707715524,42.9279467397339,5.109775663006125,6410.672,611,1.8142384651167962,0.989177500546488,1.8142384651167962,False,True,B0027_p1,0,10.162071013919409,18.927946739733898,0.9940842854059402,1.010352793223498,0.9943131985199251,0.9998963242469457,1.0103936697581266,1.0145202869092367,1.0232330818000692,0.987852993296864,0.9683042789223455
B0027,19,6,24.0,1.816519171293833,3.3984422668226393,2.4232193266263646,4.202445131277022,0.27460677376586035,-1.0572775446036453,-3.976869439992001,0.0038870252283919613,1.7551786255594906,33.65117316898919,25.913266368151522,42.344909658609986,4.699127008988081,6474.156,613,1.8142384651167962,1.0012571148836764,1.8128596793130867,False,True,B0027_p1,0,9.651173168989189,18.344909658609986,0.9942604287725243,0.9822807981990542,0.9990128796153447,1.00797262478786,0.9595961553830065,0.9832700432904262,0.9410006482257286,0.9976355651436937,0.971473851030111
B0027,22,7,24.0,1.8198335565190242,3.411384397730043,2.4791120561344835,4.207150334625055,0.27287870729755964,-1.0548269593999815,-3.9771945719805046,0.003203472704923935,1.7533407841645772,33.993154419553875,26.32052844790478,42.501459218547076,4.929113115611335,6460.75,607,1.8142384651167962,1.0030839889627563,1.8128596793130867,False,True,B0027_p1,0,9.993154419553875,18.501459218547076,0.9980468248960801,1.0049375814095094,1.0001314090902234,1.001629577710128,0.9935986426981642,0.9916609536541736,0.987055388819343,0.9955697665459589,0.9619651347068146
B0027,24,8,24.0,1.816980986440728,3.40775629545449,2.4281027036480562,4.206634870908589,0.2762785419737256,-1.0553776405080413,-3.9769324995805095,0.003644913267306345,1.7537017442589717,34.121102900157744,26.250108125500603,42.75456095698592,4.9380704757548575,6448.907,603,1.8142384651167962,1.0015116652946476,1.812800333853042,False,True,B0027_p1,0,10.121102900157744,18.75456095698592,0.9969853743134593,0.9842603332027852,1.0000088721205218,1.014109023265618,1.0063202950739685,1.0052269707097463,0.9888491010738371,0.9937448185530473,0.9556259904912837
B0027,26,9,24.0,1.8047602710768988,3.4031041806987625,2.4202095510772232,4.206620391551443,0.2775947993527853,-1.0554671306178591,-3.9758459422284784,0.003066801674998059,1.7537425349308915,34.521504581092735,26.532556061939943,43.208685492251035,4.900585950003771,6447.125,599,1.8142384651167962,0.9947756625040539,1.8120006378747944,False,True,B0027_p1,0,10.521504581092735,19.208685492251035,0.9956243349758533,0.9810607498541417,1.0000054300614762,1.018940482399246,1.0461314047604764,1.0295676221361654,0.9813428210855033,0.993470221126435,0.9492868462757528
B0027,30,10,24.0,1.8021778881408677,3.38665218439762,2.3998890148152445,4.194991220811618,0.2806173502475224,-1.055670294257971,-3.9761066659419098,0.003852509395055512,1.7540044456056294,33.91883669839733,25.910238372733108,42.59572185384836,5.098838544215813,6431.219,595,1.8142384651167962,0.9933522647613184,1.810054375611175,False,True,B0027_p1,0,9.918836698397328,18.59572185384836,0.9908110800748567,0.9728235786002137,0.9972409224985184,1.0300350687313395,0.9862093856358419,0.9967133429664241,1.0210429226807858,0.9910191848370444,0.9429477020602218
B0027,34,11,24.0,1.810054375611175,3.4140369130125587,2.483742346997907,4.2023598960429815,0.271009074012288,-1.0529574586448565,-3.97580379555999,0.0041516587874309285,1.7522135340559994,34.203791109857484,26.318007051932856,42.63365730314649,4.893770872931218,6442.203,593,1.8142384651167962,0.9976937488725597,1.810054375611175,False,True,B0027_p1,0,10.203791109857484,18.633657303146492,0.9988228542574926,1.0068145249264422,0.9989926173408964,0.9947668949579801,1.0145418124723227,0.9987466476579034,0.9799781012278117,0.9927117651591032,0.9397781299524565
B0027,36,12,24.0,1.8191618703574552,3.3945090590148355,2.382935984422233,4.206738745019596,0.27818286841921114,-1.0601013419063348,-3.976485689239373,0.008933045446703994,1.756369431766923,34.48622307207774,26.721485029988013,42.89197473994752,4.7875168472928715,6427.079,589,1.8142384651167962,1.002713758601928,1.810054375611175,False,True,B0027_p1,0,10.486223072077742,18.89197473994752,0.9931097154237598,0.9659514659344881,1.0000335652626124,1.0210990508581115,1.0426234374062398,1.012592221279838,0.9587007220867426,0.9903812312196625,0.9334389857369255
B0027,38,13,24.0,1.806344581230731,3.4204049256076163,2.4903839742860163,4.205268152663341,0.26913412537292575,-1.0537206430621189,-3.976936142536244,0.013919280025734757,1.7527538691440743,34.40141739485763,26.679725292854272,42.736703039205324,4.811606158001092,6417.156,585,1.8142384651167962,0.9956489270634239,1.809238569578753,False,True,B0027_p1,0,10.401417394857631,18.736703039205324,1.0006859028062356,1.0095067876045332,0.9996839733801085,0.9878847016477312,1.0341913845987578,1.004269802976791,0.963524608938149,0.9888521457739425,0.9270998415213946
B0027,40,14,24.0,1.8120006378747944,3.401908039296132,2.39789040439265,4.205946910651655,0.2763995865629319,-1.060902364203764,-3.978429203873616,0.005657378060216962,1.7565310549866258,34.3150259504104,26.557001937562,42.71819238433457,4.832642503445456,6398.907,581,1.8142384651167962,0.9987665197905184,1.809153485164282,False,True,B0027_p1,0,10.315025950410401,18.71819238433457,0.995274387567459,0.9720134180754839,0.9998453289603209,1.014553329975993,1.0256016622408666,1.0032776491447575,0.967737139193574,0.9860400647199322,0.9207606973058637
B0027,42,15,24.0,1.809238569578753,3.407597938928066,2.41937557251393,4.205053312485709,0.27494735493567696,-1.0613281994084631,-3.9781812521692537,0.008687490936460632,1.7567194641965456,34.450526992415796,26.60786055056083,42.87852551010068,4.801806981504728,6384.75,577,1.8142384651167962,0.9972440802936446,1.809153485164282,False,True,B0027_p1,0,10.450526992415796,18.87852551010068,0.9969390449615093,0.9807226867164673,0.9996329011833733,1.0092227632712831,1.0390742501513772,1.0118713551071599,0.961562322875755,0.983858540719624,0.9144215530903328
B0027,46,16,24.0,1.7820717716005336,3.3774091842080276,2.444119634453687,4.181855642136106,0.2769215777460325,-1.061988907424718,-3.976050497666082,0.0048115513778526995,1.7572049817389088,34.741504044616725,27.166084479360034,42.99196482622249,4.6584628946742,6284.063,565,1.8142384651167962,0.9822698646651218,1.809153485164282,False,True,B0027_p1,0,10.741504044616725,18.991964826222492,0.9881069148691195,0.9907529867581519,0.9941183089085464,1.0164693527154562,1.0680054956805605,1.0179515966210002,0.9328576553132796,0.968343169735727,0.8954041204437401
B0027,50,17,24.0,1.8145504562341046,3.3771878224396685,2.395925863485738,4.20282058770571,0.2842600819705951,-1.0662806393885873,-3.975790795970914,0.006022897300786533,1.7594534796399066,34.663008920131865,27.035503711204466,42.920147884014575,4.696289145022207,6370.937000000005,559,1.8142384651167962,1.0001719680865042,1.8088036930508289,False,True,B0027_p1,0,10.663008920131865,18.920147884014575,0.9880421524781643,0.9712170680344735,0.99910213379863,1.0434060930726194,1.06020088805897,1.0141022755184228,0.9404323656859385,0.9817300254256884,0.8858954041204438
B0027,52,18,24.0,1.809153485164282,3.390746744780089,2.408349641748691,4.206436642050531,0.2794474232538435,-1.0653782286766842,-3.978211822678376,0.003494223099227473,1.759196174240153,34.47643463041281,26.890332641639585,42.77821015998406,4.657983326693638,6359.812,567,1.8142384651167962,0.9971971821509216,1.8065551508093707,False,True,B0027_p1,0,10.476434630412811,18.778210159984063,0.9920089993101643,0.9762531944365237,0.9999617487968079,1.0257407304436972,1.0416501929286628,1.0064945459275318,0.9327616217777498,0.9800157176978196,0.8985736925515055
B0027,54,19,24.0,1.8065551508093707,3.3939882666698242,2.399239705167686,4.20638281753962,0.2789093472884377,-1.0657949875596555,-3.975995723123535,0.00319249131673547,1.7596238698132685,34.45771838499012,26.74997853742709,42.71393681070588,4.658731754778904,6346.156,563,1.8142384651167962,0.9957649920585655,1.8065551508093707,False,True,B0027_p1,0,10.457718384990123,18.71393681070588,0.992957350551975,0.9725603732056901,0.9999489535364392,1.0237656668436719,1.0397892754177716,1.0030495543683875,0.932911494575833,0.9779113953309192,0.8922345483359746
B0027,56,20,24.0,1.802401655959492,3.395270569622429,2.378335964879865,4.2054658678946755,0.2793146139889074,-1.0664883306260853,-3.9770352078730906,0.004540074797142588,1.7601519055122512,34.276431502022604,26.635565264459924,42.66066961608101,4.776938111249385,6328.172,559,1.8142384651167962,0.9934756045663808,1.802401655959492,False,True,B0027_p1,0,10.276431502022604,18.66066961608101,0.9933325056917046,0.964086793257872,0.9997309746035461,1.0252532402717034,1.0217642961876847,1.0001944824307518,0.9565823291479502,0.9751401494722243,0.8858954041204438
B0027,58,21,24.0,1.7964331683322998,3.4104656511949063,2.437999478526856,4.206584936190674,0.2745275082193091,-1.0632318841030186,-3.9760554400518497,0.0062928096652375524,1.7580348166444306,34.35292925698558,26.541772227520706,42.64239690775237,4.743539132256641,6326.062,557,1.8142384651167962,0.9901858013007402,1.7964331683322998,False,True,B0027_p1,0,10.352929256985583,18.64239690775237,0.9977780331226032,0.9882721087035518,0.9999970015488001,1.0076816723837485,1.0293703094953492,0.9992150823113896,0.949894180301976,0.9748150088604669,0.8827258320126783
B0027,65,22,24.0,1.8088036930508289,3.400641404160475,2.484818012933219,4.202786069304105,0.2751233786347394,-1.0590432103446814,-3.9743844585266417,0.004005736341078889,1.7553822291479728,33.64812848797218,25.912130164990632,41.86831727976231,4.7854580783409055,6352.843,555,1.8142384651167962,0.9970043783270699,1.7964331683322998,False,True,B0027_p1,0,9.64812848797218,17.86831727976231,0.9949038162603131,1.0072505589172263,0.999093928021586,1.0098688765027075,0.9592934290566696,0.9577251364087779,0.9582884534005289,0.97894182910856,0.8795562599049128
B0027,67,23,24.0,1.7915527748749653,3.403879368199544,2.456168013420922,4.206301818692852,0.2757609435559332,-1.0635509942186294,-3.975516779186955,0.0061507531757700375,1.7577666066250508,33.75077258934032,25.98951235766809,41.97207960495628,4.769648396683905,6309.172000000006,549,1.8142384651167962,0.987495750598381,1.7948211893288044,False,True,B0027_p1,0,9.750772589340322,17.972079604956278,0.9958511266046035,0.9956369405872165,0.9999296983436581,1.0122091246265077,0.9694991194241473,0.9632867002367853,0.9551225630853653,0.9722123430156415,0.8700475435816165
B0027,69,24,24.0,1.7853375192239571,3.4141854712687336,2.4697995830050976,4.205750597989692,0.273367119306613,-1.0638261484808664,-3.9768226550322385,0.006435201489942423,1.758077145144313,33.72038549007088,25.977709355582487,41.92250461031742,4.761002961267753,6284.297,545,1.8142384651167962,0.9840699299190647,1.793209210325309,False,True,B0027_p1,0,9.720385490070882,17.922504610317418,0.9988663169924415,1.0011626595779493,0.9997986611582182,1.00342234461093,0.9664777930919363,0.960629526773857,0.9533913137883718,0.9683792279836658,0.8637083993660856
B0027,71,25,24.0,1.793209210325309,3.4230599701504794,2.491582666091738,4.20589200120434,0.27131172908647727,-1.0651012851496238,-3.9771390967306828,0.0049998578208822675,1.7582679507201062,33.812030459081335,25.926157732808466,42.14300769699952,4.82343818433581,6265.969,541,1.8142384651167962,0.9884087702935274,1.7923809926001373,False,True,B0027_p1,0,9.812030459081335,18.14300769699952,1.0014626721371047,1.0099926915962936,0.9998322757869023,0.9958778217765443,0.9755898625142525,0.972448286507341,0.965893973381693,0.9655549734185993,0.8573692551505546
B0027,73,26,24.0,1.7873097711102113,3.4023930606429906,2.3944859739266695,4.205560793070628,0.2785758952035429,-1.0684596107286113,-3.9746886011207567,0.00897085631713148,1.760230433574853,33.79680193008211,25.907382263131502,42.43039551713637,4.819438066614642,6266.641,539,1.8142384651167962,0.9851570261989505,1.7915527748749653,False,True,B0027_p1,0,9.796801930082111,18.43039551713637,0.9954162871480403,0.9706333916623601,0.9997535403885627,1.02254169640535,0.9740757214223955,0.9878520055556099,0.9650929494124751,0.9656585253101163,0.8541996830427893
B0027,77,27,24.0,1.7700926253324452,3.3633791712406205,2.4249816079125552,4.186200185347402,0.2864446371413158,-1.0694140697591357,-3.9731771319705014,0.005915341113398426,1.760809358749019,33.92036482801563,26.050915731101185,42.033372446715575,4.723112931173703,6198.75,531,1.8142384651167962,0.975667013662667,1.7894312729925883,False,True,B0027_p1,0,9.920364828015629,18.033372446715575,0.9840022440777865,0.9829951598952613,0.995151101601502,1.0514247292454573,0.986361324398205,0.9665719393735053,0.945803831515261,0.9551968564604361,0.8415213946117274
B0028,3,0,24.0,1.8046847720100736,3.676492835528995,2.6151397684307285,4.181907184700754,0.22932539822023007,-0.9970402880141495,-2.003545780105601,0.003953073598938974,0.9973457313824224,30.261078788805897,26.429257363552026,31.679728237853865,1.1290370331229969,6515.422000000006,641,1.797618668222458,1.0039308135326626,1.7953050184992878,False,True,B0028_p1,0,6.2610787888058965,7.679728237853865,0.9986279384079088,0.9846219421108942,0.9989069790226957,1.0087586069594858,1.0,0.9981178190659297,0.9537130780186709,1.003994452577241,1.0158478605388273
B0028,5,1,24.0,1.8047833214525881,3.677932362103996,2.578716047628789,4.186798367560072,0.23102269615491433,-0.9969604106618353,-2.0005429484896995,0.007679245805984592,0.9969915519258229,30.023214006195516,26.12187016145863,31.42728999177483,1.1490299445175196,6516.219,637,1.797618668222458,1.003985635750665,1.7929913687761174,False,True,B0028_p1,0,6.023214006195516,7.427289991774831,0.9990189500377926,0.9709081073293477,1.0000753064097125,1.016224696252147,0.9620089779039906,0.9653089612754557,0.9706013646782172,1.00411726635334,1.0095087163232963
B0028,7,2,24.0,1.797618668222458,3.681544140844236,2.679890873914289,4.186905629206883,0.226586842003534,-0.9970702802711341,-2.001716318999832,0.0026433737140248567,0.9971704123312908,30.21665562692593,26.30148047924344,31.694210133469813,1.1977927151943888,6489.5,631,1.797618668222458,1.0,1.7925200769992293,False,True,B0028_p1,0,6.216655626925931,7.694210133469813,1.0,1.0090012735732843,1.000100927353184,0.9967122214493139,0.9929048709689792,1.0,1.0117919463425913,1.0,1.0
B0028,9,3,24.0,1.7929913687761174,3.6819955552100256,2.674600586599544,4.1855363847405656,0.22657929942388616,-0.9973030888189304,-2.0013061408259385,0.0029380177679172244,0.9970660095360344,30.363564779968748,26.463617778864535,31.849947051821633,1.1953638531572857,6471.25,625,1.797618668222458,0.9974258726123955,1.7920487852223415,False,True,B0028_p1,0,6.363564779968748,7.849947051821633,1.0001226154973348,1.0070094362600173,0.9997738641753121,0.9966790430826896,1.0163687432501385,1.020240793486308,1.00974025324349,0.997187764850913,0.9904912836767037
B0028,11,4,24.0,1.7919180081592216,3.6822366580622092,2.655983638577288,4.186483098548598,0.22733426672952325,-0.9974129863341045,-2.003132431573937,0.004413434213121981,0.9976876215058514,30.383708693138953,26.511110764722833,31.891976600913974,1.1838330197469449,6466.672,621,1.797618668222458,0.9968287712160481,1.7919833966907817,False,True,B0028_p1,0,6.383708693138953,7.891976600913974,1.0001881050970678,1.0,1.0,1.0,1.0195860663105383,1.025703283899653,1.0,0.996482317589953,0.9841521394611727
B0028,15,5,24.0,1.775026135903797,3.6730621916612125,2.5587601304544574,4.167593667891115,0.22329109074567416,-0.9966248234259864,-2.0003822656473735,0.00527894202997255,0.9973202787494431,30.151543075778466,26.339716125642624,31.647839531181656,1.1225470060494809,6410.672,611,1.797618668222458,0.987431966123827,1.7919180081592216,False,True,B0028_p1,0,6.151543075778466,7.647839531181656,0.9976960892336121,0.9633945380119474,0.9954879954814504,0.9822148414226547,0.9825052971345342,0.9939733122070004,0.9482308630734388,0.987852993296864,0.9683042789223455
B0028,19,6,24.0,1.7920487852223415,3.6821638997402064,2.684075980505414,4.183182085400848,0.22177641228707443,-0.9963089849547179,-2.0009566453567627,0.004455450538189413,0.9970860781677938,29.942877366572425,26.081978657015885,31.66717160096336,1.2100077402197777,6474.156,613,1.797618668222458,0.9969015213857207,1.790475801581265,False,True,B0028_p1,0,5.942877366572425,7.667171600963361,1.0001683421065348,1.0105770011230846,0.9992115068734198,0.9755520603101097,0.9491778600834125,0.9964858598819865,1.022110145633907,0.9976355651436937,0.971473851030111
B0028,22,7,24.0,1.790475801581265,3.6829104616020185,2.692955180725203,4.1836584764239335,0.22196782572054807,-0.9974947737184627,-2.0032399141635833,0.0029396928561688128,0.997496927829375,30.159672019699293,26.4946424474431,31.543075306784417,1.0727400768502253,6460.75,607,1.797618668222458,0.996026483943752,1.7871529619962185,False,True,B0028_p1,0,6.159672019699293,7.5430753067844165,1.0003711270883933,1.013920094089028,0.9993252995275095,0.9763940514284191,0.9838036267347559,0.9803573305038863,0.9061582663740307,0.9955697665459589,0.9619651347068146
B0028,24,8,24.0,1.7868365091987264,3.6830910997567576,2.664091579679959,4.186132992895621,0.22348140072470052,-0.9972667051793968,-2.0048267623571854,0.002281299292246033,0.9971492235439927,30.18503729745987,26.42252679550981,31.63889282611546,1.1322465059435378,6448.907,603,1.797618668222458,0.9940019764957195,1.7868365091987264,False,True,B0028_p1,0,6.185037297459871,7.638892826115459,1.0004201929552763,1.0030527074733842,0.999916372371574,0.9830519786557,0.987854889882239,0.9928105281250738,0.9564241637604988,0.9937448185530473,0.9556259904912837
B0028,26,9,24.0,1.7871529619962185,3.6823376400116725,2.599501054239839,4.18607245667024,0.2260566684311122,-0.9977254189629398,-2.0036009637765297,0.0025771990386505204,0.9973244966988991,30.557366977302667,26.726549087436442,32.06283964981591,1.1901672802778172,6447.125,599,1.797618668222458,0.9941780164996905,1.7850235136604733,False,True,B0028_p1,0,6.557366977302667,8.062839649815913,1.0002155343348007,0.9787338357371416,0.999901912448064,0.9943800892105231,1.0473222264869915,1.047909988153633,1.0053506368087506,0.993470221126435,0.9492868462757528
B0028,30,10,24.0,1.7816340617009505,3.6779403019036363,2.5987712023407274,4.177617061522188,0.22382532650235404,-0.9970949960183577,-2.004912384137109,0.005262647908366891,0.9974807167069975,29.87809290999813,26.073901766341304,31.17821904490572,1.1100000697758554,6431.219,595,1.797618668222458,0.9911078991311802,1.7816340617009505,False,True,B0028_p1,0,5.878092909998131,7.17821904490572,0.9990211066871051,0.9784590404076409,0.9978822231410696,0.9845648424337891,0.9388306884921331,0.9329377441461429,0.9376322937952246,0.9910191848370444,0.9429477020602218
B0028,34,11,24.0,1.7850235136604733,3.6809827017477756,2.5683373423176117,4.183570268917493,0.22662380525388784,-0.9972732896654727,-2.007057616844831,0.004231529539215724,0.9973248422012785,30.329541918405045,26.51359515192976,31.830430244172504,1.1420650440626565,6442.203,593,1.797618668222458,0.9929934224734998,1.7816340617009505,False,True,B0028_p1,0,6.329541918405045,7.830430244172504,0.99984749901808,0.9670004381854457,0.9993042299317739,0.996874815724632,1.0109347177872212,1.0177042358266424,0.9647180176700794,0.9927117651591032,0.9397781299524565
B0028,36,12,24.0,1.7803865429693038,3.6821031308211283,2.571655326217227,4.186886063009724,0.22714644898543934,-0.9970037592871084,-2.002345592887727,0.0056377270822839595,0.9969468937942636,30.67805955282036,26.88710614624046,32.176676996947776,1.1573327107671774,6427.079,589,1.797618668222458,0.9904139150545238,1.7803865429693038,False,True,B0028_p1,0,6.678059552820361,8.176676996947776,1.0001518357394363,0.9682496868070947,1.0000962536935276,0.9991738256322468,1.0665988686741938,1.0627051841720871,0.9776148252855523,0.9903812312196625,0.9334389857369255
B0028,38,13,24.0,1.7789060856417256,3.68119828344271,2.5464403411304843,4.186431294608572,0.22831870263398096,-0.9977226887954374,-2.0042056776412545,0.003986600909576778,0.9974514605944089,30.61748146501738,26.881618625470296,32.101579055970326,1.1245223221692005,6417.156,585,1.797618668222458,0.9895903492150335,1.7789060856417256,False,True,B0028_p1,0,6.617481465017381,8.101579055970326,0.9999060564295049,0.9587560345418837,0.9999876259048929,1.004330345436348,1.0569235251996336,1.0529448657411187,0.9498994397111659,0.9888521457739425,0.9270998415213946
B0028,40,14,24.0,1.7738387518973049,3.6808780113914024,2.5488905698718844,4.186605296553263,0.22855630947587238,-0.9976984888319611,-2.005381985851277,0.003913446348392992,0.9973920327698991,30.47693232752601,26.75738535571653,31.927225800846255,1.1205014106052162,6398.907,581,1.797618668222458,0.9867714344841182,1.7738387518973049,False,True,B0028_p1,0,6.476932327526011,7.927225800846255,0.9998190624837433,0.9596785661063901,1.000029188701301,1.0053755325315874,1.0344754547900015,1.0302845468650284,0.9465029205256782,0.9860400647199322,0.9207606973058637
B0028,42,15,24.0,1.769682881523146,3.6816453877057884,2.592227961453642,4.186411251128915,0.22709297677692253,-0.997566184368524,-2.008651720668571,0.005140040512136122,0.9973890949731444,30.59851621920085,26.794758372897117,32.17577171129977,1.171261474207355,6384.75,577,1.797618668222458,0.984459559086057,1.769682881523146,False,True,B0028_p1,0,6.5985162192008495,8.175771711299767,1.0000275011945203,0.9759954556204279,0.9999828382396413,0.9989386116045241,1.0538944552172467,1.0625875261367195,0.9893806429370613,0.983858540719624,0.9144215530903328
B0028,46,16,24.0,1.7408787283206992,3.6751321799254955,2.598546956085325,4.1643364768914175,0.22059902953457186,-0.9970360820430222,-2.003317125586951,0.004532886198049818,0.99750771569575,31.100240402928506,27.34376856854934,32.50607956309833,1.1340854416716435,6284.063,565,1.797618668222458,0.9684360532604699,1.7648189744011906,False,True,B0028_p1,0,7.100240402928506,8.506079563098332,0.998258350117929,0.9783746098214936,0.9947099698874079,0.9703729785577604,1.134028278900265,1.1055169296841643,0.9579775380095958,0.968343169735727,0.8954041204437401
B0028,50,17,24.0,1.7648189744011906,3.6846266213857497,2.6924907199800523,4.183279934429277,0.221855166205316,-0.9969371531723804,-2.0076002242955377,0.0033873420104242563,0.9974823313196185,30.938169249041685,27.2242309376204,32.36361154404582,1.1212376917108664,6370.937000000005,559,1.797618668222458,0.9817538088577481,1.7617857390844023,False,True,B0028_p1,0,6.938169249041685,8.363611544045817,1.0008372792566347,1.0137452207432722,0.999234879481436,0.9758984837480478,1.1081427790760836,1.087000666600475,0.9471248672811485,0.9817300254256884,0.8858954041204438
B0028,52,18,24.0,1.7617857390844023,3.6832544826548084,2.6173421756941537,4.185224082214954,0.22503995916122416,-0.9969974742534108,-2.0035478824784314,0.003129703051341058,0.9974033084011936,30.779624907003203,27.07546829589154,32.23987480909281,1.1187220380010712,6359.812,567,1.797618668222458,0.9800664458088386,1.7597714133989641,False,True,B0028_p1,0,6.779624907003203,8.239874809092811,1.000464571860377,0.9854511668212561,0.9996992663522085,0.989907779406486,1.0828205706537999,1.0709188683643245,0.9449998600649002,0.9800157176978196,0.8985736925515055
B0028,54,19,24.0,1.75770610357021,3.6830019424524427,2.6240203066915697,4.185772001736481,0.224939209972402,-0.9968197698794886,-2.0037779278104373,0.00311192032402325,0.9974594517579985,30.70960684046627,26.952556111660147,32.1209393902127,1.1583269122646627,6346.156,563,1.797618668222458,0.977796979216001,1.75770610357021,False,True,B0028_p1,0,6.709606840466272,8.120939390212698,1.0003959755886214,0.9879655388604578,0.9998301445878611,0.9894646029761504,1.0716375031827252,1.0554610868874783,0.9784546409359874,0.9779113953309192,0.8922345483359746
B0028,56,20,24.0,1.7519375960601256,3.6825149277266642,2.63525875804135,4.185968902546653,0.22503062085183007,-0.9963445930927353,-2.0020973714849553,0.005108476771780937,0.997101149131679,30.47705959403915,26.85238485179539,31.876773372691297,1.0762093032335351,6328.172,559,1.797618668222458,0.9745880074735187,1.7521244035832177,False,True,B0028_p1,0,6.477059594039151,7.8767733726912965,1.0002636901379662,0.9921969095611449,0.9998771770983328,0.9898667019678383,1.034495781401027,1.0237273529127224,0.9090887695154716,0.9751401494722243,0.8858954041204438
B0028,58,21,24.0,1.7521244035832177,3.6802726203570852,2.540126038881981,4.185740020171981,0.2288351077697829,-0.9967865142227076,-2.0081929501788918,0.0031152716245573613,0.9973021473407734,30.54925924889458,26.70985682862992,32.13891568195097,1.17339654273853,6326.062,557,1.797618668222458,0.9746919269122709,1.7519375960601256,False,True,B0028_p1,0,6.549259248894579,8.13891568195097,0.9996546230498654,0.9563786470622359,0.9998225053441936,1.0066019129533397,1.046027285362375,1.0577974269960067,0.9911841646293615,0.9748150088604669,0.8827258320126783
B0028,65,22,24.0,1.7597714133989641,3.67908706723787,2.5784590711144535,4.1838351172655095,0.22650273231435689,-0.9969143005288548,-2.0032214377942505,0.00482089823549462,0.9977075888584651,29.858081061792472,26.083510383297202,31.30995086456362,1.1345529438615418,6352.843,555,1.797618668222458,0.978945893535408,1.7519375960601256,False,True,B0028_p1,0,5.858081061792472,7.309950864563621,0.9993325969994203,0.9708113535276288,0.9993674926613209,0.9963422389984186,0.9356344584364695,0.9500586464054752,0.9583724435259146,0.97894182910856,0.8795562599049128
B0028,67,23,24.0,1.7483011320324189,3.680942088612725,2.6156681128542663,4.185613308228973,0.22559447406287061,-0.9972513551873874,-2.004916509907621,0.004467728139745615,0.997762865053277,29.92749751367273,26.163475060687134,31.443900397243077,1.1361920489716668,6309.172000000006,549,1.797618668222458,0.9725650734152612,1.7501193640462722,False,True,B0028_p1,0,5.92749751367273,7.443900397243077,0.9998364674689537,0.9848208681945733,0.9997922384256308,0.9923469845013616,0.9467214378886954,0.9674677800729813,0.9597570181093092,0.9722123430156415,0.8700475435816165
B0028,69,24,24.0,1.7411482627836237,3.681439648314102,2.6736673087239393,4.186072517005326,0.22390677818289212,-0.9970973800951103,-2.0052175769933474,0.007882581084872718,0.9976936191315176,29.887309173794996,26.15231542588846,31.383820135357173,1.1274532580521246,6284.297,545,1.797618668222458,0.9685859929933449,1.7483011320324189,False,True,B0028_p1,0,5.887309173794996,7.383820135357173,0.9999716172002463,1.0066580493530917,0.9999019268599426,0.9849231328125774,0.9403026814358001,0.9596592772060586,0.952375241478843,0.9683792279836658,0.8637083993660856
B0028,71,25,24.0,1.7363833316311177,3.680615489022298,2.6531966228276134,4.186079245979765,0.22493032951062783,-0.9972667201815385,-2.0045790903634986,0.004056280310501597,0.9975309912722178,29.974612767860144,26.1081814095458,31.360116664622666,1.1602252787734295,6265.969,541,1.797618668222458,0.9659353022563503,1.7447246974080213,False,True,B0028_p1,0,5.974612767860144,7.360116664622666,0.9997477548043945,0.9989506653169116,0.9999035341695341,0.9894255395216967,0.9542465395168127,0.9565785879184868,0.980058217181202,0.9655549734185993,0.8573692551505546
B0028,73,26,24.0,1.736559066269527,3.6776600467841285,2.5306280538039845,4.185739001637966,0.2300171239739823,-0.997266880260863,-2.0106987182265015,0.0028456839768755578,0.9977283140873734,29.928807475767645,26.09981871901358,31.44534438395542,1.1546786895557453,6266.641,539,1.797618668222458,0.9660330619433828,1.7411482627836237,False,True,B0028_p1,0,5.928807475767645,7.445344383955419,0.9989449823466692,0.9528025764343745,0.9998222620531086,1.0118013763743372,0.9469306609537775,0.9676554519310789,0.9753729371415645,0.9656585253101163,0.8541996830427893
B0028,77,27,24.0,1.7172335652295245,3.67453404625628,2.651385292787423,4.167590440976821,0.2196472797258553,-0.9969394063653587,-2.0051316277429905,0.0051030876956673,0.9978234784928319,30.029795182593666,26.236488265406727,31.550251048213177,1.1725010584348865,6198.75,531,1.797618668222458,0.9552824498243442,1.7388536645265753,False,True,B0028_p1,0,6.029795182593666,7.550251048213177,0.9980958819669759,0.9982686844440322,0.9954872246878707,0.9661864130108737,0.9630601028970057,0.9812899462375723,0.9904277367474674,0.9551968564604361,0.8415213946117274
B0033,0,0,24.0,0.06842572240601812,3.3726641134399764,1.9848598462488805,3.6772190710694983,0.3055422614147209,-0.4032887109837347,-4.027448488189357,0.003180472315653078,1.204626391256962,29.26541655615828,23.709046954662966,34.973341925251844,2.205172099574216,1819.406,190,1.1610848192311252,0.05893257863049996,1.2070120623068123,True,False,B0033_p1,-1,5.265416556158279,10.973341925251844,0.9666097271727553,1.0310993798767647,0.8755666227027465,0.7960750925582714,0.4287875116814737,0.37108403372085197,0.29466739744956816,0.5580091095591485,0.5671641791044776
B0033,4,1,24.0,0.6895699007862814,3.717995304466161,1.9816234331870684,4.191105953862248,0.35099880316465176,-0.8109495942196226,-4.027610772655682,0.0012239145172062258,1.6120584617830287,32.82332257180906,25.173023588997943,47.876225604831575,5.196564733090272,3260.531,338,1.1610848192311252,0.5939014009699285,1.2529393053824995,False,True,B0033_p1,1,8.823322571809058,23.876225604831575,1.0655820757715608,1.0294181208662778,0.9979259909432759,0.914509840384654,0.718524449106332,0.8074191224353601,0.6943939685585456,1.0,1.008955223880597
B0033,6,2,24.0,1.1610848192311252,3.524738825009034,1.287217552704193,4.19762922160552,0.384754284553718,-1.3467063374074053,-4.028150816942063,0.0013754928034409725,1.8948573652151448,35.79329539654299,24.982438023452065,53.521374145800095,7.067097544056373,3265.75,337,1.1610848192311252,1.0,1.2707043736063206,False,True,B0033_p1,1,11.793295396542987,29.521374145800095,1.0101945285390888,0.6686866192936007,0.9994792178238547,1.0024580602044844,0.9603832353385107,0.9983203543303922,0.9443449974863246,1.0016006595244762,1.0059701492537314
B0033,8,3,24.0,1.2529393053824995,3.489168398195939,1.92499373482904,4.199816411135521,0.3812725175512178,-1.4664895935962654,-4.027874138842302,0.005999157112787059,1.9353505974148166,36.38266836733648,24.55968114896303,53.59969491765948,7.483597162972967,3264.109,335,1.1610848192311252,1.0791109181947627,1.2884694418301417,False,True,B0033_p1,1,12.382668367336478,29.599694917659477,1.0,1.0,1.0,0.9933864902817249,1.0083786345445411,1.0009689173792506,1.0,1.001097367269319,1.0
B0033,10,4,24.0,1.302918002447558,3.4703882503796533,1.9480187400221975,4.2005663942344365,0.3838108543665505,-1.5284631729967968,-4.033138447887385,0.003173522307824234,1.951967982452144,36.45901475182768,24.346865543240558,53.81770081109488,7.736433672137404,3253.531,332,1.1610848192311252,1.1221557468216279,1.2956937221388498,False,True,B0033_p1,1,12.45901475182768,29.81770081109488,0.9946175862919096,1.011961080587726,1.0001785752103178,1.0,1.0145958779255178,1.0083411934699795,1.033785424797504,0.9978531104289454,0.991044776119403
B0033,12,5,24.0,1.3218773211472525,3.453967625388434,1.891347070952385,4.200743805234223,0.3902042145894823,-1.5665630077013475,-4.028549406404835,0.0011907176612640303,1.9606983208115847,36.279780573622936,23.833054464449923,53.57104302015468,7.776750327270139,3242.578,329,1.1610848192311252,1.1384847164073721,1.302918002447558,False,True,B0033_p1,1,12.279780573622936,29.571043020154683,0.9899114147583975,0.9825211566833264,1.0002208177710443,1.0166575805509293,1.0,1.0,1.0391727611619213,0.9944938416472654,0.982089552238806
B0033,16,6,24.0,1.2884694418301417,3.4578247593455274,1.1932458808760276,4.197576934147749,0.40840579135978244,-1.5273103379999617,-4.029060240993913,0.0012234808875597027,1.9491919581733432,36.16552578493363,23.849523839998607,54.60856796915766,7.9569082177083015,3234.625,326,1.1610848192311252,1.1097117286257958,1.3218773211472525,False,True,B0033_p1,1,12.165525784933628,30.60856796915766,0.9910168741449631,0.6198700075156351,0.9994667678849403,1.0640808791971867,0.9906956978584187,1.0350858421969031,1.063246463489131,0.9920546683960374,0.9731343283582089
B0033,18,7,24.0,1.713169326386719,3.209334990541558,1.9170515174362301,4.20050246544483,0.3341320666254831,-2.081391887401403,-4.028435536553458,0.0002512950478151137,2.0102492255260676,39.93652051985124,23.811627133806077,54.191463730088664,8.456901009632583,3235.36,325,1.1610848192311252,1.4754902467170197,1.5900967306245992,False,True,B0033_p1,1,15.936520519851243,30.191463730088664,0.9197993975300625,0.9958741593548536,1.0001633534045655,0.8705644012516053,1.297785446922644,1.0209806840262998,1.130058289544938,0.9922800918009981,0.9701492537313433
B0033,20,8,24.0,1.6560966776720512,3.2871463464425337,1.9084502918482382,4.199260915072752,0.34149551344742857,-2.031933664083695,-4.027703797647405,0.0025156394444598175,2.0112237452464536,38.25328053802186,23.834882721167357,52.934331210631875,7.651814386307562,3236.125,323,1.1610848192311252,1.426335656312107,1.5900967306245992,False,True,B0033_p1,1,14.253280538021862,28.934331210631875,0.9421002288517057,0.9914059756759307,0.999867733251078,0.8897494939559225,1.1607113378424707,0.9784684020415226,1.02247812377808,0.9925147161612633,0.9641791044776119
B0033,22,9,24.0,1.6197297341990775,3.3197461384202485,1.9529802665635712,4.200453230054564,0.34663808114741457,-2.007342900413476,-4.029010576937479,0.001943913403446106,2.0115420281678276,37.62899446299115,23.790077881473504,52.5032036116964,7.429623542388801,3230.25,321,1.1610848192311252,1.3950141345157443,1.5900967306245992,False,True,B0033_p1,1,13.628994462991152,28.5032036116964,0.9514433697544407,1.01453850536143,1.000151630180156,0.9031481970970137,1.1098728011692927,0.9638890177891095,0.9927877437268785,0.9907128624141283,0.9582089552238806
B0033,24,10,24.0,1.604655812282729,3.3333097880411087,1.9889951350881314,4.200671023041403,0.3478080410924156,-1.9948389441406584,-4.029371158559712,0.0007927284230400828,2.0117119906072323,37.32713409422702,23.77022071547008,52.17652816361563,7.3805797728836176,3226.078,319,1.1610848192311252,1.3820315154454765,1.5900967306245992,False,True,B0033_p1,1,13.32713409422702,28.17652816361563,0.955330728595554,1.0332475888628154,1.0002034879199995,0.9061964692646468,1.0852908986707634,0.9528418779280596,0.9862342416559974,0.9894333162297798,0.9522388059701492
B0033,28,11,24.0,1.6255699769029337,3.335992217657965,1.9634548720089502,4.19613941105053,0.3426073978055048,-1.994851949410258,-4.028926555600406,0.0008138436718322889,2.0114957364033095,37.40237649452651,23.90835353077424,52.04937847239831,7.252871409423051,3224.5,317,1.1610848192311252,1.4000441225124212,1.604655812282729,False,True,B0033_p1,1,13.402376494526507,28.04937847239831,0.9560995162580364,1.019979876549222,0.9991244855191189,0.8926464530841663,1.091418239452496,0.9485420738551814,0.9691691377120762,0.988949345980762,0.9462686567164179
B0033,30,12,24.0,1.5900967306245992,3.3499333575510475,1.9596564991730565,4.200736119460894,0.34780069944158554,-1.9821032756925434,-4.030095334789055,0.0047879231111514365,2.011431126121996,36.995742754141574,24.159049068640833,51.73549267436528,7.126041523534313,3222.188,315,1.1610848192311252,1.3694923095089362,1.6197297341990775,False,True,B0033_p1,1,12.995742754141574,27.735492674365283,0.9600950642803934,1.018006689433249,1.0002189877450198,0.9061773409603101,1.0583041509761608,0.9379274398762889,0.9522214208418709,0.9882402590252938,0.9402985074626866
B0033,32,13,24.0,1.5739402299623984,3.352100511151755,1.9224375381620544,4.199983318886737,0.3516970721237098,-1.9816298756157713,-4.029301699475618,0.0008137321239976772,2.011155030549314,36.85780455256667,24.253747041388166,51.66117418178819,7.079746952539795,3216.546000000002,313,1.1610848192311252,1.3555773048558741,1.6143816761595386,False,True,B0033_p1,1,12.85780455256667,27.66117418178819,0.9607161731961533,0.9986721013057154,1.0000397416779394,0.9163291452612982,1.0470711976877936,0.93541422136971,0.9460352820123288,0.9865098660310244,0.9343283582089552
B0033,34,14,24.0,1.5711303351557309,3.364435103530164,1.9701535031712945,4.198997952942716,0.34694508137597885,-1.9691328896327156,-4.028374929061863,0.0004291964092569833,2.0111614455886273,36.6450177655176,24.469001088502946,51.20270858784091,6.953439509963802,3211.859,311,1.1610848192311252,1.3531572449600533,1.604655812282729,False,True,B0033_p1,1,12.6450177655176,27.20270858784091,0.9642512827038476,1.0234596962707856,0.9998051204832108,0.9039480708501179,1.0297429738019257,0.9199103518026202,0.9291573769320111,0.9850723701139477,0.9283582089552239
B0033,36,15,24.0,1.5897706153457416,3.3619403221625435,1.9056198246248632,4.200390681379551,0.34316373354644664,-1.9747683237565228,-4.028389076445655,0.017416510273001708,2.011080608505853,37.06472736671567,24.569584126877498,51.54633126076106,6.904048544413017,3215.859,310,1.1610848192311252,1.3692114383155003,1.5900967306245992,False,True,B0033_p1,1,13.064727366715672,27.546331260761058,0.9635362752628454,0.9899355983068187,1.0001367369874803,0.89409595805416,1.0639218908177241,0.9315305936955404,0.9225574805886911,0.9862991641545503,0.9253731343283582
B0033,40,16,24.0,1.6257378771074,3.3654741602580085,1.9194841380159542,4.19244756297013,0.32850784942823263,-1.9682317715937605,-4.028586118410664,0.00036249119026178945,2.0109622088017285,37.66051476409482,25.655407440527878,51.68734548388082,6.703426992104098,3225.125,309,1.1610848192311252,1.4001887288337556,1.5900967306245992,False,True,B0033_p1,1,13.66051476409482,27.68734548388082,0.9645490776536075,0.9971378624701991,0.9982454356466979,0.8559107844159564,1.1124396467993665,0.9362992527862478,0.8957493096062195,0.9891410325496062,0.9223880597014925
B0033,42,17,24.0,1.6523506333962537,3.3663272801721305,1.8976584375642789,4.2017771251555125,0.31942547595566806,-1.9814766540711188,-4.028842731009181,0.0011298889882579554,2.011347357930839,38.32310986221148,26.351491764299766,51.806645557310055,6.596737901922363,3234.343,309,1.1610848192311252,1.4231093250279911,1.5900967306245992,False,True,B0033_p1,1,14.323109862211481,27.806645557310055,0.9647935828814329,0.9857997993602879,1.0004668570785125,0.8322471142272789,1.1663978665040344,0.9403336073860475,0.8814929182133734,0.9919681794161748,0.9223880597014925
B0033,44,18,24.0,1.6143816761595386,3.377217174172977,1.9491950772703672,4.201164004146235,0.33094490947005756,-1.9615148467447636,-4.030100031226656,0.00784864250788584,2.011190054730705,37.01126182016034,25.32531937014495,51.013524625767204,6.689554464443418,3218.25,306,1.1610848192311252,1.3904080472162132,1.6143816761595386,False,True,B0033_p1,1,13.011261820160342,27.013524625767204,0.9679146400383408,1.0125721668613517,1.0003208695044719,0.8622604225621915,1.0595679411494237,0.9135127431033002,0.8938955850726065,0.9870324802923205,0.9134328358208955
B0033,46,19,24.0,1.58697453394504,3.380792043459977,1.984512151427813,4.201517882926393,0.3360193218472848,-1.9543536128625176,-4.029009682675262,0.0007141636301609649,2.0109298350817655,36.45751890099188,24.48952813086066,50.612625791907234,6.758927997427444,3203.5,303,1.1610848192311252,1.3668032754023438,1.6257378771074,False,True,B0033_p1,1,12.457518900991879,26.612625791907234,0.9689392020195994,1.0309187586026398,1.0004051300400563,0.8754815504159155,1.014474063791557,0.8999556009495139,0.9031656635486726,0.9825086772675985,0.9044776119402985
B0033,48,20,24.0,1.5818355572787333,3.379892729676732,1.9563552671465751,4.20178668140198,0.33908855386984316,-1.9543735971035472,-4.029820948579601,-0.0002999730234341766,2.010633726350987,36.245832392874156,24.192526340264504,50.476231965221594,6.7726354910208935,3194.39,301,1.1610848192311252,1.3623772622625716,1.6381810791118743,False,True,B0033_p1,1,12.245832392874156,26.476231965221594,0.9686814575714637,1.0162917581237325,1.0004691324747517,0.8834782810649846,0.9972354407682413,0.8953431891859964,0.9049973353095834,0.979714653840126,0.8985074626865671
B0033,52,21,24.0,1.6919769406371152,3.3335163148815434,1.9541530671990093,4.1779630595627175,0.2897886349411339,-2.008024980015611,-4.029429516237868,-9.800144433961224e-05,2.011456314962217,38.88044910257506,25.94382700697729,52.80944186421341,6.910440842601646,3225.219,301,1.1610848192311252,1.457238017940454,1.6420179032789863,False,True,B0033_p1,1,14.880449102575056,28.80944186421341,0.9553899194447378,1.0151477544276573,0.9947965936046963,0.7550298060731168,1.2117846091271676,0.9742450357458752,0.9234116551319517,0.9891698622095604,0.8985074626865671
B0033,56,22,24.0,1.6879483800354476,3.35231211831231,1.9044972660711088,4.196973763278454,0.30779944970909595,-1.9876053283446151,-4.029363256265371,0.005218954560454124,2.0109915315412383,37.68662439550755,24.902870283744065,52.001298745862094,7.109031554643447,3252.985,302,1.1610848192311252,1.4537683656506795,1.6422892507912386,False,True,B0033_p1,1,13.68662439550755,28.001298745862094,0.9607768200713986,0.9893524491082297,0.9993231494954087,0.8019560838556654,1.1145658762752264,0.9469161681844397,0.9499484539089329,0.9976856530424033,0.9014925373134328
B0033,58,23,24.0,1.6586223007531458,3.359089419531549,1.8748346357265961,4.200398891523595,0.320540843658043,-1.9736296482799287,-4.030201623675916,0.005553090986286007,2.0108090054956556,37.02885798715912,24.092897160454218,51.65598739515965,7.199174401352082,3245.25,300,1.1610848192311252,1.42851088334054,1.6420179032789863,False,True,B0033_p1,1,13.028857987159121,27.65598739515965,0.9627192030250971,0.9739432403363648,1.0001386918691326,0.8351531490350118,1.0610008793760703,0.935238820501198,0.9619938439460451,0.9953133400663879,0.8955223880597015
B0033,60,24,24.0,1.6420179032789863,3.3667293867076395,1.897981208291145,4.200117032191553,0.3235977669998556,-1.9603089116784294,-4.030021583929906,0.007265280166586811,2.0104377488427763,36.84829116229335,23.94183770011008,51.50939532095622,7.212985287826509,3235.031,298,1.1610848192311252,1.4142101215020078,1.6420179032789863,False,True,B0033_p1,1,12.84829116229335,27.509395320956223,0.964908827114333,0.9859674730108697,1.0000715795707724,0.8431178100315275,1.0462964777963197,0.9302815359676929,0.963839331640487,0.9921791879911585,0.8895522388059701
B0033,62,25,24.0,1.6381810791118743,3.376711639438572,1.991339490634848,4.199696801054791,0.32134483903081673,-1.946637400827973,-4.029862208715491,0.016500338698040882,2.0108038824433687,36.78338270641005,23.964709389367574,51.25839715822789,7.168925080568912,3228.141,296,1.1610848192311252,1.4109056048090303,1.6420179032789863,False,True,B0033_p1,1,12.783382706410052,27.258397158227893,0.9677697531550749,1.0344654398637303,0.9999715201644497,0.837247918798886,1.0410106784700093,0.9217935647264601,0.9579517609578216,0.9900660352562206,0.8835820895522388
B0033,64,26,24.0,1.6422892507912386,3.367781888938211,1.8710207024150525,4.199468615978848,0.3264143135470195,-1.959191352221616,-4.029053434590447,0.00276585452568468,2.0101115902937323,37.1454352740502,24.167613125666932,51.77188968997154,7.182012780770648,3217.875,294,1.1610848192311252,1.4144438232159204,1.6420179032789863,False,True,B0033_p1,1,13.1454352740502,27.771889689971538,0.9652104755618873,0.9719619698301091,0.999917188009516,0.8504561813024818,1.070494313415233,0.9391582728767159,0.9597006124682278,0.986917468351014,0.8776119402985074
B0033,68,27,24.0,1.651270876264092,3.372839244866595,1.9449657495126544,4.1967559287812986,0.31834522823370337,-1.9525734623288529,-4.03323407643102,0.005023227506817284,2.010561686256954,37.43950673452506,24.662973384656638,51.73759469619592,7.11533778373063,3220.219,293,1.1610848192311252,1.42217936959814,1.6381810791118743,False,True,B0033_p1,1,13.439506734525061,27.73759469619592,0.9666599200573146,1.0103751063300932,0.9992712818717246,0.8294325827733742,1.0944419286606166,0.9379985236669148,0.9507911274187237,0.9876363696588072,0.8746268656716418
B0033,70,28,24.0,1.6326559297917211,3.374002354868022,1.907571146047148,4.199575185389948,0.3235605066756574,-1.9519388696631121,-4.029609473738784,0.004855381962412541,2.0102502479284943,37.21232307005263,24.504187968208015,51.61243426951156,7.123589033601559,3210.234,291,1.1610848192311252,1.4061469952495564,1.6326559297917211,False,True,B0033_p1,1,13.212323070052634,27.61243426951156,0.9669932688294829,0.9909492750720879,0.9999425627879986,0.843020730118924,1.0759412996705173,0.9337659902862339,0.9518937054558947,0.9845739850349529,0.8686567164179104
B0033,72,29,24.0,1.6260888111680731,3.372312698394194,1.853794752061886,4.199545032445997,0.3329222793669897,-1.944321269342409,-4.029153463598805,0.003091520377884157,2.0095184165156508,36.823942592131566,24.00539966396368,51.546238399221565,7.225124048596667,3210.546,290,1.1610848192311252,1.4004909755386135,1.6260888111680731,False,True,B0033_p1,1,12.823942592131566,27.546238399221565,0.966509011183821,0.9630133950677625,0.9999353832017978,0.8674123610090487,1.0443136597796783,0.9315274534093005,0.9654613805704076,0.9846696749701198,0.8656716417910447
B0033,74,30,24.0,1.6079292963823688,3.3827767161652114,1.9738070273097836,4.199505571389485,0.3295560795897958,-1.9306892906025632,-4.029585877984303,0.0020661891649316304,2.0097768072587523,36.46405070511895,23.64186235900653,51.03143629880169,7.186584738381572,3200.969,288,1.1610848192311252,1.3848508478882238,1.6218384168987892,False,True,B0033_p1,1,12.46405070511895,27.031436298801687,0.9695080116838909,1.0253576370652857,0.9999259873014421,0.8586418957163213,1.0150059791696788,0.9141184597505715,0.9603115429487652,0.9817324233384072,0.8597014925373134
B0033,76,31,24.0,1.6125361114907395,3.375532247108578,1.8729343749213587,4.199241343123339,0.33422212401777157,-1.9434335891264498,-4.029845065383976,0.002357497667880069,2.009499382161268,36.76266900330653,23.79581768454326,51.41437811978397,7.201760013680705,3188.625,286,1.1610848192311252,1.3888185296906794,1.6145443029101134,False,True,B0033_p1,1,12.762669003306527,27.41437811978397,0.9674317378473001,0.9729560886532939,0.9998630730594181,0.8707990412865702,1.0393238646886607,0.9270683520056834,0.9623393478891776,0.9779465369291076,0.8537313432835821
B0033,80,32,24.0,1.6218384168987892,3.3809635204151607,1.9731628226811078,4.196166399561636,0.32509532609797315,-1.9370016811131343,-4.03055037109141,-1.777228155773812e-05,2.010016760085563,37.105629207043215,24.275077073346086,51.44638168113912,7.130250243756465,3191.735,285,1.1610848192311252,1.396830266003113,1.6128422608267754,False,True,B0033_p1,1,13.105629207043215,27.446381681139123,0.9689883475281028,1.0250229842209568,0.9991309116359925,0.8470196254207487,1.0672527190912684,0.9281506121523188,0.9527838135162088,0.9789003692956761,0.8507462686567164
B0033,82,33,24.0,1.6145443029101134,3.3849609857132434,1.9801558945564506,4.199389890561037,0.3270482339496878,-1.9294565493698395,-4.028904787104472,0.00830975941903553,2.009712993183015,36.92446822577901,24.229252988895677,51.30248392082844,7.129951084617136,3190.313,284,1.1610848192311252,1.3905481117040794,1.6128422608267754,False,True,B0033_p1,1,12.924468225779009,27.302483920828443,0.9701340260514294,1.0286557606548832,0.9998984430430451,0.8521078292312891,1.0524999325754132,0.9232844408707511,0.9527438382031589,0.9784642440142419,0.8477611940298507
B0033,84,34,24.0,1.5953958917107596,3.3815674619499325,1.8983018980313588,4.199342510279409,0.3360240169968807,-1.9282533581562031,-4.028816718572523,0.001554269889544501,2.008997803556455,36.60695698382364,23.762823270525672,51.29496206472584,7.2251428936537305,3182.156,282,1.1610848192311252,1.3740562836462171,1.6125361114907395,False,True,B0033_p1,1,12.606956983823643,27.294962064725837,0.9691614379226748,0.9861340656259062,0.9998871615304764,0.8754937833935463,1.0266435062287256,0.9230300752706782,0.9654638987520593,0.975962504266943,0.8417910447761194
B0033,86,35,24.0,1.5877243027113057,3.3851857877548657,1.9438604398554957,4.199371542863236,0.33470680570149286,-1.9211152251549157,-4.028814615699915,0.001315143854414586,2.0091352439638697,36.55039143131212,23.69664102467678,51.186634675664926,7.210324006701291,3180.156,281,1.1610848192311252,1.3674490238901778,1.6099381853611876,False,True,B0033_p1,1,12.550391431312121,27.186634675664926,0.9701984545959899,1.0098009176264313,0.9998940743526061,0.8720618551914068,1.0220371085677589,0.9193667824680848,0.9634837164106366,0.9753491072466417,0.8388059701492537
B0033,88,36,24.0,1.5811840578305605,3.3864604240259375,1.9632916036547936,4.198739953896501,0.334836938664912,-1.9205487390114635,-4.0293423558858095,0.0025301006204114843,2.0092671756030134,36.5823314777477,23.752588955549978,51.182616761589756,7.20058609751951,3171.953,279,1.1610848192311252,1.3618161495536791,1.6099381853611876,False,True,B0033_p1,1,12.5823314777477,27.182616761589756,0.9705637669356668,1.0198950615437483,0.9997436894536232,0.872400910124165,1.0246381360245675,0.9192309092061092,0.9621824826630531,0.972833259367876,0.8328358208955224
B0033,92,37,24.0,1.6128422608267754,3.38478424054856,1.9667908439255781,4.196658469661701,0.32266641965723,-1.928157401644312,-4.031050217020222,0.0024156823537104096,2.009529211217982,38.03675863150647,25.367856702975423,52.16803502599322,7.021462843193714,3192.172,280,1.1610848192311252,1.3890822049458933,1.6099381853611876,False,True,B0033_p1,1,14.036758631506473,28.16803502599322,0.9700833706675348,1.0217128546136542,0.9992480763050863,0.8406912310746537,1.1430789456985526,0.95255466663096,0.9382470341848727,0.9790343965446119,0.835820895522388
B0033,94,38,24.0,1.61998606328022,3.382889233805488,1.9197120509411163,4.199179844744276,0.3201914697871785,-1.9349668442210473,-4.030106767683525,0.0006400926876088788,2.0095649462288456,38.760697217070216,26.10767929324037,52.74767841756611,6.964036846850142,3194.735,279,1.1610848192311252,1.3952349014027943,1.6099381853611876,False,True,B0033_p1,1,14.760697217070216,28.747678417566107,0.9695402593794549,0.9972562591802966,0.9998484299481384,0.8342428728745289,1.2020326526661484,0.972156389545428,0.9305734522037765,0.9798204648261281,0.8328358208955224
B0033,96,39,24.0,1.6099381853611876,3.3844125991586744,1.90479520665137,4.199367783528825,0.326291983423154,-1.9341884259387427,-4.030953176534828,0.0054549410937690165,2.0095252273234743,38.235160610115415,26.018215627550084,52.437956139686314,7.034886276474023,3178.75,277,1.1610848192311252,1.3865810306841277,1.6099381853611876,False,True,B0033_p1,1,14.235160610115415,28.437956139686314,0.969976857783239,0.9895072239393736,0.9998931792338571,0.8501374562782316,1.1592357473139747,0.9616825527697452,0.9400407482221175,0.9749178891413699,0.826865671641791
B0033,98,40,24.0,1.5770977539565159,3.3857968945581733,1.9002006601986492,4.199251268298133,0.33724999318883603,-1.9188525560254726,-4.031039705836091,0.0019693936084294195,2.0088081010175816,37.20770413073148,24.499091356728492,51.81197793605918,7.185554853388708,3165.359,275,1.1610848192311252,1.3582967650898028,1.6117053637342613,False,True,B0033_p1,1,13.207704130731479,27.81197793605918,0.9703735985654308,0.9871204387932241,0.999865436299575,0.8786880030931916,1.0755651578255176,0.9405139317237955,0.9601739239708277,0.9708108893919426,0.8208955223880597
B0033,100,41,24.0,1.5708599066554392,3.3829095031701564,1.8511721039377573,4.199383120313636,0.344684489147871,-1.9177244980858124,-4.029997935260405,0.0026026251110056174,2.0083863792337904,36.9160184906247,23.997221430790674,51.73653410504897,7.259034523622445,3155.25,273,1.1610848192311252,1.352924334757618,1.6128422608267754,False,True,B0033_p1,1,12.916018490624701,27.736534105048968,0.9695460686045639,0.9616509760236498,0.9998968310089134,0.8980582107734955,1.051811831098058,0.9379626577981922,0.9699926874121975,0.9677104741528297,0.8149253731343283
B0033,104,42,24.0,1.6261581345348248,3.3669463001908233,1.9532771236637267,4.1862894653699865,0.31910447458299196,-1.955575681668958,-4.029710862662991,0.0008207747777911208,2.010441386547205,38.272310782775065,25.33769164423877,52.54160752520686,7.068551267830959,3173.766,274,1.1610848192311252,1.4005506812255741,1.61998606328022,False,True,B0033_p1,1,14.272310782775065,28.541607525206857,0.9649709947882394,1.014692717343934,0.9967791578389786,0.8314107611929025,1.1622610597319711,0.9651877177870867,0.9445392521666512,0.9733893037667791,0.817910447761194
B0033,108,43,24.0,1.6348129972245726,3.3716190861386144,1.8536215036991406,4.19649142433425,0.32211098879072464,-1.9478198159800646,-4.0307758077283395,0.0015734936112625545,2.009791897006708,39.10342018909909,26.35335522097585,53.32326193954195,7.038281061822988,3199.485,275,1.1610848192311252,1.408004798742569,1.61998606328022,False,True,B0033_p1,1,15.10342018909909,29.32326193954195,0.9663102210492038,0.9629233956253691,0.9992083018694686,0.839244083709783,1.2299421881805732,0.9916208203936583,0.9404943783781822,0.9812772827493437,0.8208955223880597
B0033,110,44,24.0,1.6117053637342613,3.383250579221141,1.8889976705304934,4.1993042516227,0.32763411506108436,-1.9259112286553692,-4.031306085570448,0.0006231010202338925,2.009074910555213,38.33805950325132,25.872885571783414,52.66626648084271,7.076930025939361,3196.015,274,1.1610848192311252,1.3881030369525793,1.6117053637342613,False,True,B0033_p1,1,14.338059503251323,28.666266480842708,0.9696438214247377,0.9813006849595054,0.9998780519283026,0.8536343131874647,1.167615285736423,0.9694032929885055,0.9456588685658153,0.9802130389191208,0.817910447761194
B0033,112,45,24.0,1.8851401699720662,3.3541040884435995,1.9693514891283213,4.297261420299437,0.2869451796671725,-2.003289552090588,-4.032672225135528,-0.0009158378024188325,2.01175614619158,40.78203629126505,27.54619924958732,55.391416850220025,7.323505136885448,3595.281,308,1.1610848192311252,1.6236024610333062,1.62418934644937,False,True,B0033_p1,1,16.78203629126505,31.391416850220025,0.961290400938466,1.0230430642431263,1.0232022068644588,0.7476213254592626,1.3666397531005559,1.0615593379247608,0.9786076104043099,1.1026673262729292,0.9194029850746268
B0033,116,46,24.0,1.6584957887780232,3.363721350351351,1.9935504677327178,4.196439332501794,0.30880938794019075,-1.9793333607509414,-4.031780602841451,0.00033320145127354494,2.011161788779229,38.52395699562303,25.882186329625984,52.73529025292928,7.033273472708216,3198.0,273,1.1610848192311252,1.4284019231913525,1.62418934644937,False,True,B0033_p1,1,14.523956995623031,28.735290252929282,0.9640467201555963,1.0356140031332446,0.999195898510046,0.8045874274448446,1.1827537885180621,0.9717374606416224,0.9398252363859396,0.9808218354617699,0.8149253731343283
B0033,118,47,24.0,1.62418934644937,3.366918878823245,1.9102322543360104,4.198801406927717,0.32719045418056375,-1.9635759174250933,-4.030791007814564,-0.000753560863892919,2.010455878787367,37.84185542205372,24.91350298150035,52.530629852108135,7.172838417424294,3183.516,271,1.1610848192311252,1.3988550358662981,1.62418934644937,False,True,B0033_p1,1,13.841855422053719,28.530629852108135,0.9649631357902064,0.9923316734875812,0.9997583217673246,0.8524783769353417,1.1272070652293358,0.9648164872866528,0.958474682858902,0.9763796142407479,0.808955223880597
B0033,120,48,24.0,1.6041720988563641,3.376033697850269,1.9518631378335147,4.199283799066005,0.3302229667918912,-1.9412525646606564,-4.0310640182247095,0.0013937024175848071,2.010150142948797,37.464100471383695,24.557603485911184,52.2186933985822,7.215067700418389,3183.797,270,1.1610848192311252,1.3816149107165598,1.617632765910718,False,True,B0033_p1,1,13.464100471383695,28.218693398582197,0.9675754542531779,1.0139581768596566,0.9998731820590766,0.8603794369935112,1.0964447117487333,0.954267774029791,0.9641175952277072,0.9764657965221003,0.8059701492537313
B0033,122,49,24.0,1.6080016740907346,3.3722882262741316,1.8963514295309498,4.198824744163288,0.3287261180171691,-1.9409306611824064,-4.03130596458528,0.0025228711514761124,2.009684359285018,38.110532137074216,24.97536739446595,52.72731536294026,7.163738722632164,3191.516,270,1.1610848192311252,1.3849131841681983,1.6117053637342613,False,True,B0033_p1,1,14.110532137074216,28.72731536294026,0.9665019974437921,0.9851208319383783,0.9997638784948781,0.8564794723163982,1.1490866675080293,0.9714677748553081,0.9572587308783288,0.9788332023219531,0.8059701492537313
B0033,124,50,24.0,1.6256752138435595,3.371464716917886,1.8979233738345112,4.1991786619721845,0.32008527065009,-1.948285830860844,-4.03322808557455,0.0003608441658017704,2.010157728171684,39.04860411133125,26.217649548826355,53.20573413452146,7.019901864837076,3189.985,269,1.1610848192311252,1.400134759250481,1.6080016740907346,False,True,B0033_p1,1,15.048604111331251,29.205734134521457,0.9662659786386603,0.9859374290395116,0.9998481483234253,0.8339661763301757,1.2254782584353152,0.9876463983571955,0.938038447548975,0.9783636469029124,0.8029850746268656
B0033,128,51,24.0,1.617632765910718,3.3745591325938995,1.9266531976002355,4.196322805258936,0.32215737855672494,-1.9406336588697692,-4.031813043363584,0.014180589829354377,2.0099848665792774,38.882226863166906,26.456664936108442,53.164414772235126,7.0807416316951235,3189.734,268,1.1610848192311252,1.393208092223547,1.6041720988563641,False,True,B0033_p1,1,14.882226863166906,29.164414772235126,0.9671528420178006,1.0008620613881338,0.9991681527155992,0.8393649499267556,1.2119293804918667,0.986249107018565,0.9461681965898598,0.9782866655768646,0.8
B0033,130,52,24.0,1.5973191489094263,3.3793714907223658,1.939997570224548,4.199012202779581,0.3306150721928648,-1.9251256018615566,-4.030821588081266,-0.00010853183838927168,2.009169217469493,38.10273900805949,25.30421479573262,52.600411784093296,7.1737581936429065,3176.016,266,1.1610848192311252,1.3757127149136075,1.6027138832797037,False,True,B0033_p1,1,14.102739008059487,28.600411784093296,0.9685320698392363,1.0077942255728123,0.9998085134498242,0.8614010480201735,1.1484520365414574,0.967176293531485,0.9585975884881847,0.9740793754146181,0.7940298507462686
B0033,132,53,24.0,1.5875852250170606,3.3812950636091506,1.9585672641473335,4.198460705965928,0.3325688316297887,-1.9170834321948271,-4.032137075383287,0.017289236291238273,2.009184188872804,37.91537679971282,25.066835451881584,52.46865748904612,7.205181122624223,3171.36,265,1.1610848192311252,1.3673292413454907,1.5973191489094263,False,True,B0033_p1,1,13.915376799712817,28.468657489046123,0.9690833682196124,1.0174408512146536,0.9996771989446971,0.8664914705934184,1.1331942550832834,0.9627207761877994,0.9627964955507922,0.9726513871513567,0.7910447761194029
B0033,134,54,24.0,1.5802530015403684,3.382171233915879,1.9572832344435456,4.198803103697235,0.3349630592819254,-1.9091378265076395,-4.03124499599466,-0.0011548525975083356,2.008481675921408,37.92480929373238,24.923079918284653,52.40979732740365,7.128081415433812,3170.843,264,1.1610848192311252,1.3610142647346108,1.5930709154513834,False,True,B0033_p1,1,13.92480929373238,28.409797327403652,0.9693344797186108,1.0167738206261607,0.9997587257777268,0.8727295110888812,1.133962387214229,0.96073030998739,0.9524940025769744,0.9724928240216087,0.7880597014925373
B0033,136,55,24.0,1.583036530487776,3.3795623822599756,1.916168037790613,4.198672374221831,0.3340852439135985,-1.9160969808869277,-4.031640962287776,-0.0014734947558618747,2.008711215530714,38.34698157796738,25.34147126319954,52.834042544635665,7.187883480889506,3164.672,263,1.1610848192311252,1.363411616677642,1.5875852250170606,False,True,B0033_p1,1,14.346981577967377,28.834042544635665,0.9685867795911958,0.9954152073958771,0.9997275983515238,0.8704424070157678,1.1683418520347835,0.9750769536598116,0.9604850881676821,0.9706001875154692,0.7850746268656716
B0033,140,56,24.0,1.6027138832797037,3.37961009118628,1.9463675093023414,4.195265814954276,0.3268325722899466,-1.9162480832673106,-4.031167247658788,0.0007354370554732212,2.0089147696601897,39.30988108210959,26.42711805216501,53.601451975349555,7.099851530434838,3177.453,263,1.1610848192311252,1.3803590028341142,1.583036530487776,False,True,B0033_p1,1,15.309881082109591,29.601451975349555,0.9686004530287773,1.0111032956038164,0.9989164773562054,0.8515459335545837,1.2467552649104605,1.0010283355637521,0.9487217678636138,0.9745201011737046,0.7850746268656716
B0033,142,57,24.0,1.5930709154513834,3.384287544034087,1.9780549546482917,4.198697754700443,0.32831502401101625,-1.9085281127715084,-4.032439717618345,-0.0005055321995240153,2.008958415717278,38.964980792259276,26.565656255374613,53.25152711755672,7.132799483093677,3172.375,262,1.1610848192311252,1.3720538664060056,1.5802530015403684,False,True,B0033_p1,1,14.964980792259276,29.25152711755672,0.9699410168290874,1.0275643597478847,0.9997336415867816,0.8554083874279019,1.2186684202162512,0.9891949735293344,0.9531244570973232,0.9729626861391596,0.7820895522388059
B0033,144,58,24.0,1.5448888685020246,3.3822784871834886,1.905966283713238,4.198102779366344,0.34448948979597094,-1.8916136445674485,-4.032672607638048,-0.000271915848045076,2.0072045378673753,37.72135386687406,24.785095946349767,52.64070518740206,7.341474722308102,3158.406,260,1.1610848192311252,1.3305564269844263,1.5648029438427147,False,True,B0033_p1,1,13.721353866874061,28.640705187402062,0.9693652186384246,0.9901155776397933,0.9995919746004531,0.8975501497072657,1.1173940596583325,0.9685388901528251,0.9810088066514252,0.9686784146508651,0.7761194029850746
B0033,146,59,24.0,1.5352188565640517,3.3814602813053565,1.90750106961619,4.19847889707735,0.3486480205132388,-1.8905533567609432,-4.0312142392988,-0.00041562573050468656,2.007013540836827,37.45856152891539,24.360961192677404,52.51312011499367,7.394651509457532,3141.578,258,1.1610848192311252,1.3222279984512066,1.5559492005453626,False,True,B0033_p1,1,13.45856152891539,28.51312011499367,0.9691307198167125,0.9909128716128505,0.999681530351035,0.9083849936674011,1.0959936497419573,0.964224362852539,0.9881145855958794,0.9635172921220501,0.7701492537313432
B0033,148,60,24.0,1.5252677314227332,3.382560441964418,1.9292976600569,4.198444396938235,0.35053520132149685,-1.8823068188002856,-4.031802508115526,0.0006536849289642663,2.0066781673118554,37.2659552140469,24.127061124602072,52.3982280962388,7.438074818671881,3138.187,257,1.1610848192311252,1.3136574573705746,1.5518620461881205,False,True,B0033_p1,1,13.265955214046897,28.398228096238803,0.9694460272291122,1.0022358125899262,0.9996733156731211,0.9133019489509423,1.0803088161479262,0.9603390748470886,0.9939170504090841,0.9624772774741291,0.7671641791044777
B0033,152,61,24.0,1.5559492005453626,3.3801788533503028,1.8981581536679577,4.195342051626477,0.34277772524551814,-1.8905479396562952,-4.031765665107094,0.00029587786907101795,2.0069884305781356,38.74887799470947,25.446679804307124,53.455944890050766,7.30622179459818,3157.969,258,1.1610848192311252,1.3400822875074003,1.5518620461881205,False,True,B0033_p1,1,14.748877994709467,29.455944890050766,0.9687634609719643,0.9860593929863021,0.998934629738295,0.8930902327169609,1.2010701580767795,0.9961077419546727,0.9762981137931371,0.9685443874019294,0.7701492537313432
B0033,154,62,24.0,1.5648029438427147,3.3800922874688264,1.8884361117708077,4.198552819065784,0.33677061921447415,-1.8980856969312407,-4.032044401412751,-0.00024824984298430354,2.0073764691977254,39.69321386954275,26.62675849083193,54.15574298880717,7.18977853527538,3159.281,257,1.1610848192311252,1.3477076936368293,1.5518620461881205,False,True,B0033_p1,1,15.693213869542753,30.15574298880717,0.9687386510827307,0.9810089651738638,0.9996991315938509,0.8774390181598367,1.2779718477422877,1.0197727205041085,0.9607383159062421,0.968946775847247,0.7671641791044777
B0033,156,63,24.0,1.5518620461881205,3.382133740383054,1.8935389971250938,4.1984923238862795,0.34258071732782674,-1.8896314109891985,-4.031354508468829,-0.00019168184237226582,2.007050276908277,38.99544744527789,26.407185531575575,53.69393683990001,7.30364825711287,3150.375,256,1.1610848192311252,1.3365621705533706,1.5518620461881205,False,True,B0033_p1,1,14.99544744527789,29.69393683990001,0.9693237340254982,0.9836598233361317,0.9996847273500501,0.8925769384329403,1.2211494623518133,1.0041558838374949,0.9759542233579273,0.9662153189158453,0.764179104477612
B0033,158,64,24.0,1.5144550545105004,3.3814913105388644,1.904031637069275,4.198232140934075,0.35335980692583197,-1.872743521398214,-4.032766166622568,-0.00096062682603525,2.0059621948466577,37.746988287643894,24.63935217013191,52.91956948214362,7.4743371501014115,3134.078,254,1.1610848192311252,1.3043448931778976,1.5552386152299904,False,True,B0033_p1,1,13.746988287643894,28.919569482143622,0.9691396128336056,0.9891105631252214,0.9996227763201159,0.9206613176926026,1.1194815905076132,0.977969206646954,0.998762625423323,0.9612170532959202,0.7582089552238805
B0033,160,65,24.0,1.5051936202146428,3.3819655060503893,1.9196175823544368,4.197903885845773,0.35571109053190786,-1.8642972903813007,-4.032211222443815,0.0004488591584670705,2.0054709284170915,37.50735630364932,24.286529106722867,52.77330169161603,7.524733901642435,3129.797,253,1.1610848192311252,1.2963683576634717,1.5552386152299904,False,True,B0033_p1,1,13.507356303649317,28.773301691616027,0.9692755178566392,0.9972071844300934,0.9995446169302359,0.9267874696221943,1.0999672366021933,0.9730228883710682,1.0054969205014137,0.9599040769739653,0.755223880597015
B0033,164,66,24.0,1.605823969917045,3.329913840594753,1.852348915398631,4.181130210987576,0.3259278216769786,-1.959422143897036,-4.031033663843277,0.0005118056247928042,2.009700678423093,38.883555668352116,24.926222629135967,53.75237854927132,7.432310211320745,3161.89,255,1.1610848192311252,1.3830376070031023,1.5552386152299904,False,True,B0033_p1,1,14.883555668352116,29.75237854927132,0.9543574458362261,0.9622623086423392,0.9955507102409524,0.849188651047654,1.2120375913167463,1.006132199293513,0.9931467514170889,0.96974695226023,0.7611940298507462
B0033,168,67,24.0,1.6249005195877049,3.3467196974403497,1.8154710749647818,4.195489950082467,0.32715465066239985,-1.9438219079216,-4.031389983040594,-0.0005481937157319876,2.0089925328410834,39.70651744278487,26.244952557136116,54.49882525049124,7.36430219706144,3196.859,257,1.1610848192311252,1.399467543347712,1.5518620461881205,False,True,B0033_p1,1,15.706517442784872,30.498825250491237,0.9591740252980504,0.9431049265861714,0.9989698451957131,0.8523850926580562,1.2790552199705092,1.0313746873826604,0.9840591411705364,0.980471892461688,0.7671641791044777
B0033,170,68,24.0,1.589785130036615,3.366597142576843,1.9709912361310515,4.197775741628386,0.3329872020332639,-1.9207619197190013,-4.0314763579809485,0.002231371215124044,2.0094410530181928,38.69688917568081,25.714927405533103,53.48032268666943,7.419425656907217,3171.906,254,1.1610848192311252,1.3692239392892733,1.5518620461881205,False,True,B0033_p1,1,14.696889175680809,29.48032268666943,0.9648709257820657,1.023894883640282,0.9995141050685634,0.8675815137714981,1.1968364652418824,0.9969321226368844,0.9914250453801475,0.9728188445378989,0.7582089552238805
B0033,172,69,24.0,1.5552386152299904,3.3665010841717966,1.8937050882323652,4.197620289512095,0.34833543948228457,-1.9034234318764343,-4.030814834933042,0.0006893495495072592,2.007763934427152,37.93115370815918,24.531285612577616,53.19212326974819,7.581047717806543,3160.8429999999935,252,1.1610848192311252,1.3394702862964614,1.547680553576876,False,True,B0033_p1,1,13.93115370815918,29.192123269748187,0.9648433953237777,0.9837461047116324,0.999477091041979,0.9075705794125721,1.1344790425720965,0.9871861215666882,1.013021886762657,0.9694258389201003,0.7522388059701492
B0033,174,70,24.0,1.539756404636803,3.3683893640779714,1.936708367530743,4.197694092086119,0.350875944360617,-1.8953087437661214,-4.0313511318221185,0.0012018815196050546,2.0077488023788734,37.670702628979534,24.13914126838614,52.91631108720558,7.627481250029385,3147.141,251,1.1610848192311252,1.326136023082651,1.547680553576876,False,True,B0033_p1,1,13.670702628979534,28.916311087205578,0.9653845786920413,1.006085543287622,0.9994946638515496,0.9141897379106435,1.1132692923149057,0.9778590179418811,1.01922659436672,0.9652234559340181,0.7492537313432835
B0033,176,71,24.0,1.5293174002138357,3.3686183095745217,1.898472277042985,4.1974767325796405,0.35669331452077874,-1.8860721599248624,-4.031138153963117,0.005724393173558308,2.007204347219486,37.48833504505954,23.863486640701478,52.95164787724483,7.65954007099954,3141.203,250,1.1610848192311252,1.317145289373911,1.547680553576876,False,True,B0033_p1,1,13.488335045059543,28.95164787724483,0.9654501947559345,0.9862225744914382,0.9994429093258274,0.9293466051382858,1.0984182464980352,0.9790539974363538,1.0235104728641857,0.9634022801807436,0.746268656716418
B0033,180,72,24.0,1.547680553576876,3.3619229093944987,1.8471266740226868,4.196099622186929,0.3503488989758421,-1.9022031487355253,-4.0316229913950306,-0.00031171378749907005,2.0071622688924706,39.01194436489727,25.1970904818351,54.15703950174405,7.566716958378647,3151.047,250,1.1610848192311252,1.3329608035025005,1.5416252851780505,False,True,B0033_p1,1,15.011944364897268,30.157039501744052,0.9635312847418794,0.9595494471501391,0.9991150115660442,0.9128165474998493,1.2224928837200104,1.0198165645083934,1.0111069307440728,0.9664214203146666,0.746268656716418
B0033,182,73,24.0,1.5659920939439786,3.362373596039391,1.8671703949444942,4.196552042597536,0.34275670121330537,-1.902560854268258,-4.0315013305919996,0.001151032383683202,2.0077333326359894,39.95408175672587,26.400937793835165,54.90254753232506,7.488263431059493,3159.172,250,1.1610848192311252,1.3487318652404607,1.539756404636803,False,True,B0033_p1,1,15.95408175672587,30.90254753232506,0.9636604520945143,0.9699618035953342,0.9992227354202126,0.8930354556517122,1.2992155406258121,1.045027309698304,1.0006235327723962,0.9689133457096406,0.746268656716418
B0033,184,74,24.0,1.5416252851780505,3.368466070250841,1.9378745892006957,4.197202431807518,0.3512531359107207,-1.8857964938998257,-4.031293666591443,0.0038625310544471688,2.0071048477536606,38.629206981182826,25.257433005197253,53.80008363828377,7.620423270466762,3141.047,248,1.1610848192311252,1.327745621718593,1.5293174002138357,False,True,B0033_p1,1,14.629206981182826,29.800083638283773,0.9654065627765324,1.006691374698318,0.9993775967632602,0.9151724916441883,1.1913247873994162,1.0077454358973061,1.0182834677647772,0.9633544352131601,0.7402985074626866
B0033,186,75,24.0,1.517590655990168,3.36347185491077,1.8429746742692776,4.197066813581793,0.36393837904828386,-1.8764237604426466,-4.031684082152135,0.001569384056081329,2.0056110052244547,37.93003488357471,24.144932499594788,53.54505652293522,7.776892574040141,3135.0310000000027,247,1.1610848192311252,1.3070454723498344,1.517590655990168,False,True,B0033_p1,1,13.930034883574713,29.54505652293522,0.9639752144522,0.957392557141467,0.9993453052980034,0.9482232586906262,1.1343879314502194,0.9991212181050986,1.0391917689688495,0.9615093369760946,0.7373134328358208
B0033,188,76,24.0,1.5075202042593092,3.363235953553388,1.8767034375876257,4.196924945892409,0.365723618858262,-1.8755057458521922,-4.03165132325304,0.0008096114927767332,2.005922607983801,37.62158369702063,23.791217824179263,53.29577183051126,7.822648924892801,3117.984,245,1.1610848192311252,1.298372159630504,1.5075202042593092,False,True,B0033_p1,1,13.621583697020633,29.295771830511264,0.9639076048299462,0.9749140496575679,0.9993115258001645,0.9528746117976782,1.1092693078148237,0.9906911910595848,1.045305987820587,0.9562810474735557,0.7313432835820896
B0033,192,77,24.0,1.49549282626034,3.3583847581016526,1.823408615215652,4.196262893825219,0.3718556959697032,-1.8746252042601181,-4.030947549189872,0.0005724594774865621,2.0053860979930325,37.78621151878811,23.536626949694146,53.690652187482364,7.91994720165818,3125.328,245,1.1610848192311252,1.2880134177024734,1.4997618811573148,False,True,B0033_p1,1,13.786211518788107,29.690652187482364,0.9625172461833864,0.9472283375392856,0.9991538874649663,0.9688514322593134,1.1226757217796706,1.0040448071867523,1.058307526338292,0.958533441332102,0.7313432835820896
B0033,194,78,24.0,1.4997618811573148,3.3645795285682984,1.914352330463475,4.196791007353091,0.36499575852560945,-1.866968412651517,-4.031045921440598,-0.00046971735595735325,2.0056014996387015,37.780545613375104,23.87189419612585,53.4617189956508,7.8328027825303765,3120.172,244,1.1610848192311252,1.2916901989558893,1.49549282626034,False,True,B0033_p1,1,13.780545613375104,29.4617189956508,0.9642926750992991,0.99447197974049,0.9992796342777248,0.9509782080759704,1.1222143205861368,0.9963030041101569,1.0466628029211933,0.9569521038137653,0.7283582089552239
B0033,196,79,24.0,1.4906966807803954,3.3647328172276567,1.9242052922698998,4.196494518150467,0.36791474971411586,-1.8579558703430965,-4.0311405953415935,0.0008850063194717904,2.0049081586915296,37.48831223397221,23.481284826054356,53.31089209854774,7.8806383797039885,3116.641,243,1.1610848192311252,1.2838826725574972,1.4906966807803954,False,True,B0033_p1,1,13.48831223397221,29.31089209854774,0.9643366078196107,0.9995904181167581,0.9992090385245778,0.9585834937402438,1.0984163888844405,0.9912025111380199,1.0530548622653668,0.9558691513744234,0.7253731343283583
B0033,198,80,24.0,1.4800999425051866,3.360281651978189,1.846946703906843,4.196813869211146,0.3714051933667629,-1.8652023718774091,-4.030716749693109,-0.0015689695942950562,2.0047817832298644,37.84650784146758,23.73608069361077,53.6277468644108,7.909248479362728,3110.844,242,1.1610848192311252,1.2747560884357394,1.4800999425051866,False,True,B0033_p1,1,13.846507841467577,29.627746864410803,0.9630608983262628,0.9594559558765897,0.9992850778152078,0.9676776702413429,1.1275859335149672,1.0019175463042502,1.0568779033825846,0.95409122011108,0.7223880597014926
B0033,200,81,24.0,1.4676091496100632,3.3661837656093314,1.912127707319289,4.196812382131576,0.369239169670545,-1.856568813720333,-4.031853159151112,-0.0008867294806587231,2.004924693025354,37.50067380952265,23.57527253501497,53.311289666668536,7.853390223273005,3101.406,241,1.1610848192311252,1.2639982241623997,1.4742872137206404,False,True,B0033_p1,1,13.500673809522652,29.311289666668536,0.9647524514293445,0.9933163275926746,0.9992847237331659,0.9620342037484716,1.0994230498321935,0.9912159556458963,1.0494138115998124,0.9511965995722783,0.7194029850746269
B0033,204,82,24.0,1.4729818491920503,3.369029139242048,1.9981993087869525,4.194034862013672,0.3673740481850252,-1.8482708540348456,-4.0314744132737514,0.0005495929226884419,2.004556177360747,37.46771056598812,23.46174852080792,53.24781973161767,7.870814879157555,3099.563,240,1.1610848192311252,1.2686255343235515,1.4729818491920503,False,True,B0033_p1,1,13.46771056598812,29.247819731617668,0.9655679390493137,1.0380289933589908,0.9986233805109862,0.9571747229279044,1.0967386986471783,0.9890696013557345,1.051742191322169,0.9506313542180707,0.7164179104477612
B0033,206,83,24.0,1.4742872137206404,3.3652385724141607,1.9676969517090999,4.196764423571106,0.369680551363505,-1.847975231148244,-4.031012283747264,-0.0016654640871866945,2.00435909052933,37.59818541161091,23.510058260020934,53.32567282742489,7.910720175696273,3104.64,240,1.1610848192311252,1.2697497971740936,1.4676091496100632,False,True,B0033_p1,1,13.598185411610913,29.32567282742489,0.9644815578847223,1.0221835614877222,0.9992733045291401,0.9631842016913085,1.1073638759327606,0.9917023490661944,1.0570745596564988,0.9521884625541054,0.7164179104477612
B0033,208,84,24.0,1.4635162808346138,3.3618926452165643,1.8011165493797345,4.196547768827336,0.37740585639799473,-1.8544013778989676,-4.031507871009939,-0.00043566045529616366,2.003781090600978,37.701434924362204,23.73503859952804,53.67135316275077,7.898665980405901,3099.875,239,1.1610848192311252,1.2604731855884224,1.4666759762884336,False,True,B0033_p1,1,13.701434924362204,29.67135316275077,0.9635226109908647,0.9356480059088051,0.9992217178113979,0.983312097884447,1.115771966951347,1.0033921746530117,1.0554638108377337,0.9507270441532376,0.7134328358208956
B0033,210,85,24.0,1.4527095680488362,3.363675541904795,1.935722285136851,4.196047705028354,0.37299549024538353,-1.8463602302715172,-4.03073010593017,0.0007604582300614609,2.0040724318764727,37.53461374251148,23.40402295850063,53.425915759836265,7.93008036735731,3093.25,238,1.1610848192311252,1.2511657580802977,1.4666759762884336,False,True,B0033_p1,1,13.534613742511482,29.425915759836265,0.964033591397873,1.0055732910261985,0.999102649797459,0.971821109283069,1.1021869374102609,0.9950922508813942,1.0596615764666535,0.9486951665234896,0.7104477611940299
B0033,212,86,24.0,1.4557303847230247,3.359060505999303,1.8530896744385115,4.196278080515848,0.3772483897081041,-1.8534144162144512,-4.030697157978195,0.0002271681944951975,2.004061139503259,37.84394106488913,23.62740092704637,53.80241246385534,7.998828356961348,3086.688,237,1.1610848192311252,1.25376747728647,1.4666759762884336,False,True,B0033_p1,1,13.84394106488913,29.80241246385534,0.9627109163708154,0.9626471197856058,0.9991575035017503,0.9829018262933776,1.1273769088859797,1.007824189479653,1.0688480663467057,0.946682610899881,0.7074626865671642
B0033,216,87,24.0,1.459740099618568,3.3651551542737717,1.9965159983729222,4.195876729666962,0.3729695789520775,-1.8376882337108682,-4.030516737306949,6.524393134280241e-06,2.0036458906804833,37.62240216799661,23.353909997972217,53.538703332548565,7.9806916205222285,3094.281,237,1.1610848192311252,1.2572208984570254,1.4635162808346138,False,True,B0033_p1,1,13.622402167996611,29.538703332548565,0.9644576501419971,1.037154543544649,0.9990619395985706,0.971753598703284,1.109335959736743,0.9989063731169686,1.0664245344483219,0.949011372687455,0.7074626865671642
B0033,218,88,24.0,1.448711504158192,3.3585848303538435,1.817348554391127,4.195934498287595,0.38103222959163685,-1.8440924557115652,-4.030351819973078,0.0005780717767777655,2.0027890146942835,37.85402355267617,23.538357384212055,53.85443523479271,7.979391096412967,3088.328,236,1.1610848192311252,1.247722371495249,1.459740099618568,False,True,B0033_p1,1,13.854023552676168,29.85443523479271,0.9625745871395565,0.9440802437481839,0.9990756946333096,0.9927604320114929,1.1281979730513034,1.0095834365546348,1.0662507511618968,0.9471855964565281,0.7044776119402985
B0033,220,89,24.0,1.4666759762884336,3.35905242705326,1.8401196811491933,4.196120687135332,0.37704082003448447,-1.8441168780731472,-4.030995659242972,0.0006474106867621329,2.0032535520824024,38.470904652851125,24.098338542134762,54.312710923117564,7.9437671682646815,3095.687,236,1.1610848192311252,1.2631945160213809,1.4557303847230247,False,True,B0033_p1,1,14.470904652851125,30.312710923117564,0.9627086009348373,0.9559094390053252,0.9991200272491935,0.9823610138821127,1.1784334879675895,1.0250808841087338,1.0614904831554168,0.9494425907927266,0.7044776119402985
B0033,222,90,24.0,1.4689502109504418,3.362682403709533,1.8717606752777658,4.195965348408379,0.3715144653138549,-1.8444990382739714,-4.031351805704019,0.0009585026284419133,2.0034245030842124,39.05355467673962,24.889239990462933,54.717249684368554,7.844587682743447,3102.062,236,1.1610848192311252,1.265153231374764,1.4527095680488362,False,True,B0033_p1,1,15.053554676739623,30.717249684368554,0.9637489567566285,0.9723463725683232,0.9990830402212507,0.9679623728385957,1.225881406144567,1.038761117199439,1.0482375670294728,0.951397793794937,0.7044776119402985
B0033,224,91,24.0,1.471116588522042,3.3650098815184712,1.9004154638642285,4.196021550334557,0.3673486781298291,-1.8447179134276697,-4.033249507760725,-0.0002773212379416356,2.0037870540983755,39.44221992740732,25.760468373583926,55.03279239327084,7.871823507456053,3107.141,236,1.1610848192311252,1.2670190533506598,1.448711504158192,False,True,B0033_p1,1,15.442219927407322,31.03279239327084,0.9644160147897524,0.9872320254761794,0.9990964222171943,0.9571086225169663,1.2575322364128663,1.049431782711211,1.0518769698620252,0.9529555155279923,0.7044776119402985
B0033,228,92,24.0,1.4473012364654927,3.3557747858772635,1.7953236556353753,4.19600538145272,0.3852001543830487,-1.842164817595224,-4.030676382405292,-0.0003757893119659039,2.0026031899148418,38.22999069332894,23.839840978745034,54.39303449657184,8.098645814983183,3090.719,234,1.1610848192311252,1.246507759376185,1.448711504158192,False,True,B0033_p1,1,14.229990693328944,30.393034496571843,0.9617692248996506,0.932638700663002,0.999092572315138,1.003619751762339,1.1588147367954664,1.0277971756307993,1.0821862319170956,0.9479189125942983,0.6985074626865672
B0033,230,93,24.0,1.4205315547561643,3.3539193468726696,1.7802670666869505,4.195641283102845,0.3894644921960091,-1.8405597937226963,-4.0313459795279805,0.0011390059731761835,2.002408726418944,37.758104647901995,23.311906261783754,54.05963088053671,8.140815503172398,3069.812,232,1.1610848192311252,1.2234520090417216,1.4473012364654927,False,True,B0033_p1,1,13.758104647901995,30.05963088053671,0.9612374537746016,0.9248170705579243,0.9990058784423038,1.0147302708225632,1.1203868477466534,1.0165225102154503,1.0878211808956244,0.9415067668425787,0.6925373134328359
B0033,232,94,24.0,1.4241466094817417,3.3605316490849235,1.921681538108464,4.200886512488945,0.3830845622863062,-1.8322958668074303,-4.030606905484439,0.0006788417969062631,2.00279631730945,37.428049618035296,22.959689226191127,53.59788130809244,8.113453560638643,3064.437,231,1.1610848192311252,1.2265655238045545,1.4448965388921615,False,True,B0033_p1,1,13.428049618035296,29.59788130809244,0.9631325478078023,0.998279372726961,1.0002547971741305,0.9981076822815682,1.0935089220469338,1.0009075867875024,1.0841649254962644,0.939858262350519,0.6895522388059702
B0033,234,95,24.0,1.4412820083364295,3.3547493929832592,1.7788153560287199,4.201002724229119,0.3856268907367188,-1.8406157622829122,-4.03028398584487,-0.00030955470158761686,2.0022246082822415,38.5029228575476,23.727399195198654,54.608136974659445,8.061031578861687,3083.25,232,1.1610848192311252,1.2413236177619238,1.4412820083364295,False,True,B0033_p1,1,14.502922857547603,30.608136974659445,0.9614753460216535,0.9240629326966083,1.0002824678456068,1.004731592005561,1.1810408802173544,1.0350712673137,1.0771600078563457,0.9456281814219831,0.6925373134328359
B0033,236,96,24.0,1.4448965388921615,3.3635996156389574,1.9534408897799111,4.195465495994929,0.3738756498532184,-1.8326291343034717,-4.0314946704187635,0.0037097669022184755,2.0031056773858547,38.83348222581879,24.365750283300006,54.5574027155619,7.89074590861729,3076.484,231,1.1610848192311252,1.2444366810763898,1.431360032946153,False,True,B0033_p1,1,14.833482225818791,30.5574027155619,0.9640118308357067,1.014777790927926,0.9989640225394005,0.9741143211550665,1.2079598765535946,1.0333555936709755,1.0544054866633918,0.9435530593023038,0.6895522388059702
B0033,240,97,24.0,1.4540256354795746,3.3569917985687048,1.8222744588584345,4.193707044291354,0.3812084332514825,-1.8392992395990233,-4.031940850232371,0.0001689831792566717,2.0026775268296646,39.052180409304285,24.816618308100914,54.99418815591436,8.03433277720427,3081.297,230,1.1610848192311252,1.252299238950033,1.431360032946153,False,True,B0033_p1,1,15.052180409304285,30.994188155914358,0.9621180222497786,0.94663916348812,0.9985453252604165,0.9932195218413948,1.2257694931159018,1.0481263083885715,1.0735923650401988,0.945029199231659,0.6865671641791045
B0033,242,98,24.0,1.4226030447542912,3.356737655890981,1.8129227899512983,4.195380315548316,0.38679745012207933,-1.8297056790119524,-4.0307098776684045,-0.001894919900349489,2.0016163004546823,38.021927947894824,23.75195107892012,54.16320225337546,8.081541564489562,3065.953,229,1.1610848192311252,1.2252361078119551,1.4241466094817417,False,True,B0033_p1,1,14.021927947894824,30.16320225337546,0.9620451846424406,0.9417811378551345,0.998943740594126,1.0077814259850937,1.141871213726248,1.0200249694546513,1.0799006665504498,0.9403232172919074,0.6835820895522388
B0033,244,99,24.0,1.410196954589097,3.3595402684946825,1.9001242255219513,4.195068887696935,0.3851969296789594,-1.820934982680164,-4.030808108637904,3.304886982542884e-05,2.0015267137277344,37.73309166360951,23.28809737074453,53.87733726225828,8.082913609717249,3055.828,228,1.1610848192311252,1.2145511949100627,1.4241466094817417,False,True,B0033_p1,1,13.733091663609507,29.87733726225828,0.9628484168983417,0.9870807323384367,0.998869587864365,1.0036113499569899,1.118349923377971,1.010357911349114,1.0800840068876976,0.9372178948766321,0.6805970149253732
B0033,246,100,24.0,1.4144881298999457,3.3577795891012125,1.8618268075580215,4.200794831783912,0.3865805426841337,-1.8285914763057718,-4.031586804182261,-0.000513848429161021,2.0018328351660446,37.88253804875795,23.291842691910556,54.005408924827464,8.102137722287488,3051.468,227,1.1610848192311252,1.2182470276690252,1.4230376757726733,False,True,B0033_p1,1,13.88253804875795,30.005408924827464,0.9623438039956281,0.9671859050093852,1.0002329674806252,1.0072162844955346,1.1305200419116406,1.0146888936036762,1.0826528400506257,0.9358806893723752,0.6776119402985075
B0033,248,101,24.0,1.431360032946153,3.3555412354678467,1.7571531937270366,4.201229193181646,0.38585742464607997,-1.837054902454502,-4.030442133532166,0.01303696830083582,2.0018041866495224,39.09683297382756,24.426091446526485,55.01715436055076,7.963381302613456,3069.0,228,1.1610848192311252,1.2327781822985209,1.4226030447542912,False,True,B0033_p1,1,15.09683297382756,31.017154360550762,0.9617022890620057,0.9128098247463078,1.000336391381866,1.0053322365854065,1.2294057604136408,1.0489029534538385,1.0641114332041208,0.9412577276523364,0.6805970149253732
B0033,252,102,24.0,1.4515133236517528,3.3594857050424136,1.8292747932433169,4.195456528334941,0.3771662941760961,-1.837816023009627,-4.0318254325257525,-0.00037752628276502585,2.002625810646676,39.85321278395099,25.492988144527537,55.56824997306065,7.904117788034646,3079.235,228,1.1610848192311252,1.2501354764184673,1.4226030447542912,False,True,B0033_p1,1,15.853212783950987,31.568249973060652,0.9628327789450983,0.9502757126665536,0.9989618872889252,0.9826879304874775,1.2910013081181442,1.0675392799484529,1.0561923117858767,0.9443967869037283,0.6805970149253732
B0033,254,103,24.0,1.4230376757726733,3.358051208135682,1.7807877780971682,4.195112832732734,0.3841695242482834,-1.8280312164109505,-4.032010763539899,0.0014161129125859245,2.001216511857112,39.04623892631281,24.913200438495238,54.92871435196593,7.979887468366579,3070.344,227,1.1610848192311252,1.2256104396533358,1.4226030447542912,False,True,B0033_p1,1,15.04623892631281,30.92871435196593,0.9624216503485328,0.9250875708721832,0.9988800514255062,1.00093449645223,1.2252856503504832,1.0459121895323713,1.0663170791513388,0.9416699304499789,0.6776119402985075
B0033,256,104,24.0,1.396298696255913,3.3644871236228617,1.93715684685712,4.194675647244639,0.38274776524006726,-1.8096060815655475,-4.03093756328432,0.0005979681982448676,2.0007574709880567,37.820538353520355,23.69390974754839,53.80101502575858,8.027142787704173,3051.4839999999967,225,1.1610848192311252,1.202581131997357,1.4144881298999457,False,True,B0033_p1,1,13.820538353520355,29.80101502575858,0.9642661917270765,1.0063185203193195,0.9987759550924056,0.9972301744091168,1.1254711165773579,1.0077769325027581,1.0726315985339963,0.9358855965485366,0.6716417910447762
B0033,258,105,24.0,1.3979060730399124,3.361244790495099,1.8780478013995328,4.200892254113164,0.3880300769288949,-1.8091575935883184,-4.0314226876275026,-0.00048643399090013585,2.000251443948351,37.73310595477053,23.224748300881917,53.90914216170243,8.106585485394573,3054.812,225,1.1610848192311252,1.2039655069864845,1.4144881298999457,False,True,B0033_p1,1,13.73310595477053,29.909142161702427,0.9633369350224017,0.9756124227418971,1.0002561642872745,1.010992973529391,1.1183510871740938,1.0114334533725207,1.083247174968744,0.9369062891903189,0.6716417910447762
B0033,260,106,24.0,1.4011347560096767,3.35671886762914,1.8094020919691347,4.2008538258066634,0.3919573361218271,-1.8167109753774657,-4.031633986852976,9.320912670401476e-05,2.0003959942018437,38.006666099531806,23.380069687751234,54.23260277977909,8.12919384285278,3046.532,224,1.1610848192311252,1.2067462538503548,1.410355528453481,False,True,B0033_p1,1,14.006666099531806,30.232602779779093,0.962039799903243,0.9399521978858955,1.0002470142905273,1.0212252510907274,1.1406283699904405,1.0223718777580322,1.0862682298125386,0.9343668255262717,0.6686567164179105
B0033,264,107,24.0,1.436782528945267,3.359022917654344,1.8197773356081153,4.194606941815903,0.38122568694022213,-1.8264479842957801,-4.0311970185789185,-0.0013045268594984534,2.001331893824129,39.784628994566496,25.56118395535826,55.63045478699343,7.978315221363875,3071.782,225,1.1610848192311252,1.2374483802972378,1.4011347560096767,False,True,B0033_p1,1,15.784628994566496,31.630454786993432,0.9627001435044275,0.9453419523828896,0.9987595959419069,0.9932644754651482,1.2854162091847148,1.0696428518072603,1.0661069867360917,0.9421109629075756,0.6716417910447762
B0033,266,108,24.0,1.4370006879546382,3.360671828990881,1.8363818810073882,4.194748069677628,0.3781361498029027,-1.8267902000568095,-4.03123727157494,-0.0007028351888993262,2.0015829394728577,40.35944876635067,26.312089772492193,56.16713312985831,7.920626675931755,3074.532,225,1.1610848192311252,1.2376362726938637,1.4011347560096767,False,True,B0033_p1,1,16.359448766350667,32.16713312985831,0.9631727235430949,0.9539677183263552,0.9987931992826031,0.9852148408543229,1.3322264732882028,1.0877916314258584,1.0583983214811594,0.9429543838104898,0.6716417910447762
B0033,268,109,24.0,1.410355528453481,3.358394883350331,1.75385880069876,4.1950937664854155,0.3888444978959193,-1.8243917057977057,-4.033637600592424,-0.001465045103962018,2.00072370204151,39.40096297699252,25.36471836345822,55.53601912262827,8.026380135579537,3053.656,223,1.1610848192311252,1.2146877687948963,1.4011347560096767,False,True,B0033_p1,1,15.400962976992517,31.536019122628268,0.9625201480922434,0.9110984461746944,0.9988755116443699,1.0131149066580631,1.254172489863044,1.066449333597544,1.072529688702664,0.9365517457125848,0.6656716417910448
B0033,270,110,24.0,1.382633397996189,3.3625185980231946,1.977912246538546,4.19415713586591,0.3855210477712719,-1.8064502971208865,-4.030551182286183,0.0011641828137736122,2.0006623399431587,38.23202468655914,23.983037377275263,54.42859597766174,8.096073701491823,3031.953,221,1.1610848192311252,1.1908117090978538,1.4011347560096767,False,True,B0033_p1,1,14.232024686559143,30.428595977661743,0.9637020098433116,1.0274902254236198,0.9986524946055723,1.00445582344862,1.158980374383044,1.0289997534724284,1.0818425317639013,0.9298954679467853,0.6597014925373135
B0033,272,111,24.0,1.3699403583067564,3.352730063565273,1.8406238091435183,4.194421518890087,0.39591040515529957,-1.813345064617239,-4.030891041828917,-0.0004235104166668178,2.0004022987217414,38.186119358463095,23.552284850244476,54.60293074972065,8.228322525821659,3023.5,220,1.1610848192311252,1.1798796570382655,1.4011347560096767,False,True,B0033_p1,1,14.186119358463095,30.60293074972065,0.9608966037004086,0.9561713245300434,0.998715445696357,1.0315247749017376,1.155242088684792,1.0348952091024541,1.099514357418036,0.927302945440482,0.6567164179104478
B0033,276,112,24.0,1.3786129327882322,3.348905668243179,1.793591568720353,4.193864909249693,0.39908162438253303,-1.8127387092209186,-4.030314032706555,-0.0009980734385136945,1.9998089216563328,38.7565059715467,23.625584537108093,55.29175004355109,8.279536490960465,3042.703,220,1.1610848192311252,1.1873490290753737,1.3961613987822286,False,True,B0033_p1,1,14.756505971546702,31.29175004355109,0.9598005272473284,0.9317389123241189,0.9985829137983154,1.0397872281157492,1.2016913399286457,1.058188918876606,1.1063578531358709,0.9331924769309048,0.6567164179104478
B0033,278,113,24.0,1.8035959863147193,3.457384162912773,1.880422567759453,4.4683580435456935,0.35438006836190017,-1.5628707519379117,-4.031780531813977,-0.0006817634924289966,1.9595646386745897,39.21824541685028,26.039592093750475,57.637403832441095,9.122570871871686,4424.203,320,1.1610848192311252,1.5533714302707595,1.3946003892958663,False,True,B0033_p1,1,15.21824541685028,33.637403832441095,0.9908905986596691,0.9768460716192693,1.0639412788849896,0.9233195578764349,1.2392929438445495,1.137511578793988,1.2190088099621348,1.3568964687040241,0.9552238805970149
B0033,282,114,24.0,1.4234424290662009,3.376673863925851,1.9260869684651196,4.192884657368934,0.370999676604148,-1.7979194894124642,-4.031488800527161,0.0016532345000100357,1.99956792608517,39.05310062274121,25.43001252418307,54.65393012817871,7.760490445385045,3066.766,222,1.1610848192311252,1.2259590389001984,1.384968608315797,False,True,B0033_p1,1,15.053100622741212,30.653930128178708,0.9677589266461737,1.0005679154255411,0.998349510290924,0.9666211165821604,1.2258444304025586,1.0366198482510733,1.0370000250390385,0.9405725631806598,0.6626865671641791
B0033,284,115,24.0,1.3946003892958663,3.373391130621014,1.9774094380313447,4.19449660552562,0.374624966845218,-1.7963463690245949,-4.030424136743857,-0.0012105644915354078,1.999581278335752,38.41375319607374,24.58804964923043,54.152949724280695,7.847228492923806,3046.125,220,1.1610848192311252,1.2011184421646095,1.382633397996189,False,True,B0033_p1,1,14.413753196073742,30.152949724280695,0.9668180912005314,1.0272290253489889,0.9987333242482227,0.9760666291304005,1.1737793773802925,1.0196782610518473,1.0485904468174743,0.9342419992326404,0.6567164179104478
B0033,286,116,24.0,1.3961613987822286,3.364186626496377,1.8428005555738187,4.194231055547011,0.3849816380373533,-1.8032850146688266,-4.03138524080446,0.0008091559133542712,1.999286011524218,38.46902673499884,24.36691079224096,54.53515875704883,7.979033482557713,3033.625,219,1.1610848192311252,1.2024628826916985,1.3796301360966086,False,True,B0033_p1,1,14.469026734998842,30.535158757048833,0.9641800688771045,0.9573021055767119,0.998670095298999,1.0030504183440436,1.1782805603284494,1.0326033727060977,1.0662029648036169,0.9304082678557573,0.6537313432835821
B0033,288,117,24.0,1.384968608315797,3.358003989298615,1.7746653306163975,4.200536096823805,0.39300590337543684,-1.8108049336910572,-4.031183913719146,-0.0002153001521686967,1.999678269598349,38.5100324254832,24.0439834251731,54.77734925210607,8.097415379201284,3028.562,218,1.1610848192311252,1.1928229405608184,1.3796301360966086,False,True,B0033_p1,1,14.510032425483203,30.77734925210607,0.9624081173711357,0.9219070683230077,1.0001713612257848,1.0239572406675732,1.1816198456062696,1.0407934962297138,1.082021814223959,0.9288554532988645,0.6507462686567164
B0033,290,118,24.0,1.3715114742475478,3.36155800725267,1.8460476497404992,4.1938611255659515,0.38917714140834836,-1.8013083911049832,-4.031896597974894,-0.0005973093675214711,1.9990375430418874,38.40063671961678,24.128299966080764,54.64702813763124,8.07096033472011,3020.984,217,1.1610848192311252,1.1812328018858846,1.3796301360966086,False,True,B0033_p1,1,14.400636719616777,30.64702813763124,0.9634267033344537,0.9589889132311633,0.9985820128818537,1.013981592705747,1.1727112413188763,1.0363864445614313,1.0784867436014962,0.9265312919889429,0.6477611940298508
B0033,294,119,24.0,1.3616865084879255,3.3646263159375533,1.9599501667839596,4.1912968364535725,0.3855836688381699,-1.7919918693222388,-4.032512009214244,-0.00023761776598243457,1.9990449313312821,38.39044541549165,24.005545419243067,54.505104228610136,8.058114739443537,3017.391,216,1.1610848192311252,1.1727709172785838,1.3715114742475478,False,True,B0033_p1,1,14.390445415491648,30.505104228610136,0.9643060844174848,1.0181592445328265,0.9979714411660091,1.004618979508918,1.1718813157298946,1.0315870227444743,1.0767702435017674,0.9254293242419717,0.6447761194029851
B0033,296,120,24.0,1.3796301360966086,3.360892538206702,1.9111619475065968,4.193746611615085,0.3891486270818432,-1.7916249952930718,-4.031454503778134,0.00022613268492599982,1.9985722497704745,38.413629652125955,24.06291912766938,54.421332192558104,8.147095647922125,3022.14,216,1.1610848192311252,1.1882251091786773,1.364231776003204,False,True,B0033_p1,1,14.413629652125955,30.421332192558104,0.9632359790786935,0.9928146325506501,0.9985547464635971,1.013907300053049,1.1737693166184535,1.0287541150247521,1.0886603688707335,0.926885835466677,0.6447761194029851
B0033,298,121,24.0,1.364231776003204,3.3571675251434945,1.7914848144741025,4.1937859295628215,0.3958154890152153,-1.798733884420521,-4.031553638984478,-0.0006022008614266423,1.998437728101203,38.44024987650422,23.993771659591523,54.599932749714995,8.157427771476502,3009.016,215,1.1610848192311252,1.174963063341577,1.3616865084879255,False,True,B0033_p1,1,14.440249876504218,30.599932749714995,0.9621683857045434,0.9306444909719176,0.9985641082889456,1.0312774756422078,1.1759371260690104,1.0347938261379233,1.0900410048575953,0.92286072421946,0.6417910447761194
B0033,300,122,24.0,1.3418414512081456,3.3650892446963074,1.8461845656811995,4.200650322742635,0.3929647343129605,-1.7887872050368798,-4.030568780479417,-0.00036577009441577936,1.9975287970749995,38.18714693456589,23.84649793943182,54.621715057959925,8.107567275710936,3014.672,214,1.1610848192311252,1.1556790933643575,1.3594078914195438,False,True,B0033_p1,1,14.187146934565888,30.621715057959925,0.9644387603751695,0.9590600386266506,1.0001985590619873,1.0238499767327263,1.1553257690157746,1.0355304355375337,1.0833783672677122,0.924595410992872,0.6388059701492538
B0033,302,123,24.0,1.3552215695792247,3.363027417163423,1.8424801617142232,4.2006243085499655,0.3936844525961825,-1.7888403713952685,-4.031930484527798,-0.0005802290015531244,1.9977877973830351,38.18649962226669,23.796715031824885,54.55731341596549,8.109228787423824,3010.703,214,1.1610848192311252,1.167202901228747,1.3552215695792247,False,True,B0033_p1,1,14.186499622266687,30.55731341596549,0.9638478380413692,0.9571356666663932,1.0001923649358344,1.025725166751544,1.1552730553459072,1.0333525738384877,1.083600387731495,0.9233781246060841,0.6388059701492538
B0033,306,124,24.0,1.3403860264029774,3.3583632498611675,1.8293764049246997,4.193697387023266,0.39719405190282947,-1.7886164084551721,-4.031179334434039,-0.0007041902435054734,1.9974157830244919,38.536213089297746,23.946035304437792,55.041315475822266,8.190043773510492,3011.75,214,1.1610848192311252,1.1544255890715944,1.353154941842234,False,True,B0033_p1,1,14.536213089297746,31.041315475822266,0.9625110818949283,0.9503284981273811,0.9985430258103589,1.0348692523518306,1.1837518595830323,1.0497200066519632,1.094399336997033,0.9236992379462119,0.6388059701492538
B0033,308,125,24.0,1.3594078914195438,3.3574236498195957,1.7818288008009142,4.200544185864463,0.39762532053028093,-1.7964130441048565,-4.032120605609321,-0.00031269734274531,1.9980526855763274,38.552272664006516,23.99283114623448,54.87421915377841,8.167879211510224,3005.734,213,1.1610848192311252,1.1708084275184554,1.353154941842234,False,True,B0033_p1,1,14.552272664006516,30.874219153778412,0.96224179135508,0.9256283636471989,1.000173287272037,1.0359929012078883,1.1850596659084374,1.0440693327163173,1.0914375845780313,0.9218541397091455,0.6358208955223881
B0033,310,126,24.0,1.3457100861355502,3.360766302094452,1.8799745135000576,4.193351413646578,0.39311593973460496,-1.787019212781781,-4.030698456939857,-0.0005113119151110541,1.9976981859069136,38.45551116751203,24.041323148061142,54.605029117345865,8.110041018927426,2993.75,212,1.1610848192311252,1.1590110075047615,1.353154941842234,False,True,B0033_p1,1,14.455511167512029,30.605029117345865,0.9631997996520096,0.9766133154023067,0.9984606475959754,1.0242439349022887,1.1771799244167749,1.034966169319305,1.0837089226360221,0.9181786647635002,0.6328358208955224
B0033,312,127,24.0,1.3477611420854358,3.3594711162840047,1.8632410129416257,4.200351692306739,0.39573600848157126,-1.78684609892111,-4.031396914149324,0.0001748701902038797,1.9974373452257463,38.45383838785278,23.858662321645557,54.77196645266215,8.172863693811086,2998.125,212,1.1610848192311252,1.1607775071746511,1.3477611420854358,False,True,B0033_p1,1,14.453838387852777,30.77196645266215,0.9628285977888044,0.9679205595477439,1.0001274534691085,1.0310703930838598,1.1770437021407152,1.0406114668220852,1.0921036389088985,0.9195204707454093,0.6328358208955224
B0033,314,128,24.0,1.335482103134067,3.352476127724087,1.7604885282268967,4.20027821207153,0.4036823632656855,-1.7942781727538535,-4.031628150086961,0.0013670482188568862,1.9974768033886328,38.59571101696619,23.80241741126216,55.081324460303485,8.243717858453419,2990.859,211,1.1610848192311252,1.1502020188485698,1.3477611420854358,False,True,B0033_p1,1,14.595711016966192,31.081324460303485,0.9608238253726795,0.9145424716840685,1.0001099574102297,1.0517742233526235,1.188597054276189,1.0510729851199176,1.101571567646819,0.9172919993706546,0.6298507462686567
B0033,318,129,24.0,1.353154941842234,3.3599659156305464,1.8980864731881966,4.192818631069228,0.39221309090107487,-1.7787288593777348,-4.031721300872744,-0.0007881046866446979,1.9968415832212423,39.84838963202564,25.018212536384507,56.28817834549751,8.127968164883393,3024.453,213,1.1610848192311252,1.1654229901466615,1.3477611420854358,False,True,B0033_p1,1,15.848389632025643,32.28817834549751,0.9629704078965645,0.9860221562522472,0.9983337890561741,1.0218916073866426,1.2906085362850952,1.0918850012659653,1.0861044478848512,0.9275952291206555,0.6358208955223881
B0033,320,130,24.0,1.3709677706044292,3.352934086228004,1.765463647928582,4.193616398463828,0.395712714382974,-1.7963772790558135,-4.032692621747669,0.004446209003571594,1.9979959121188025,40.8588418858713,26.569649055205225,57.273543680267444,8.16492989238998,3030.765,213,1.1610848192311252,1.18076452977164,1.353154941842234,False,True,B0033_p1,1,16.8588418858713,33.273543680267444,0.9609550768491499,0.917126957862735,0.9985237419770886,1.0310097014740935,1.3728943921102486,1.1252069687764903,1.091043480104472,0.9295311101167264,0.6358208955223881
B0033,322,131,24.0,1.357426672491866,3.343287590707508,1.7789329307031558,4.2001549210390445,0.40255144015526895,-1.805219032161489,-4.031807157333931,7.383941816730437e-05,1.9990864810092874,40.645674557350794,25.824609859809243,57.229192207488595,8.42666172891495,3020.813,212,1.1610848192311252,1.1691020759282333,1.353154941842234,False,True,B0033_p1,1,16.645674557350794,33.229192207488595,0.9581903792422692,0.9241240106483485,1.0000806011192835,1.0488276597066237,1.3555351789514734,1.1237071409635646,1.1260175481662802,0.9264788465437072,0.6328358208955224
B0033,324,132,24.0,1.3443678821106904,3.3304566806630636,1.9751406850610134,4.199721786449104,0.41225923063656894,-1.8050690579203057,-4.030914484032776,0.0009182756131508166,2.000531159820924,40.22816795562337,24.628591970930444,57.19704022437858,8.935122735722327,2998.156,210,1.1610848192311252,1.157855016139937,1.353154941842234,False,True,B0033_p1,1,16.22816795562337,33.19704022437858,0.9545130244745605,1.0260504485415518,0.9999774693279053,1.0741208226561758,1.3215356624923413,1.1226198616583303,1.1939609443345185,0.9195299783992239,0.6268656716417911
B0033,326,133,24.0,1.33005823859453,3.320924665615561,1.7718580087129037,4.198848421060828,0.421376906961979,-1.8114911161465173,-4.032022945808555,-0.0009245669377489984,1.9994061344207872,40.06014962782639,24.087009042742764,57.01987269382395,8.890291081661237,2986.766,209,1.1610848192311252,1.145530642175909,1.353154941842234,False,True,B0033_p1,1,16.06014962782639,33.01987269382395,0.9517811371135404,0.9204487145358234,0.9997695160978639,1.0978764726636725,1.307853143754353,1.1166286110137764,1.1879702886264714,0.9160366823686081,0.6238805970149254
B0033,330,134,24.0,1.4033641858066626,3.340032080385694,1.9154948072138342,4.177372245766921,0.3945176774652356,-1.8025216435721638,-4.031185839742219,0.0018025099121530847,1.999581868792118,40.062941403566036,24.761878420346935,55.93330356332492,8.336583406013634,3032.328,199,1.1610848192311252,1.2086663804079152,1.353154941842234,False,True,B0033_p1,1,16.062941403566036,31.93330356332492,0.9572573459374,0.9950654760878744,0.9946559175041338,1.0278960925072218,1.3080804911180057,1.0798842483019688,1.1139807801602466,0.9300104798880918,0.5940298507462687
B0033,334,135,24.0,1.3865570950229378,3.365998712772332,1.9395710043147303,4.191445596329994,0.3819533922165759,-1.7876356209052575,-4.03143308473883,0.009679231980644238,1.9982739624674433,40.262388264621016,25.837379779917946,56.299084505467846,8.057268599757132,3047.703,212,1.1610848192311252,1.1941910462158323,1.3443678821106904,False,True,B0033_p1,1,16.262388264621016,32.299084505467846,0.9646994150562376,1.007572632171182,0.9980068617324955,0.9951604751954184,1.3243223824009325,1.0922538134165176,1.076657177596698,0.9347259694816581,0.6328358208955224
B0033,336,136,24.0,1.3704138176872631,3.3457011047959266,1.9213252989145688,4.193389880737777,0.3998232849660851,-1.7957587291291346,-4.0333360487412335,-0.0005724598831902009,1.9990749483501162,39.997401224885536,25.207733349727235,56.50951504855041,8.628691454106098,3034.968,211,1.1610848192311252,1.180287430331538,1.33005823859453,False,True,B0033_p1,1,15.997401224885536,32.50951504855041,0.9588820953800362,0.9980943128031546,0.9984698068275781,1.0417195877015044,1.3027432476479326,1.0993699148992804,1.1530138870647368,0.9308201639548895,0.6298507462686567
B0033,338,137,24.0,1.325319393635713,3.346323103330572,1.9978451295419197,4.200380611368274,0.40450221346117554,-1.7944892722865402,-4.031093353153527,0.00032011412181143147,1.9995782333590355,39.574089613864224,24.472552841440898,56.69165778744567,8.729156220607756,3011.7339999999967,209,1.1610848192311252,1.1414492478795344,1.325319393635713,False,True,B0033_p1,1,15.574089613864224,32.69165778744567,0.959060360933217,1.0378450035419724,1.0001343392609394,1.0539103020647358,1.2682710021152568,1.1055294114977303,1.1664385496051972,0.9236943307700485,0.6238805970149254
B0033,340,138,24.0,0.8439684993200656,3.5025083166259967,1.4425192802033469,4.2006020565736515,0.41218255255752817,-1.3524928232333502,-4.031452965753613,0.0005934151940269159,1.895242462436493,35.98333032061264,24.19994758367089,55.51714083426434,7.855069496009218,3002.922,208,1.1610848192311252,0.7268792816350357,0.8439684993200656,False,True,B0033_p1,1,11.983330320612637,31.51714083426434,1.0038232372037288,0.7493631039435347,1.0001870666146375,1.073921041753243,0.9758586685459937,1.0658109290491802,1.0496382053906117,0.9209917034986019,0.6208955223880597
B0033,342,139,24.0,0.29866180371583506,3.8878704029237765,1.5585045696383768,4.193070577827655,0.36017595017568677,-0.40980761010481126,-4.030231487651757,-0.0016955070928297298,1.205953481715517,30.119688488829738,24.213134568912988,45.807200259053744,4.453036982314283,2986.718,206,1.1610848192311252,0.25722651676180736,0.4304242256752923,True,False,B0033_p1,-1,6.119688488829738,21.807200259053744,1.1142684901462436,0.8096153984505247,0.9983937790018677,0.9384204382914827,0.49835487304837317,0.7374511695171067,0.5950396427465171,0.9160219608401208,0.6149253731343284
B0033,346,140,24.0,0.2344867974702557,3.9545425965879493,1.203791745361808,4.189611396704824,0.3591124647664468,-0.326358504964012,-4.029552223712936,-0.0015144925866869634,1.0839194837301667,30.940513967139797,25.680048766514137,46.034595491761756,3.850691352007321,3006.203,207,1.1610848192311252,0.2019549248999171,0.4304242256752923,True,False,B0033_p1,-1,6.940513967139797,22.034595491761756,1.1333768237247104,0.6253483965072321,0.9975701284457007,0.9356495802056812,0.5651985331112572,0.7451409636360705,0.5145508594529397,0.9219979813104062,0.6179104477611941
B0033,348,141,24.0,0.20256330380725823,3.987610232479158,1.5484910888494308,4.191309904018761,0.32446435124036727,-0.27160058588744834,-4.0307560097076385,0.0005611212781108235,0.995495672377125,31.002948619577534,26.35050371923943,44.981619190674095,3.2958985378251056,3011.609,207,1.1610848192311252,0.17446038433384775,0.3994839380247729,True,False,B0033_p1,-1,7.002948619577534,20.981619190674095,1.1428540492745882,0.8044135733184364,0.9979745526270609,0.8453756519623971,0.5702828790458945,0.7095326051358314,0.44041634872229846,0.9236559934562806,0.6179104477611941
B0033,350,142,24.0,0.23531995654070248,3.9673029925231815,1.9233358352697387,4.191105087223256,0.3281488227609347,-0.31706142589910496,-4.029588332092749,0.0020427643674527127,1.0759256515019737,30.353188245577265,25.446671381322208,44.437719613927904,3.7196121203713166,2985.953,205,1.1610848192311252,0.20267249441477692,0.3994839380247729,True,False,B0033_p1,-1,6.353188245577265,20.437719613927904,1.1370339690610691,0.999138750672636,0.9979257845916387,0.8549753583767672,0.5173698509909829,0.6911396260185413,0.49703532129910194,0.9157873364798556,0.6119402985074627
B0033,352,143,24.0,0.23550427837482876,3.949305726224602,1.477441018016571,4.1909851193067675,0.3678516473135853,-0.33378469731868937,-4.029344942221334,-0.0005830301018698171,1.096931818063473,29.92194766382464,24.511732333648254,46.16094346830902,4.133286716808226,2976.3129999999946,204,1.1610848192311252,0.20283124408669867,0.3994839380247729,True,False,B0033_p1,-1,5.921947663824639,22.16094346830902,1.1318759301690842,0.767504325486952,0.9978972195533742,0.958419083589221,0.4822519122650309,0.7494136562313621,0.5523128285497155,0.9128307628420017,0.608955223880597
B0033,354,144,24.0,0.4304242256752923,3.7530265184592335,1.7051348869638063,4.19146431605178,0.41257888438562323,-0.6350119541631207,-4.029460110530672,-0.0010580291493481368,1.4596640769511753,32.39035931572692,24.153388669349656,51.875290776017344,6.149395675283327,2964.75,203,1.1610848192311252,0.3707086842805514,0.3994839380247729,False,True,B0033_p1,3,8.390359315726919,27.875290776017344,1.0756220652461834,0.885787239777817,0.9980113190039459,1.0749536645245537,0.68326622494782,0.9426549735502543,0.8217165544010109,0.9092844079691315,0.6059701492537314
B0033,358,145,24.0,0.46436333202696434,3.7437278161410794,0.9861339962587278,4.189169176120785,0.42624293448578554,-0.6479270209581071,-4.031115621681116,0.0005532967584950799,1.4684206890323002,32.954165794905116,24.630656697198678,51.767777887259,5.975643315879114,2969.953,203,1.1610848192311252,0.39993919852855153,0.4304242256752923,False,True,B0033_p1,3,8.954165794905116,27.767777887259,1.0729570456034048,0.5122790679348923,0.9974648332278273,1.110554664195899,0.7291796250935243,0.9390192245952693,0.7984987948636726,0.9108801603174452,0.6059701492537314
B0033,360,146,24.0,0.3994839380247729,3.802542903312754,1.3263821081867295,4.191809961918757,0.39812032274160014,-0.5493227175747412,-4.0305675228368925,0.0017587890442776748,1.3708797758930324,32.988995755051256,25.741077212582653,51.02675215928651,5.3380848299245685,2988.453,204,1.1610848192311252,0.3440609431870039,0.46436333202696434,False,True,B0033_p1,3,8.988995755051256,27.02675215928651,1.0898135226946466,0.68903190913737,0.9980936192364182,1.03728260473161,0.7320159917482312,0.9139600568321494,0.7133046733643179,0.9165540827552322,0.608955223880597
B0033,362,147,24.0,1.461469789426299,3.2312787223699537,1.8345225826317897,4.190743825523512,0.43391459620268436,-1.925947099684237,-4.0317416053878485,-0.001221361317101788,2.008360379751231,45.33521672468352,26.690929983204757,61.13715999731606,9.785290361180978,3001.235,205,1.1610848192311252,1.2587106171916793,1.3557042566115398,False,True,B0033_p1,3,21.33521672468352,37.13715999731606,0.9260884983483955,0.9530018458967685,0.9978397661412166,1.1305427954058938,1.737426544128299,1.2558623641379356,1.3075650850898595,0.9204743031119779,0.6119402985074627
B0033,364,148,24.0,1.4150999545382532,3.337618232944289,1.9860807469381487,4.1981379242882495,0.3894910624653105,-1.8473131233384892,-4.030688221689322,-0.00039125329233729,2.0048111570171168,40.620147730266055,25.509244622856254,56.348749401178914,8.328219461109876,2976.234,203,1.1610848192311252,1.2187739699114641,1.3578385793919763,False,True,B0033_p1,3,16.620147730266055,32.348749401178914,0.9565655342602528,1.0317336160652668,0.9996003428047898,1.0147994983313715,1.3534564099594957,1.0939333245408704,1.1128631431841223,0.9128065336597014,0.6059701492537314
B0033,366,149,24.0,1.383632373873956,3.3407978157952662,1.8841219743920603,4.199581881706975,0.39529303029181617,-1.844518264194251,-4.032404761480388,-0.0007412415796344238,2.0034519730809377,39.683995746406474,24.5159742884133,55.51777727453801,8.274241646938961,2950.39,201,1.1610848192311252,1.191672090580086,1.3578385793919763,False,True,B0033_p1,3,15.683995746406474,31.517777274538012,0.9574768066576015,0.9787678475532235,0.9999441572188907,1.0299162355484086,1.2772211728355976,1.0658324514646473,1.1056503265405455,0.9048802173633681,0.6
B0033,370,150,24.0,1.3705402893609833,3.3451260552283553,1.8129527074235323,4.192675713672651,0.39944927328036617,-1.8328005456847734,-4.031245891627729,0.00159909556782185,2.0017132594990388,39.047236578784684,24.017907115256936,54.98845662264607,8.219502761765721,2941.719,200,1.1610848192311252,1.1803963557705976,1.3578385793919763,False,True,B0033_p1,3,15.047236578784684,30.98845662264607,0.9587172854591769,0.9417966794497343,0.9982997596171258,1.0407451189456995,1.225366893860161,1.047932485895926,1.09833581134402,0.9022208345818519,0.5970149253731343
B0033,372,151,24.0,1.3557042566115398,3.357137371109369,1.9644189853209997,4.200041578787561,0.39096896422227406,-1.814347722959519,-4.031735458078508,-0.00045824883523277457,2.0015920769359306,38.66855198329813,23.855110623637202,54.53862414235327,8.145434633062125,2946.969,200,1.1610848192311252,1.16761862196191,1.3609083979571395,False,True,B0033_p1,3,14.66855198329813,30.53862414235327,0.9621597435208812,1.0204807162634537,1.0000536136892657,1.018650097500597,1.194528835051523,1.032720561176659,1.0884384147992052,0.9038310017601427,0.5970149253731343
B0033,374,152,24.0,1.3578385793919763,3.351453240465127,1.8546413788349956,4.199761584906472,0.39674205113121525,-1.8221926476157024,-4.030243674381958,0.0005551964738675975,2.001028562367124,38.84148471879362,23.92708958292775,54.72686731387149,8.162300616948105,2936.171,199,1.1610848192311252,1.1694568363154918,1.3705402893609833,False,True,B0033_p1,3,14.841484718793623,30.726867313871487,0.9605306646128008,0.9634532026150763,0.99998694556531,1.0336915869302516,1.2086115570072358,1.0390863552878074,1.090692141652573,0.9005192712475361,0.5940298507462687
B0033,376,153,24.0,1.3609083979571395,3.346026215342865,1.7877573640818558,4.19986267410377,0.4016384142700474,-1.8306905769975232,-4.031560389126078,-0.0012232327913802765,2.0011800631954957,39.052551352201455,24.018328450267454,55.0046224518596,8.209577453533942,2927.281,198,1.1610848192311252,1.1721007590628376,1.3705402893609833,False,True,B0033_p1,3,15.052551352201455,31.004622451859603,0.958975272466905,0.9287081468037234,1.0000110154739443,1.0464488163913963,1.2257997007319863,1.0484791635766055,1.0970095362899743,0.8977927214922968,0.591044776119403
B0033,378,154,24.0,1.3495626547684758,3.3509794200278593,1.9183209167927542,4.199784078520709,0.39584509031030446,-1.8209388850738168,-4.03102892027672,0.0011206417424785553,2.00146047401992,38.79448240276511,23.850352762005816,54.71731449617404,8.209478735197445,2924.422,197,1.1610848192311252,1.1623290843318075,1.3705402893609833,False,True,B0033_p1,3,14.794482402765112,30.71731449617404,0.9603948670865156,0.9965335897382136,0.9999923014218606,1.03135460033723,1.2047839384478722,1.038763308931582,1.0969963449951534,0.8969158704517761,0.5880597014925373
B0033,382,155,24.0,1.1888877132486642,3.342644131880222,1.8528656809384136,4.044618024605659,0.3702943850577201,-1.568210357203081,-4.03134750995214,0.0003890142355222544,1.9599624754337581,38.509868638012954,25.526490000718884,54.428778601713,7.546349130735397,3023.859,203,1.1610848192311252,1.0239456184053377,1.3705402893609833,False,True,B0033_p1,3,14.509868638012954,30.428778601713,0.9580059631425422,0.9625307591471034,0.9630463879043939,0.9647835147050798,1.1816065076260616,1.0290059292455025,1.0083852679928993,0.927413050205626,0.6059701492537314
B0033,386,156,24.0,1.5041493934608645,3.3518592869527803,1.9484758716380042,4.19403031740486,0.3467701968139109,-1.887501094191758,-4.034595325058306,0.01569426595090528,2.0075772137779606,40.15830993087354,26.506119438399306,54.890003781719805,7.601422294540858,3056.172,205,1.1610848192311252,1.295469003252422,1.4474169057725728,False,True,B0033_p1,3,16.158309930873543,30.890003781719805,0.9606470380408828,1.0121985523298598,0.9986222984139689,0.9034924178635535,1.3158467966098448,1.0446031193646488,1.0157444513650282,0.9373233991641239,0.6119402985074627
B0033,388,157,24.0,1.4899088638712767,3.3468424673944153,1.8283531317172372,4.19296029632327,0.3609908760712789,-1.876137336259163,-4.031575801276517,-0.0005749753718689735,2.0056195985770997,39.45022733421382,25.5108216660997,54.47368119654309,7.750575727819385,3045.078,204,1.1610848192311252,1.2832041545921684,1.4474169057725728,False,True,B0033_p1,3,15.450227334213821,30.47368119654309,0.9592092113194901,0.9497969258999248,0.9983675203530152,0.9405436869863043,1.2581843170228162,1.030524394278998,1.0356751651688794,0.9339208858925127,0.608955223880597
B0033,390,158,24.0,1.475330178643193,3.3508471294894773,1.888528315752074,4.199907627033468,0.3644213731598454,-1.8659348672273262,-4.0307713804325,-0.0011568143663469677,2.005194383470796,38.94097771129498,24.75501289329011,54.12307476528604,7.816143208636778,3034.25,203,1.1610848192311252,1.2706480648159384,1.4474169057725728,False,True,B0033_p1,3,14.940977711294977,30.12307476528604,0.9603569524537766,0.9810568635018417,1.0000217190203136,0.9494816757105374,1.2167137370018086,1.0186679835660553,1.044436657722461,0.9305999544246014,0.6059701492537314
B0033,392,159,24.0,1.459830765413703,3.355670268634571,1.924025874710363,4.199827998046917,0.3658244897830347,-1.8556627342355745,-4.030207437491865,0.0002455394187007352,2.0047272899966373,38.66654129149028,24.41380786568868,53.773029666511476,7.794027412182627,3022.609,202,1.1610848192311252,1.2572989855990095,1.4474169057725728,False,True,B0033_p1,3,14.666541291490283,29.773029666511476,0.9617392701279787,0.9994972138863802,1.000002758909024,0.9531374259511216,1.1943650950078153,1.0068305553584675,1.0414814216277692,0.9270296770679377,0.6029850746268657
B0033,394,160,24.0,1.4474169057725728,3.353308872329983,1.800492506386291,4.200007095257734,0.3715693466529247,-1.8545310784984728,-4.030412870193714,0.005552505991593546,2.0034588986828004,39.336362061944186,24.78386919863203,54.609405212648525,7.767132609323185,3028.828,202,1.1610848192311252,1.2466073811309133,1.4474169057725728,False,True,B0033_p1,3,15.336362061944186,30.609405212648525,0.9610624910118406,0.9353238266753081,1.0000454029661172,0.9681053634248321,1.2489117350261787,1.035114155147863,1.0378875880376195,0.9289370351025645,0.6029850746268657
B0033,398,161,24.0,1.4676323674647154,3.355576427429911,1.793120582655924,4.193196345687703,0.3673193359707011,-1.854560270480603,-4.031449814259553,0.0023509614115073325,2.0033952765937943,40.212462412867474,26.122139084679773,55.29324534393817,7.690955178606594,3037.875,202,1.1610848192311252,1.264018220853656,1.4474169057725728,False,True,B0033_p1,3,16.212462412867474,31.293245343938167,0.9617123751220774,0.9314942434423935,0.9984237250394408,0.9570321729877407,1.3202566866456855,1.0582394852494612,1.0277083347911329,0.9317117365238975,0.6029850746268657
B0033,400,162,24.0,1.441552493165527,3.3638323924431814,1.8969132609228214,4.191982585507099,0.3669760840834832,-1.8335819983714545,-4.030133558981981,0.0011926590997259788,2.0028254627059234,39.15441493084491,25.592715158783705,54.26200652741747,7.7528005373942,3023.187,200,1.1610848192311252,1.2415565764783048,1.441552493165527,False,True,B0033_p1,3,15.154414930844908,30.26200652741747,0.9640785449571416,0.9854126933515903,0.9981347218874493,0.9561378473497011,1.2340949286501672,1.0233662203525202,1.035972456635318,0.9272069488068048,0.5970149253731343
B0033,402,163,24.0,1.418392873584403,3.3571376570885594,1.8056023837774513,4.2001706293322,0.38091265454702583,-1.8420750095953933,-4.030903189622477,0.00026217895908664366,2.0027330971377495,38.472340837695874,24.16406348278754,54.01880189925328,7.894413878961915,2996.922,199,1.1610848192311252,1.22161004096468,1.418392873584403,False,True,B0033_p1,3,14.472340837695874,30.018801899253283,0.9621598254828727,0.9379783170763453,1.0000843413525742,0.9924488852085543,1.178550443220669,1.0151418020254959,1.0548956213225331,0.9191515124376981,0.5940298507462687
B0033,404,164,24.0,1.4031824838852518,3.361111422960934,1.862859289057269,4.200074212399141,0.38004224182817214,-1.831467802329813,-4.0308406565332655,0.0012519296856957996,2.0021691980266714,38.10278800382275,23.776630157468176,53.57147874982123,7.880227391420692,2986.469,198,1.1610848192311252,1.2085098871712445,1.4137708903948947,False,True,B0033_p1,3,14.102788003822752,29.57147874982123,0.9632987117213326,0.9677222607806102,1.000061383936435,0.9901810683686939,1.1484560264957544,1.0000147350117563,1.0529999437182636,0.9159455929110933,0.591044776119403
B0033,406,165,24.0,1.3911104661211642,3.3674136761881366,1.9520601805312336,4.200092034422385,0.3748227876978567,-1.8211918432229095,-4.031388046198441,0.0006523352062814771,2.002106273068946,38.13961733869117,23.784295676410316,53.4828168564585,7.807437732951509,2979.219,197,1.1610848192311252,1.1981126986419157,1.412472234540845,False,True,B0033_p1,3,14.139617338691167,29.4828168564585,0.9651049453300232,1.0140605370357725,1.000065627460794,0.9765820414757996,1.1514552115909282,0.9970164676424821,1.0432733834980892,0.9137220287125012,0.5880597014925373
B0033,410,166,24.0,1.4086019958134537,3.3717064606024185,1.9878541604164133,4.192967636550445,0.3695089549839931,-1.8123034655027377,-4.03043168767532,0.006983919876325135,2.0012551398794174,38.75498314355583,24.64643545165862,53.870140403015185,7.7260350215194125,2995.047,198,1.1610848192311252,1.2131775150985398,1.4086019958134537,False,True,B0033_p1,3,14.754983143555833,29.870140403015185,0.9663352626791376,1.0326548728185632,0.998369268102549,0.962737115900066,1.2015673289186983,1.0101145361242971,1.0323958990932822,0.9185764527311656,0.591044776119403
B0033,412,167,24.0,1.4137708903948947,3.3721296388578876,1.9566455890224006,4.2005612724264685,0.36794976293764514,-1.8216175674206458,-4.031090413194844,-0.00039648578534760105,2.0020299250732876,39.165872874745595,25.131749433131866,54.16164128030712,7.656258845954476,2989.828,197,1.1610848192311252,1.2176292954472518,1.4031824838852518,False,True,B0033_p1,3,15.165872874745595,30.161641280307123,0.9664565460931706,1.0164425751734572,1.0001773556789226,0.958674718944354,1.2350280026437939,1.0199721822375325,1.0230720172694219,0.9169757932066893,0.5880597014925373
B0033,414,168,24.0,1.412472234540845,3.370281011025519,1.8936715311451313,4.200390037061694,0.37261804054308995,-1.82079151069233,-4.0306763336775155,0.008161036204110678,2.001469588626346,39.025069457187186,25.28376339726478,54.165344351537804,7.735929112564863,2989.391,197,1.1610848192311252,1.2165108105333677,1.3918615875742792,False,True,B0033_p1,3,15.025069457187186,30.165344351537804,0.9659267270585477,0.9837286724017882,1.0001365835717608,0.9708376829468948,1.223561721409025,1.0200974085012173,1.0337180027327464,0.9168417659577536,0.5880597014925373
B0033,416,169,24.0,1.3831900026575588,3.364268931307196,1.828763483963188,4.2006160691556556,0.3841600945159774,-1.817964724512839,-4.031048376700338,-0.0012978112516847248,2.000430926481003,38.3251245457817,24.130808242407685,53.79228026466776,7.856335678146129,2967.2810000000027,195,1.1610848192311252,1.1912910923885065,1.3911104661211642,False,True,B0033_p1,3,14.325124545781698,29.79228026466776,0.964203657538191,0.9500100965916141,1.0001904030895288,1.00090992775596,1.166561931615633,1.0074815502571988,1.0498073997111153,0.9100606618983236,0.582089552238806
B0033,418,170,24.0,1.3646098107432565,3.3720392126554684,1.9584399411299582,4.200037449743801,0.37886648717943994,-1.798635457145711,-4.030741393214865,-0.0005732784106833572,1.999755140684874,37.878182669376734,23.740864219492018,53.22509160340434,7.814923412227689,2962.609,195,1.1610848192311252,1.1752886508729883,1.3867946911071662,False,True,B0033_p1,3,13.878182669376734,29.225091603404337,0.9664306298311564,1.0173747091721774,1.0000526305406336,0.9871176983900811,1.1301653629859787,0.98830100728897,1.044273661721671,0.9086277664588989,0.582089552238806
B0033,422,171,24.0,1.369751365782437,3.362230190450641,1.8220675972367208,4.1925009960437745,0.3897701435553071,-1.8064428802106411,-4.030600936103562,0.00022552970628239656,1.999312033566599,37.905840036253096,23.480391939037574,53.57857958784029,7.92352013139591,2957.016,194,1.1610848192311252,1.1797168846712607,1.3831900026575588,False,True,B0033_p1,3,13.905840036253096,29.578579587840288,0.9636193518745236,0.9465317025556657,0.9982581583632202,1.015526630164204,1.1324176318038572,1.0002548630997043,1.058784961141358,0.9069124016916263,0.5791044776119403
B0033,424,172,24.0,1.3867946911071662,3.3636193969648573,1.7715995765672343,4.200097022210454,0.3842263561014882,-1.8173405882716633,-4.031272201329734,0.00836540683970329,2.0001351907005267,39.1223902532353,24.865045453897732,54.498255010844275,7.787088231652923,2973.281,195,1.1610848192311252,1.1943956790559944,1.379779043170725,False,True,B0033_p1,3,15.122390253235302,30.498255010844275,0.964017500188298,0.920314463633603,1.0000668150812948,1.0010825690055678,1.231487009280794,1.0313554036649175,1.040554169615323,0.9119008529592266,0.582089552238806
B0033,426,173,24.0,1.3918615875742792,3.3703866336965356,1.8584436263684134,4.191446103300025,0.3756354740453344,-1.8068979814568502,-4.030774601922593,0.0005373748288989599,1.9997472953223747,39.39196447810482,25.5545254991362,54.468132892109516,7.655030803799649,2968.016,194,1.1610848192311252,1.198759612149589,1.377162352180965,False,True,B0033_p1,3,15.391964478104818,30.468132892109516,0.9659569986473513,0.9654284025674832,0.9980069824449225,0.9786994551399312,1.2534396999867308,1.0303367680113078,1.0229079194260875,0.9102860853032835,0.5791044776119403
B0033,428,174,24.0,1.377162352180965,3.3756959922995033,1.9792800716788903,4.19205219049645,0.37298980194144354,-1.7968101494502102,-4.030353569731922,0.00016816222043814156,1.9997857782654698,38.80564596554866,25.242779182073114,53.89419947351141,7.7005781958729225,2959.281,193,1.1610848192311252,1.186099696913553,1.369751365782437,False,True,B0033_p1,3,14.805645965548663,29.894199473511406,0.9674786674225565,1.0282007862506999,0.9981512952284093,0.9718062886914278,1.2056930396094623,1.0109281384879278,1.0289942160400516,0.9076070738171175,0.5761194029850746
B0033,430,175,24.0,1.3599525359390852,3.366639210990064,1.846857607499265,4.20026251718639,0.38685973625966535,-1.8043699219153886,-4.031215449055759,-0.0011308075920017713,1.999227524630149,38.29516028833109,24.102394600006054,53.782251370205934,7.879030434494946,2942.797000000006,192,1.1610848192311252,1.171277509975241,1.3652295228794809,False,True,B0033_p1,3,14.29516028833109,29.782251370205934,0.9648829826415863,0.9594096718778597,1.0001062203694633,1.0079437094038073,1.1641218019023243,1.0071424044768154,1.0528399996566473,0.9025514555757961,0.573134328358209
B0033,434,176,24.0,1.379779043170725,3.3707194031916488,1.9297681149166706,4.170526417555859,0.3734019060215807,-1.786679633285191,-4.030724924949867,0.0059471473770918324,1.9981127663376816,39.482066579608755,25.703592542303575,54.80009542618075,7.72579103171597,2978.89,194,1.1610848192311252,1.1883533574096852,1.3652295228794809,False,True,B0033_p1,3,15.482066579608755,30.800095426180746,0.9660523707982871,1.0024802055202817,0.9930258871549713,0.9728800052772115,1.2607771357791486,1.0415627005509538,1.0323632958146545,0.9136211249026616,0.5791044776119403
B0033,438,177,24.0,1.3631373661966442,3.368376555569585,1.9404476337602206,4.193298745157419,0.38142924743717616,-1.805526191357153,-4.0312040045445245,0.0017369426103794334,2.0002161566204433,38.22420789035359,24.052398101979275,53.59426450012642,7.861502427100438,2948.891,192,1.1610848192311252,1.1740204880977765,1.3631373661966442,False,True,B0033_p1,3,14.22420789035359,29.59426450012642,0.9653809077576166,1.0080280255730563,0.998448106931336,0.9937948421669706,1.1583438160863637,1.0007852776770814,1.0504978095289863,0.9044204762966523,0.573134328358209
B0033,440,178,24.0,1.3652295228794809,3.3605555096355064,1.8078076221500168,4.200151767615752,0.39195679485565293,-1.813761282828491,-4.030896618235125,-0.0014926299834234732,1.9998621298810337,38.212225319933545,23.78506073974515,53.860038336831,7.9563068326487105,2938.547,191,1.1610848192311252,1.1758223863296577,1.3599525359390852,False,True,B0033_p1,3,14.212225319933545,29.860038336831003,0.9631393862712584,0.9391238991801547,1.0000798502713932,1.0212238408487604,1.1573680193000773,1.009772915905582,1.0631661030626551,0.9012479869076541,0.5701492537313433
B0033,442,179,24.0,1.3498620694059131,3.3664344500865964,1.901348395168944,4.199734233391325,0.3866860543811387,-1.802941147720235,-4.030353141551276,0.00029598320672123067,1.999611551078435,38.03726842877258,23.67834740256779,53.50394440240513,7.896946109742269,2925.484,190,1.1610848192311252,1.1625869592367912,1.3535740542605128,False,True,B0033_p1,3,14.037268428772578,29.503944402405132,0.9648242979121323,0.9877166666923225,0.9999804330151246,1.0074911899491052,1.143120460875721,0.9977309350331736,1.0552339921253984,0.8972415842695561,0.5671641791044776
B0033,444,180,24.0,1.3529504172332432,3.360999914466085,1.820065501803385,4.199873842512875,0.3925366967624878,-1.8116624900760223,-4.032772105959685,0.0008175114926099258,1.9999345245680173,38.08745383569629,23.649823472230597,53.71091736477066,7.9453446612516725,2917.297,189,1.1610848192311252,1.165246840561719,1.3529504172332432,False,True,B0033_p1,3,14.087453835696287,29.71091736477066,0.9632667532481026,0.9454916495949148,1.0000136747352102,1.0227347462862628,1.1472072934231616,1.0047301119720613,1.0617012765683487,0.8947306435669528,0.564179104477612
B0033,446,181,24.0,1.3535740542605128,3.359714561556011,1.781542687267246,4.199220802674783,0.3941049309578578,-1.811173186431671,-4.031639319345703,-0.0009464831036835868,1.9994247664993439,38.371162533264,23.942846230052382,53.96609282803159,7.924021051006518,2918.938,189,1.1610848192311252,1.165783956383871,1.3498620694059131,False,True,B0033_p1,3,14.371162533263998,29.96609282803159,0.9628983695063666,0.9254797327563593,0.9998581822626439,1.026820702109368,1.1703110203885374,1.0133593464257469,1.0588518968140965,0.89523393582211,0.564179104477612
B0033,450,182,24.0,1.3432225183905024,3.360790017915932,1.8027051007685868,4.189411926667855,0.394448471186666,-1.799607080950245,-4.03064555997338,-0.0014391798318050294,1.9982361557268469,38.21500087152169,23.855627959874454,53.89601837110568,7.932073118662816,2918.25,188,1.1610848192311252,1.1568685561490586,1.3432225183905024,False,True,B0033_p1,3,14.215000871521688,29.896018371105683,0.9632065966359249,0.9364732300953106,0.9975226335036742,1.0277157790070113,1.157594045455146,1.0109896479041847,1.0599278590126149,0.8950229272471263,0.5611940298507463
B0033,452,183,24.0,1.3412081769053426,3.364551990412796,1.845120981293168,4.199234827601777,0.3908898065192888,-1.8000478038107868,-4.0302353498062145,-0.0007750004247492699,1.9986866842112139,38.068361542357145,23.75538627826279,53.58335886886063,7.877964269033178,2915.4839999999967,188,1.1610848192311252,1.1551336773083432,1.3412081769053426,False,True,B0033_p1,3,14.068361542357145,29.58335886886063,0.9642847826297017,0.9585075254580163,0.9998615216769471,1.0184438560613966,1.1456525186269284,1.0004164834056597,1.0526975326800652,0.8941745991680486,0.5611940298507463
B0033,454,184,24.0,1.3277389969987805,3.370459024271422,1.9386542857041755,4.199099264533491,0.3858278952605892,-1.7893303733112242,-4.032323959410741,-0.000446779703892422,1.9985680363239429,37.98761504071771,23.71942332452391,53.35830232724686,7.8406689463387345,2906.015,187,1.1610848192311252,1.1435331639922863,1.3356045028702495,False,True,B0033_p1,3,13.987615040717706,29.35830232724686,0.9659777458760961,1.007096413161235,0.9998292433449878,1.0052552992472494,1.1390769531145541,0.9928057764901014,1.0477139236104893,0.8912704709754331,0.5582089552238806
B0033,456,185,24.0,1.329778900445409,3.3647395351261364,1.8652024206914875,4.197710813920559,0.388491038474324,-1.7980109473876715,-4.030963918482138,0.0012834319927848246,1.9987424672862897,38.3556643629041,23.89969121406837,53.56872781314004,7.744065305508701,2894.14,186,1.1610848192311252,1.1452900584179488,1.329778900445409,False,True,B0033_p1,3,14.3556643629041,29.568727813140043,0.9643385331776655,0.9689394759807555,0.9994986454147425,1.0121939857993276,1.1690489318465656,0.9999217069545683,1.034805206221477,0.8876284261673942,0.5552238805970149
B0033,458,186,24.0,1.3356045028702495,3.3724762289358954,1.9741597310368288,4.194824465751656,0.37975897986875545,-1.7871202282133007,-4.030066693660676,-0.00043190423683975456,1.9986221696818216,38.587739723836165,24.948399988183116,54.028944257752215,7.951255144654513,2892.031,185,1.1610848192311252,1.150307437276367,1.3277389969987805,False,True,B0033_p1,3,14.587739723836165,30.028944257752215,0.966555879240343,1.0255408603769587,0.9988113896191676,0.9894430434895273,1.1879479145719218,1.0154847848040207,1.0624910683321391,0.8869815990094865,0.5522388059701493
B0033,462,187,24.0,1.3177489685711123,3.3682526298407933,1.9140482800494218,4.190646284256201,0.3902700502879681,-1.7864058289054177,-4.03209652047346,-0.00066788811395848,1.9978317410441633,37.84946765760722,23.564699278771386,53.32084823607714,7.883386130627215,2888.719,185,1.1610848192311252,1.1349291169302609,1.3277389969987805,False,True,B0033_p1,3,13.84946765760722,29.32084823607714,0.9653453904897038,0.9943140309593838,0.9978165410147437,1.016829112173177,1.1278269651948003,0.9915391965069674,1.053422032071997,0.8859658135438676,0.5522388059701493
B0033,464,188,24.0,1.317605472474197,3.368834125820871,1.9249905185886904,4.199787523647983,0.38890739960604365,-1.7962891627935822,-4.030614948818057,0.0005610406942699724,1.9991122914580581,37.81892879614016,23.4486198816295,53.15804525272694,7.818334198005955,2875.641,184,1.1610848192311252,1.134805528976531,1.3277389969987805,False,True,B0033_p1,3,13.818928796140163,29.158045252726943,0.9655120479604005,0.9999983292203546,0.9999931217261161,1.013278793920262,1.1253400427873548,0.98603370983072,1.044729429944357,0.8819548104281174,0.5492537313432836
B0033,466,189,24.0,1.3185279522072382,3.3643721242108837,1.8483263197000261,4.198644370031491,0.3935536133649714,-1.8053146501565176,-4.030716672310753,-0.00047537810288493195,1.9994009753316515,37.98975162560657,23.65570667131447,53.44440984728841,7.848765845997609,2860.7810000000027,183,1.1610848192311252,1.1356000271197866,1.3277389969987805,False,True,B0033_p1,3,13.989751625606573,29.444409847288412,0.9642332327526579,0.9601726417380664,0.9997209303956899,1.0253842716733494,1.1392509452210138,0.995717662958998,1.0487958765112864,0.8773972705672796,0.5462686567164179
B0033,468,190,24.0,1.3215397269813982,3.3599563575039135,1.7964863123561203,4.199051265280784,0.3976552666674065,-1.8145360631140475,-4.029789852416358,-0.0008123367176012374,1.9997693049850458,38.110497566784815,23.552314519961094,53.71116793928585,7.894150770535632,2852.844,182,1.1610848192311252,1.1381939588673005,1.3215397269813982,False,True,B0033_p1,3,14.110497566784815,29.71116793928585,0.9629676685255908,0.9332426801460044,0.9998178144519106,1.0360709243716026,1.1490838522875786,1.0047385856168707,1.0548604633068688,0.8749630044922131,0.5432835820895522
B0033,470,191,24.0,1.3046615372928705,3.3696602072768207,1.9550178000855183,4.198244533751371,0.38571033230209223,-1.794060809034671,-4.030772474345855,0.004022385174833157,1.9992951341289193,38.158711514227996,23.691188217801727,53.18757385880901,7.535222244869873,2854.64,182,1.1610848192311252,1.1236573897821025,1.3185279522072382,False,True,B0033_p1,3,14.158711514227996,29.18757385880901,0.9657488039325045,1.0155969677787782,0.9996257271198848,1.0049489948341266,1.1530101396633272,0.9870322747464703,1.0068984314324578,0.8755138350164436,0.5432835820895522
B0033,474,192,24.0,1.3280324770208678,3.3817276755972934,1.9991954704388994,4.159889361487179,0.35560536419052063,-1.7532558725802958,-4.031537357097997,-0.00027227310457033743,1.9946737158691736,41.90171461734474,29.44423285279969,56.49572691828426,7.656252648410156,2897.844,184,1.1610848192311252,1.1437859276295559,1.3181384603891753,False,True,B0033_p1,3,17.901714617344737,32.49572691828426,0.9692073553531559,1.0385464816156658,0.9904931440473257,0.9265120049234126,1.4578203991525516,1.0989036435453496,1.023071189118977,0.8887644374489923,0.5492537313432836
B0033,476,193,24.0,1.3634549770713926,3.379780519797374,1.982805388419431,4.195184914935837,0.36534979640188925,-1.7969595693199287,-4.031834027940411,2.6953308044410402e-05,2.000001705269654,40.72593783748325,27.528539695613013,55.32081069602003,7.529370833777632,2896.063,184,1.1610848192311252,1.1742940347581823,1.3185279522072382,False,True,B0033_p1,3,16.72593783748325,31.320810696020033,0.9686492980805615,1.0300321255827491,0.9988972146050469,0.9519006360694782,1.3620713934751159,1.0591716590677158,1.0061165332403434,0.888218207402414,0.5492537313432836
B0033,478,194,24.0,1.3291316747402466,3.365666799367813,1.8088951260538597,4.199591464734624,0.38874865779957807,-1.8148752451997947,-4.031562224810096,2.6371647019102723e-05,1.9997992473129664,39.388005009279006,25.331965512180957,54.57622829352292,7.7226235259903495,2866.234,182,1.1610848192311252,1.1447326265280109,1.320033839594318,False,True,B0033_p1,3,15.388005009279006,30.576228293522917,0.9646042882619302,0.9396888381117297,0.9999464389918804,1.0128652000766811,1.253117261910409,1.033992215718706,1.0319400360297355,0.8790696975431302,0.5432835820895522
B0033,480,195,24.0,1.3124201086917682,3.3648038854052915,1.8655437173642175,4.1997715267621105,0.39136479706472377,-1.813083056493043,-4.031762836798674,0.00018843134209214254,2.000425612951424,38.64570917130626,24.268653896290385,54.008789265404765,7.792264966866611,2836.609,180,1.1610848192311252,1.1303395643057825,1.3215397269813982,False,True,B0033_p1,3,14.645709171306258,30.008789265404765,0.9643569760476595,0.969116773530641,0.99998931277727,1.0196814201897455,1.1926686379694238,1.0148032061280938,1.0412459138528805,0.8699837541799174,0.5373134328358209
B0033,482,196,24.0,1.3152825503676357,3.371817482414552,1.9943670583085842,4.199637020490028,0.38523565628276235,-1.8021170413093346,-4.030287733516317,0.0001226456193768309,2.0005422208443884,38.3036813037848,24.071663702754314,53.47500454222108,7.717173386625917,2829.516,179,1.1610848192311252,1.1328048809032065,1.3216575136942517,False,True,B0033_p1,3,14.3036813037848,29.47500454222108,0.9663670816684964,1.0360382074104284,0.9999572860744538,1.003712250187826,1.164815708068043,0.9967522796585786,1.0312117580043763,0.8678083416474188,0.5343283582089552
B0034,0,0,24.0,0.7459302957645664,3.1178767585161347,2.170439265213917,3.8542753609711045,0.35320697402700135,-1.9933511025949644,-4.030785980473215,0.00039598820890357614,2.011290570089314,38.95836982096889,23.6205145336092,51.867480808484146,6.998542504742178,1819.406,190,1.620729289277574,0.46024360804700354,1.6087347458950871,True,False,B0034_p1,-1,14.95836982096889,27.867480808484146,0.9308809269970043,0.9967666522665996,0.9198078324319711,1.1123445552454325,1.0014926171481127,0.9245872453322526,0.8961551199784575,0.5580091095591485,0.5671641791044776
B0034,4,1,24.0,1.6623217152845853,3.3022762078952885,2.184438966859873,4.185182030297302,0.2909527056017619,-1.9787478556297067,-4.033471908641544,0.0015052198075994631,2.0115930732408054,39.10734156415766,25.267831158043766,53.72590623785784,7.602112655392037,3260.531,338,1.620729289277574,1.0256627842059611,1.5967402025126005,False,True,B0034_p1,1,15.107341564157657,29.725906237857842,0.9859356785701543,1.0031959663533936,0.9987774227555656,0.9162889798583254,1.011466571713542,0.9862460820318696,0.9734415664642128,1.0,1.008955223880597
B0034,6,2,24.0,1.645087369694532,3.3294991412960915,2.1716683590196997,4.191235610410253,0.30330720073205014,-1.9609699675983687,-4.031968315632961,-1.378445534852952e-05,2.0110447092751382,39.20920805238827,25.492621628413,54.1404555915866,7.727062313056408,3265.75,337,1.620729289277574,1.015029086336692,1.5417052111311509,False,True,B0034_p1,1,15.20920805238827,30.1404555915866,0.9940634242902184,0.9973311093042817,1.000222086117849,0.9551966357131947,1.0182867357500505,1.0,0.9894412228754739,1.0016006595244762,1.0059701492537314
B0034,8,3,24.0,1.620729289277574,3.349383007098789,2.182463026326082,4.190305001839791,0.3175337824610183,-1.9366251479989427,-4.0317411764982,0.0018710407859448993,2.0104750916817524,38.936075977838854,24.888926300510743,54.228682107998424,7.809521307996784,3264.109,335,1.620729289277574,1.0,1.4866702197497013,False,True,B0034_p1,1,14.936075977838854,30.228682107998424,1.0,1.0022885225642442,1.0,1.0,1.0,1.002927179257252,1.0,1.001097367269319,1.0
B0034,10,4,24.0,1.5967402025126005,3.3541317530780055,2.0979416663773915,4.190367874669205,0.3295352415645201,-1.9296993194196932,-4.029531376848962,0.0007924829693630478,2.01044252399897,38.60445981652459,24.5997983727117,54.17641516112459,7.948939111356491,3253.531,332,1.620729289277574,0.9851985850297884,1.4861601408154854,False,True,B0034_p1,1,14.604459816524589,30.176415161124588,1.0014177972388203,0.9634723831995827,1.0000150043563383,1.0377958496588473,0.977797638294938,1.001193066555637,1.0178522854168983,0.9978531104289454,0.991044776119403
B0034,12,5,24.0,1.4856500618812698,3.369692035482086,2.177479814637099,4.18989933406868,0.3574495380209283,-1.8861346839189572,-4.029542744670671,0.00017128658652519564,2.007929018593106,37.79484872719341,23.786968470621993,54.09745559724325,7.8846940565855705,3242.578,329,1.620729289277574,0.916655280872653,1.4856500618812698,False,True,B0034_p1,1,13.794848727193411,30.097455597243247,1.0060635132919267,1.0,0.9999031889633492,1.1257055398973501,0.9235925652535031,0.9985733462384903,1.0096257818660168,0.9944938416472654,0.982089552238806
B0034,16,6,24.0,1.4866702197497013,3.3729072074215103,2.164719422934807,4.18599771136978,0.35920528819610253,-1.878796746756769,-4.030634355507908,0.0012084341927066171,2.007522519843906,37.65277428767197,23.81681118289736,54.03810589370243,7.9343140501226435,3234.625,326,1.620729289277574,0.9172847245898614,1.4856500618812698,False,True,B0034_p1,1,13.652774287671967,30.03810589370243,1.0070234429066078,0.9941398346765301,0.9989720818727708,1.131234873379811,0.9140803988898447,0.9966042418445479,1.015979563561479,0.9920546683960374,0.9731343283582089
B0034,18,7,24.0,1.4701330958405268,3.376976361461993,2.1685179095920546,4.191866541196004,0.36193295940695036,-1.8723916722187988,-4.030934330051056,0.00044061953882801146,2.007042638157947,37.91666092404816,23.763955948780502,54.56296443841966,7.925520667807914,3235.36,325,1.620729289277574,0.9070812168118624,1.4701330958405268,False,True,B0034_p1,1,13.91666092404816,30.562964438419662,1.0082383395105075,0.9958842764076148,1.0003726552972938,1.1398250498004339,0.931748134161661,1.014017998020939,1.0148535813190431,0.9922800918009981,0.9701492537313433
B0034,20,8,24.0,1.4565041801019636,3.3791099564139215,2.159913301643853,4.18853091556387,0.3650113893190344,-1.8590598981345452,-4.029299173045088,0.00020188071029519363,2.006055863446889,37.78228277348195,23.789455601409134,54.47381276284677,7.899128910446044,3236.125,323,1.620729289277574,0.8986720914701231,1.4565041801019636,False,True,B0034_p1,1,13.782282773481953,30.47381276284677,1.0088753508488364,0.9919326402590907,0.999576621206537,1.1495198605012826,0.9227512496542718,1.0110601238341341,1.011474147891434,0.9925147161612633,0.9641791044776119
B0034,22,9,24.0,1.4418961035576472,3.3845619896694177,2.188985459937614,4.188375692870302,0.36464064498485405,-1.8455810936527,-4.029734922442523,-0.00037435970233862394,2.004911395635747,37.5830936155511,23.755059389108524,54.157190141377896,7.838969355600108,3230.25,321,1.620729289277574,0.8896588178525235,1.4458703624967404,False,True,B0034_p1,1,13.5830936155511,30.157190141377896,1.0105031232606332,1.0052839274206693,0.9995395779141037,1.1483522860425686,0.9094151392711701,1.0005552188731999,1.0037707877912017,0.9907128624141283,0.9582089552238806
B0034,24,10,24.0,1.4370949588970292,3.383128626739751,2.161327607707136,4.187976084521654,0.3685763210383205,-1.8444812955511094,-4.0302542475084016,0.00041220295496120985,2.0048169456823777,37.550522561172464,23.69410330723514,54.45256615419595,7.88039478206853,3226.078,319,1.620729289277574,0.8866964818890894,1.4418961035576472,False,True,B0034_p1,1,13.550522561172464,30.45256615419595,1.0100751749111523,0.992582155379174,0.9994442129350692,1.1607467973382277,0.9072344423848552,1.0103552038774248,1.0090752648307872,0.9894333162297798,0.9522388059701492
B0034,28,11,24.0,1.4458703624967404,3.386094893398141,2.140456418044363,4.185168395505227,0.36359331253012755,-1.8435378224723704,-4.029309919201132,0.0006588552845539917,2.0045744713446263,37.681954258546924,23.891402870199258,54.20147817586685,7.809600568880003,3224.5,317,1.620729289277574,0.8921109602092923,1.4418961035576472,False,True,B0034_p1,1,13.681954258546924,30.201478175866853,1.0109607907550566,0.9829971344194038,0.9987741688654385,1.1450539520933136,0.9160340559894907,1.0020246072291383,1.0000101492626876,0.988949345980762,0.9462686567164179
B0034,30,12,24.0,1.4321040545618373,3.3916477322319585,2.170940246075281,4.187927929507927,0.3628537400996833,-1.8296929439731453,-4.029842368131789,0.0002191747533731873,2.003374148132025,37.440274736517715,23.911265085043414,53.813937104977754,7.740462822152952,3222.188,315,1.620729289277574,0.8836170630322756,1.4418961035576472,False,True,B0034_p1,1,13.440274736517715,29.813937104977754,1.0126186599273932,0.9969967259774998,0.999432720928233,1.1427248379287915,0.8998531312012266,0.9891667700371459,0.991157142272841,0.9882402590252938,0.9402985074626866
B0034,32,13,24.0,1.426720633302465,3.3914152987340267,2.1531556355876535,4.187886599518975,0.36491451894268895,-1.8286913393639905,-4.029434761163406,-0.0002467649729571133,2.0033044319453825,37.402773880575964,23.856389614186234,53.84994246144553,7.7441347995236125,3216.546000000002,313,1.620729289277574,0.8802954588044826,1.4418961035576472,False,True,B0034_p1,1,13.402773880575964,29.84994246144553,1.012549264012552,0.9888292057240038,0.9994228576870289,1.1492147894137446,0.897342374293094,0.9903613557114854,0.9916273346477438,0.9865098660310244,0.9343283582089552
B0034,34,14,24.0,1.4230846885129826,3.3964131813944722,2.182519668385055,4.186569652343309,0.36260744789276605,-1.8146752424570791,-4.029975280063268,0.0011705556453515786,2.0018864430072565,37.26498054251945,23.88579300006029,53.61278420241196,7.685423474460921,3211.859,311,1.620729289277574,0.8780520583713954,1.4409479522418907,False,True,B0034_p1,1,13.264980542519453,29.61278420241196,1.0140414441095587,1.0023145352320044,0.9991085733628359,1.1419491969717621,0.8881168361891798,0.982492919273525,0.9841094186645232,0.9850723701139477,0.9283582089552239
B0034,36,15,24.0,1.4409479522418907,3.403051791482094,2.188496149834977,4.186557905906351,0.3528649832203476,-1.8075203268976412,-4.030231906926906,-0.00029590614092687815,2.0012245696704682,37.570569601089254,24.17278887392313,53.35590902048553,7.541141201904977,3215.859,310,1.620729289277574,0.8890738026238674,1.4370949588970292,False,True,B0034_p1,1,13.570569601089254,29.355909020485527,1.016023483808677,1.0050592134649543,0.9991057701213171,1.1112675334432067,0.9085766315881328,0.9739703147911251,0.9656342436998038,0.9862991641545503,0.9253731343283582
B0034,40,16,24.0,1.486901544051865,3.4002648970649156,2.100542699118501,4.184379902708746,0.3463068470031465,-1.8262934110095792,-4.030240820244685,-0.0007798708776301652,2.0031040599162235,38.400250729227935,25.20244376336696,53.83102716771526,7.4949666659596135,3225.125,309,1.620729289277574,0.9174274531156517,1.4409479522418907,False,True,B0034_p1,1,14.400250729227935,29.831027167715263,1.0151914217807536,0.9646668984018021,0.998585998124613,1.090614183848802,0.9641254336543319,0.9897337841184554,0.9597216487885022,0.9891410325496062,0.9223880597014925
B0034,42,17,24.0,1.5245313226850703,3.402154252869035,2.1129616454982556,4.187835929449723,0.3360252302640339,-1.8395285698527164,-4.029885277518154,0.0005093032998163896,2.004389438584675,39.102942991019354,26.07537736702933,53.994059646351175,7.330332828238959,3234.343,309,1.620729289277574,0.9406452593724748,1.4409479522418907,False,True,B0034_p1,1,15.102942991019354,29.994059646351175,1.015755512480478,0.9703702561533981,0.9994107654719684,1.058234584237618,1.011172078491572,0.9951428755019784,0.9386404798886782,0.9919681794161748,0.9223880597014925
B0034,44,18,24.0,1.4629049605190707,3.407206655670774,2.1659225933828385,4.187676357576053,0.34690739818987665,-1.8047483945772262,-4.030097149456043,-0.0008478046650560787,2.0010460825464045,37.80351021576893,24.96278744254723,53.39429065914855,7.484013812624644,3218.25,306,1.620729289277574,0.9026214125933072,1.4629049605190707,False,True,B0034_p1,1,13.803510215768931,29.394290659148552,1.0172639702444992,0.9946923865027026,0.9993726842646099,1.0925054824126132,0.9241724691444829,0.9752437407533304,0.9583191488268523,0.9870324802923205,0.9134328358208955
B0034,46,19,24.0,1.4230794508549893,3.404574250610661,2.148786443036186,4.186173516948595,0.3568617765224085,-1.7959916493195849,-4.0299656943263304,0.0009245072505436235,2.000003228830965,37.356060000664904,24.26600284958175,53.38470633939791,7.590898754680648,3203.5,303,1.620729289277574,0.8780488267040047,1.4855182940634626,False,True,B0034_p1,1,13.356060000664904,29.38470633939791,1.0164780329376777,0.986822669304195,0.9990140371907578,1.1238545195304321,0.8942147871021632,0.9749257522039696,0.9720056396936556,0.9825086772675985,0.9044776119402985
B0034,48,20,24.0,1.4051040863603435,3.4067467727915552,2.1763046045885015,4.183451670510337,0.35898889543328505,-1.781271140675487,-4.0298811337146,-0.0007947444911810581,1.998309150700353,37.06076524279572,23.967397296313447,53.12872869294344,7.5616960506528486,3194.39,301,1.620729289277574,0.8669579155854316,1.4855182940634626,False,True,B0034_p1,1,13.060765242795718,29.12872869294344,1.0171266664848981,0.9994602888896156,0.9983644791187168,1.1305533938813452,0.8744442156142218,0.9664329261523978,0.9682662678581634,0.979714653840126,0.8985074626865671
B0034,52,21,24.0,1.6329463925070862,3.327594909243545,2.11932965334224,4.171109136894672,0.2935643870589456,-1.9422323790824174,-4.0304533028138385,0.00020690603416662797,2.0104559276437977,39.94613025797719,25.94194242418557,55.80847324293826,7.717136538175057,3225.219,301,1.620729289277574,1.0075380282878443,1.4855182940634626,False,True,B0034_p1,1,15.946130257977188,31.808473242938263,0.9934948921013017,0.9732947415154107,0.9954189814496341,0.9245138730868256,1.0676251434203323,1.055341487665411,0.9881702390994022,0.9891698622095604,0.8985074626865671
B0034,56,22,24.0,1.5687138208259117,3.387012528508769,2.1509974200024624,4.183529138373987,0.3327796219053632,-1.8688152377047642,-4.030924782950583,0.007751899119124802,2.0067339309356127,38.718351533776065,24.878675048008976,55.579127556921776,8.092975890829871,3252.985,302,1.620729289277574,0.9679061341114853,1.4855182940634626,False,True,B0034_p1,1,14.718351533776065,31.579127556921776,1.0112347621428266,0.9878380527540963,0.9983829665232414,1.0480132832676363,0.9854229153369444,1.0477322567657792,1.036296025281708,0.9976856530424033,0.9014925373134328
B0034,58,23,24.0,1.5149520966053402,3.39384813983459,2.1142806141482584,4.188330656095053,0.3466969152155936,-1.8406021933680259,-4.030804599251528,0.0016138509377502757,2.00444799616269,38.131331549186825,24.035500904263305,55.5590605953301,8.23322115579238,3245.25,300,1.620729289277574,0.9347348176083231,1.484026357317059,False,True,B0034_p1,1,14.131331549186825,31.559060595330102,1.0132756190144752,0.9709759878993994,0.9995288300627588,1.0918426144410491,0.9461207595725909,1.0470664751378043,1.0542542661816847,0.9953133400663879,0.8955223880597015
B0034,60,24,24.0,1.4855182940634626,3.4020764335853744,2.1801548663736754,4.186643866753638,0.3473378221860366,-1.8125906145533162,-4.029122762673436,0.009207163784837139,2.001524760230033,37.90482918212311,23.878982303277212,55.43438713431678,8.251906106980384,3235.031,298,1.620729289277574,0.916573979313732,1.484026357317059,False,True,B0034_p1,1,13.904829182123109,31.43438713431678,1.0157322785644118,1.0012285081673753,0.9991262843433723,1.0938610043127526,0.9309559755021439,1.0429300591956336,1.0566468521611698,0.9921791879911585,0.8895522388059701
B0034,62,25,24.0,1.480771929049074,3.400466282848084,2.109657199964041,4.187573632919629,0.3518721722403741,-1.8110391962814834,-4.031180461653834,0.0018007448672871548,2.0015684126398323,38.06681078125698,23.895338331970752,55.91432751133226,8.333888815270871,3228.141,296,1.620729289277574,0.9136454427309789,1.484026357317059,False,True,B0034_p1,1,14.066810781256983,31.91432751133226,1.0152515480137767,0.9688527010826223,0.999348169424669,1.1081409024048372,0.9418009658044303,1.0588535204570968,1.0671446413414798,0.9900660352562206,0.8835820895522388
B0034,64,26,24.0,1.484026357317059,3.4030809584663944,2.1306422513355594,4.187294591248425,0.34886300540698256,-1.8097841749979182,-4.029200659426091,0.001396600526010236,2.0013945389505374,38.24251669378549,24.088396057852904,55.78439633575717,8.254847558196586,3217.875,294,1.620729289277574,0.9156534451096091,1.484026357317059,False,True,B0034_p1,1,14.24251669378549,31.784396335757172,1.0160321919749984,0.9784900126344704,0.9992815772145359,1.098664219923782,0.9535648261911347,1.0545426640674092,1.0570235015229164,0.986917468351014,0.8776119402985074
B0034,68,27,24.0,1.4922153055506522,3.4070525055582563,2.1787867991793113,4.183701675158018,0.3421946484992948,-1.8021093934434649,-4.029558842148895,0.0015349291811905395,2.000647662227828,38.56098530062726,24.59952870388799,55.819046085150106,8.195504619608508,3220.219,293,1.620729289277574,0.9207060768401331,1.480771929049074,False,True,B0034_p1,1,14.560985300627259,31.819046085150106,1.0172179468090812,1.000600228086353,0.9984241417560598,1.0776637554818407,0.9748869329689988,1.0556922734118215,1.049424708172124,0.9876363696588072,0.8746268656716418
B0034,70,28,24.0,1.473312924099279,3.4060276994838254,2.1208148015326507,4.187348905123759,0.34795479201642177,-1.800815649461131,-4.030202721256365,0.0012019585661013983,2.000478573340258,38.38922286871294,24.44665229230036,55.81813101636483,8.238077467822974,3210.234,291,1.620729289277574,0.9090431905231968,1.473312924099279,False,True,B0034_p1,1,14.389222868712942,31.81813101636483,1.0169119781956801,0.9739767906349606,0.9992945390097537,1.0958040096383699,0.9633870964544304,1.055661913260745,1.0548761112140583,0.9845739850349529,0.8686567164179104
B0034,72,29,24.0,1.441593178980006,3.408174888188947,2.1326343880232206,4.186484904879302,0.3531313755712272,-1.7788779160462762,-4.029145604132163,0.0021805105234386545,1.998085182593442,37.90831705954933,23.930544406025597,55.508529806144075,8.298595027569002,3210.546,290,1.620729289277574,0.8894719115137258,1.4596775560238577,False,True,B0034_p1,1,13.908317059549333,31.508529806144075,1.017553048118281,0.9794048944507197,0.9990883487099838,1.1121064752049776,0.9311894958344855,1.0453899646739035,1.06262531341984,0.9846696749701198,0.8656716417910447
B0034,74,30,24.0,1.4225873198015788,3.405126191511401,2.080806437045425,4.1865382627627215,0.3600724391216024,-1.7776506180150589,-4.029781810783222,0.0026354607172676407,1.99771832517489,37.78900459955153,23.58710381562971,55.810474269938815,8.374793323679967,3200.969,288,1.620729289277574,0.8777451787989127,1.441593178980006,False,True,B0034_p1,1,13.789004599551532,31.810474269938815,1.01664282176582,0.9556030889738532,0.9991010823614472,1.1339657668261056,0.9232012892817854,1.0554078777368707,1.0723824154374682,0.9817324233384072,0.8597014925373134
B0034,76,31,24.0,1.4266489379486664,3.409764436063523,2.153621018125857,4.187164525329423,0.353594751322159,-1.7757913058945813,-4.02948709506646,0.0032105483742513184,1.9975745158725693,37.868460669545925,23.74742029854323,55.5580463265768,8.262626599531414,3188.625,286,1.620729289277574,0.8802512223275627,1.4396159938545154,False,True,B0034_p1,1,13.868460669545925,31.5580463265768,1.0180276274277262,0.9890429310293201,0.9992505374885624,1.1135657711178106,0.9285210312349117,1.0470328237303057,1.0580195985982725,0.9779465369291076,0.8537313432835821
B0034,80,32,24.0,1.4596775560238577,3.410480218060336,2.16386574936286,4.185560165483177,0.3478147672012557,-1.781934305037178,-4.029440202415485,0.003577789036469104,1.9984102669938726,38.32719437027863,24.238197216685375,55.7456104997617,8.231089662143289,3191.735,285,1.620729289277574,0.9006300840496912,1.4396159938545154,False,True,B0034_p1,1,14.327194370278633,31.745610499761703,1.0182413330550897,0.9937477880700778,0.9988676632477754,1.0953630335189761,0.9592341650870256,1.0532558276465855,1.053981330931875,0.9789003692956761,0.8507462686567164
B0034,82,33,24.0,1.4396159938545154,3.4102489283524573,2.110862355108561,4.187111715287616,0.3523265551399723,-1.7740392922449235,-4.029706632370836,0.003273882745326097,1.9975017439453102,38.222749634083,24.181214445850472,55.88273287086187,8.300406408699127,3190.313,284,1.620729289277574,0.8882519760571562,1.4396159938545154,False,True,B0034_p1,1,14.222749634083002,31.882732870861872,1.01817227863301,0.9694061643737254,0.9992379345773701,1.10957187738985,0.952241382220187,1.0578052735129064,1.0628572586388474,0.9784642440142419,0.8477611940298507
B0034,84,34,24.0,1.4195512657848512,3.4144357338683236,2.1889361346194556,4.187953553733828,0.3533120859527023,-1.758159329896538,-4.028819839160079,0.0022661854147259337,1.9954715182735656,37.708662488006475,23.726559353782502,55.520919470345916,8.305572318748007,3182.156,282,1.620729289277574,0.8758719146845331,1.4396159938545154,False,True,B0034_p1,1,13.708662488006475,31.520919470345916,1.0194223015497659,1.0052612749405743,0.9994388360501371,1.1126755812070996,0.9178222250841832,1.045801028938151,1.0635187473326027,0.975962504266943,0.8417910447761194
B0034,86,35,24.0,1.4118101714470452,3.408669177651725,2.076995222056859,4.186573417418747,0.360153710626744,-1.764462484778239,-4.030420227631053,0.0023926972642869296,1.996207277089558,37.8703638417689,23.648177442106746,56.03798112972515,8.413450855841653,3180.156,281,1.620729289277574,0.8710956115788759,1.4266489379486664,False,True,B0034_p1,1,13.8703638417689,32.03798112972515,1.0177006243918008,0.9538528018010641,0.9991094718834534,1.1342217128376186,0.9286484524013411,1.0629561000620118,1.0773324668730282,0.9753491072466417,0.8388059701492537
B0034,88,36,24.0,1.4044196701845313,3.4118322352896917,2.138330613016186,4.187350410759027,0.35633484434950413,-1.7624729823299456,-4.0299718848239205,0.0027723411790920474,1.996041080671761,37.83489284744581,23.691357756755156,55.7872631992585,8.366392989171988,3171.953,279,1.620729289277574,0.8665356265700234,1.4266489379486664,False,True,B0034_p1,1,13.834892847445808,31.787263199258497,1.0186449946329057,0.9820208658846109,0.9992948983237577,1.1221950672075314,0.9262735987667103,1.0546377808612681,1.0713067625034813,0.972833259367876,0.8328358208955224
B0034,92,37,24.0,1.4735059098606866,3.412313772481234,2.163289759388807,4.18502843595743,0.3407674346276511,-1.7852228610575493,-4.029529486082554,0.0014464038221226052,1.9987735875845611,39.269306296372,25.329082225461935,56.29505678813318,8.123698661520317,3192.172,280,1.620729289277574,0.9091622639321149,1.4396159938545154,False,True,B0034_p1,1,15.269306296372001,32.29505678813318,1.0187887635570692,0.9934832666861453,0.998740768063412,1.073169071922245,1.0223104327420114,1.0714853559528812,1.0402300398619595,0.9790343965446119,0.835820895522388
B0034,94,38,24.0,1.492658600645149,3.4055246588869954,2.011759892668098,4.186257969039418,0.34357011853689406,-1.806117173524204,-4.029713711390202,0.0007416018320286984,2.001150482618046,40.1506450904851,26.070815185624948,57.203641711448896,8.14451458720373,3194.735,279,1.620729289277574,0.9209795926563952,1.4396159938545154,False,True,B0034_p1,1,16.1506450904851,33.203641711448896,1.0167617891621286,0.9238937046143778,0.9990341913539477,1.0819954836744718,1.0813178183110705,1.1016303854649547,1.0428954946142373,0.9798204648261281,0.8328358208955224
B0034,96,39,24.0,1.4820260149945934,3.412772999015033,2.162343975515107,4.186398813067427,0.34019463536696976,-1.7898966673086716,-4.029290691786796,0.00431516907878582,1.9995229731487594,39.44313364004617,25.981415328866547,56.48442346523092,8.161411124892638,3178.75,277,1.620729289277574,0.9144192215192172,1.4735059098606866,False,True,B0034_p1,1,15.44313364004617,32.48442346523092,1.0189258713565732,0.9930489187453089,0.9990678032337387,1.0713651717002217,1.033948519206762,1.0777681633418512,1.0450590763528012,0.9749178891413699,0.826865671641791
B0034,98,40,24.0,1.423575357658995,3.4159307513752806,2.1921995805381784,4.185933256660042,0.3488973487126684,-1.7588595515353411,-4.029022667107852,0.0025134328913695822,1.9955861373274029,38.29706396735563,24.453681426245662,55.71155596776208,8.263468358434185,3165.359,275,1.620729289277574,0.878354804270577,1.4820260149945934,False,True,B0034_p1,1,14.297063967355633,31.71155596776208,1.019868657640959,1.006760001081127,0.9989567000068421,1.0987723763077095,0.9572168746710084,1.0521259664241451,1.058127384833763,0.9708108893919426,0.8208955223880597
B0034,100,41,24.0,1.4038252197245347,3.414462463305671,2.16034888083278,4.187334986366342,0.35399403780458966,-1.7569483309674612,-4.028805365009421,0.0019647285616452505,1.9953296738735065,38.00009263186772,23.948796481551096,55.725184853786985,8.296361447961356,3155.25,273,1.620729289277574,0.8661688469579504,1.492658600645149,False,True,B0034_p1,1,14.000092631867723,31.725184853786985,1.0194302819560948,0.9921326784803403,0.9992912173524017,1.1148232325423433,0.9373340529761712,1.0525781455885739,1.0623393061833455,0.9677104741528297,0.8149253731343283
B0034,104,42,24.0,1.5363173478836125,3.3922002422487143,2.165521364045302,4.176473851854755,0.33503397412564767,-1.853554274466124,-4.029740881630216,0.0014215255618606505,2.005285273838863,39.66453202372922,25.309646553685894,56.68734909187956,8.202734143901257,3173.766,274,1.620729289277574,0.9479173098478479,1.507892155360249,False,True,B0034_p1,1,15.664532023729222,32.68734909187956,1.0127836186722083,0.9945081233307368,0.9966992498209646,1.0551128498170985,1.0487715814361953,1.084500829542998,1.0503504402378454,0.9733893037667791,0.817910447761194
B0034,108,43,24.0,1.5440367168176732,3.3972119520639095,2.0714906018792005,4.186547012412841,0.3353688239056382,-1.8469058434531274,-4.029196217915029,0.006927889526702646,2.0047071447717983,40.503647950320534,26.320500253494163,57.523569542125074,8.206499576941592,3199.485,275,1.620729289277574,0.9526802082449649,1.507892155360249,False,True,B0034_p1,1,16.503647950320534,33.523569542125074,1.0142799270384277,0.9513248242094209,0.9991031704314365,1.0561673825896285,1.1049520620280413,1.112244950653063,1.050832599501113,0.9812772827493437,0.8208955223880597
B0034,110,44,24.0,1.507892155360249,3.407734218697208,2.160000438530016,4.1868364391694275,0.33730038665707307,-1.809719941535708,-4.029145491224896,0.0013066539770738592,2.0014080228601228,39.602225792574906,25.813463506700813,56.64647124225468,8.192666176826084,3196.015,274,1.620729289277574,0.9303787901756121,1.507892155360249,False,True,B0034_p1,1,15.602225792574906,32.64647124225468,1.0174214807547382,0.9919726575697345,0.9991722410018267,1.0622503975572468,1.0446000553106747,1.0831445842964498,1.0490612489189277,0.9802130389191208,0.817910447761194
B0034,112,45,24.0,1.8203060058691092,3.3050275542473186,2.07023691471502,4.267804722238553,0.28271876092555637,-1.951674467634044,-4.031177810117895,-0.0007573629710346017,2.0108123010762777,43.00893271743553,27.492078726346985,61.22071154968515,9.023576108939867,3595.281,308,1.620729289277574,1.1231400690490976,1.5202185406928062,False,True,B0034_p1,1,19.008932717435528,37.22071154968515,0.9867571272806179,0.9507490727577871,1.0184950070137462,0.8903580549268455,1.2726858611083463,1.2349087238108944,1.155458286502134,1.1026673262729292,0.9194029850746268
B0034,116,46,24.0,1.5936575758226643,3.350291194323394,2.0513249674406295,4.183147061073988,0.32670882126987183,-1.9208770535561435,-4.031361471284143,-0.0006195680264069168,2.0095666899304696,40.64495633031262,25.863505806925243,58.28488787096781,8.561323871212434,3198.0,273,1.620729289277574,0.9832965852878635,1.5202185406928062,False,True,B0034_p1,1,16.644956330312617,34.28488787096781,1.000271150603762,0.9420638270222061,0.9982917852608197,1.0288946855913823,1.114412939182238,1.13750396926774,1.0962674322235115,0.9808218354617699,0.8149253731343283
B0034,118,47,24.0,1.533070464968097,3.378826251452736,2.126099692893142,4.186094144264648,0.34577949983937906,-1.8756315967870998,-4.030853452091916,0.0002504953623738599,2.006869285630742,39.63966215341089,24.865632592532574,57.592019665372526,8.578695417571728,3183.516,271,1.620729289277574,0.9459139629983795,1.5202185406928062,False,True,B0034_p1,1,15.639662153410889,33.592019665372526,1.0087906472002586,0.9764038585347253,0.9989950952082738,1.0889534246071229,1.0471064941431718,1.1145159887612779,1.0984918382625228,0.9763796142407479,0.808955223880597
B0034,120,48,24.0,1.4862143093107285,3.3905180732853615,2.1895562891910765,4.1869069503681295,0.35031725597441127,-1.837523884399117,-4.030490983913811,0.0017152482598011165,2.0039418763382795,39.16680148065847,24.50767925297907,57.28443182001311,8.606889527758137,3183.797,270,1.620729289277574,0.9170034250279981,1.5118194735004464,False,True,B0034_p1,1,15.16680148065847,33.28443182001311,1.012281386183482,1.0055460787616946,0.9991890682253035,1.1032440493710856,1.0154475314106564,1.1043108395914267,1.1021020608452485,0.9764657965221003,0.8059701492537313
B0034,122,49,24.0,1.5029318848267783,3.387526907959532,2.074340759266504,4.1855620437934515,0.35126275343655844,-1.8376918380374707,-4.031249179709422,0.0018221767622858833,2.004054634770957,39.82254974386062,24.90487757765792,57.872088061267284,8.551825035369594,3191.516,270,1.620729289277574,0.9273182725640117,1.507892155360249,False,True,B0034_p1,1,15.82254974386062,33.872088061267284,1.0113883365324,0.9526337490353342,0.998868111499221,1.1062216773098177,1.0593511821536699,1.123808097669311,1.0950511174881752,0.9788332023219531,0.8059701492537313
B0034,124,50,24.0,1.5202185406928062,3.3911818711119515,2.1265733975652816,4.186540363518264,0.3411810509394167,-1.8447319494358396,-4.030674776051926,0.0026883098926745314,2.0046460772741512,40.67552783597674,26.165502867251245,58.01475740778219,8.351011969798794,3189.985,269,1.620729289277574,0.9379842461972353,1.5029318848267783,False,True,B0034_p1,1,16.675527835976737,34.01475740778219,1.0124795712895696,0.9766214057509867,0.9991015836985915,1.0744716618657777,1.116459762304287,1.1285415810793868,1.0693372410992126,0.9783636469029124,0.8029850746268656
B0034,128,51,24.0,1.5118194735004464,3.390835631837091,2.062739747604538,4.182887718757515,0.3459934906417769,-1.8363552560101446,-4.032090463706321,0.002423109346653069,2.0040909768704545,40.582538417129676,26.434837838562657,58.312052179468594,8.481833653947785,3189.734,268,1.620729289277574,0.9328019697690086,1.495199821798908,False,True,B0034_p1,1,16.582538417129676,34.312052179468594,1.0123761972430283,0.9473060249462364,0.9982298942251174,1.0896273396807863,1.1102339357227249,1.1384052266630784,1.0860888035816698,0.9782866655768646,0.8
B0034,130,52,24.0,1.464601301820905,3.396934021472626,2.1030377322448675,4.183577669537621,0.35314192155049984,-1.804847667473282,-4.0317603355933835,0.0012338364546660258,2.000785869298,39.684346755235566,25.237731252945544,57.74556007237976,8.540198359531335,3176.016,266,1.620729289277574,0.9036680656729159,1.4862143093107285,False,True,B0034_p1,1,15.684346755235566,33.74556007237976,1.014196947399881,0.9658127336511553,0.9983945482967906,1.1121396873539051,1.0500982171292477,1.1196101522035216,1.0935623353490762,0.9740793754146181,0.7940298507462686
B0034,132,53,24.0,1.4546140961511749,3.3994906529891598,2.1244761059896846,4.186336344550888,0.3543496535665387,-1.7965264889900276,-4.030702202371792,0.0015573133323275954,1.9998630020343433,39.47995207463314,25.00928434925411,57.59063118746153,8.550514862863523,3171.36,265,1.620729289277574,0.8975058979772966,1.4720590241846008,False,True,B0034_p1,1,15.47995207463314,33.59063118746153,1.0149602615718092,0.9756582319197076,0.9990528953650962,1.1159431630240477,1.0364135866476076,1.1144699218427876,1.0948833514428058,0.9726513871513567,0.7910447761194029
B0034,134,54,24.0,1.4333400490204142,3.3981483429417363,2.0601307559265187,4.184762302875813,0.3593788351971245,-1.7880255809187031,-4.030830787176179,0.00010833505571186397,1.9989189531276823,39.48992781243277,24.862290749499962,57.760237316191684,8.5176208980777,3170.843,264,1.620729289277574,0.8843796792611264,1.464601301820905,False,True,B0034_p1,1,15.489927812432768,33.760237316191684,1.0145594981940234,0.9461078546300381,0.9986772564380053,1.13178141995409,1.037081482138661,1.1200971137813693,1.0906713180173844,0.9724928240216087,0.7880597014925373
B0034,136,55,24.0,1.4493262346396159,3.3988819411159534,2.066307670696809,4.185022396532557,0.3549830733289258,-1.794490448292537,-4.030375180809054,0.001130471563425466,1.9998159902671737,39.852310270589804,25.247118919096376,57.843854984407734,8.508639736510121,3164.672,263,1.620729289277574,0.8942432547051954,1.4546140961511749,False,True,B0034_p1,1,15.852310270589804,33.843854984407734,1.0147785230629804,0.9489445811653514,0.9987393267781427,1.1179379736469612,1.061343708622693,1.1228713806786284,1.0895212908629182,0.9706001875154692,0.7850746268656716
B0034,140,56,24.0,1.495199821798908,3.3979295593430394,2.063118102136468,4.183906394520297,0.34753903976165357,-1.8100461507144519,-4.031301873680901,-0.000982879998589829,2.001370514625139,40.873690307547484,26.38591994823214,58.50818415025991,8.41893708287762,3177.453,263,1.620729289277574,0.9225475418324675,1.4493262346396159,False,True,B0034_p1,1,16.873690307547484,34.50818415025991,1.0144941776265537,0.9474797829436179,0.998472997236076,1.0944946930310282,1.1297271339931272,1.144912492958219,1.0780349717794877,0.9745201011737046,0.7850746268656716
B0034,142,57,24.0,1.4720590241846008,3.3987236708202504,2.015578277968309,4.18478065365082,0.3516426437173529,-1.8015738065563547,-4.030996805872695,0.00022983091570884706,2.000573419743802,40.55984735939729,26.519533331724425,58.39804679399696,8.494385688215793,3172.375,262,1.620729289277574,0.9082695265171387,1.4493262346396159,False,True,B0034_p1,1,16.55984735939729,34.39804679399696,1.014731269495572,0.9256472847277472,0.9986816357791268,1.1074180548349115,1.1087147242667805,1.1412583558822789,1.0876960767771673,0.9729626861391596,0.7820895522388059
B0034,144,58,24.0,1.4097383014648728,3.4080267118315724,2.1825208655708153,4.184572904357356,0.35683069391971145,-1.7534517505866212,-4.0309191249132565,0.0006099706214633524,1.99472620920295,38.988662122088876,24.70011610941673,57.19671566450291,8.565665518299488,3158.406,260,1.620729289277574,0.8698172549798563,1.4471377445077278,False,True,B0034_p1,1,14.988662122088876,33.19671566450291,1.0175088082218402,1.0023150850353837,0.9986320572178116,1.1237566319845587,1.0035207469704925,1.1014005930875654,1.0968233750163956,0.9686784146508651,0.7761194029850746
B0034,146,59,24.0,1.3861944181384176,3.4076313780555267,2.177635067318021,4.186221928288161,0.36104457651077476,-1.7513221260920173,-4.0303017769101075,0.0009541085502518157,1.9944150487050494,38.71511147644418,24.28294354559445,57.093582209047106,8.60912799165208,3141.578,258,1.620729289277574,0.8552905332859763,1.4423952167302958,False,True,B0034_p1,1,14.715111476444179,33.093582209047106,1.0173907764006935,1.0000712992514917,0.9990255903687589,1.1370272911201125,0.9852059870529228,1.097978831424328,1.1023886935088476,0.9635172921220501,0.7701492537313432
B0034,148,60,24.0,1.3624125407550536,3.407885887358127,2.1675497721171437,4.185645972879193,0.3643903723092391,-1.7425277851045473,-4.032926354694966,-0.00013677704395691751,1.9929913546833524,38.51149851182021,24.032204678894175,57.056434523826645,8.652832874499348,3138.187,257,1.620729289277574,0.8406169677863582,1.4423952167302958,False,True,B0034_p1,1,14.511498511820207,33.056434523826645,1.017466763321885,0.9954396626534927,0.9988881408492813,1.1475641095100584,0.9715736940111576,1.0967463455679818,1.107985052251414,0.9624772774741291,0.7671641791044777
B0034,152,61,24.0,1.4471377445077278,3.4003875411941866,2.0235981843621835,4.184966155089575,0.35687111643317954,-1.7826705089192836,-4.030419099923807,0.0007842316136241301,1.9983805136468453,40.112479285456395,25.389608071181122,57.99096942950453,8.473426955838223,3157.969,258,1.620729289277574,0.8928929427521958,1.4423952167302958,False,True,B0034_p1,1,16.112479285456395,33.99096942950453,1.0152280387125918,0.9293303987295232,0.9987259049763987,1.1238839334425477,1.0787625417387412,1.1277523435642016,1.085012335796,0.9685443874019294,0.7701492537313432
B0034,154,62,24.0,1.4554483390450048,3.4076622967245975,2.184010507272112,4.181330176160959,0.343583027342952,-1.7740815054978625,-4.031508370151624,0.001324189349925237,1.9974314249137823,40.84012758949483,26.542766505120174,58.16328313862759,8.284230144017359,3159.281,257,1.620729289277574,0.898020631004798,1.4423952167302958,False,True,B0034_p1,1,16.840127589494827,34.16328313862759,1.0174000075543135,1.0029991977841142,0.9978581927389792,1.0820361370057738,1.1274800432510572,1.1334693676018595,1.0607859070100087,0.968946775847247,0.7671641791044777
B0034,156,63,24.0,1.4423952167302958,3.4032529056881784,2.0392577121107047,4.186951481965634,0.354380472614341,-1.7809841749397886,-4.0309270879537475,-0.0003952233410601762,1.9982960448087166,40.348969230016365,26.31336016927672,58.29542391419101,8.519693444328672,3150.375,256,1.620729289277574,0.8899667737683885,1.4423952167302958,False,True,B0034_p1,1,16.348969230016365,34.29542391419101,1.01608352895898,0.9365219821569595,0.9991996955179433,1.1160402205640785,1.0945960139914839,1.1378535340973488,1.090936705122334,0.9662153189158453,0.764179104477612
B0034,158,64,24.0,1.377541945989605,3.406174357529073,2.0999808615526177,4.1857251578423,0.3641455000131914,-1.747182095051256,-4.030689142794633,0.0004669539506793568,1.9938846529253151,38.95729074496056,24.522516405936003,57.375182540416354,8.643603195927229,3134.078,254,1.620729289277574,0.8499519044316355,1.444138733302766,False,True,B0034_p1,1,14.95729074496056,33.375182540416354,1.016955764781131,0.9644088764618939,0.9989070380329164,1.1467929402374544,1.0014203708626805,1.1073217668857234,1.1068032027873926,0.9612170532959202,0.7582089552238805
B0034,160,65,24.0,1.3539935892900532,3.4049736944362246,2.063136946201327,4.18361645238679,0.3690328986359115,-1.73814436809975,-4.030890080533704,0.00040442507025808345,1.9926327807361948,38.73711200799833,24.159247368089208,57.42041259082052,8.708057671525932,3129.797,253,1.620729289277574,0.8354224226388752,1.444138733302766,False,True,B0034_p1,1,14.737112007998327,33.42041259082052,1.0165972918652824,0.9474884370145914,0.998403803672987,1.1621846840224486,0.9866789664075265,1.1088224094445833,1.1150565224284703,0.9599040769739653,0.755223880597015
B0034,164,66,24.0,1.5509038861664448,3.3580774287935817,2.120762756881349,4.17325067272426,0.33344063996609996,-1.8824146171130414,-4.031115880527916,0.0012788914489122824,2.007411318854253,40.231060876384255,24.861265693865196,57.71520595046742,8.559146618097207,3161.89,255,1.620729289277574,0.9569172942248404,1.444138733302766,False,True,B0034_p1,1,16.231060876384255,33.71520595046742,1.002595827851388,0.973952889310617,0.9959300506507179,1.0500950084170475,1.0867018151532446,1.1186030631825843,1.0959886375279908,0.96974695226023,0.7611940298507462
B0034,168,67,24.0,1.5562932697752867,3.38250056099739,2.19170788700899,4.184028931910909,0.33243708740382455,-1.8524024614367005,-4.031336520715659,-0.00017403712443190127,2.0053693597317674,40.929553501935686,26.211618143788463,58.17136403259683,8.416383043082373,3196.859,257,1.620729289277574,0.9602425772591492,1.444138733302766,False,True,B0034_p1,1,16.929553501935686,34.17136403259683,1.0098876580637122,1.0065341925450924,0.9985022403080143,1.0469345492227613,1.1334672859896147,1.1337374754924212,1.0777079299936316,0.980471892461688,0.7671641791044777
B0034,170,68,24.0,1.5067526605064707,3.390086865994553,2.1203887966971293,4.185455613390746,0.34616655299360993,-1.826530681368946,-4.031483697642067,0.0006646404810077359,2.003161158879302,39.993709319022244,25.616990124167888,57.753084428922655,8.584242759472467,3171.906,254,1.620729289277574,0.9296757148000285,1.444138733302766,False,True,B0034_p1,1,15.993709319022244,33.753084428922655,1.012152643877841,0.9737811494020739,0.998842712297335,1.0901723599633266,1.070810656209344,1.11985979529601,1.0992021688553926,0.9728188445378989,0.7582089552238805
B0034,172,69,24.0,1.444138733302766,3.392978809154906,2.0630039985317543,4.183582231077479,0.3592247068218171,-1.7929643530908497,-4.030940436431335,0.001805018906208284,1.9997292128293027,39.1022619385273,24.43317412120245,57.5103657978898,8.7070537882094,3160.8429999999935,252,1.620729289277574,0.8910425342818838,1.444138733302766,False,True,B0034_p1,1,15.102261938527299,33.5103657978898,1.0130160695160029,0.9474273812616613,0.9983956368905461,1.1312960278987543,1.011126480672368,1.111806876842428,1.1149279763528608,0.9694258389201003,0.7522388059701492
B0034,174,70,24.0,1.4144103811292437,3.400527096110287,2.1811524820912926,4.1831604654402685,0.3584099861227993,-1.7679531131415926,-4.0314913055403885,0.001981216959707207,1.9967467206644616,38.63703610404588,24.01694812582096,56.86348453612092,8.664163565928721,3147.141,251,1.620729289277574,0.8726999570419961,1.444138733302766,False,True,B0034_p1,1,14.637036104045883,32.86348453612092,1.0152697045703944,1.001686659701507,0.9982949841607268,1.1287302514553679,0.9799786855505646,1.0903446511038946,1.1094359339357718,0.9652234559340181,0.7492537313432835
B0034,176,71,24.0,1.3897574212362729,3.4009920061492966,2.155432405052415,4.184589576893444,0.3629029783444623,-1.758494914822024,-4.03046907957885,0.014631169490908522,1.9959380851454664,38.457946337552535,23.76449388619055,56.97607576818629,8.713714667022392,3141.203,250,1.620729289277574,0.8574889282439915,1.444138733302766,False,True,B0034_p1,1,14.457946337552535,32.97607576818629,1.0154085092511445,0.9898748041490532,0.998636036053739,1.1428799025156124,0.9679882694091986,1.0940802028683079,1.115780894035046,0.9634022801807436,0.746268656716418
B0034,180,72,24.0,1.449968311475299,3.395963139634734,2.0671609840346776,4.1839152437949645,0.3552265806757272,-1.7913624328840858,-4.030848804967881,-0.0002489305736548837,1.9994872052785722,39.988534225003114,25.126150529910998,57.956995411354825,8.567680818187327,3151.047,250,1.620729289277574,0.8946394200857627,1.4290644310445066,False,True,B0034_p1,1,15.988534225003114,33.956995411354825,1.0139070785387103,0.9493364623355615,0.9984751090810762,1.1187048443241978,1.0704641733696205,1.1266251536301783,1.0970814317920106,0.9664214203146666,0.746268656716418
B0034,182,73,24.0,1.4678653068012166,3.399629787670528,2.1233368877812127,4.184717109573573,0.34687580677357,-1.7913224989214867,-4.032550539055774,0.0017035076717763363,1.9996292673890919,40.84025138634754,26.337829780686246,58.3663921180059,8.419650197978344,3159.172,250,1.620729289277574,0.905681976942309,1.4144103811292437,False,True,B0034_p1,1,16.84025138634754,34.3663921180059,1.0150018019633003,0.9751350499361989,0.9986664712321026,1.0924059924746867,1.127488331696623,1.1402081170796543,1.078126285327732,0.9689133457096406,0.746268656716418
B0034,184,74,24.0,1.4290644310445066,3.3983167205445777,2.032509026773449,4.184251380689682,0.36040304735308965,-1.7734088198098006,-4.03311369700898,7.260499407977222e-05,1.9973608157787406,39.64173378499159,25.148680870013376,57.883249801186295,8.66818228764811,3141.047,248,1.620729289277574,0.8817415965139371,1.3897574212362729,False,True,B0034_p1,1,15.641733784991587,33.883249801186295,1.0146097694238243,0.9334226719856822,0.9985553268443583,1.135006941812039,1.0472451939987277,1.1241784218631539,1.1099505265158922,0.9633544352131601,0.7402985074626866
B0034,186,75,24.0,1.376744834668327,3.398539512076107,2.0100958477489637,4.182749347441237,0.37031008838571106,-1.7476951824023108,-4.031189054300734,0.001893184104531482,1.99412039240958,38.82196729294636,24.01574907362869,57.62604602919208,8.800072951860663,3135.0310000000027,247,1.620729289277574,0.8494600818141561,1.376744834668327,False,True,B0034_p1,1,14.821967292946361,33.62604602919208,1.0146762866095438,0.9231294977969604,0.9981968724483691,1.1662069009339873,0.9923601965428002,1.1156449154198733,1.1268389706357003,0.9615093369760946,0.7373134328358208
B0034,188,76,24.0,1.3515813262521057,3.4065465230061798,2.1845053475658913,4.182152014334447,0.3659171324749039,-1.729077993258934,-4.031129358826585,0.0010066000987554262,1.9916462762378477,38.27601981086532,23.678020825543207,56.803768142247485,8.727590794315649,3117.984,245,1.620729289277574,0.833934041418207,1.3577165116893766,False,True,B0034_p1,1,14.276019810865321,32.803768142247485,1.0170668794181605,1.0032264514607971,0.9980543212244062,1.152372291347694,0.9558079265295062,1.08836338065853,1.117557715781988,0.9562810474735557,0.7313432835820896
B0034,192,77,24.0,1.353993472828928,3.4067781130872956,2.1991319506434475,4.1833235259541075,0.3655810893267727,-1.7290902219307398,-4.031338830626604,0.0011354193755573373,1.9914714948558092,38.30615482092432,23.472541130716568,56.88027382398077,8.74804855864819,3125.328,245,1.620729289277574,0.8354223507816403,1.353993472828928,False,True,B0034_p1,1,14.30615482092432,32.88027382398077,1.01713602352041,1.0099436678405935,0.9983338979185004,1.1513140003352331,0.9578255254024438,1.0909016860766685,1.120177308395378,0.958533441332102,0.7313432835820896
B0034,194,78,24.0,1.3577165116893766,3.4044214192090116,2.1256164107912863,4.18535045289718,0.36740222980980614,-1.7360856942372698,-4.03103413513416,0.0011547775998940132,1.992572262726097,38.50347850214561,23.745377412262677,57.11228470728586,8.765713487886241,3120.172,244,1.620729289277574,0.8377194887954218,1.3515813262521057,False,True,B0034_p1,1,14.503478502145612,33.11228470728586,1.0164324032198087,0.9761819129173162,0.9988176161543287,1.157049265631791,0.9710367384087292,1.0985993428887921,1.1224392817662636,0.9569521038137653,0.7283582089552239
B0034,196,79,24.0,1.334169315351027,3.4020136665550305,2.0595928588832932,4.182766239696235,0.37399786491906367,-1.7266849618679287,-4.030805323363095,0.0013806992719649974,1.9912035064162141,38.25735173096823,23.344185929602297,57.23777746505438,8.852656262705919,3116.641,243,1.620729289277574,0.8231907229527032,1.3482263029682544,False,True,B0034_p1,1,14.257351730968232,33.23777746505438,1.015713538685989,0.9458608272915481,0.9982009037193603,1.177820709407438,0.9545580614428001,1.1027629414577385,1.133572201620218,0.9558691513744234,0.7253731343283583
B0034,198,80,24.0,1.3372147888783987,3.408929572366065,2.196715966153447,4.181823483700895,0.3659791397629172,-1.7171675465127403,-4.03117795823907,0.0013891789726567755,1.9895313222946234,38.29433048905591,23.58283501183717,56.79550408983589,8.71975304702693,3110.844,242,1.620729289277574,0.8250697989634349,1.3454786192090245,False,True,B0034_p1,1,14.294330489055909,32.79550408983589,1.0177783684759465,1.0088341354014132,0.997975918665784,1.1525675691147799,0.95703386286096,1.0880891959373837,1.1165541014784208,0.95409122011108,0.7223880597014926
B0034,200,81,24.0,1.339045224276927,3.407512024075691,2.179169443366329,4.1857303262234575,0.36843896337633836,-1.7243425380133646,-4.031972732432733,0.0011128765557092638,1.9907550456334984,38.19006452807094,23.456477601865824,56.74357378980126,8.752149937196785,3101.406,241,1.620729289277574,0.826199188930432,1.3439244604756322,False,True,B0034_p1,1,14.190064528070941,32.74357378980126,1.0173551417839348,1.000775956092852,0.998908271446989,1.1603142208075745,0.9500530493501241,1.0863662525042022,1.1207024850850678,0.9511965995722783,0.7194029850746269
B0034,204,82,24.0,1.3439244604756322,3.4012246723873067,2.0729178734316847,4.180937577273335,0.3734976697868644,-1.7314023398283604,-4.031005726868246,0.0009343179831969989,1.991687156056864,38.326737735855446,23.39396422716183,57.1850535860252,8.840904227557912,3099.563,240,1.620729289277574,0.8292097078560694,1.3402523341553034,False,True,B0034_p1,1,14.326737735855446,33.1850535860252,1.015477974653434,0.9519802936851377,0.9977645005405709,1.1762454592771288,0.9592035925039814,1.1010136686616132,1.1320673673692412,0.9506313542180707,0.7164179104477612
B0034,206,83,24.0,1.3454786192090245,3.4019343263921806,2.0585536221704452,4.185670680684665,0.37402978145330523,-1.7315370302816349,-4.031139103540076,0.0011101596079035176,1.9919060821687604,38.326112920062165,23.39996123171042,57.131636004992664,8.83833746460605,3104.64,240,1.620729289277574,0.8301686334111725,1.339045224276927,False,True,B0034_p1,1,14.326112920062165,33.131636004992664,1.0156898506925045,0.9453835614607182,0.9988940372710122,1.1779212232299174,0.9591617598436356,1.0992413802212406,1.131738696398175,0.9521884625541054,0.7164179104477612
B0034,208,84,24.0,1.3482263029682544,3.4080993396118826,2.1859283824053053,4.184780807786567,0.3674792317231355,-1.7217927604432464,-4.030804616834862,0.006275841471540261,1.99055363314659,38.2504483640825,23.608677856868198,56.68621589748299,8.724130410493817,3099.875,239,1.620729289277574,0.83186397129234,1.339045224276927,False,True,B0034_p1,1,14.250448364082501,32.68621589748299,1.0175304921499417,1.0038799752408334,0.9986816725630239,1.1572917655407222,0.9540958672964946,1.0844632324206476,1.1171146177116507,0.9507270441532376,0.7134328358208956
B0034,210,85,24.0,1.3373192299576058,3.4012585484878985,2.047929270109934,4.184776951807234,0.3758659116232624,-1.728989688622418,-4.031692434428726,0.0010934428723549882,1.9914710997678269,38.2552215314073,23.276456947851614,57.14457415944487,8.85805323518953,3093.25,238,1.620729289277574,0.8251342397555511,1.3402523341553034,False,True,B0034_p1,1,14.255221531407301,33.14457415944487,1.0154880887850577,0.9405043648825943,0.9986807523485451,1.1837036951159838,0.9544154403444547,1.0996706422943667,1.1342632775864343,0.9486951665234896,0.7104477611940299
B0034,212,86,24.0,1.3402523341553034,3.400118948427692,2.0282334120244614,4.184920385211051,0.375142059792088,-1.7363791085179334,-4.031825763441962,-0.00026873422222983763,1.9924152495104053,38.4827926779255,23.49685572481665,57.289854087208134,8.85891958696819,3086.688,237,1.620729289277574,0.8269439831945712,1.3439244604756322,False,True,B0034_p1,1,14.482792677925502,33.289854087208134,1.0151478469979012,0.931459110844841,0.998714982172807,1.1814240893821806,0.9696517813255702,1.1044907395660155,1.1343742129106997,0.946682610899881,0.7074626865671642
B0034,216,87,24.0,1.3290965682379121,3.4044380735101045,2.128944717359417,4.181326694340018,0.37237093806325683,-1.7191649059489624,-4.0305186641831545,0.003467823659264682,1.990124346146437,38.208311929566015,23.29711680803585,56.90074118043176,8.821524407621878,3094.281,237,1.620729289277574,0.8200608065954959,1.3439244604756322,False,True,B0034_p1,1,14.208311929566015,32.90074118043176,1.016437375568763,0.977710426084583,0.9978573618159463,1.1726970754961183,0.951274749180933,1.0915807520048124,1.1295858042654707,0.949011372687455,0.7074626865671642
B0034,218,88,24.0,1.3323485655766352,3.4027761465827293,2.080780257241255,4.184466822637345,0.37372718815332134,-1.7265467227383982,-4.031628581091327,0.0016669359763762774,1.9912251201424331,38.37963443029051,23.401728136234176,57.126183132620525,8.800692299240005,3088.328,236,1.620729289277574,0.8220673090757297,1.3402523341553034,False,True,B0034_p1,1,14.379634430290508,33.126183132620525,1.0159411865919117,0.9555910659902213,0.9986067412276953,1.1769682748612789,0.9627451314271596,1.0990604648281215,1.1269182773377266,0.9471855964565281,0.7044776119402985
B0034,220,89,24.0,1.3501541310555516,3.407661438923026,2.18178697368346,4.185698992912854,0.3644346419805944,-1.726628901233422,-4.0312424408295175,0.0026485048966212645,1.9911565610540376,38.847888287026734,23.983632918812404,57.09006956503022,8.650969020704977,3095.687,236,1.620729289277574,0.8330534531509399,1.3373192299576058,False,True,B0034_p1,1,14.847888287026734,33.09006956503022,1.017399751446974,1.001978047749241,0.9989007938742133,1.1477035267116305,0.9940956586627594,1.0978622889252867,1.107746387969589,0.9494425907927266,0.7044776119402985
B0034,222,90,24.0,1.381523441054128,3.406219322901771,2.1600430451609207,4.188177492671976,0.36014378952785037,-1.7439767424511525,-4.031736173757563,0.001337844978851325,1.9936664436084206,39.55793696996327,24.79113634686574,57.56129571557157,8.580203802652616,3102.062,236,1.620729289277574,0.852408511522569,1.3373192299576058,False,True,B0034_p1,1,15.557936969963272,33.56129571557157,1.0169691897530146,0.9919922245161734,0.9994922782072233,1.1341904686064797,1.0416348305302607,1.1134966295910889,1.0986849851945046,0.951397793794937,0.7044776119402985
B0034,224,91,24.0,1.3835971952817807,3.403483836522725,2.0578741386350488,4.181899265811891,0.361199131963742,-1.7438949547598264,-4.03159610294282,0.0010649532583859303,1.9934959532208538,39.995989656775905,25.6128390117907,58.12885115554352,8.664910618834783,3107.141,236,1.620729289277574,0.853688030712709,1.3381567383793782,False,True,B0034_p1,1,15.995989656775905,34.12885115554352,1.016152476234958,0.945071511020191,0.9979940037719905,1.137514028158828,1.0709633293583722,1.1323269833077851,1.109531593179994,0.9529555155279923,0.7044776119402985
B0034,228,92,24.0,1.3301161862080901,3.401643655881062,2.0545776989805833,4.180083219210065,0.37339479229168565,-1.7239330841004026,-4.031093567396651,0.005936935518246376,1.9908708027640274,38.637111363644244,23.785855051860043,57.35750604508094,8.83892227462159,3090.719,234,1.620729289277574,0.8206899171921412,1.3381567383793782,False,True,B0034_p1,1,14.637111363644244,33.35750604508094,1.015603067392266,0.9435576326217294,0.9975606113098597,1.1759214701431808,0.9799837243303935,1.1067352961443737,1.1318135806314686,0.9479189125942983,0.6985074626865672
B0034,230,93,24.0,1.3176982121703233,3.401100143150002,2.0610721424538947,4.1821779958572005,0.37793902776325977,-1.7215733668196036,-4.031192505233378,0.0003390728794783257,1.990241671259804,38.17458507378806,23.156981532264396,57.07647448385972,8.883861097455457,3069.812,232,1.620729289277574,0.8130279503726843,1.3381567383793782,False,True,B0034_p1,1,14.174585073788059,33.07647448385972,1.0154407948991209,0.9465401831049327,0.9980605216138152,1.1902325000951892,0.9490166690916245,1.0974112313382773,1.1375679439351258,0.9415067668425787,0.6925373134328359
B0034,232,94,24.0,1.3063657719651272,3.406245698013471,2.1769630360366774,4.1841115419161925,0.3751691670313866,-1.7115169207570662,-4.030588508612238,0.0011136677193194534,1.9890433032493577,37.84309122903104,22.908599756234555,56.56265009891403,8.844335873025695,3064.437,231,1.620729289277574,0.8060357646448336,1.3381567383793782,False,True,B0034_p1,1,13.843091229031039,32.56265009891403,1.0169770643710097,0.9997626712326113,0.9985219548646509,1.1815094574305454,0.9268224967234023,1.080363566501747,1.1325067855272106,0.939858262350519,0.6895522388059702
B0034,234,95,24.0,1.3381567383793782,3.404609654515602,2.123117073996824,4.182953933920961,0.3693917888271339,-1.7218255733894667,-4.031702600821983,0.0012646505805006295,1.9903507365818527,38.7849806497393,23.68472050512781,57.16856231635899,8.731988472196162,3083.25,232,1.620729289277574,0.825650987633999,1.3337639975535058,False,True,B0034_p1,1,14.784980649739303,33.16856231635899,1.0164886032143126,0.9750341012234204,0.9982456962164802,1.16331492657,0.9898838672002114,1.1004665213361158,1.1181208332519423,0.9456281814219831,0.6925373134328359
B0034,236,96,24.0,1.3563258092165067,3.3978374456616303,1.992728560786441,4.185231964742196,0.37203535158484086,-1.7464028089407726,-4.031682841427148,0.0015946623938485048,1.993646146606466,39.47058624854092,24.220736022753695,57.902838661735686,8.715203996325878,3076.484,231,1.620729289277574,0.8368614167644722,1.3337639975535058,False,True,B0034_p1,1,15.470586248540918,33.902838661735686,1.0144666759400598,0.9151536319148617,0.9987893394167329,1.1716402226604452,1.0357865259587014,1.1248283410553128,1.1159716008971887,0.9435530593023038,0.6895522388059702
B0034,240,97,24.0,1.3648997529550058,3.3958647763622594,1.9677573642714887,4.183603781291225,0.3720821888402611,-1.7536342273893653,-4.03092026898644,0.00010222763536104529,1.9944941724392893,39.61654428235802,24.762876860329897,58.115178902093014,8.781818552127643,3081.297,230,1.620729289277574,0.8421515931037428,1.3337639975535058,False,True,B0034_p1,1,15.61654428235802,34.115178902093014,1.01387771095899,0.903685697127547,0.998400779765286,1.1717877258805978,1.0455587066863345,1.131873365298961,1.1245015162626226,0.945029199231659,0.6865671641791045
B0034,242,98,24.0,1.3337639975535058,3.4029256137765205,2.1243524375356397,4.1847480185320505,0.3730986629314619,-1.726531730710585,-4.031386898885472,1.4190786375877197e-05,1.991183993826504,38.42381623938057,23.61904245521269,56.98035659049231,8.81582166626747,3065.953,229,1.620729289277574,0.8229406393636655,1.3381567383793782,False,True,B0034_p1,1,14.423816239380571,32.98035659049231,1.015985811883637,0.9756014376141009,0.9986738475348929,1.174988878473946,0.9657031914394155,1.0942222319857182,1.128855574955696,0.9403232172919074,0.6835820895522388
B0034,244,99,24.0,1.3060123668658763,3.4052852363977686,2.1817137827751827,4.18481289618272,0.37379389978575606,-1.7162971244779048,-4.031919192937977,0.004221413170437679,1.9897417738864769,38.11461669687029,23.139606352661186,56.672084425511734,8.80752764115047,3055.828,228,1.620729289277574,0.8058177115118466,1.3381567383793782,False,True,B0034_p1,1,14.114616696870293,32.672084425511734,1.0166903065969162,1.001944435080235,0.9986893303340307,1.1771783678848233,0.9450016669580827,1.0839943784602848,1.1277935348139392,0.9372178948766321,0.6805970149253732
B0034,246,100,24.0,1.3101868361375808,3.4007629589889867,2.087539695609617,4.182816385597531,0.37682602890181,-1.7241037426046357,-4.031463869357844,-0.00020545875090377403,1.99069713658219,38.33391837467719,23.227905756844947,57.04472631715234,8.858542992943445,3051.468,227,1.620729289277574,0.8083933848826692,1.3381567383793782,False,True,B0034_p1,1,14.33391837467719,33.04472631715234,1.0153401243695634,0.9586953144534791,0.9982128708437757,1.1867273648216332,0.9596843505579976,1.0963578907007774,1.1343259904896457,0.9358806893723752,0.6776119402985075
B0034,248,101,24.0,1.3567668941696103,3.4011297944340977,2.068960188840925,4.182086976575588,0.36877365393172956,-1.734239204579505,-4.031164018221237,0.0024620812789465474,1.9925090710264388,39.42514383600653,24.36549586778333,57.64730160708694,8.665556403571282,3069.0,228,1.620729289277574,0.8371335689098192,1.3337639975535058,False,True,B0034_p1,1,15.425143836006526,33.64730160708694,1.0154496476591763,0.9501627408590879,0.9980388002160715,1.1613682521386575,1.032744066038049,1.1163501329581507,1.1096142851544482,0.9412577276523364,0.6805970149253732
B0034,252,102,24.0,1.3916857433587717,3.399331416433363,2.0596285731276476,4.181559459677035,0.3633305303838452,-1.7519633999941742,-4.031125638208525,0.0005944525944014617,1.9946989906536217,40.315066740163225,25.426031784942502,58.29336025761747,8.618832098966745,3079.235,228,1.620729289277574,0.8586787149253676,1.3337639975535058,False,True,B0034_p1,1,16.315066740163225,34.29336025761747,1.0149127195154186,0.9458772289335354,0.9979129103588126,1.144226379844951,1.092326174851442,1.1377850661019906,1.1036312930142396,0.9443967869037283,0.6805970149253732
B0034,254,103,24.0,1.3629935079344777,3.3981521617785853,1.9953872570984859,4.182529313505233,0.3714736791341355,-1.741661014368029,-4.03058191664693,0.000696391821171213,1.9929597515778728,39.53448316157278,24.759695537233807,57.95445943311949,8.75910367492188,3070.344,227,1.620729289277574,0.8409754281308881,1.3337639975535058,False,True,B0034_p1,1,15.53448316157278,33.95445943311949,1.014560638355313,0.9163746289106424,0.9981443622048648,1.1698713637807625,1.040064551400368,1.1265410149472832,1.1215929030058147,0.9416699304499789,0.6776119402985075
B0034,256,104,24.0,1.3211711973900628,3.4035091903916523,2.1529421051579973,4.184076900714323,0.3736614739227387,-1.7213520368201807,-4.030694821958155,0.0007119561611779472,1.9903707964164643,38.37203224972586,23.5538506722797,56.91514213395795,8.819851436392712,3051.4839999999967,225,1.620729289277574,0.8151708037429023,1.3567668941696103,False,True,B0034_p1,1,14.372032249725862,32.91514213395795,1.0161600459482079,0.9887311426199414,0.9985136878764831,1.1767613229266742,0.9622361503148563,1.0920585468238866,1.1293715822711659,0.9358855965485366,0.6716417910447762
B0034,258,105,24.0,1.3074869015593356,3.3990218794534157,2.0405401202035574,4.184435637134828,0.38039868580780545,-1.7213249052728743,-4.031009817979993,0.0020566252105106756,1.9904737441304503,38.3101923015924,23.15733332811672,57.19634917626827,8.920825705736922,3054.812,225,1.620729289277574,0.8067275085416248,1.3567668941696103,False,True,B0034_p1,1,14.310192301592402,33.19634917626827,1.0148203033960046,0.9371109235947778,0.9985992989287449,1.1979786303666906,0.9580958427651883,1.1013884337413495,1.1423012184629275,0.9369062891903189,0.6716417910447762
B0034,260,106,24.0,1.3105881895483489,3.4057934055092884,2.197033181830859,4.182198079486951,0.3728672541476979,-1.7112135934528914,-4.031095809579006,0.0012203049914854371,1.988808393414797,38.27774779605142,23.320296928845934,56.74944920850043,8.789909179873913,3046.532,224,1.620729289277574,0.80864102242055,1.3567668941696103,False,True,B0034_p1,1,14.277747796051422,32.74944920850043,1.0168420268123834,1.0089798155933853,0.9980653144939854,1.1742601094529919,0.9559236185753062,1.08656118713886,1.1255375116107607,0.9343668255262717,0.6686567164179105
B0034,264,107,24.0,1.376312668196664,3.3956244120578263,1.9756647286286777,4.18257252176705,0.36839066731690007,-1.756910982199254,-4.03243604396475,0.00037287267617090643,1.9948433499738958,40.334191485925615,25.493869536085327,58.608348897573435,8.72005312310918,3071.782,225,1.620729289277574,0.8491934324270424,1.3327005721973733,False,True,B0034_p1,1,16.334191485925615,34.608348897573435,1.0138059472031211,0.9073171265920295,0.998154673688587,1.1601621234179236,1.0936066146263042,1.1482357588262202,1.1165925258671143,0.9421109629075756,0.6716417910447762
B0034,266,108,24.0,1.391764929132287,3.400151892919731,2.083403258487322,4.184144535847567,0.36015637320282223,-1.757472358582005,-4.0311681176814105,-0.0008283772149644326,1.9955063992978563,40.79229920392578,26.140582124289093,58.69313490028398,8.583553000578554,3074.532,225,1.620729289277574,0.858727573037601,1.3327005721973733,False,True,B0034_p1,1,16.79229920392578,34.69313490028398,1.0151576829861921,0.9567956701516169,0.9985298287381184,1.134230098011812,1.1242778376891671,1.151048788723957,1.099113846041905,0.9429543838104898,0.6716417910447762
B0034,268,109,24.0,1.3649746353453525,3.395401002342427,1.9776004444482063,4.183745596310435,0.3713052294494829,-1.7545668980958757,-4.032104651105574,0.0013465670361033823,1.9948044653813897,39.99900717802979,25.236639467278017,58.287617732907975,8.743681408657471,3053.656,223,1.620729289277574,0.8421977960019332,1.3327005721973733,False,True,B0034_p1,1,15.999007178029792,34.287617732907975,1.0137392454509102,0.9082060973216393,0.9984346233683524,1.1693408700381849,1.0711653584092666,1.137594540623965,1.119618099985735,0.9365517457125848,0.6656716417910448
B0034,270,110,24.0,1.3219093937291897,3.3978188140801495,2.0648428293008756,4.182564922322223,0.3766626637007517,-1.7345909430155575,-4.031108958105936,0.002555847383445931,1.9921578570230876,38.793911542282345,23.815588368305107,57.38456939785952,8.849301875472765,3031.953,221,1.620729289277574,0.8156262754518488,1.34875988767775,False,True,B0034_p1,1,14.793911542282345,33.38456939785952,1.0144611132494266,0.9482718578702436,0.9981528601106198,1.1862128834968677,0.9904818082227592,1.10763320403088,1.1331426762881442,0.9298954679467853,0.6597014925373135
B0034,272,111,24.0,1.3090033888073913,3.392562018908607,1.966575784508242,4.184886457411625,0.38410193126352715,-1.7419815147499944,-4.031562836873329,-0.0007536815005631075,1.992662132513672,38.67005005769116,23.39868713351051,57.58115209169171,8.947924082716312,3023.5,220,1.620729289277574,0.8076631905571771,1.3501504559881146,False,True,B0034_p1,1,14.670050057691157,33.58115209169171,1.0128916315985073,0.9031430607479563,0.9987068854353592,1.2096411546720418,0.9821890354238685,1.1141554244145382,1.1457711336998118,0.927302945440482,0.6567164179104478
B0034,276,112,24.0,1.3327005721973733,3.40172041057263,2.1711822809863026,4.182256888930097,0.3724017018288093,-1.7240295509078702,-4.03093916292613,0.0008522774553233712,1.9906984214499528,38.826649526191886,23.541409033500173,57.13289738293001,8.753785390235315,3042.703,220,1.620729289277574,0.8222844993388211,1.3501504559881146,False,True,B0034_p1,1,14.826649526191886,33.13289738293001,1.0156259834611077,0.997107879665077,0.9980793491389863,1.172793958937351,0.9926736813732517,1.0992832302169553,1.120911902919277,0.9331924769309048,0.6567164179104478
B0034,278,113,24.0,1.7423975189669398,3.483606791060758,2.069253006874651,4.444767752853825,0.3434164937405887,-1.5139109254949328,-4.031271454898872,0.0001730030754003461,1.9481481480781413,40.05350414099234,27.196423537639372,61.43732341776916,9.957088341397842,4424.203,320,1.620729289277574,1.075070050559522,1.34875988767775,False,True,B0034_p1,1,16.053504140992338,37.43732341776916,1.0400741819246981,0.9502972165184065,1.0607265463736673,1.0815116775259899,1.0748140384938754,1.2420954721142106,1.2749934277280217,1.3568964687040241,0.9552238805970149
B0034,282,114,24.0,1.37734756281946,3.4027541068274787,2.1429326564674485,4.182008963324631,0.3605103839967495,-1.7448643036753848,-4.031083297465372,-0.00011836412656153792,1.9935812310285164,39.89751111071057,25.386985109640076,57.73883179659806,8.605285871933331,3066.766,222,1.620729289277574,0.8498319688128798,1.3387814875085953,False,True,B0034_p1,1,15.897511110710568,33.73883179659806,1.0159346063485641,0.984134338266916,0.9980201826569862,1.1353449740139292,1.0643699947896774,1.1193869214775876,1.1018967146067842,0.9405725631806598,0.6626865671641791
B0034,284,115,24.0,1.34875988767775,3.399518032588874,2.0661656290024695,4.183084128990252,0.3687369554872807,-1.7422768724138988,-4.030963240325162,0.0014922973901564274,1.9933447087397471,39.197243061406944,24.449893699541676,57.386080612263264,8.687385373728748,3046.125,220,1.620729289277574,0.8321931963597375,1.333083376618503,False,True,B0034_p1,1,15.197243061406944,33.386080612263264,1.0149684360922078,0.9488793490133082,0.9982767667636679,1.161252678784023,1.017485655801135,1.1076833431005815,1.1124094590577593,0.9342419992326404,0.6567164179104478
B0034,286,116,24.0,1.3501504559881146,3.4048948132853294,2.1996082620797504,4.183718969246597,0.3652962096940128,-1.731761904660173,-4.031380713903483,0.0004034421702229086,1.9917380154017912,38.90698912730004,24.225340352579455,56.89633685865634,8.646786912357909,3033.625,219,1.620729289277574,0.8330511856115912,1.3333226534895923,False,True,B0034_p1,1,14.906989127300037,32.89633685865634,1.0165737409155318,1.0101624122041928,0.998428268923073,1.150416837108845,0.9980525774921087,1.0914346254221523,1.1072108739243445,0.9304082678557573,0.6537313432835821
B0034,288,117,24.0,1.3387814875085953,3.3989458032986057,2.0698222657269465,4.184086373500983,0.3721186269639581,-1.7394457190997812,-4.0308516181486045,0.002570788512427671,1.9929755025948428,38.91493347992841,24.023029688289228,57.238769179765264,8.73816414056245,3028.562,218,1.620729289277574,0.8260364617124588,1.3333226534895923,False,True,B0034_p1,1,14.914933479928408,33.238769179765264,1.0147975899127606,0.9505586466581805,0.9985159485201965,1.1719024794145827,0.9985844677047829,1.102795844567244,1.1189116203082454,0.9288554532988645,0.6507462686567164
B0034,290,118,24.0,1.3253371210402685,3.402552549263599,2.1637591808058576,4.180084668986179,0.36873212823783624,-1.7291852801439969,-4.030838932270787,-0.0008015260124667276,1.9913280053784501,38.753372299612906,23.956037899332294,56.92287178370967,8.670030981796694,3020.984,217,1.620729289277574,0.8177412044123827,1.3333226534895923,False,True,B0034_p1,1,14.753372299612906,32.92287178370967,1.015874428828271,0.9936988468324662,0.9975609572932939,1.1612374764663134,0.9877676252787525,1.0923150011342146,1.11018724962294,0.9265312919889429,0.6477611940298508
B0034,294,119,24.0,1.3308160596334049,3.3917372089469744,1.9665760341302796,4.182272685375916,0.37788647094705236,-1.7552053099717762,-4.030667531854442,-0.00017840309312221954,1.994478753941621,39.091854428154555,23.932184060717763,57.63060311370659,8.82184669148478,3017.391,216,1.620729289277574,0.8211217434261366,1.333083376618503,False,True,B0034_p1,1,15.091854428154555,33.63060311370659,1.0126453743147374,0.9031431753860052,0.9980831188993765,1.1900669844269032,1.010429677148592,1.1157961103645104,1.1296270723343051,0.9254293242419717,0.6447761194029851
B0034,296,120,24.0,1.333083376618503,3.399163910018903,2.0993400599564533,4.183571382297645,0.37198232407029475,-1.737147942355728,-4.031261774539943,0.00014807845366880123,1.992535395677793,38.79791433490267,23.91270646251569,57.01462861282404,8.739189843984944,3022.14,216,1.620729289277574,0.8225206920353204,1.3308160596334049,False,True,B0034_p1,1,14.797914334902671,33.01462861282404,1.0148627083897561,0.964114590566862,0.9983930478714104,1.1714732246354316,0.9907498031516995,1.0953593091021403,1.1190429604227086,0.926885835466677,0.6447761194029851
B0034,298,121,24.0,1.3333226534895923,3.3961519106185554,2.051523215347617,4.183893272585923,0.37490965347626387,-1.7450526641182944,-4.031883079901577,-5.40381873575575e-05,1.9936608981019226,38.87342544692156,23.852701227189534,57.17373710163345,8.76241706077663,3009.016,215,1.620729289277574,0.8226683273453455,1.3283067675570923,False,True,B0034_p1,1,14.873425446921559,33.17373710163345,1.0139634384663214,0.9421548716811071,0.9984698657374457,1.1806921788622262,0.9958054223204105,1.1006382103558368,1.1220171781597037,0.92286072421946,0.6417910447761194
B0034,300,122,24.0,1.3264281097516475,3.3999185413871995,2.127535513157563,4.184006388641318,0.37224712763275075,-1.7341883809096077,-4.0317878151340585,0.0009352255589694179,1.9922095654495857,38.72429474171124,23.837593538860677,56.96912010183172,8.724572901758615,3014.672,214,1.620729289277574,0.8184143511979668,1.3264281097516475,False,True,B0034_p1,1,14.72429474171124,32.96912010183172,1.0150880129806905,0.9770632539765427,0.9984968604443574,1.1723071628715576,0.985820824931405,1.0938494277782156,1.1171712781966339,0.924595410992872,0.6388059701492538
B0034,302,123,24.0,1.323971040986857,3.397850235603045,2.0823277676119383,4.181910454160974,0.3747384474446145,-1.734400276547127,-4.031344486974082,0.001711139598895986,1.9921412143803898,38.693927613601694,23.7486501338944,57.103594586187974,8.767456609939433,3010.703,214,1.620729289277574,0.8168983245665941,1.3253371210402685,False,True,B0034_p1,1,14.693927613601694,33.103594586187974,1.014470494536317,0.9563017547232607,0.9979966738280075,1.1801530046354007,0.983787685293216,1.0983110220612757,1.1226624864909125,0.9233781246060841,0.6388059701492538
B0034,306,124,24.0,1.3249364225071156,3.399278705498605,2.1365617064803337,4.181304092373182,0.37222493331542544,-1.7344615887918813,-4.031165844112306,0.00047522503300314293,1.9920849414303599,38.83689474258564,23.862096030039655,57.068326741336485,8.736916060940722,3011.75,214,1.620729289277574,0.8174939709380427,1.3264281097516475,False,True,B0034_p1,1,14.836894742585642,33.068326741336485,1.014896982009542,0.9812085017359462,0.99785196794442,1.172237266946931,0.9933596189922728,1.0971409055464698,1.11875180518354,0.9236992379462119,0.6388059701492538
B0034,308,125,24.0,1.3283067675570923,3.393991029909916,1.9941210557405098,4.181467747221002,0.37789405609957344,-1.7422565015843707,-4.031283330684273,0.0013017595633574254,1.99327832255724,38.98262569198278,23.937722276304335,57.42601185667435,8.797983605565642,3005.734,213,1.620729289277574,0.819573494688415,1.3264281097516475,False,True,B0034_p1,1,14.982625691982783,33.42601185667435,1.013318280625591,0.915793130359214,0.9978910235376879,1.190090872129378,1.003116595966236,1.109008181880465,1.126571432304909,0.9218541397091455,0.6358208955223881
B0034,310,126,24.0,1.314584348909226,3.3920728040875394,1.9772527709370782,4.184933925854431,0.3801219628139757,-1.7506020276231054,-4.031390232489055,0.0005343769692278891,1.9941857453865572,39.051031869034375,23.891588699661355,57.61101162387096,8.838929305417206,2993.75,212,1.620729289277574,0.8111066774730717,1.3264281097516475,False,True,B0034_p1,1,15.051031869034375,33.61101162387096,1.0127455704224546,0.9080464294759073,0.9987182135947141,1.1971071546084737,1.0076965256045889,1.1151461039378956,1.1318144809165616,0.9181786647635002,0.6328358208955224
B0034,312,127,24.0,1.3166841798543303,3.3991110461098466,2.126873333723975,4.183605741258281,0.3745652158276003,-1.7318011089547243,-4.030190775657842,-5.6992644977724535e-05,1.9918401149693128,38.79001119015603,23.825855363413623,57.13778358983724,8.768643822942847,2998.125,212,1.620729289277574,0.8124022861592332,1.3264281097516475,False,True,B0034_p1,1,14.79001119015603,33.13778358983724,1.0148469252114978,0.9767591503843362,0.9984012475038051,1.179607451290898,0.9902206718886845,1.0994453447839492,1.122814507716874,0.9195204707454093,0.6328358208955224
B0034,314,128,24.0,1.3041727649654073,3.395190942431077,2.0395114895210718,4.18498220766507,0.3788185092461381,-1.739970121407176,-4.030832991804198,0.0011172089435373884,1.99300867233764,38.89401391225135,23.78659177259518,57.23603082155364,8.817119705402904,2990.859,211,1.620729289277574,0.804682665756433,1.3249364225071156,False,True,B0034_p1,1,14.894013912251353,33.23603082155364,1.0136765294489167,0.9366385285463502,0.9987297358611403,1.1930022258108657,0.9971838610321807,1.102704991321735,1.1290217873372548,0.9172919993706546,0.6298507462686567
B0034,318,129,24.0,1.3534450073572306,3.3964846031258618,2.0358214749013905,4.181710702444723,0.37049402486647665,-1.7427011000827153,-4.031156962815287,-0.00163968339322142,1.993291703394223,40.171574663158054,24.95061784926869,58.39093066235441,8.680668591147082,3024.453,213,1.620729289277574,0.8350839441918873,1.3283067675570923,False,True,B0034_p1,1,16.171574663158054,34.39093066235441,1.0140627679567382,0.934943902219678,0.9979490038574054,1.1667861667977326,1.0827190948380518,1.1410222568750514,1.111549382963878,0.9275952291206555,0.6358208955223881
B0034,320,130,24.0,1.371294082513786,3.394474869519725,1.9730425062614987,4.184181072689387,0.3672121915754649,-1.7609977485305528,-4.031505060697891,0.012990005280977403,1.9957052562503232,41.036063659744045,26.378354883462126,58.90073826779548,8.58675913782817,3030.765,213,1.620729289277574,0.8460969340074236,1.3286903090919502,False,True,B0034_p1,1,17.036063659744045,34.90073826779548,1.0134627369653952,0.9061128801280428,0.9985385481133914,1.1564507836911662,1.1405983529422996,1.1579366530059243,1.0995243881382986,0.9295311101167264,0.6358208955223881
B0034,322,131,24.0,1.357699321922511,3.396433031795198,2.0280193684749017,4.18330455406694,0.3682987390428935,-1.7510064310910844,-4.0310979373493865,0.000674413117618517,1.9946503871453536,40.43961489235273,25.80947699877746,58.27129279916865,8.615091400374975,3020.813,212,1.620729289277574,0.8377088826029014,1.3534450073572306,False,True,B0034_p1,1,16.43961489235273,34.27129279916865,1.014047370693853,0.9313608120922551,0.9983293703513759,1.1598726163510091,1.1006649214120714,1.137052911991653,1.1031523009679614,0.9264788465437072,0.6328358208955224
B0034,324,132,24.0,1.3286903090919502,3.391155270712207,1.9435482703621492,4.183090426902681,0.38005544719190654,-1.7476615383639926,-4.0324414576282885,0.0011493879909260072,1.993487097282149,39.651877682602084,24.614714162928127,58.03064804249352,8.796592591944375,2998.156,210,1.620729289277574,0.8198101421886455,1.3534450073572306,False,True,B0034_p1,1,15.651877682602084,34.03064804249352,1.0124716294090237,0.8925677553002083,0.9982782697359877,1.1968976788747308,1.0479243481236495,1.129068800539061,1.1263933146500096,0.9195299783992239,0.6268656716417911
B0034,326,133,24.0,1.3143943268181724,3.395487164367482,2.0636905936063763,4.184001846460157,0.3778446402934429,-1.737132841849628,-4.030608268179589,-0.00019198789676016652,1.9927594215368052,39.179107326892364,24.072109280815287,57.376456720947886,8.773934402473195,2986.766,209,1.620729289277574,0.8109894326671002,1.3534450073572306,False,True,B0034_p1,1,15.179107326892364,33.376456720947886,1.0137649701962954,0.9477426976517406,0.9984957764704798,1.189935248353704,1.0162714322968163,1.1073640416458927,1.1234919601908087,0.9160366823686081,0.6238805970149254
B0034,330,134,24.0,1.3866783030110723,3.3795305779550775,1.9437968709766946,4.173319870139646,0.37436144319736553,-1.7833514969895126,-4.030934744594092,-0.0015555056759469319,1.9975721596706721,40.11810121003218,24.68063964955075,58.48728985101988,8.830256928140628,3032.328,199,1.620729289277574,0.8555890932465176,1.3534450073572306,False,True,B0034_p1,1,16.11810121003218,34.48728985101988,1.0090009326471152,0.8926819242641979,0.9959465643449135,1.178965716012669,1.079138940773141,1.1442192619227247,1.130703993226657,0.9300104798880918,0.5940298507462687
B0034,334,135,24.0,1.3868330458429208,3.392303218262864,2.071041778175654,4.181768359109135,0.36219923204953647,-1.7701661084313474,-4.031180224182523,0.005266729500062654,1.9967121898900635,40.80596825835928,25.7688641707561,58.63748276638773,8.611401275233154,3047.703,212,1.620729289277574,0.8556845705312635,1.3418431880549024,False,True,B0034_p1,1,16.80596825835928,34.63748276638773,1.0128143634433888,0.9511187034910887,0.9979627633962426,1.1406636145683222,1.1251930080762071,1.1492023622913128,1.1026797847923486,0.9347259694816581,0.6328358208955224
B0034,336,136,24.0,1.3548037379291014,3.4001334063326003,2.185338383273266,4.182301042571854,0.36401944438974265,-1.7401783923806777,-4.031782992778244,-0.0009786783734257677,1.9930098218361478,39.68459882372221,25.05089715718802,57.63608525053667,8.666069410115938,3034.968,211,1.620729289277574,0.8359222893620892,1.3418431880549024,False,True,B0034_p1,1,15.684598823722212,33.63608525053667,1.0151521635854273,1.0036090202000225,0.9980898862339561,1.1463959568913935,1.0501150936158845,1.1159779966937804,1.1096799750379152,0.9308201639548895,0.6298507462686567
B0034,338,137,24.0,1.3255787669951669,3.393642423268678,2.0310061849780774,4.178121720093713,0.37538320806870185,-1.7373219803903293,-4.030909285227107,0.00245161307352036,1.9926422428785588,39.35391690299883,24.408294212642993,57.60594379182819,8.767075656336281,3011.7339999999967,209,1.620729289277574,0.8178903014617772,1.3299603677394973,False,True,B0034_p1,1,15.353916902998833,33.60594379182819,1.0132141997723414,0.9327324971398492,0.9970925071705451,1.182183530707588,1.0279752811769265,1.1149779634123693,1.1226137058309813,0.9236943307700485,0.6238805970149254
B0034,340,138,24.0,1.3119728676377553,3.401001567788519,2.1906611266270994,4.181856458554027,0.370934410528928,-1.726421739308256,-4.031391102007752,-0.001027887353306596,1.9910863421318648,38.774974385595264,24.14656059452256,56.80159282025973,8.741771908238576,3002.922,208,1.620729289277574,0.809495377369626,1.3299603677394973,False,True,B0034_p1,1,14.774974385595264,32.80159282025973,1.0154113639975864,1.0060534714955314,0.9979837879863032,1.1681730606867486,0.9892139279096718,1.0882912078281908,1.119373590707434,0.9209917034986019,0.6208955223880597
B0034,342,139,24.0,1.3064487948795198,3.400303147037451,2.142279706628003,4.183618050676316,0.37617378073026325,-1.7241986137944987,-4.032301237199556,0.0012119641403227496,1.9905129167966487,38.265844006523615,24.028629657676618,56.21047251769452,8.673215119185038,2986.718,206,1.620729289277574,0.8060869902967311,1.3299603677394973,False,True,B0034_p1,1,14.265844006523615,32.21047251769452,1.0152028417863053,0.9838344733335852,0.9984041850985693,1.184673258431782,0.9551266361854557,1.0686790191282225,1.1105949746630244,0.9160219608401208,0.6149253731343284
B0034,346,140,24.0,1.3418431880549024,3.4014259376568985,2.160163197204225,4.180694864027114,0.36576931282343067,-1.7352631240732408,-4.032232493006905,-0.0017035894811182962,1.9922799931556212,39.684480872315234,25.64171815965767,57.153953136576106,8.466403178822823,3006.203,207,1.620729289277574,0.8279255498942809,1.3255787669951669,False,True,B0034_p1,1,15.684480872315234,33.153953136576106,1.0155380649056283,0.9920474039224284,0.997706577967843,1.1519067671747145,1.0501071965345392,1.0999818179865435,1.0841129494266706,0.9219979813104062,0.6179104477611941
B0034,348,141,24.0,1.3609210170759327,3.3937688197583187,1.955449063066795,4.184699791551839,0.37153923400975486,-1.7542912065406973,-4.032459345523554,-0.001355457626243199,1.9943659027856753,40.52184920089412,26.334809949726793,58.22840707938393,8.54489609430528,3011.609,207,1.620729289277574,0.8396966884473047,1.3255787669951669,False,True,B0034_p1,1,16.521849200894117,34.22840707938393,1.0132519370180886,0.898033152786168,0.998662338353535,1.170077813863369,1.1061706719628452,1.1356300496313148,1.0941638747506186,0.9236559934562806,0.6179104477611941
B0034,350,142,24.0,1.3299603677394973,3.40281516420186,2.186393196562525,4.184264442346774,0.36801812103517795,-1.7326282784227318,-4.031899555003315,0.0005444198934238,1.99191852844605,39.34384441360489,25.473281057610205,56.896536733279625,8.539784413673969,2985.953,205,1.620729289277574,0.8205937762328683,1.3255787669951669,False,True,B0034_p1,1,15.343844413604891,32.896536733279625,1.0159528357879124,1.004093439519168,0.9985584439580497,1.1589888741376904,1.0273009079741597,1.0914412568621674,1.093509330069874,0.9157873364798556,0.6119402985074627
B0034,352,143,24.0,1.299069387625936,3.402086089777065,2.1725626411969494,4.1832269410899645,0.3740681702393197,-1.7211553304454028,-4.031537675655013,-0.0005500802057760502,1.9900722312670815,38.612144786286876,24.52168448405072,56.43024249534344,8.628697466506056,2976.3129999999946,204,1.620729289277574,0.8015338503600345,1.3299603677394973,False,True,B0034_p1,1,14.612144786286876,32.43024249534344,1.0157351615406705,0.9977418052708933,0.9983108483161205,1.1780421199285835,0.9783121623087212,1.0759705471869514,1.104894541701353,0.9128307628420017,0.608955223880597
B0034,354,144,24.0,1.2984544371955695,3.3974407926386454,2.107521375414201,4.18242247093296,0.3779435373270901,-1.7293251908726686,-4.031552007887981,-0.0007401702915018566,1.9914272302238387,38.61589548680076,24.138492108667336,56.60428484008346,8.711982043102548,2964.75,203,1.620729289277574,0.8011544221393965,1.3299603677394973,False,True,B0034_p1,1,14.61589548680076,32.60428484008346,1.0143482502413135,0.9678718311174987,0.9981188646403137,1.1902467019347394,0.9785632791696321,1.0817449238950658,1.115559033584,0.9092844079691315,0.6059701492537314
B0034,358,145,24.0,1.3176486091610087,3.3900153291758635,1.9724956503793716,4.181677931125044,0.3809385034211551,-1.748688834226016,-4.031822718744165,-0.00017374198328850473,1.993510884231112,39.405725006770766,24.571172921635785,57.47493245382511,8.754742045513085,2969.953,203,1.620729289277574,0.8129973450090108,1.3299603677394973,False,True,B0034_p1,1,15.405725006770766,33.47493245382511,1.012131285669915,0.9058617384740761,0.9979411831093539,1.1996786624362419,1.0314439367896056,1.1106312693949223,1.121034401500181,0.9108801603174452,0.6059701492537314
B0034,360,146,24.0,1.3360648564106594,3.4000590460263824,2.15288424756184,4.184377456853175,0.36685828665744374,-1.7409400126466616,-4.038795954400871,-0.0010567842076357335,1.9932493712300807,39.93466601122023,25.764316512925873,57.43585109945852,8.536397858720107,2988.453,204,1.620729289277574,0.824360283515453,1.3176486091610087,False,True,B0034_p1,1,15.93466601122023,33.43585109945852,1.0151299623901444,0.9887045717209746,0.9985854144306887,1.1553362411209922,1.0668575892934005,1.1093346282659309,1.093075685699073,0.9165540827552322,0.608955223880597
B0034,362,147,24.0,1.3635797361860138,3.3987353103697178,2.175170885643991,4.1820883067461185,0.36020007998010495,-1.7514562329904435,-4.033056340172318,0.0013857851637352403,1.9946659405274803,41.55493252456659,26.671290557787994,59.12207312090748,8.578467537450493,3001.235,205,1.620729289277574,0.8413371345894648,1.3023273463118925,False,True,B0034_p1,1,17.55493252456659,35.12207312090748,1.0147347446279897,0.998939632423875,0.9980391176560979,1.1343677425072858,1.1753376556609259,1.1652801005009177,1.0984626584815544,0.9204743031119779,0.6119402985074627
B0034,364,148,24.0,1.3333112541544827,3.3928187346829195,2.0442124222047857,4.181101635503988,0.3735916769616042,-1.7489863545731503,-4.031676887900432,0.0010305303744507774,1.9942570014618868,40.30936955838523,25.513516910165443,58.23289082409849,8.675707293149884,2976.234,203,1.620729289277574,0.8226612938850476,1.299069387625936,False,True,B0034_p1,1,16.309369558385228,34.23289082409849,1.0129682772893012,0.938797415463287,0.9978036523995838,1.1765415133662755,1.0919447371976398,1.135778811308156,1.1109140946022062,0.9128065336597014,0.6059701492537314
B0034,366,149,24.0,1.3023273463118925,3.3901374196096965,2.030057772957424,4.179766813903975,0.3803530339163775,-1.7463412570660508,-4.031008497658909,0.0001529455766672571,1.9939037281528282,39.63376472877464,24.513132583140113,57.69877961341635,8.756958511526557,2950.39,201,1.620729289277574,0.8035440310283981,1.2984544371955695,False,True,B0034_p1,1,15.633764728774644,33.69877961341635,1.012167737289086,0.9322969422317036,0.9974851024135024,1.197834860179235,1.0467116498316542,1.1180580701913152,1.12131821736111,0.9048802173633681,0.6
B0034,370,150,24.0,1.2888728444455875,3.38449140744984,1.9600053057358238,4.180263086800403,0.38758715276672046,-1.7543675539321288,-4.031145578011882,0.00033172405719864034,1.994407754021368,39.397264101530574,23.991098161620744,57.777112656377554,8.875731169645771,2941.719,200,1.620729289277574,0.7952425201250551,1.3023273463118925,False,True,B0034_p1,1,15.397264101530574,33.777112656377554,1.0104820500601577,0.9001255913191922,0.997603536011107,1.220617062420129,1.0308774623519592,1.120657003798114,1.1365269162601825,0.9022208345818519,0.5970149253731343
B0034,372,151,24.0,1.2902746194203034,3.3921220546792745,2.097517979952191,4.1809918219864,0.3821333291796395,-1.7346999432389854,-4.0312307343283,0.0014412797914432568,1.9922776793108814,39.0556543100656,23.823475184494256,57.23966158430743,8.787883595963391,2946.969,200,1.620729289277574,0.7961074239581566,1.3023273463118925,False,True,B0034_p1,1,15.055654310065599,33.23966158430743,1.0127602747998372,0.9632778066885388,0.9977774458304821,1.2034414928010113,1.0080060072273445,1.1028254527640895,1.1252781379781607,0.9038310017601427,0.5970149253731343
B0034,374,152,24.0,1.292407565676824,3.389816955641987,2.063176636612858,4.181979956691477,0.38357428662046106,-1.7433417157972704,-4.0307864323142,0.0007410934488356225,1.9935083216020633,39.19214857830457,23.894911918833603,57.39229514777536,8.806534107929302,2936.171,199,1.620729289277574,0.797423464996368,1.3023273463118925,False,True,B0034_p1,1,15.192148578304568,33.39229514777536,1.0120720587814236,0.9475066646974677,0.9980132603367395,1.2079794585873713,1.0171445700226525,1.107889528952458,1.1276663140558434,0.9005192712475361,0.5940298507462687
B0034,376,153,24.0,1.2954091505102339,3.3881964986011384,2.050195394002453,4.1832960690677,0.3838460918723193,-1.7522140323058732,-4.031891788952559,0.0017829159370712701,1.9947651337855241,39.3246784315448,24.00219310383197,57.49397345620112,8.806719922098697,2927.281,198,1.620729289277574,0.7992754614113572,1.3023273463118925,False,True,B0034_p1,1,15.324678431544797,33.49397345620112,1.0115882511555372,0.9415450743657711,0.9983273454392907,1.2088354470423686,1.0260177073471322,1.1112630117492523,1.1276901073412533,0.8977927214922968,0.591044776119403
B0034,378,154,24.0,1.283229881592695,3.392372693620385,2.142448068324373,4.1823492523016785,0.38140766172257895,-1.7406561651353165,-4.030519452398561,0.0003275571455353852,1.9931709198069985,39.020958953665634,23.83249797750721,57.117778050999135,8.768819109934158,2924.422,197,1.620729289277574,0.7917607771281061,1.3023273463118925,False,True,B0034_p1,1,15.020958953665634,33.117778050999135,1.0128351061764158,0.9839117928546381,0.9981013912985762,1.2011561691688728,1.0056830840946929,1.0987816010400195,1.1228369530095363,0.8969158704517761,0.5880597014925373
B0034,382,155,24.0,1.4557454024367817,3.3581270184036267,2.132265781269793,4.166622490761778,0.3507723817126879,-1.8482512574133536,-4.031364436387261,-0.00016097216003512957,2.005142169092682,41.16886509114223,25.459930209970125,59.0081622348613,8.706351119223243,3023.859,203,1.620729289277574,0.8982039209556505,1.3765732493746907,False,True,B0034_p1,1,17.16886509114223,35.0081622348613,1.002610633446908,0.9792356130865713,0.9943482607906549,1.1046773637565637,1.1494896729647224,1.1615007652582887,1.1148380004172758,0.927413050205626,0.6059701492537314
B0034,386,156,24.0,1.454676342673242,3.3640532409111272,1.9849347747870358,4.183046790056729,0.35741911807135307,-1.849395364079893,-4.031501683106394,0.003614775246628937,2.0050460754062693,41.53076127734769,26.41787688613133,59.53806687629183,8.784955436316766,3056.172,205,1.620729289277574,0.8975443044665722,1.3810190828982352,False,True,B0034_p1,1,17.530761277347693,35.53806687629183,1.00437998096403,0.9115743629145178,0.9982678559723278,1.1256097392258766,1.173719342574225,1.1790819408254702,1.1249031905862346,0.9373233991641239,0.6119402985074627
B0034,388,157,24.0,1.423427718198495,3.38037517618057,2.1394084619831197,4.180727864826346,0.3600112326929229,-1.799535657719212,-4.030744595022684,0.0001542425834273691,2.0006439057942282,40.35674808373947,25.361558074214376,58.40787633507069,8.773541121007963,3045.078,204,1.620729289277574,0.8782637098099063,1.3810190828982352,False,True,B0034_p1,1,16.35674808373947,34.40787633507069,1.0092530979634444,0.9825158642582759,0.9977144534802979,1.1337730111822646,1.095116823723213,1.141584480384407,1.1234416009626662,0.9339208858925127,0.608955223880597
B0034,390,158,24.0,1.392551210363313,3.379746726032651,2.04587233974925,4.182665046607197,0.3705377487304697,-1.7883422605091341,-4.031671799370217,0.0009753056962980966,1.999469232753588,39.90529016402678,24.65660109918399,58.34388806897325,8.89793899824567,3034.25,203,1.620729289277574,0.859212713422382,1.3810190828982352,False,True,B0034_p1,1,15.90529016402678,34.34388806897325,1.0090654663469385,0.939559726798302,0.9981767543820225,1.1669238651038911,1.0648908178845622,1.1394614777674428,1.139370602540564,0.9305999544246014,0.6059701492537314
B0034,392,159,24.0,1.3765732493746907,3.383744830197482,2.0970875648564333,4.183546703480425,0.3712928827852244,-1.7775400800465013,-4.030922111155082,-0.0009271395457984878,1.9980203923953828,39.6263343523975,24.371185974131794,58.00881689774913,8.884333146061364,3022.609,202,1.620729289277574,0.8493542126262716,1.3810190828982352,False,True,B0034_p1,1,15.6263343523975,34.00881689774913,1.0102591501258187,0.9630801400590416,0.9983871583676132,1.169301987043869,1.0462141713514852,1.12834448684453,1.137628389202805,0.9270296770679377,0.6029850746268657
B0034,394,160,24.0,1.3810190828982352,3.382914022586479,2.0432611124631137,4.184556412259601,0.37134314116056544,-1.7773805764791355,-4.0316407463870965,0.0020214221377620337,1.998242189526211,40.251117050644716,24.759439309467485,58.52325787492752,8.82571632844167,3028.828,202,1.620729289277574,0.8520973194195882,1.3810190828982352,False,True,B0034_p1,1,16.251117050644716,34.52325787492752,1.0100111021691527,0.9383605297868838,0.998628121442791,1.1694602642985017,1.0880446159190025,1.1454126089774281,1.1301225747862835,0.9289370351025645,0.6029850746268657
B0034,398,161,24.0,1.4007568321672863,3.378266732241365,1.961939116178396,4.183306721542989,0.3697454527303949,-1.7969239114736186,-4.031325299834524,0.003137144129103284,1.999497286995594,41.28365494023095,26.007553864978956,59.508378271914516,8.775093872813533,3037.875,202,1.620729289277574,0.8642756328490007,1.3765732493746907,False,True,B0034_p1,1,17.283654940230953,35.508378271914516,1.0086235957731196,0.9010136870110893,0.9983298876111096,1.164428710119328,1.1571750817199429,1.1780969323445236,1.1236404290014579,0.9317117365238975,0.6029850746268657
B0034,400,162,24.0,1.374645303479972,3.386601516930242,2.0966495970812926,4.186122527731293,0.3692530378085966,-1.7752050021088217,-4.034378256939229,0.00011917958367890734,1.9978622903823826,40.27720417425089,25.389868561154977,58.58184665309335,8.869085506578667,3023.187,200,1.620729289277574,0.8481646580797637,1.374645303479972,False,True,B0034_p1,1,16.27720417425089,34.58184665309335,1.0111120495185444,0.9628790048879154,0.9990018688122554,1.1628779619816594,1.0897912007412063,1.1473564673901784,1.1356759469363267,0.9272069488068048,0.5970149253731343
B0034,402,163,24.0,1.3345924114397838,3.3873478555743035,2.126944667717326,4.187372242173173,0.37606625701477014,-1.763847205060641,-4.031792301917485,0.0014550892592896712,1.9963107769277906,39.458737885900284,24.14009992070368,57.97580640887124,8.938408008080145,2996.922,199,1.620729289277574,0.8234517758574393,1.346388970161922,False,True,B0034_p1,1,15.458737885900284,33.97580640887124,1.0113348782134055,0.9767919102716479,0.9993001083058798,1.1843346370899528,1.034993254509211,1.1272492648835488,1.1445526115573057,0.9191515124376981,0.5940298507462687
B0034,404,164,24.0,1.336396621564738,3.3839254722198504,2.0654092965524384,4.194441292072135,0.3816911276585305,-1.7725760652080313,-4.031054086064945,0.002013019928346073,1.9974668283273616,39.29135666075848,23.636769576161004,58.05700140061033,9.025509798969106,2986.469,198,1.620729289277574,0.8245649846683681,1.344989807277774,False,True,B0034_p1,1,15.291356660758481,34.05700140061033,1.010313083050774,0.9485320059771307,1.0009871095852279,1.2020488802805995,1.0237867485038754,1.1299431522235184,1.155705893231532,0.9159455929110933,0.591044776119403
B0034,406,165,24.0,1.3069152971756248,3.389334235413473,2.148229610932935,4.178978876708447,0.37819845129951546,-1.7406273194455326,-4.030876471673389,-1.7827195123559607e-05,1.993198720847505,39.19247737595363,23.69154549197298,57.78193242469556,8.913574424595451,2979.219,197,1.620729289277574,0.8063748250999838,1.341539456674081,False,True,B0034_p1,1,15.19247737595363,33.78193242469556,1.011927936646842,0.9865669461055193,0.9972970642646846,1.191049495169682,1.017166583679355,1.1208169140656732,1.1413727004583674,0.9137220287125012,0.5880597014925373
B0034,410,166,24.0,1.341539456674081,3.3898762516669514,2.1586251956084066,4.180760079138194,0.37245467796396914,-1.7523330419103598,-4.03123362422716,0.002043908487533983,1.9949645740288768,39.892115077092285,24.53360766699073,58.20713739139197,8.849086411635362,2995.047,198,1.620729289277574,0.8277381457529287,1.336396621564738,False,True,B0034_p1,1,15.892115077092285,34.20713739139197,1.0120897623479725,0.9913410820610363,0.997722141300596,1.1729607951547427,1.0640087196042614,1.1349243639482522,1.1331150863976882,0.9185764527311656,0.591044776119403
B0034,412,167,24.0,1.346388970161922,3.387534636174606,2.095346963555327,4.1815749331430805,0.37244479453912904,-1.7613727505178343,-4.0317407805437995,0.009871952129350431,1.9960984425085133,40.35117578100876,25.024094844009902,58.613406449206195,8.802998004495405,2989.828,197,1.620729289277574,0.8307303255820491,1.3345924114397838,False,True,B0034_p1,1,16.351175781008763,34.613406449206195,1.0113906438872344,0.9622807749905775,0.9979166030413353,1.172929669569416,1.094743746970057,1.1484035582683154,1.1272135201784164,0.9169757932066893,0.5880597014925373
B0034,414,168,24.0,1.344989807277774,3.3867620663269333,2.0626265502864713,4.182056202732491,0.3747592906047798,-1.7612926148605925,-4.031049977481575,0.0009511836818361976,1.9959987880572672,40.23284401135697,25.203821275475597,58.64476637032693,8.882871068205157,2989.391,197,1.620729289277574,0.8298670334249907,1.3345924114397838,False,True,B0034_p1,1,16.232844011356967,34.64476637032693,1.01115998353993,0.9472540394732571,0.9980314561580413,1.1802186453996804,1.0868211995869712,1.1494440176942002,1.1374411718563704,0.9168417659577536,0.5880597014925373
B0034,416,169,24.0,1.3158760805047784,3.3856540718379167,2.076505393409293,4.185552990507065,0.3812170467383692,-1.7587841210720874,-4.031503094164638,-0.0004212297346912893,1.995629924572732,39.47675997912519,24.090800554767387,58.05107392892897,8.971189403579125,2967.2810000000027,195,1.620729289277574,0.8119036838603187,1.326126983882746,False,True,B0034_p1,1,15.476759979125191,34.05107392892897,1.010829177989574,0.9536278497054016,0.9988659509676171,1.2005558708864903,1.0361998695031123,1.1297464905750787,1.1487502306182094,0.9100606618983236,0.582089552238806
B0034,418,170,24.0,1.2972766889740088,3.3809895778096553,1.9787021969242387,4.185152280694706,0.3885685717013748,-1.7582529402290834,-4.030548710192742,0.0003042600688147545,1.9952926970052227,39.32483875925542,23.686728239155272,58.291445432401005,9.081522205561656,2962.609,195,1.620729289277574,0.8004277441991924,1.3190209156530253,False,True,B0034_p1,1,15.324838759255421,34.291445432401005,1.0094365352197339,0.9087120732983746,0.9987703231285497,1.223707816818127,1.0260284416063086,1.1377215360332213,1.1628782158853157,0.9086277664588989,0.582089552238806
B0034,422,171,24.0,1.2851255211005648,3.381603206447632,2.0077745341235347,4.178887193827684,0.38939460330360304,-1.7466107935226565,-4.030657074815704,0.0018527847988831798,1.9939150701927628,39.06556270503843,23.36039105497894,58.02893221948005,9.078204178374019,2957.016,194,1.620729289277574,0.7929303984340274,1.326126983882746,False,True,B0034_p1,1,15.065562705038431,34.02893221948005,1.0096197416899035,0.9220634426216954,0.9972751845015831,1.2263092143633776,1.0086693939821745,1.1290118729651477,1.1624533464142202,0.9069124016916263,0.5791044776119403
B0034,424,172,24.0,1.3190209156530253,3.3826507314858842,1.984631695912844,4.18021178705338,0.38077239239255634,-1.758399711843396,-4.032180179891317,-0.0006307259244115071,1.99529367738571,40.25366972386004,24.721890051754144,58.80693345869639,8.914427791215662,2973.281,195,1.620729289277574,0.8138440666059459,1.326126983882746,False,True,B0034_p1,1,16.253669723860042,34.80693345869639,1.0099324933328278,0.9114351750000514,0.9975912935258938,1.19915553375585,1.0882155224689634,1.154824397160486,1.1414819730483963,0.9119008529592266,0.582089552238806
B0034,426,173,24.0,1.3410097849290994,3.3872757037197703,2.120505374633019,4.185160711724249,0.37232162938522956,-1.76779626471083,-4.030907491504972,0.0008213886992541721,1.996857680526855,40.60644361981523,25.33473748420509,58.770145898372334,8.78411375853056,2968.016,194,1.620729289277574,0.8274113350088483,1.3190209156530253,False,True,B0034_p1,1,16.60644361981523,34.770145898372334,1.0113133363788704,0.9738346874119815,0.9987723351609767,1.1725417890958962,1.1118344365986592,1.1536038595275269,1.124795414737625,0.9102860853032835,0.5791044776119403
B0034,428,174,24.0,1.326126983882746,3.3863391572789534,2.082697161198142,4.179746730828125,0.3771336242359494,-1.7560445058115577,-4.031263715522782,4.448411826823029e-06,1.9953723345230285,40.11087407785343,24.986634278526385,58.49257429310864,8.879388540419937,2959.281,193,1.620729289277574,0.8182285546735912,1.3158760805047784,False,True,B0034_p1,1,16.11087407785343,34.49257429310864,1.0110337187780072,0.9564713974376136,0.9974803096655183,1.1876960659524403,1.0786550698963813,1.1443945891361007,1.1369952382776178,0.9076070738171175,0.5761194029850746
B0034,430,175,24.0,1.3091442679990724,3.3808981042387045,1.9993127386412168,4.185599509953072,0.38663564827585883,-1.7648997839310985,-4.031557050834733,0.0002461556123676879,1.9964246622696549,39.612138446886284,24.074557349811762,58.33204656703581,9.024439584340298,2942.797000000006,192,1.620729289277574,0.8077501138901563,1.3091442679990724,False,True,B0034_p1,1,15.612138446886284,34.33204656703581,1.0094092246461874,0.9181773925993543,0.9988770526525746,1.217620516718796,1.0452637272366936,1.1390686004301558,1.1555688535095567,0.9025514555757961,0.573134328358209
B0034,434,176,24.0,1.363001289617145,3.3749959210790252,2.0166716234512476,4.169799130983922,0.3731942220086469,-1.7884175858149567,-4.031997801811629,-0.001666942069097316,1.999097254485324,40.95422192099372,25.549931315958624,59.3603280691461,8.899741314662048,2978.89,194,1.620729289277574,0.8409802294772442,1.3091442679990724,False,True,B0034_p1,1,16.954221920993717,35.3603280691461,1.007647054375672,0.9261493998222656,0.9951063536313309,1.1752898199247874,1.1351188857200012,1.1731849228920272,1.1396013870336588,0.9136211249026616,0.5791044776119403
B0034,438,177,24.0,1.329285701687194,3.385047602248052,2.1864172793825265,4.1802176939000715,0.3766141380001661,-1.7651175661948966,-4.031055760751357,-0.001589681770375366,1.9963080050598117,39.368332915328914,23.91355659365435,57.712318998766975,8.919915281138724,2948.891,192,1.620729289277574,0.8201775031039955,1.3091442679990724,False,True,B0034_p1,1,15.368332915328914,33.712318998766975,1.0106481089423558,1.004104499470144,0.9975927031718955,1.1860600629049625,1.0289404618811135,1.1185072799024784,1.14218463966606,0.9044204762966523,0.573134328358209
B0034,440,178,24.0,1.2969085930621855,3.3857894711790375,2.1668802335410113,4.179741845595007,0.3799136622465345,-1.7533361843271522,-4.031015029033163,-0.0017403656231145443,1.9949413480992653,39.15337098937444,23.65071423499487,57.633102922228126,8.93952442694977,2938.547,191,1.620729289277574,0.8002006267439464,1.3089076351731335,False,True,B0034_p1,1,15.153370989374437,33.633102922228126,1.0108696031487254,0.9951321794007747,0.9974791438236248,1.1964511596279497,1.0145483333010619,1.1158790490086838,1.144695567677866,0.9012479869076541,0.5701492537313433
B0034,442,179,24.0,1.2986285924941396,3.380809465968222,2.073777619248528,4.181172769902619,0.3854608895681402,-1.7623544327636462,-4.031067192634773,-0.00033989654074088004,1.9961313280942339,39.243985033148604,23.552587136457177,57.87686984231968,8.99830389714488,2925.484,190,1.620729289277574,0.8012618770362273,1.3021015914136362,False,True,B0034_p1,1,15.243985033148604,33.87686984231968,1.0093827605868981,0.9523751289488513,0.9978206283473011,1.2139208829393164,1.0206151237960095,1.1239667475954165,1.1522222095649841,0.8972415842695561,0.5671641791044776
B0034,444,180,24.0,1.2840657611821942,3.385818012946154,2.1762844479074928,4.179417995861986,0.38216580112780785,-1.7501681024171156,-4.03051089021253,0.0013676027285972727,1.9944571583348032,39.03574242025546,23.5135610948924,57.47417762924851,8.941421300046258,2917.297,189,1.620729289277574,0.7922765200069626,1.2986285924941396,False,True,B0034_p1,1,15.03574242025546,33.47417762924851,1.010878124648672,0.9994510320042597,0.9974018583437184,1.2035437557725814,1.00667286659257,1.1106062258260119,1.1449384600424142,0.8947306435669528,0.564179104477612
B0034,446,181,24.0,1.3021015914136362,3.3852891991053005,2.178495224886361,4.192681708507562,0.3801527245826607,-1.7716218211716077,-4.031529673129687,0.001015727940135266,1.9973605544979975,39.362600417809674,23.712232797870413,57.69186868894567,8.930188404192386,2918.938,189,1.620729289277574,0.8034047388592803,1.2969085930621855,False,True,B0034_p1,1,15.362600417809674,33.69186868894567,1.0107202406922142,1.0004663236106421,1.0005671918074526,1.197204031761029,1.0285566597681792,1.1178287795473936,1.1435001009662478,0.89523393582211,0.564179104477612
B0034,450,182,24.0,1.3089076351731335,3.375861800258899,2.003802772888259,4.1874346087886645,0.3900034625458464,-1.7808467524862919,-4.031358409625566,-0.0007594908005194374,1.998027920753913,39.45158799429391,23.502096175144807,58.235126532756595,9.07816156110593,2918.25,188,1.620729289277574,0.8076041099723493,1.2840657611821942,False,True,B0034_p1,1,15.45158799429391,34.235126532756595,1.0079055733859013,0.9202394251458146,0.9993149918562333,1.228226677247246,1.0345145550424313,1.1358529876473724,1.1624478893232655,0.8950229272471263,0.5611940298507463
B0034,452,183,24.0,1.2722519696513912,3.3766457982542852,1.9787571590097042,4.179967885403278,0.392665523692233,-1.7593469071219419,-4.030358918119561,-6.493150394815281e-05,1.9950979953988106,39.280231448753895,23.488992556072905,58.159040648414255,9.075237182289214,2915.4839999999967,188,1.620729289277574,0.784987337532776,1.276011534360331,False,True,B0034_p1,1,15.280231448753895,34.159040648414255,1.0081396457489975,0.9087373144441689,0.9975330873451994,1.2366102297806318,1.023041893428078,1.1333286102665747,1.1620734260621537,0.8941745991680486,0.5611940298507463
B0034,454,184,24.0,1.276011534360331,3.383954937211064,2.137223761530643,4.180528142405268,0.38635486474698727,-1.7475031987682161,-4.031297723634209,0.0007250912623261506,1.994076394274145,39.093994194844335,23.45701039792058,57.66508009332591,8.9878818355428,2906.015,187,1.620729289277574,0.7873070122210861,1.2722519696513912,False,True,B0034_p1,1,15.093994194844335,33.66508009332591,1.01032188019077,0.9815125482055662,0.9976667905008751,1.2167362532344654,1.0105729387852465,1.1169399875535782,1.150887676859195,0.8912704709754331,0.5582089552238806
B0034,456,185,24.0,1.2605053003103004,3.378072965642498,2.026812719380422,4.179166028461803,0.39192893704368376,-1.7569231795305054,-4.030974316014234,0.0007221596857929745,1.995407146976938,39.19231540051725,23.391621160517428,57.950977227160536,9.042066059926361,2894.14,186,1.620729289277574,0.777739569864971,1.2722519696513912,False,True,B0034_p1,1,15.192315400517252,33.950977227160536,1.0085657443424363,0.9308066627098505,0.9973417273031207,1.2342905186530775,1.0171557391016615,1.126425482322092,1.1578259029356226,0.8876284261673942,0.5552238805970149
B0034,458,186,24.0,1.2660681251347115,3.386411304876093,2.1955750105431733,4.18010360467577,0.3847948018804107,-1.744613516148423,-4.031011123253645,0.001026286765851529,1.993802776178093,39.05035096355298,23.54834819824031,57.50629199129354,8.956891916452301,2892.031,185,1.620729289277574,0.7811718672024804,1.270026164613209,False,True,B0034_p1,1,15.05035096355298,33.50629199129354,1.0110552593414444,1.0083101555221947,0.9975654762220072,1.2118231921595606,1.007650937628041,1.1116717160919916,1.1469194542411498,0.8869815990094865,0.5522388059701493
B0034,462,187,24.0,1.265829016865281,3.3853753800263027,2.198015566541252,4.177719373483749,0.38550961144833673,-1.7445998152904736,-4.0313116805798215,0.0009427282285409249,1.993669787361505,38.99238106302636,23.343690136372405,57.45114086897508,8.96934231902987,2888.719,185,1.620729289277574,0.7810243359207221,1.270026164613209,False,True,B0034_p1,1,14.992381063026357,33.45114086897508,1.0107459710792197,1.0094309723406438,0.9969964887160921,1.2140743213540228,1.003769737464582,1.1098419122208831,1.1485137136184589,0.8859658135438676,0.5522388059701493
B0034,464,188,24.0,1.2655873898206993,3.3831949117830207,2.1741564738787473,4.1806916832597745,0.3872610592372027,-1.7538809660262522,-4.030793702940819,1.677159198194939e-05,1.9948759645588585,39.013996139611024,23.29290349706347,57.51486337636169,8.981042072773212,2875.641,184,1.620729289277574,0.78087525053911,1.270026164613209,False,True,B0034_p1,1,15.013996139611024,33.51486337636169,1.0100949651361368,0.998473767363531,0.9977058188900818,1.2195901054551397,1.0052169098421688,1.1119560974956535,1.1500118532971817,0.8819548104281174,0.5492537313432836
B0034,466,189,24.0,1.2663598323027554,3.3703776888462564,1.9597037966635267,4.184107730812699,0.39758859696348764,-1.7847975615409868,-4.030759976825486,0.0012279491976100755,1.9982764472789836,39.39352264576831,23.33829372111869,58.24937682662199,9.11109178377562,2860.7810000000027,183,1.620729289277574,0.7813518523301471,1.270026164613209,False,True,B0034_p1,1,15.393522645768307,34.24937682662199,1.0062682236408826,0.8999871243307634,0.9985210453596168,1.2521143227092606,1.03062696444556,1.1363257838803986,1.1666645655279866,0.8773972705672796,0.5462686567164179
B0034,468,190,24.0,1.2868479432728903,3.37385872825505,2.0588486889378887,4.19339113872627,0.39219806332576945,-1.7952150007705359,-4.0308791079707555,0.0009202299184524402,1.9999541156389467,39.40321172109691,23.283013385861324,57.97580626211991,9.05358691401512,2852.844,182,1.620729289277574,0.7939931435721086,1.270026164613209,False,True,B0034_p1,1,15.403211721096909,33.97580626211991,1.0073075312988649,0.9455190698431427,1.000736494571427,1.2351380703056918,1.0312756673139023,1.127249260014633,1.1593011347244089,0.8749630044922131,0.5432835820895522
B0034,470,191,24.0,1.270026164613209,3.3788676910292508,2.1472699436122746,4.184650326377129,0.3892753675908848,-1.7732811378527673,-4.030910228339476,0.0013121603439115131,1.997430981654246,39.209002406361016,23.33153677192807,57.6936935982226,8.986453121062826,2854.64,182,1.620729289277574,0.7836140020517011,1.2802601605963335,False,True,B0034_p1,1,15.209002406361016,33.6936935982226,1.008803019501792,0.9861262222401547,0.9986505336818731,1.2259337087658502,1.018272967339421,1.1178893263852272,1.1507047316537686,0.8755138350164436,0.5432835820895522
B0034,474,192,24.0,1.34598253292492,3.3775187954558987,2.046243465893371,4.179142866728917,0.375231821024851,-1.7981891817251408,-4.031161376886709,-0.0014355308035773923,2.0002473764090016,41.7029996329405,26.511755128565657,59.714275603056464,8.788596076959337,2897.844,184,1.620729289277574,0.8304795512919249,1.2835540519346118,False,True,B0034_p1,1,17.702999632940497,35.714275603056464,1.0084002899332438,0.9397301651838275,0.9973361998456023,1.181706771848491,1.185251043125853,1.1849281937538376,1.1253693703300356,0.8887644374489923,0.5492537313432836
B0034,476,193,24.0,1.3286875315413778,3.3764102425962137,2.0152140329169153,4.183823497630528,0.3786962689013795,-1.7979821246857843,-4.031304782841973,9.23736436573037e-06,2.000332785477752,41.54042703429465,26.12189208281959,59.59622829096066,8.79354341801585,2896.063,184,1.620729289277574,0.8198084284227557,1.2868479432728903,False,True,B0034_p1,1,17.54042703429465,35.59622829096066,1.0080693176743722,0.9254800064600245,0.9984532142155721,1.1926172578121501,1.1743664842305275,1.1810116201726222,1.1260028715219008,0.888218207402414,0.5492537313432836
B0034,478,194,24.0,1.31203071983408,3.374457339617825,2.0220579671885415,4.183386852109095,0.38514156757032986,-1.795586068723611,-4.031456327316925,-0.0015289764213798542,2.0000936574926307,40.70765268927143,25.075827558308593,58.94389183765572,8.912665816119963,2866.234,182,1.620729289277574,0.8095310725327277,1.2909867181170442,False,True,B0034_p1,1,16.707652689271427,34.94389183765572,1.0074862541745429,0.9286230593717534,0.9983490104592246,1.2129152513641956,1.1186105851403756,1.1593684020957515,1.1412563542138725,0.8790696975431302,0.5432835820895522
B0034,480,195,24.0,1.295125492961198,3.369493571122545,1.9943823501630709,4.193391153250369,0.39167834928598577,-1.815444212082474,-4.031480010018408,-0.001910815855233489,2.0017577227789487,40.21142863220933,24.09832956344647,58.684673836382025,9.015424411104512,2836.609,180,1.620729289277574,0.7991004429484265,1.295125492961198,False,True,B0034_p1,1,16.211428632209334,34.684673836382025,1.0060042592863023,0.9159131289102015,1.0007364980375468,1.2335013498416336,1.0853873973500645,1.1507680675558167,1.1544144712010593,0.8699837541799174,0.5373134328358209
B0034,482,196,24.0,1.2802601605963335,3.3671763894263442,1.961659201159055,4.182734512107648,0.3958989022425629,-1.8021484216322963,-4.030531863908069,0.0012449192634425377,2.000278657332068,40.0046687891377,23.936615230134002,58.63989407541342,9.054612397287155,2829.516,179,1.620729289277574,0.7899284408977383,1.303578106397639,False,True,B0034_p1,1,16.004668789137703,34.63989407541342,1.0053124358396288,0.9008851370160632,0.9981933320536764,1.246793015767275,1.0715444145359434,1.1492823646993178,1.159432446648865,0.8678083416474188,0.5343283582089552
B0036,0,0,24.0,1.001982588175331,3.3100621558905616,2.692363558999662,3.848136609578083,0.15121412992919514,-1.9773749348609408,-2.0038601695058262,-0.0021557335495844556,0.20368559343780662,24.892073733003087,23.91297719702689,25.25510878948548,0.3834298992457052,1819.406,190,1.8011007566288924,0.5563167882127454,1.8000128219036586,False,True,B0036_p1,0,0.8920737330030875,1.2551087894854795,0.9539449007133746,1.0108200210385034,0.9198832525717174,0.7268028288115913,0.5567459511837498,0.5265007224741969,0.8861162203494537,0.5580091095591485,0.5671641791044776
B0036,4,1,24.0,1.8011007566288924,3.4631992414146664,2.685636595881031,4.176656530010924,0.20459006447599415,-1.9856445663953957,-2.00280826348544,-0.0014904376706625989,0.15308771882852162,25.959062630105592,24.871232330891456,26.547068220384585,0.35143521052562243,3260.531,338,1.8011007566288924,1.0,1.7989248871784247,False,True,B0036_p1,0,1.959062630105592,2.5470682203845847,0.9980783142161564,1.008294452387728,0.9984147610920185,0.9833514743465076,1.2226569924382042,1.0684597777163962,0.812175683381236,1.0,1.008955223880597
B0036,6,2,24.0,1.8044229856020628,3.4699576163352273,2.662489466857697,4.183288040976774,0.2085554163703513,-1.9861546605764795,-2.004317840985689,0.004811565892188293,0.15348010839229945,25.802571879383937,24.538499428336,26.495839445842005,0.43270836312475314,3265.75,337,1.8011007566288924,1.0018445547596064,1.7959607044254082,False,True,B0036_p1,0,1.8025718793839367,2.4958394458420052,1.0000260472160052,0.9996041024652083,1.0,1.0024107314106567,1.124990635231736,1.046970017598317,1.0,1.0016006595244762,1.0059701492537314
B0036,8,3,24.0,1.804388833772829,3.4705857000702847,2.6573808763123017,4.1841614854004145,0.20805385440842072,-1.987051011427963,-2.006820885715504,0.0010493128090912787,0.1540928797840222,25.60229945293067,24.215023797122342,26.383869073507284,0.5010929557969096,3264.109,335,1.8011007566288924,1.0018255931167843,1.792996521672392,False,True,B0036_p1,0,1.6022994529306693,2.3838690735072845,1.0002070580998077,0.9976861350401507,1.0002087937562714,1.0,1.0,1.0,1.158038527793466,1.001097367269319,1.0
B0036,10,4,24.0,1.7989248871784247,3.4698672359538234,2.663543957344219,4.18413822475754,0.208861472712923,-1.9874522127800511,-2.009500231963076,0.0010411455805570647,0.1547639739575041,25.340807182068417,24.005347474868884,26.038513721787698,0.4693083270123498,3253.531,332,1.8011007566288924,0.9987919224160784,1.7911551264778605,False,True,B0036_p1,0,1.340807182068417,2.038513721787698,1.0,1.0,1.0002032333830322,1.0038817752586158,0.8368018722193454,0.8551282217812911,1.084583444663039,0.9978531104289454,0.991044776119403
B0036,12,5,24.0,1.792996521672392,3.463667726287471,2.6678994227263173,4.184490871998835,0.20806446226015415,-1.9875372326723815,-2.010118970470753,-0.0017522780694575481,0.1548381375689423,25.066700521969093,23.750010106743638,25.52893924273116,0.4257669772823184,3242.578,329,1.8011007566288924,0.9955003988940246,1.7893137312833287,False,True,B0036_p1,0,1.0667005219690928,1.528939242731159,0.99821332943171,1.0016352143804832,1.0002875324410556,1.0000509860860958,0.6657310654497542,0.641368798195656,0.9839582812952624,0.9944938416472654,0.982089552238806
B0036,16,6,24.0,1.7885507985621891,3.4626756481952126,2.6568692251182435,4.18002707662199,0.20887305991839164,-1.9873918540732374,-2.0105148083310866,-0.003980705218617717,0.1553879468558476,24.87901399238054,23.784786109809392,25.434898613415253,0.3553633591619791,3234.625,326,1.8011007566288924,0.993032062187241,1.7893137312833287,False,True,B0036_p1,0,0.8790139923805391,1.4348986134152533,0.9979274170250396,0.9974940408970646,0.9992204781686458,1.003937468557361,0.5485953270300302,0.6019200590173974,0.8212537344916653,0.9920546683960374,0.9731343283582089
B0036,18,7,24.0,1.7890856930727703,3.466538555244563,2.682881821919537,4.184814968147981,0.2072987543158736,-1.9874986659392755,-2.0087014787729163,-0.0036168914571835954,0.15549779097348201,24.962178834594535,23.78662493765738,25.49992828339642,0.38828626369365227,3235.36,325,1.8011007566288924,0.9933290441903925,1.7890856930727703,False,True,B0036_p1,0,0.9621788345945355,1.4999282833964216,0.9990406893166489,1.0072602010272809,1.0003650064629186,0.9963706507880176,0.6004987599756538,0.6291991032836554,0.897339401738594,0.9922800918009981,0.9701492537313433
B0036,20,8,24.0,1.7893137312833287,3.465990459572376,2.643495320901669,4.184936056128164,0.2108148844083557,-1.9873121102019284,-2.0083926934667744,-0.0065078565398521615,0.15602563280710982,24.97176766201835,23.849601747210194,25.538807420659257,0.3785450361414715,3236.125,323,1.8011007566288924,0.9934556546588624,1.7885507985621891,False,True,B0036_p1,0,0.9717676620183511,1.538807420659257,0.9988827306297839,0.9924729470346192,1.0003939521102174,1.013270746690974,0.6064831765628762,0.6455083619148914,0.874827177842953,0.9925147161612633,0.9641791044776119
B0036,22,9,24.0,1.7860759459480868,3.466849428071611,2.6529146015025353,4.185159966585472,0.2104923771918124,-1.9871920484366135,-2.0080365229044976,-0.0044622590452139555,0.1565580198068189,24.904899107239256,23.786532133081383,25.42021899627584,0.35703237196989906,3230.25,321,1.8011007566288924,0.9916579843601158,1.7860759459480868,False,True,B0036_p1,0,0.904899107239256,1.420218996275839,0.9991302814554566,0.9960093184073892,1.0004474771018304,1.011720632575279,0.5647503065573415,0.5957621633080425,0.8251108654143666,0.9907128624141283,0.9582089552238806
B0036,24,10,24.0,1.7836324249650817,3.467879751690846,2.6640070437952477,4.185259470361049,0.20990982585282708,-1.986994298783672,-2.01068659468518,-0.0036112981424873294,0.15719129677699828,24.82894570331574,23.692163967752638,25.376173446672198,0.3722099726833276,3226.078,319,1.8011007566288924,0.9903013023566177,1.7836324249650817,False,True,B0036_p1,0,0.828945703315739,1.3761734466721975,0.9994272160495411,1.0001738610131634,1.0004712631224444,1.008920629947874,0.5173475543535663,0.577285666384141,0.8601866855437149,0.9894333162297798,0.9522388059701492
B0036,28,11,24.0,1.7829728738072719,3.4680189335962623,2.6528698625456295,4.180678430986266,0.20999170251382793,-1.9872186588415872,-2.0086522990303357,-0.0016420511811444437,0.15783332578513215,25.10525347823647,23.996010465160957,25.609167303887258,0.37615272895022356,3224.5,317,1.8011007566288924,0.9899351089854904,1.7830029333591655,False,True,B0036_p1,0,1.1052534782364702,1.6091673038872578,0.9994673276434298,0.9959925216292536,0.9993761820929025,1.0093141658486322,0.689792083630134,0.6750233566811448,0.8692984952587474,0.988949345980762,0.9462686567164179
B0036,30,12,24.0,1.7813775963259668,3.470195201959518,2.6683619850669116,4.185452668161143,0.2098884224140964,-1.986822691116423,-2.0085875375423945,-0.004719989055265589,0.15814764574223678,24.951154809529978,23.897375606764882,25.488141454729305,0.33568546337634253,3222.188,315,1.8011007566288924,0.9890493853659574,1.7830029333591655,False,True,B0036_p1,0,0.951154809529978,1.4881414547293055,1.0000945183153684,1.0018088786218107,1.000517446363522,1.008817755435928,0.593618632141625,0.6242546922008039,0.7757776183298816,0.9882402590252938,0.9402985074626866
B0036,32,13,24.0,1.7785359545932946,3.471307979909313,2.6856316852084854,4.185644073979811,0.20888296776065596,-1.9870379004309504,-2.007649933368399,-0.004779447182717506,0.15854278844736705,24.904434158959226,23.79897282368755,25.39250622395775,0.3488921779846119,3216.546000000002,313,1.8011007566288924,0.9874716603429604,1.7829728738072719,False,True,B0036_p1,0,0.9044341589592264,1.3925062239577493,1.000415215873553,1.0082926087265667,1.000563201237868,1.0039850900844531,0.5644601309105988,0.5841370398370974,0.806298670691566,0.9865098660310244,0.9343283582089552
B0036,34,14,24.0,1.7759043090943398,3.4716713367418284,2.683085255855837,4.1855690457286165,0.20931652835500952,-1.9869312681166182,-2.008607853673341,-0.005399955268143018,0.1589736403257134,24.887170444449442,23.80605296345269,25.45190297763985,0.34825286860889415,3211.859,311,1.8011007566288924,0.9860105285937959,1.7813775963259668,False,True,B0036_p1,0,0.8871704444494419,1.4519029776398504,1.000519933664698,1.0073365781922754,1.0005452660035596,1.0060689764685162,0.553685793767683,0.6090531538729717,0.8048212105123796,0.9850723701139477,0.9283582089552239
B0036,36,15,24.0,1.7780426649905914,3.474226898019182,2.6821176155277855,4.185513751822039,0.20901550680468103,-1.986804032971213,-2.0086196509255365,-0.0016188763862490505,0.1594208168536767,25.527212929862493,24.386810794306925,26.00580839279124,0.3689743218854794,3215.859,310,1.8011007566288924,0.9871977780513187,1.779294712578026,False,True,B0036_p1,0,1.5272129298624932,2.0058083927912413,1.0012564348342163,1.00697328765022,1.0005320481935414,1.0046221320868804,0.9531382707952375,0.8414087900558151,0.852709014498759,0.9862991641545503,0.9253731343283582
B0036,40,16,24.0,1.7830029333591655,3.4759464645675298,2.6596681327390566,4.18175155698921,0.21013082032304958,-1.9866252110882103,-2.0076953086780285,-0.00410097193233329,0.15971409891886418,26.409994049975936,25.365330747425137,26.845307972510515,0.3312492810654995,3225.125,309,1.8011007566288924,0.9899517985303607,1.779294712578026,False,True,B0036_p1,0,2.4099940499759356,2.845307972510515,1.0017520061144458,0.9985448617829357,0.999632709014413,1.0099828283428562,1.5040846737905083,1.193567215637533,0.7655254885147617,0.9891410325496062,0.9223880597014925
B0036,42,17,24.0,1.7883000424613877,3.4817927176696424,2.6726649868851067,4.18601707914653,0.20996564756958844,-1.9868092429179038,-2.0080813682171326,-0.0035166108245872282,0.15964362479124708,27.24956363748299,26.03181712440799,27.815052029087454,0.37854727266815785,3234.343,309,1.8011007566288924,0.9928928383820883,1.779294712578026,False,True,B0036_p1,0,3.2495636374829893,3.815052029087454,1.0034368697430986,1.003424396100443,1.0006523667849365,1.0091889341180613,2.0280626268325865,1.6003613921105706,0.87483234651284,0.9919681794161748,0.9223880597014925
B0036,44,18,24.0,1.779294712578026,3.4752876993515778,2.6506943508802054,4.185429868468947,0.21219436967666805,-1.9866026335678093,-2.008162082198497,-0.005855960004447978,0.16031038608626286,25.79213906476866,24.900330198963143,26.20275128566912,0.2851997448500917,3218.25,306,1.8011007566288924,0.9878929349340342,1.779294712578026,False,True,B0036_p1,0,1.7921390647686586,2.2027512856691196,1.0015621529670038,0.995175748300086,1.000511996178889,1.0199011706849674,1.118479483651302,0.9240236010228137,0.659103842575528,0.9870324802923205,0.9134328358208955
B0036,46,19,24.0,1.7709235500451854,3.47360641557491,2.6668651734647586,4.183946382168659,0.21057865517957025,-1.9863244377080878,-2.0075377155882173,-0.00609725821757094,0.1610777957973929,25.237865068781456,24.317997749356834,25.704404765618435,0.2979795107185331,3203.5,303,1.8011007566288924,0.9832451313605635,1.7826929241469245,False,True,B0036_p1,0,1.2378650687814563,1.7044047656184347,1.001077614607943,1.001246916204023,1.0001573741003336,1.01213532322354,0.7725553837750815,0.714974150451483,0.6886382055727066,0.9825086772675985,0.9044776119402985
B0036,48,20,24.0,1.7659050180801104,3.474225056890293,2.699376305602087,4.184483195811819,0.20822652705754516,-1.9862809909576005,-2.0083438501355793,-0.0050479953633210005,0.16171911000087535,24.99097283085835,23.958253148525134,25.460838794232757,0.32808129403125796,3194.39,301,1.8011007566288924,0.9804587619991579,1.7826929241469245,False,True,B0036_p1,0,0.9909728308583503,1.4608387942327568,1.001255904229221,1.013452884139219,1.0002856974760854,1.0008299420821374,0.6184691813042946,0.6128016049486674,0.7582041901433497,0.979714653840126,0.8985074626865671
B0036,52,21,24.0,1.7826929241469245,3.476093760887936,2.627373237504619,4.166505229896513,0.20589762199464917,-1.9858147027956174,-2.0057770721024144,-0.005678112334400306,0.16181067839091445,32.801252523370806,25.981165706416682,37.62543555779899,2.9254559883159663,3225.219,301,1.8011007566288924,0.989779676448295,1.7826929241469245,False,True,B0036_p1,0,8.801252523370806,13.625435557798987,1.001794456245932,0.9864200777539767,0.995988129214181,0.9896361813632217,5.492888677751818,5.71568116270432,6.760802974063469,0.9891698622095604,0.8985074626865671
B0036,56,22,24.0,1.7964662072920203,3.478693083596387,2.6486517814110364,4.181691190398081,0.20771631264489343,-1.9840774818957672,-2.004156260870839,-0.006739637545389377,0.16124488416839716,31.56958368042232,24.91553718736853,36.14360152332376,2.7735270160766063,3252.985,302,1.8011007566288924,0.9974268239465145,1.7811343176546524,False,True,B0036_p1,0,7.569583680422319,12.14360152332376,1.002543569261415,0.9944088867419965,0.9996182785973494,0.9983776231183649,4.724200377511988,5.094072345784242,6.409691266533199,0.9976856530424033,0.9014925373134328
B0036,58,23,24.0,1.7909083533422898,3.4750535971066037,2.6240374089622858,4.184954917937507,0.21022994850778973,-1.9825278870850223,-2.0004115908491005,-0.0009101172732340704,0.16217632984456126,30.90999308530252,24.104035218014637,35.625609247013934,2.8428360977815608,3245.25,300,1.8011007566288924,0.994341014377408,1.779294712578026,False,True,B0036_p1,0,6.909993085302521,11.625609247013934,1.0014946857617608,0.985167675467491,1.00039846095808,1.0104592827927004,4.3125478652968825,4.87678177304833,6.5698663119250815,0.9953133400663879,0.8955223880597015
B0036,60,24,24.0,1.78518002808874,3.473958373265381,2.626618792448541,4.186460975475055,0.21055528732788378,-1.982424743717115,-2.0072075263014764,-0.0008404572387634897,0.16286319178959258,30.76520980990786,23.899334199769086,35.57170100720283,2.863482485447754,3235.031,298,1.8011007566288924,0.9911605564088757,1.776885870616115,False,True,B0036_p1,0,6.765209809907859,11.571701007202833,1.001179047218051,0.986136829169324,1.0007584786099357,1.012023006863178,4.222188179328166,4.8541680144278585,6.617580637382296,0.9921791879911585,0.8895522388059701
B0036,62,25,24.0,1.7811343176546524,3.473907031933396,2.6336670386490053,4.186163586614144,0.2103072969996321,-1.9820980837755804,-2.0011835530290827,-0.0027244276470207085,0.16316169989876378,30.827871356237775,23.939509531112268,35.70160875626844,2.8842073650922497,3228.141,296,1.8011007566288924,0.9889143131494703,1.776885870616115,False,True,B0036_p1,0,6.827871356237775,11.701608756268442,1.0011642508790288,0.9887830202265544,1.0006873888695214,1.0108310542845689,4.261295442465094,4.90866251268253,6.665476359791804,0.9900660352562206,0.8835820895522388
B0036,64,26,24.0,1.7755577789223567,3.4760652075601257,2.663548100827095,4.186271381082588,0.20831631349546095,-1.9821566894712763,-1.9997810779112133,0.00019708142073900626,0.16381824816384732,31.04477819361822,24.135279436191613,35.94641088579465,2.907402425230383,3217.875,294,1.8011007566288924,0.9858181294896882,1.776885870616115,False,True,B0036_p1,0,7.044778193618221,11.946410885794648,1.0017862273063594,1.0000015556277435,1.0007131567505252,1.0012614959130965,4.396667664544878,5.011353609373524,6.719080731962087,0.986917468351014,0.8776119402985074
B0036,68,27,24.0,1.776885870616115,3.4762696586688855,2.645759955186599,4.182325498451744,0.20926047658945054,-1.9821407736423282,-2.0013538888973295,-0.001865764489375844,0.1640206974511513,31.495558048290054,24.66851129856288,36.334410213773005,2.863362504877826,3220.219,293,1.8011007566288924,0.9865555072787265,1.7755577789223567,False,True,B0036_p1,0,7.495558048290054,12.334410213773005,1.0018451491886267,0.9933231805284897,0.9997699076622023,1.0057995665807813,4.678000753592208,5.174113943944881,6.61730335924267,0.9876363696588072,0.8746268656716418
B0036,70,28,24.0,1.7713083410378214,3.4773296157781552,2.682232775431839,4.185344353963488,0.20739566138590101,-1.9819851541329787,-2.002938928489475,0.0003035352857562442,0.1646019837195259,31.22858520243483,24.48086368805618,35.97981353599547,2.8303433327446537,3210.234,291,1.8011007566288924,0.9834587734853695,1.7713348840874137,False,True,B0036_p1,0,7.228585202434829,11.979813535995468,1.0021506240201379,1.007016523243812,1.0004915542431148,0.9968364295658391,4.511382182159183,5.025365557668854,6.540995215127478,0.9845739850349529,0.8686567164179104
B0036,72,29,24.0,1.7713348840874137,3.4741834201518116,2.636976729427503,4.186613141003604,0.21094693769497538,-1.981820086973132,-2.0014781325623847,-0.0010680230127308149,0.16492884196895924,30.77808307184711,23.990132464537513,35.59540889841283,2.8492620443361374,3210.546,290,1.8011007566288924,0.9834735106118154,1.7713083410378214,False,True,B0036_p1,0,6.77808307184711,11.595408898412828,1.0012439047100319,0.9900256093602429,1.0007948532336906,1.0139054539257677,4.230222421564038,4.86411314584194,6.584716837364831,0.9846696749701198,0.8656716417910447
B0036,74,30,24.0,1.7660842866405053,3.4723504122251145,2.6254732315495026,4.185053437368516,0.21163909263005223,-1.9817861525113654,-2.0000787195640046,-0.0043481610713857885,0.16532261602534132,30.558421734854203,23.68833522844092,35.45428075393079,2.897233284200897,3200.969,288,1.8011007566288924,0.9805582947763971,1.7660842866405053,False,True,B0036_p1,0,6.558421734854203,11.454280753930789,1.0007156401390696,0.9857067401911114,1.0004220116746563,1.017232260521324,4.093131107832927,4.8049118473937815,6.695579589169166,0.9817324233384072,0.8597014925373134
B0036,76,31,24.0,1.7592793663412327,3.4751627339527484,2.6876812013759497,4.184793481944206,0.2073845965568258,-1.9817252941957082,-1.9998831268277346,-0.0020521382665166102,0.16606393593865365,30.72558468538039,23.84698767974936,35.64366066127881,2.912816941044765,3188.625,286,1.8011007566288924,0.9767800939876699,1.7610368813762423,False,True,B0036_p1,0,6.72558468538039,11.643660661278808,1.0015261385058352,1.009062078350604,1.0003598702629812,0.9967832470419841,4.197458017650215,4.884354090867913,6.73159381531292,0.9779465369291076,0.8537313432835821
B0036,80,32,24.0,1.7610368813762423,3.476326267904414,2.68500337747393,4.182513698980909,0.20709138393559964,-1.9817660120442022,-2.000169457336012,-0.001491992360754898,0.16637655689989517,31.23295964013785,24.35424355585658,36.101132129359335,2.8954575676052747,3191.735,285,1.8011007566288924,0.9777558944966314,1.7610225525303758,False,True,B0036_p1,0,7.2329596401378495,12.101132129359335,1.0018614637135577,1.0080567170932324,0.9998148963235903,0.9953739358707977,4.514112282138322,5.076257024281731,6.691475863087241,0.9789003692956761,0.8507462686567164
B0036,82,33,24.0,1.760242767365706,3.475057563311369,2.6519664988321767,4.185287638546102,0.2101378915980111,-1.9816902385826145,-2.00085802240166,-0.0007792749665022029,0.1667311957037819,31.072817634800376,24.284029986491724,35.918627450147724,2.8621552084412403,3190.313,284,1.8011007566288924,0.9773149896735038,1.7610225525303758,False,True,B0036_p1,0,7.072817634800376,11.918627450147724,1.0014958288039857,0.9956533630766184,1.000477996626037,1.0100168160571508,4.414167165734165,4.999698843616591,6.61451326656254,0.9784642440142419,0.8477611940298507
B0036,84,34,24.0,1.7555899416034397,3.4727432532131424,2.6336440877825646,4.1849685069062055,0.21152910389543728,-1.981485223109768,-2.0011850366519277,-0.0024844181487435344,0.1672362670049159,30.6408857593701,23.8251596372819,35.53291026153138,2.873665296767008,3182.156,282,1.8011007566288924,0.9747316662557874,1.760242767365706,False,True,B0036_p1,0,6.6408857593701,11.532910261531377,1.0008288551301094,0.9887744035613864,1.0004017093523014,1.016703605404947,4.144597158304995,4.837895834842767,6.641113372561529,0.975962504266943,0.8417910447761194
B0036,86,35,24.0,1.7545602176655593,3.472459772164966,2.627746605322606,4.186322425483099,0.21221126351930145,-1.98155009393224,-2.0031177298192384,0.000878430995785547,0.16754397100049453,30.615000516436165,23.735102484763033,35.58661163053266,2.9061103947821714,3180.156,281,1.8011007566288924,0.9741599470257052,1.7592793663412327,False,True,B0036_p1,0,6.615000516436165,11.586611630532659,1.0007471571777384,0.9865602548353263,1.000725358731362,1.019982370058473,4.1284420988455475,4.860422814028865,6.716094816832365,0.9753491072466417,0.8388059701492537
B0036,88,36,24.0,1.7499108336094897,3.4727100432360887,2.6356796620702037,4.184832493551693,0.21149288853018594,-1.9813008900975513,-2.00104997373674,-0.0026708746645632783,0.1680896772308354,30.62198587167864,23.74110080497865,35.60387176093939,2.9089715210248746,3171.953,279,1.8011007566288924,0.9715785344984172,1.7555899416034397,False,True,B0036_p1,0,6.621985871678639,11.603871760939391,1.0008192841653447,0.9895386388509998,1.0003691958478094,1.0165295381407076,4.132801680464138,4.867663199249073,6.722706952133014,0.972833259367876,0.8328358208955224
B0036,92,37,24.0,1.7610225525303758,3.4792060334218475,2.6450931525551966,4.182846104868844,0.21028231717528387,-1.9813367014782532,-1.9993340625649578,-0.00022408028611370262,0.16782242274573062,32.233363947568954,25.41189377127626,37.150900989394586,2.9030553256235523,3192.172,280,1.8011007566288924,0.9777479388918082,1.7545602176655593,False,True,B0036_p1,0,8.233363947568954,13.150900989394586,1.0026913990746558,0.9930728363847169,0.9998943567587024,1.0107109900616815,5.138467676881374,5.516620495456249,6.70903447453494,0.9790343965446119,0.835820895522388
B0036,94,38,24.0,1.7624094574337117,3.483370799287766,2.6704116794436663,4.185109686462477,0.20921067906125035,-1.9812253431229576,-2.000008736535748,-0.0029864506743152125,0.16809493933209016,32.95844838713035,26.162618939519366,37.80882382148786,2.8829577881257245,3194.735,279,1.8011007566288924,0.9785179707171969,1.7545602176655593,False,True,B0036_p1,0,8.958448387130353,13.808823821487863,1.003891665708135,1.0025784151526806,1.0004354578187922,1.0055602173587168,5.590995098166573,5.792609994797882,6.662588555734814,0.9798204648261281,0.8328358208955224
B0036,96,39,24.0,1.7536170397120676,3.481411230676488,2.6837393111584085,4.184971879756314,0.20923082074891775,-1.9811725960467894,-1.9991453648649236,-0.00025574943808310993,0.16858255987671866,32.33796562819801,25.993641606583484,36.917059178726916,2.6700532597997713,3178.75,277,1.8011007566288924,0.9736362795129243,1.7545602176655593,False,True,B0036_p1,0,8.337965628198013,12.917059178726916,1.0033269269218859,1.0075821364834265,1.000402515620021,1.0056570273299843,5.203749906390808,5.418527100451285,6.17056079184209,0.9749178891413699,0.826865671641791
B0036,98,40,24.0,1.7462044775191679,3.4750001030504976,2.654784886935533,4.184935582810448,0.21098699359308076,-1.981126497626356,-2.0009460733693505,-0.0005059656371537925,0.1693001136053971,31.201004004004968,24.46990910977973,36.08766208839117,2.8445552696315093,3165.359,275,1.8011007566288924,0.9695207062083114,1.7545602176655593,False,True,B0036_p1,0,7.201004004004968,12.08766208839117,1.0014792690174104,0.9967114977079562,1.0003938389653153,1.0140979805108639,4.494168671676225,5.0706065289932685,6.573839361665867,0.9708108893919426,0.8208955223880597
B0036,100,41,24.0,1.7406176172769725,3.4729861560107773,2.650821200008131,4.184405459993748,0.21117302559653625,-1.981010008821274,-2.000441618004775,0.0011192870870260611,0.1701608390007031,30.844212128034435,24.017669040862195,35.833124475553674,2.896237239435684,3155.25,273,1.8011007566288924,0.9664187918808465,1.7610225525303758,False,True,B0036_p1,0,6.844212128034435,11.833124475553674,1.000898858614715,0.9952233724917484,1.0002671150076277,1.0149921336328258,4.271493768231712,4.963831532133644,6.693277704458595,0.9677104741528297,0.8149253731343283
B0036,104,42,24.0,1.750690404425682,3.4793522768122993,2.6761945611553157,4.173893175797129,0.20589240720461213,-1.9808915610510243,-1.9997650450659452,-0.00012768886205846814,0.16974489270330836,32.19294879984907,25.408095419535538,37.01706025174733,2.897616888822558,3173.766,274,1.8011007566288924,0.9720113647070122,1.7610225525303758,False,True,B0036_p1,0,8.19294879984907,13.017060251747331,1.0027335457565045,1.0047495382143836,0.9977541911798521,0.9896111167468902,5.113244459307429,5.4604761630620455,6.6964661091774484,0.9733893037667791,0.817910447761194
B0036,108,43,24.0,1.765112055153915,3.4863598949467836,2.679442027657799,4.18216296627966,0.207359954861254,-1.9811169585618567,-2.00201926010616,-0.0012834905345373664,0.16941397453990714,33.06146735060497,26.397551344426933,37.72356956982813,2.79664398634872,3199.485,275,1.8011007566288924,0.9800184962765008,1.7573770661844437,False,True,B0036_p1,0,9.061467350604971,13.723569569828129,1.0047531095201763,1.0059687658879233,0.9997310549294971,0.9966648080174253,5.6552895490485176,5.756847019134834,6.463115171042872,0.9812772827493437,0.8208955223880597
B0036,110,44,24.0,1.7631888267564881,3.4833864674331436,2.656640378340114,4.185045339068736,0.20986313308240825,-1.9811266494742925,-2.0016102751277476,-0.0027788900754442225,0.16960546365915277,32.35366819628823,25.848956125552924,36.98324646085538,2.7347943498410356,3196.015,274,1.8011007566288924,0.9789506890534188,1.7573770661844437,False,True,B0036_p1,0,8.353668196288233,12.983246460855383,1.0038961811965708,0.9974081227437341,1.000420075805144,1.0086962035821543,5.213549927267991,5.446291746951392,6.32017909266194,0.9802130389191208,0.817910447761194
B0036,112,45,24.0,1.9854929528970957,3.521360251690921,2.697143455219266,4.290021871695731,0.23112372966891737,-1.9836817212075872,-2.002785284914044,-0.0045423035349200615,0.16000262212934704,34.70040609904863,27.559431044553953,39.35953919640877,2.8744984345224305,3595.281,308,1.8011007566288924,1.1023775019745863,1.7606892547636663,False,True,B0036_p1,0,10.700406099048628,15.359539196408768,1.014840053591544,1.0126145835822995,1.0255143393602022,1.110884152211904,6.678156245686261,6.443113578301905,6.643038775041402,1.1026673262729292,0.9194029850746268
B0036,116,46,24.0,1.7653557308133239,3.481761447167762,2.6612712387136295,4.182247008545814,0.20812295583514032,-1.9822350506501858,-2.0023005852526374,-0.0038952925483865847,0.16984131467012686,32.421923396380706,25.88469734380239,37.027075053721425,2.7112312775595457,3198.0,273,1.8011007566288924,0.9801537889071391,1.7606892547636663,False,True,B0036_p1,0,8.421923396380706,13.027075053721425,1.0034278577262825,0.9991467313222585,0.9997511449317468,1.000332132403488,5.256148206864,5.464677233534159,6.265724235096138,0.9808218354617699,0.8149253731343283
B0036,118,47,24.0,1.7571880383127276,3.4797578588851743,2.6908838763824483,4.184685800633224,0.20595875003304429,-1.9820268271645947,-2.001465969186636,-0.0025851565313182957,0.17049007177454664,31.609192155405946,24.905051360041412,36.34456840908186,2.790767213514015,3183.516,271,1.8011007566288924,0.9756189551558704,1.7606892547636663,False,True,B0036_p1,0,7.609192155405946,12.344568409081859,1.0028504326704109,1.0102644895207549,1.0003341294318626,0.9899299900915864,4.748920148158593,5.1783751659313335,6.449533799995947,0.9763796142407479,0.808955223880597
B0036,120,48,24.0,1.7573770661844437,3.4759650916373124,2.6365640724626367,4.184560765856749,0.21018082640468938,-1.9820222805220724,-2.001496102641748,-0.0031563091467514547,0.17070793634318993,31.31596403602263,24.558403453621906,36.1535770040422,2.8178567157537833,3183.797,270,1.8011007566288924,0.9757239064591333,1.7606892547636663,False,True,B0036_p1,0,7.315964036022631,12.153577004042198,1.0017573743514752,0.9898706815755038,1.0003042403170683,1.010223179966151,4.5659155800380775,5.098256921535191,6.512138326620171,0.9764657965221003,0.8059701492537313
B0036,122,49,24.0,1.7617376127979814,3.4781154314639453,2.6235919177171154,4.186186804679722,0.21106210561327018,-1.9821008022150315,-2.0024012820224604,-0.00010644246323396269,0.17105051182137723,31.998588265349394,25.078566873029445,37.00649086775502,2.9285164726921415,3191.516,270,1.8011007566288924,0.9781449518101437,1.760669562156983,False,True,B0036_p1,0,7.998588265349394,13.00649086775502,1.0023770925367566,0.9850004203921835,1.0006929390648107,1.0144590025183773,4.991943453965273,5.456042453128152,6.767875831065987,0.9788332023219531,0.8059701492537313
B0036,124,50,24.0,1.7606892547636663,3.4830514284703322,2.6614571813493306,4.184681735978706,0.20819672624970564,-1.981813383736276,-2.002520901659237,-0.0024367835461289525,0.17121715041121338,32.98892411466723,26.22323533635798,37.85686718856992,2.864050879968339,3189.985,269,1.8011007566288924,0.9775628866311378,1.7573770661844437,False,True,B0036_p1,0,8.988924114667228,13.856867188569922,1.0037996244870402,0.9992165415595511,1.0003331577907808,1.0006867060535416,5.610015093137633,5.812763520684006,6.618894211532979,0.9783636469029124,0.8029850746268656
B0036,128,51,24.0,1.760669562156983,3.4809173250237535,2.640601067759597,4.1823560692950785,0.2100287036404246,-1.9819214923373463,-2.001235039662058,-0.0033660552902839737,0.17141388551228545,32.83558656237567,26.454390087546994,37.45005504798,2.664958851785357,3189.734,268,1.8011007566288924,0.9775519529803629,1.7571880383127276,False,True,B0036_p1,0,8.835586562375667,13.450055047980001,1.0031845855528512,0.991386329660015,0.9997772155126382,1.009492009833796,5.514316656736685,5.642111472251079,6.1587874857344245,0.9782866655768646,0.8
B0036,130,52,24.0,1.752963802649152,3.478940078791892,2.6732282064652693,4.1845961576838935,0.20750086787463462,-1.981676320977873,-2.0006531469147206,-0.0037185791689478983,0.1721339303123115,31.97863874379167,25.272284146546227,36.77795934417618,2.8139477208093444,3176.016,266,1.8011007566288924,0.9732735918284562,1.753614286788707,False,True,B0036_p1,0,7.97863874379167,12.777959344176182,1.0026147521565258,1.0036358510601442,1.0003127006063905,0.9973420990668092,4.979492896411107,5.3601766498763785,6.503104540177472,0.9740793754146181,0.7940298507462686
B0036,132,53,24.0,1.750535708024147,3.4777534118948465,2.668754575341305,4.184643118766144,0.20788717270791393,-1.9818237973110902,-2.0032893275629737,-0.0015116373381807563,0.17266623860012406,31.7958885352369,25.011607690694838,36.644215074090106,2.8420946413957946,3171.36,265,1.8011007566288924,0.9719254747861038,1.752963802649152,False,True,B0036_p1,0,7.795888535236902,12.644215074090106,1.0022727601388632,1.0019562725753854,1.0003239264846446,0.9991988530999306,4.865437931079557,5.304072784285595,6.568152787415382,0.9726513871513567,0.7910447761194029
B0036,134,54,24.0,1.7500761995337284,3.4766647808370212,2.658195971284472,4.184427133733743,0.20838328388576463,-1.9816263251080133,-2.002146271467598,-0.005747797985964901,0.17258101760843186,31.804649399184477,24.8990725500416,37.138598100953445,2.990276516615738,3170.843,264,1.8011007566288924,0.9716703483092938,1.750725029920349,False,True,B0036_p1,0,7.804649399184477,13.138598100953445,1.0019590216054273,0.9979921540078208,1.0002722960374257,1.0015833856011973,4.870905613123354,5.511459604458557,6.910604858713161,0.9724928240216087,0.7880597014925373
B0036,136,55,24.0,1.7465957802278385,3.4791247798630294,2.6846493703739718,4.184330747490862,0.20672107028353873,-1.98151142532868,-2.002911547065684,-0.00187813122034251,0.17319674885827657,32.18425444090601,25.306975358284788,37.11821986816654,2.907912300772976,3164.672,263,1.8011007566288924,0.9697379637422003,1.750535708024147,False,True,B0036_p1,0,8.18425444090601,13.118219868166541,1.0026679821675255,1.0079238087930025,1.0002492552518196,0.9935940426161696,5.107818283240803,5.502911218553738,6.720259067270679,0.9706001875154692,0.7850746268656716
B0036,140,56,24.0,1.753614286788707,3.4818392989655798,2.668665957651981,4.1823205235968235,0.20777962570415184,-1.9814622792671595,-2.000461299971232,-0.001148153169982941,0.17311470352634947,33.27019350164624,26.479829417070007,38.21028860245779,2.8817561593927152,3177.453,263,1.8011007566288924,0.973634751045763,1.7500761995337284,False,True,B0036_p1,0,9.27019350164624,14.210288602457787,1.0034502942613208,1.0019230019814913,0.9997687184409791,0.9986819340355476,5.785556179708286,5.961018900065177,6.659811561261373,0.9745201011737046,0.7850746268656716
B0036,142,57,24.0,1.750725029920349,3.4813626313858914,2.6672344803975685,4.1847408536372885,0.20900849429023283,-1.9813436819375347,-2.0031635045230707,-0.0016813145481529622,0.17332949172396817,32.91813190932092,26.534409792431422,37.5096400873081,2.6614905199538037,3172.375,262,1.8011007566288924,0.9720305893364726,1.7465957802278385,False,True,B0036_p1,0,8.91813190932092,13.5096400873081,1.0033129208267555,1.00138556866808,1.0003472896549994,1.0045884268019283,5.565833460786186,5.667106569502974,6.1507720829201435,0.9729626861391596,0.7820895522388059
B0036,144,58,24.0,1.7433053490810113,3.473301690187071,2.627654590987336,4.184091920673459,0.21152284750960007,-1.981529747622425,-2.0017017371036148,8.695280144856796e-05,0.1742395040980337,31.48100878915281,24.761400322269875,36.38797733722857,2.8222417229350114,3158.406,260,1.8011007566288924,0.967911063645292,1.743306971099712,False,True,B0036_p1,0,7.48100878915281,12.38797733722857,1.0009897941332337,0.9865257090058812,1.0001921645578336,1.0166735344127273,4.668920516367741,5.196584608987217,6.522272189413028,0.9686784146508651,0.7761194029850746
B0036,146,59,24.0,1.7336625052776187,3.4736758521826694,2.6888969070187216,4.184211671090554,0.20709992533399763,-1.9810876831465265,-2.0016383842160304,-0.003301866029164543,0.1747318822452019,31.127100398792322,24.30343547298514,36.055083131001204,2.8692018421945304,3141.578,258,1.8011007566288924,0.9625572022536388,1.7433053490810113,False,True,B0036_p1,0,7.127100398792322,12.055083131001204,1.001097625923373,1.0095185024465607,1.0002207904654743,0.9954149896567142,4.448045205131021,5.056940108403301,6.630798215858189,0.9635172921220501,0.7701492537313432
B0036,148,60,24.0,1.7319207051538927,3.4715154587275445,2.6648936078550007,4.1841757466144065,0.2089320578874458,-1.981234977739969,-2.0017049702320833,-0.0033073689308803526,0.17514226018329587,30.925481627228724,24.06443080280952,35.91912656959304,2.88604383100939,3138.187,257,1.8011007566288924,0.9615901269152296,1.7428604522751463,False,True,B0036_p1,0,6.925481627228724,11.91912656959304,1.000475010327958,1.0005067123097633,1.0002122028483187,1.0042210392185338,4.322214311789062,4.999908217298587,6.669720479096267,0.9624772774741291,0.7671641791044777
B0036,152,61,24.0,1.7428604522751463,3.476844269698795,2.652977190328466,4.181891771142459,0.20887351333916337,-1.9812570591809957,-2.001207887684657,-0.00487429143688974,0.17466327567348866,32.53816915596416,25.5007081189472,37.598391918046985,2.9817713566193986,3157.969,258,1.8011007566288924,0.9676640498098763,1.7428604522751463,False,True,B0036_p1,0,8.538169155964162,13.598391918046985,1.0020107494813282,0.9960328167340294,0.9996662267047742,1.0039396479006517,5.3286975417407225,5.704336731060592,6.8909492182838425,0.9685443874019294,0.7701492537313432
B0036,154,62,24.0,1.743306971099712,3.4828021334350594,2.69728379874788,4.184541597131144,0.20660782723078558,-1.980916655360661,-2.0007340815697723,-0.004521276205484642,0.17492809649257715,33.5082870689835,26.633984253177278,38.473409883226125,2.9269278201609437,3159.281,257,1.8011007566288924,0.967911964216065,1.7428604522751463,False,True,B0036_p1,0,9.508287068983499,14.473409883226125,1.0037277787885392,1.0126672741069769,1.000299658101974,0.993049745789393,5.9341511048964435,6.071394626522848,6.764204414780603,0.968946775847247,0.7671641791044777
B0036,156,63,24.0,1.738524506272696,3.4787179923634985,2.666438804228148,4.1846109764992505,0.20981329444527963,-1.9810059695302538,-2.0010982344783113,-0.0026297144536298602,0.17537268208282208,32.72223824057796,26.302146120200465,37.37835847467748,2.6855393533018335,3150.375,256,1.8011007566288924,0.9652566631123292,1.7428604522751463,False,True,B0036_p1,0,8.722238240577958,13.378358474677484,1.0025507478551243,1.0010868402888367,1.000316242991044,1.0084566567721693,5.443575621663378,5.612035754545227,6.206349546628873,0.9662153189158453,0.764179104477612
B0036,158,64,24.0,1.7295622663746972,3.47116141622232,2.644225504233063,4.184012676032451,0.2110692050437975,-1.9809786114709511,-2.0028092511949036,-0.002241506602929431,0.17611814703400352,31.339643544788586,24.5519901037265,36.32515383321495,2.861704326762826,3134.078,254,1.8011007566288924,0.9602806839146005,1.7428604522751463,False,True,B0036_p1,0,7.339643544788586,12.325153833214948,1.0003729768836935,0.9927470868059494,1.0001732214106653,1.0144931255609304,4.580694034042192,5.17023102073365,6.613471267570058,0.9612170532959202,0.7582089552238805
B0036,160,65,24.0,1.7273036765742085,3.469009856426531,2.6270672485920983,4.184121216441852,0.21228630701353168,-1.981059447271351,-2.002674380722973,-0.0049112786535840365,0.17640680711952825,31.09122546658414,24.243039011774524,36.17136327433497,2.900990224323467,3129.797,253,1.8011007566288924,0.9590266786668785,1.7428604522751463,False,True,B0036_p1,0,7.091225466584142,12.171363274334972,0.9997529071088344,0.9863051973850318,1.000199167606179,1.0203430626995376,4.425655549974762,5.105718015137369,6.70426197306265,0.9599040769739653,0.755223880597015
B0036,164,66,24.0,1.7449370491071912,3.4757008802735143,2.681073460503821,4.1715485738177795,0.20278318205135074,-1.9810177631821901,-2.0008253955001223,-0.0010534684502271556,0.17573343072782094,32.074525923461515,24.990631462189974,36.94271187003511,2.997572970914879,3161.89,255,1.8011007566288924,0.9688170096453558,1.7428604522751463,False,True,B0036_p1,0,8.074525923461515,12.942711870035112,1.0016812298347453,1.0065812704578303,0.9971937224871913,0.9746667882118474,5.0393363791598915,5.429288048522335,6.927467149625337,0.96974695226023,0.7611940298507462
B0036,168,67,24.0,1.7642432071133693,3.4820950413929173,2.6173518629094725,4.182622974222649,0.21077249462416273,-1.9810749842802888,-2.0015065236323593,-0.0034921534069396005,0.1749475839445627,33.167208512161885,26.334527256392604,37.96104323229247,2.8828500150014973,3196.859,257,1.8011007566288924,0.9795360979224121,1.73860622908762,False,True,B0036_p1,0,9.167208512161885,13.961043232292468,1.003523998068973,0.9826576564252374,0.9998410181781386,1.0130670024041235,5.721282932097803,5.856463925576325,6.662339489311765,0.980471892461688,0.7671641791044777
B0036,170,68,24.0,1.7504882032049596,3.480244357608362,2.6882522902609858,4.184454856344911,0.20707175920380455,-1.9809975649315257,-2.002256958212359,-0.0024508433424748656,0.17606878389577707,32.14047774193924,25.625270920149966,36.73214755581345,2.721600912041551,3171.906,254,1.8011007566288924,0.971899099349298,1.73860622908762,False,True,B0036_p1,0,8.140477741939243,12.732147555813448,1.002990639395944,1.0092764877593396,1.0002789230281797,0.995279610620968,5.080497111229731,5.340959240299713,6.289688723342037,0.9728188445378989,0.7582089552238805
B0036,172,69,24.0,1.7442710815479923,3.473582906957752,2.639398647353621,4.184476537283623,0.21055164717490013,-1.9807582643680772,-2.0017569852229236,-0.00238013413971329,0.17683140207431486,31.245399132402053,24.49741942756075,36.082389553135755,2.83570122661121,3160.8429999999935,252,1.8011007566288924,0.9684472537853641,1.73860622908762,False,True,B0036_p1,0,7.245399132402053,12.082389553135755,1.0010708395311,0.9909348933686558,1.0002841057788054,1.012005510657717,4.5218758073903915,5.068394773610387,6.55337744372104,0.9694258389201003,0.7522388059701492
B0036,174,70,24.0,1.7365413923373951,3.4722242034096427,2.6623791019309224,4.184024889589791,0.2091913332222344,-1.9805282406081717,-2.0013369678430784,-0.0025909202303662413,0.17709836613728983,30.941808328244683,24.10678905352516,35.84834420893077,2.8766353600408916,3147.141,251,1.8011007566288924,0.9641556064790442,1.73860622908762,False,True,B0036_p1,0,6.941808328244683,11.848344208930769,1.0006792673308642,0.9995626670961879,1.0001761410177352,1.0054672325924843,4.332403855938314,4.970215999110558,6.647977264103711,0.9652234559340181,0.7492537313432835
B0036,176,71,24.0,1.733223093105756,3.4700774937906473,2.6561014633579925,4.184261427009467,0.20988890533145813,-1.9804746484714413,-2.0049715818869926,-0.004021361825652529,0.177484607917214,30.729579296950984,23.845856477482553,35.70394071930231,2.904400600045159,3141.203,250,1.8011007566288924,0.9623132335749042,1.73860622908762,False,True,B0036_p1,0,6.729579296950984,11.70394071930231,1.0000605953549593,0.9972057926937136,1.0002326844394072,1.0088200765530404,4.199951066975849,4.909640738819101,6.712143437837365,0.9634022801807436,0.746268656716418
B0036,180,72,24.0,1.73860622908762,3.4765508294649767,2.6878503046332485,4.182041097453936,0.20689287372111406,-1.98039190119071,-2.0012836292683827,-0.0028814269596924946,0.1775226034897345,32.241219078736684,25.234658226278317,37.23120350609712,2.9650405677587144,3151.047,250,1.8011007566288924,0.9653020369286598,1.7365413923373951,False,True,B0036_p1,0,8.241219078736684,13.231203506097117,1.0019261813368245,1.009125566417633,0.999701922623873,0.9944198068783306,5.143370088320986,5.5503062870103905,6.852283940959723,0.9664214203146666,0.746268656716418
B0036,182,73,24.0,1.7432134953746192,3.478023823464381,2.606635521236163,4.183342596486669,0.2129587599506431,-1.9805091135572959,-2.0018795801112828,-0.0002493425725089805,0.1778173141507779,33.273484981762124,26.407899480785915,38.21827936701842,2.914634183332665,3159.172,250,1.8011007566288924,0.9678600649956861,1.7332698214832971,False,True,B0036_p1,0,9.273484981762124,14.218279367018418,1.0023506915267655,0.9786343169028086,1.00001304129894,1.0235751726694464,5.787610402537773,5.964370914925992,6.735793508322726,0.9689133457096406,0.746268656716418
B0036,184,74,24.0,1.7332698214832971,3.4748978056910036,2.684954312438798,4.184140679167282,0.20840882596496152,-1.9805025193431716,-2.0029462861761083,-0.0004622856587363358,0.1784234130823221,31.82186022608825,25.184149951840894,36.626274908995,2.80104483671752,3141.047,248,1.8011007566288924,0.9623391779188667,1.733223093105756,False,True,B0036_p1,0,7.821860226088251,12.626274908995,1.0014497873823687,1.0080382961338197,1.0002038201008765,1.0017061522726898,4.881646942949246,5.29654713394914,6.473285647843967,0.9633544352131601,0.7402985074626866
B0036,186,75,24.0,1.7298906291663272,3.468132135397358,2.6296325002671597,4.1842480944363025,0.21234448868256456,-1.9804477654001484,-2.000410764991185,-0.0019607522641065717,0.17861290669548208,30.953485299150877,24.067371525766912,36.01597323994527,2.9256649869734597,3135.0310000000027,247,1.8011007566288924,0.9604629961980313,1.7298906291663272,False,True,B0036_p1,0,6.953485299150877,12.015973239945268,0.9994999518890848,0.9872682945653836,1.0002294973356183,1.020622709857233,4.339691489273542,5.040534051757583,6.7612859752608205,0.9615093369760946,0.7373134328358208
B0036,188,76,24.0,1.7204403348841348,3.4677152773874327,2.676552998785705,4.183757537025025,0.20944655112620308,-1.9802957447258618,-2.0017891626777025,-0.0006791444227451461,0.1795375564956486,30.594113322212998,23.719534460860782,35.64214686208444,2.9242140812261765,3117.984,245,1.8011007566288924,0.9552160413858639,1.724420729012913,False,True,B0036_p1,0,6.594113322212998,11.642146862084438,0.9993798153012621,1.0048841099113894,1.000112231346169,1.0066939241368171,4.115406336906689,4.883719073109936,6.75793289528611,0.9562810474735557,0.7313432835820896
B0036,192,77,24.0,1.724420729012913,3.464870080840597,2.62514939238803,4.18290280302208,0.21288373735800203,-1.980207910561322,-2.002006842786516,0.0007794104654733265,0.17937923626945174,30.621050708667628,23.550012768481476,35.82141559167005,3.009540169950479,3125.328,245,1.8011007566288924,0.9574260199859663,1.7214872814061166,False,True,B0036_p1,0,6.621050708667628,11.821415591670053,0.9985598425607046,0.985585158131022,0.9999079102488473,1.02321458049078,4.132218042362471,4.95891981780598,6.955123650066374,0.958533441332102,0.7313432835820896
B0036,194,78,24.0,1.7214872814061166,3.4658543618027586,2.628502877540015,4.183818903348512,0.21299638380128014,-1.9800833052331595,-2.002435123952101,-0.001868924294770898,0.1796545426852085,30.73760557478901,23.802368517349294,35.84687241575459,2.94832995699633,3120.172,244,1.8011007566288924,0.9557973228706051,1.7204403348841348,False,True,B0036_p1,0,6.737605574789011,11.84687241575459,0.9988435078698445,0.986844189408782,1.0001269007456666,1.0237560097452314,4.204960291576998,4.969598602294376,6.81366529573246,0.9569521038137653,0.7283582089552239
B0036,196,79,24.0,1.7197448773569262,3.463489697714707,2.619866867748,4.183839437859511,0.2138073015248058,-1.980268967910438,-2.000876302512133,-0.0034961969893167045,0.17999358484225825,30.475687104433288,23.415512262900588,35.6948403215532,3.0174372840816175,3116.641,243,1.8011007566288924,0.9548299122231011,1.7197448773569262,False,True,B0036_p1,0,6.4756871044332875,11.694840321553201,0.9981620224044787,0.9836018889510769,1.0001318094468599,1.0276536434892993,4.041496171386066,4.905823248231952,6.973374081082105,0.9558691513744234,0.7253731343283583
B0036,198,80,24.0,1.7164304142145894,3.4657104202129614,2.6612878285284127,4.183940441185628,0.21092906256103924,-1.980057929657538,-2.001371004807907,-0.002028297098875632,0.18051988823948625,30.665478038053948,23.64601820888219,35.819676472043525,2.9835119568043553,3110.844,242,1.8011007566288924,0.9529896691772093,1.7164304142145894,False,True,B0036_p1,0,6.665478038053948,11.819676472043525,0.9988020245565046,0.9991529597964451,1.0001559539296514,1.0138195380267954,4.159945274812722,4.958190281253048,6.894971789450222,0.95409122011108,0.7223880597014926
B0036,200,81,24.0,1.7112029253299619,3.4645909946616262,2.6699917743429817,4.184066892064025,0.21080085620163833,-1.9800230190313004,-2.0017748549858165,-0.003441119150600855,0.18069422532281054,30.48169086494209,23.507407936426883,35.629734084261784,2.9760198067088535,3101.406,241,1.8011007566288924,0.9500872835858492,1.713096882151029,False,True,B0036_p1,0,6.481690864942092,11.629734084261784,0.998479411189706,1.0024207661303972,1.0001861815585305,1.0132033208470395,4.045243136722553,4.878512085041422,6.8776572405901115,0.9511965995722783,0.7194029850746269
B0036,204,82,24.0,1.7102343231599222,3.4629772764216105,2.6688661295694205,4.181908017913433,0.21059232109243245,-1.9800140007357074,-2.0016093124428225,-0.002892346132450576,0.1811930010299791,30.501790386236014,23.4688262073781,35.66196676336087,2.9970371167965824,3099.563,240,1.8011007566288924,0.9495495001406561,1.7112029253299619,False,True,B0036_p1,0,6.501790386236014,11.661966763360873,0.9980143449118684,1.00199815445528,0.9996701104370956,1.0122010077209556,4.057787309571866,4.892033246692999,6.926228777169517,0.9506313542180707,0.7164179104477612
B0036,206,83,24.0,1.713096882151029,3.4616288821771044,2.6222751020303923,4.1838810012271175,0.2145727519530141,-1.980072672691808,-2.000651458121082,-0.004007693097858745,0.18107706160175047,30.48295279202987,23.435517106060782,35.75183992747387,3.0149492903909394,3104.64,240,1.8011007566288924,0.9511388387607035,1.7103708617208135,False,True,B0036_p1,0,6.48295279202987,11.751839927473867,0.9976257438061735,0.9845060355771357,1.000141745020791,1.0313327410498074,4.04603070928614,4.929733792042484,6.9676242645712545,0.9521884625541054,0.7164179104477612
B0036,208,84,24.0,1.7103708617208135,3.4628964155593924,2.643376209522438,4.183938680731157,0.2132169682784042,-1.9799210298032588,-2.0016604514473157,-0.0036297203423590416,0.18143831805016833,30.592002581671938,23.660746588520688,35.77783462667514,2.9679899921451445,3099.875,239,1.8011007566288924,0.9496253085374872,1.7102343231599222,False,True,B0036_p1,0,6.592002581671938,11.777834626675137,0.9979910411781173,0.9924282279005864,1.0001555330993253,1.0248162375297696,4.114089017265096,4.940638207679298,6.85910013550963,0.9507270441532376,0.7134328358208956
B0036,210,85,24.0,1.7064617296121434,3.4611295820153054,2.6362266436030413,4.183997413375148,0.21371949006326918,-1.9796449702564978,-2.0021616961773727,-0.0006243787020377098,0.18216252412796166,30.424569049276556,23.341986399299063,35.713721223369035,3.04172664625335,3093.25,238,1.8011007566288924,0.9474548957528149,1.7102343231599222,False,True,B0036_p1,0,6.424569049276556,11.713721223369035,0.9974818477640929,0.9897439974039643,1.000169572927187,1.0272315822793001,4.0095932364738465,4.913743524569971,7.029507413001854,0.9486951665234896,0.7104477611940299
B0036,212,86,24.0,1.7029429979110946,3.4632231738970973,2.6753943315026825,4.183680554471844,0.21102405024589305,-1.9797208473969017,-2.003300958949492,-0.0023388287273444558,0.18228643189941063,30.570652220376168,23.54622898059731,35.725860691702124,2.989995326360362,3086.688,237,1.8011007566288924,0.9455012395300311,1.7102343231599222,False,True,B0036_p1,0,6.570652220376168,11.725860691702124,0.9980852114490485,1.0044491002770157,1.000093828942981,1.014276091379887,4.100764191336509,4.9188358630998,6.9099550209024345,0.946682610899881,0.7074626865671642
B0036,216,87,24.0,1.7072612643840062,3.4594353969848526,2.626280067476453,4.182869408506432,0.2147831210072031,-1.9798193556242383,-2.000588867008761,-0.0021733468925487064,0.18232656306731504,30.460459721443804,23.334482034397343,35.768527567848494,3.0519199675678768,3094.281,237,1.8011007566288924,0.9478988102694905,1.7079617948422274,False,True,B0036_p1,0,6.460459721443804,11.768527567848494,0.9969935913222042,0.9860096583857691,0.9998999274096737,1.0323438689368016,4.0319927149868064,4.936734025637559,7.053064437046679,0.949011372687455,0.7074626865671642
B0036,218,88,24.0,1.7038637196766078,3.4619323762511636,2.6699754309728454,4.18373987583806,0.21148835958644896,-1.9796708243361156,-2.0009417894069323,-0.0009222301194144796,0.1827150054975914,30.547691944309644,23.46007919041173,35.84926876193408,3.0539422259479316,3088.328,236,1.8011007566288924,0.9460124390074198,1.7072612643840062,False,True,B0036_p1,0,6.547691944309644,11.849268761934077,0.9977132094218358,1.0024146301813015,1.0001080095027786,1.0165077700088465,4.0864346126647275,4.970603836267214,7.057737927444348,0.9471855964565281,0.7044776119402985
B0036,220,89,24.0,1.7079617948422274,3.4640211108291785,2.6485692977117936,4.183750461912779,0.21260527731475087,-1.9796986341756921,-2.0016782403661075,-0.0047761334836207755,0.1825005792490282,31.189572257243857,24.024871409762568,36.56783936040424,3.0964926027840955,3095.687,236,1.8011007566288924,0.9482877560048376,1.7064617296121434,False,True,B0036_p1,0,7.1895722572438565,12.567839360404243,0.998315173253873,0.994377919091166,1.0001105400659662,1.0218761768161981,4.487034083481613,5.272034232112302,7.156072927324848,0.9494425907927266,0.7044776119402985
B0036,222,90,24.0,1.7113022833627787,3.4674082899150327,2.652784779103966,4.183786894340978,0.21256586511688075,-1.9795447080949824,-2.000349526256562,-0.00246056195266762,0.1826748135232226,31.898081785720198,24.80543230121374,37.22026804863562,3.073887382754503,3102.062,236,1.8011007566288924,0.9501424487577315,1.7053324925701605,False,True,B0036_p1,0,7.898081785720198,13.220268048635617,0.9992913429040421,0.9959605779320493,1.0001192491072375,1.0216867441427098,4.929217051952612,5.545719014335465,7.10383169060284,0.951397793794937,0.7044776119402985
B0036,224,91,24.0,1.714122057472244,3.467669094088933,2.61112320884266,4.183945554245884,0.21667769420861402,-1.9794620575291975,-2.0000502199199452,-0.003075970565862271,0.18243402674159748,32.32306890954346,25.65915220022702,37.24354714231705,2.8008593381321525,3107.141,236,1.8011007566288924,0.9517080325259283,1.7038637196766078,False,True,B0036_p1,0,8.323068909543458,13.243547142317048,0.9993665054840963,0.980319172748391,1.000157176188364,1.0414500362164127,5.194452818616542,5.555484271135908,6.472856955909224,0.9529555155279923,0.7044776119402985
B0036,228,92,24.0,1.7053324925701605,3.4590063160949422,2.6171931724123265,4.182910559206333,0.2163848573822507,-1.979668515306621,-2.002235017468337,-0.0007540310103105808,0.18365804891031362,30.83436798904695,23.84060461795071,36.101954503621805,2.9929057495605926,3090.719,234,1.8011007566288924,0.9468279252527878,1.7038637196766078,False,True,B0036_p1,0,6.8343679890469495,12.101954503621805,0.9968699321558061,0.9825980777211922,0.9999097643368702,1.0400425312836348,4.265350010915013,5.076601998874342,6.916681082722025,0.9479189125942983,0.6985074626865672
B0036,230,93,24.0,1.6934609472531408,3.4580229191527696,2.6630699292303373,4.183616020558508,0.2133190221158428,-1.9792552718561545,-2.0029223930258224,-0.003296336828326992,0.18426190616606292,30.287043848864634,23.221692679840743,35.590895284221084,3.0396797971675635,3069.812,232,1.8011007566288924,0.9402366530691929,1.7007774858498304,False,True,B0036_p1,0,6.287043848864634,11.590895284221084,0.9965865216172175,0.9998220310528105,1.0000784023424925,1.0253067539767193,3.9237633373495706,4.86221974731519,7.024777092859655,0.9415067668425787,0.6925373134328359
B0036,232,94,24.0,1.6905244127230223,3.4563349020618155,2.659720848238619,4.1835063699815285,0.21395345634016938,-1.9792443099751138,-2.001361539543119,-0.0027089901018091493,0.18452312026683784,30.072000414523774,22.97359506516038,35.41708929698686,3.0517867463873407,3064.437,231,1.8011007566288924,0.93860624204454,1.6997924522951837,False,True,B0036_p1,0,6.0720004145237745,11.417089296986859,0.996100042747518,0.9985646532714212,1.0000521907654016,1.028356128986524,3.789554070818563,4.789310547239654,7.0527565595201755,0.939858262350519,0.6895522388059702
B0036,234,95,24.0,1.7007774858498304,3.460450149170936,2.6273527452578365,4.1862295732164165,0.21575766181728762,-1.9791194191351382,-2.0008765508581288,-0.0055573174849790396,0.18394454425479748,31.093661069729663,23.74244827227352,36.542285984903515,3.1643147113979655,3083.25,232,1.8011007566288924,0.9442989125345567,1.6971104467944576,False,True,B0036_p1,0,7.093661069729663,12.542285984903515,0.9972860382998778,0.9864123841521023,1.000703162730089,1.0370279485125227,4.42717561736358,5.261314945644472,7.3128115401958835,0.9456281814219831,0.6925373134328359
B0036,236,96,24.0,1.6971104467944576,3.463960681885895,2.679397409659904,4.183727110735532,0.21120302977806496,-1.9791613878366452,-2.00062745119498,-0.004541902294402584,0.18449482683451274,31.607623511235108,24.288941673067036,37.06815080209899,3.1852652070493694,3076.484,231,1.8011007566288924,0.9422629136922508,1.6934609472531408,False,True,B0036_p1,0,7.607623511235108,13.068150802098991,0.998297757906491,1.005952014522596,1.0001049580508101,1.0151363471664516,4.747941152523308,5.481907940049904,7.361228666918631,0.9435530593023038,0.6895522388059702
B0036,240,97,24.0,1.6997924522951837,3.4630674142567415,2.6638409912727004,4.182211079560967,0.21328182741424384,-1.979091763193608,-2.002252540622426,-0.0030068529543121644,0.18504184527032083,31.68782676208534,24.805322638103345,36.82684422999281,2.951628818088925,3081.297,230,1.8011007566288924,0.9437520061213418,1.6934609472531408,False,True,B0036_p1,0,7.68782676208534,12.826844229992808,0.9980403222271377,1.0001115183129088,0.9997425562368029,1.0251279795834032,4.79799624722083,5.3806831811955265,6.821289047371492,0.945029199231659,0.6865671641791045
B0036,242,98,24.0,1.6912704773954121,3.456673276206162,2.638750759665419,4.183505107711148,0.21624169239686444,-1.9790766827277793,-2.002183949867592,-0.004273027970998495,0.18533004098346037,30.64130472367544,23.657995953412048,35.92988720620677,3.0062450483721617,3065.953,229,1.8011007566288924,0.9390204691052105,1.6934609472531408,False,True,B0036_p1,0,6.6413047236754394,11.929887206206772,0.9961975606412403,0.9906916506444591,1.0000518890241952,1.0393544162482593,4.144858635212182,5.004422155053524,6.947508540539666,0.9403232172919074,0.6835820895522388
B0036,244,99,24.0,1.6857127009469863,3.455027058159508,2.6521564133104056,4.183301376056718,0.21519013371079945,-1.979038060944376,-2.0015266346217415,-0.0019439934467730532,0.1858485147911729,30.35775664232519,23.208814738328577,35.781290058222865,3.0943693539499697,3055.828,228,1.8011007566288924,0.9359347025660701,1.692886364169521,False,True,B0036_p1,0,6.357756642325189,11.781290058222865,0.9957231280665308,0.9957246645010629,1.0000031877030253,1.0343001542685666,3.967895408499703,4.942087713269235,7.151166045426858,0.9372178948766321,0.6805970149253732
B0036,246,100,24.0,1.6832093771286156,3.456388317029322,2.6736629264226712,4.183248853903273,0.2135460436397791,-1.9788327303856925,-2.0011249665699338,-0.0019988768067600135,0.1862522668496778,30.46760275047682,23.311978085092868,35.83938701624516,3.088174318743145,3051.468,227,1.8011007566288924,0.934544817070127,1.692886364169521,False,True,B0036_p1,0,6.467602750476821,11.839387016245162,0.9961154366988925,1.0037990621669868,0.9999906324706506,1.0263979210910312,4.036450701301383,4.966458581060569,7.13684916196732,0.9358806893723752,0.6776119402985075
B0036,248,101,24.0,1.692886364169521,3.462072409842235,2.665966871855665,4.183494017304386,0.2133634851618049,-1.9788745442826565,-2.0009993271431443,-0.0004738434346515472,0.18585027492966572,31.690335464880064,24.450687551804663,37.17156479403066,3.154838988312157,3069.0,228,1.8011007566288924,0.9399176353343411,1.6912704773954121,False,True,B0036_p1,0,7.690335464880064,13.171564794030658,0.9977535664676676,1.0009096581660557,1.000049237902242,1.0255204632881305,4.799561936324784,5.525288674789467,7.290912903854813,0.9412577276523364,0.6805970149253732
B0036,252,102,24.0,1.6984668174144633,3.466006130026554,2.6818321771597287,4.181646831165721,0.21180424354807437,-1.9787981178503085,-2.0019187157474807,-0.0019848066777768095,0.18580649015386153,32.58002111430288,25.50907751971739,37.84191340591018,3.0537548567737747,3079.235,228,1.8011007566288924,0.9430159923942688,1.6912704773954121,False,True,B0036_p1,0,8.58002111430288,13.841913405910176,0.9988872467836055,1.0068661227704103,0.9996076746819782,1.01802604979522,5.354817477226046,5.806490616342936,7.057304912531477,0.9443967869037283,0.6805970149253732
B0036,254,103,24.0,1.6935813413828429,3.4601239314707923,2.6354438765341697,4.183467994187793,0.21694500188240512,-1.9788051627908367,-2.0007727144601377,-0.004321306259202696,0.18599801319228007,31.69291039725797,24.7925097645142,36.94021929474592,2.970812991991664,3070.344,227,1.8011007566288924,0.9403034978191377,1.6912704773954121,False,True,B0036_p1,0,7.692910397257972,12.940219294745923,0.9971920238382398,0.9894501156128591,1.00004301716957,1.0427348366088456,4.8011689595146105,5.428242447773163,6.865624159741872,0.9416699304499789,0.6776119402985075
B0036,256,104,24.0,1.6830951253781283,3.453593464720813,2.633581331346773,4.1834014802387,0.2180817098649479,-1.978575532876541,-2.0007517737509772,-0.0033340496688171973,0.18696346790343227,30.608400390292736,23.589215774205197,35.979852438003704,3.0391776500620247,3051.4839999999967,225,1.8011007566288924,0.9344813826675448,1.6857127009469863,False,True,B0036_p1,0,6.608400390292736,11.979852438003704,0.9953099729394872,0.9887508423073592,1.0000271172486368,1.0481983642410295,4.124322939888489,5.025381876521541,7.023616618165077,0.9358855965485366,0.6716417910447762
B0036,258,105,24.0,1.6850462226942986,3.4519795194744436,2.6164895194312585,4.18648088216282,0.2197823432151976,-1.9787606413982342,-2.001600027914263,-0.002726074927020739,0.18708194409028817,30.399652022711006,23.19246986040044,35.91143435448471,3.123085581237328,3054.812,225,1.8011007566288924,0.9355646631608705,1.6850462226942986,False,True,B0036_p1,0,6.399652022711006,11.911434354484712,0.9948448412394479,0.9823338984951923,1.000763237232237,1.0563723697411211,3.99404244381772,4.9966814397906205,7.217529974887309,0.9369062891903189,0.6716417910447762
B0036,260,106,24.0,1.6803098840017598,3.4544340644325837,2.662037646915503,4.18650094380192,0.21622914543323957,-1.9785255298300461,-2.002715175952081,-0.004967540283571043,0.18730681659035153,30.547315574796166,23.35262786120078,36.0224357923641,3.118005369781854,3046.532,224,1.8011007566288924,0.9329349720260981,1.6850462226942986,False,True,B0036_p1,0,6.5473155747961655,12.0224357923641,0.9955522299639233,0.9994344713461318,1.0007680328950994,1.0392941099219932,4.086199719297704,5.043245002828954,7.205789477387358,0.9343668255262717,0.6686567164179105
B0036,264,107,24.0,1.6944038437227715,3.4638257834252806,2.6705894388847278,4.182814594549196,0.21435869343209082,-1.9786658818521448,-2.0021347290579303,-0.003233317570064247,0.18698922105384577,32.47851626978816,25.55119070794383,37.65075812929836,2.973801307683516,3071.782,225,1.8011007566288924,0.9407601642976239,1.6841854728350405,False,True,B0036_p1,0,8.478516269788159,13.65075812929836,0.9982588807819668,1.002645153094276,0.9998868243298237,1.030303879933382,5.291467992628104,5.7263036300960035,6.872530233084833,0.9421109629075756,0.6716417910447762
B0036,266,108,24.0,1.6955686127180103,3.4669219935055278,2.668638829617292,4.183640043729965,0.21436754054335802,-1.978303548943712,-1.9999099102761286,-0.0019410976716811139,0.18697972923235331,33.085111849545555,26.190517564702994,38.27191158762031,2.977766414377426,3074.532,225,1.8011007566288924,0.9414068627074447,1.6841854728350405,False,True,B0036_p1,0,9.085111849545555,14.271911587620309,0.9991511944843947,1.0019128170417555,1.000084144995454,1.0303464031122596,5.670046153313305,5.986868887317984,6.881693695203467,0.9429543838104898,0.6716417910447762
B0036,268,109,24.0,1.6841854728350405,3.4626538753824714,2.6931351824491827,4.1835457131046185,0.21353943721847377,-1.9783071872539106,-2.002549456337823,-0.0009657742279999745,0.18785904791245697,32.12056072268224,25.297939254657074,37.26845925037034,2.9556251380427847,3053.656,223,1.8011007566288924,0.9350867610467938,1.6841854728350405,False,True,B0036_p1,0,8.120560722682242,13.268459250370341,0.9979211421991571,1.0111097190731062,1.0000615955978456,1.0263661676715903,5.068066838461072,5.565934554807167,6.830524644125391,0.9365517457125848,0.6656716417910448
B0036,270,110,24.0,1.6722180144870118,3.4554390863736857,2.6913462011853904,4.183400261585032,0.21433636606372564,-1.978252788411394,-2.001711879687912,-0.0031204605903022127,0.18862517399270962,30.90915966232928,23.88766002302783,36.23919416621716,3.0497180131257715,3031.953,221,1.8011007566288924,0.9284422364115212,1.6841854728350405,False,True,B0036_p1,0,6.90915966232928,12.23919416621716,0.9958418727291243,1.0104380645810302,1.0000268259338487,1.0301965646018363,4.312027723464645,5.134172133123972,7.047975664492795,0.9298954679467853,0.6597014925373135
B0036,272,111,24.0,1.6675976965747183,3.453636642746737,2.6988025346836504,4.183219724741507,0.2140637606109361,-1.9782840417249774,-2.001654493324268,-0.0038189754391683823,0.18890179865720655,30.586499493516442,23.46091272019914,35.989930424393194,3.104789404003703,3023.5,220,1.8011007566288924,0.9258769618729988,1.6803098840017598,False,True,B0036_p1,0,6.586499493516442,11.989930424393194,0.9953224166507267,1.013237467788813,0.9999836692490218,1.0288863007109572,4.110654523078987,5.029609451979224,7.175247045337482,0.927302945440482,0.6567164179104478
B0036,276,112,24.0,1.6781873787039017,3.4530724754532334,2.6523436778902467,4.182242945113323,0.21679766127171937,-1.978213800283229,-2.0002866611264074,-0.0017572444489996166,0.18895891144652757,31.078305845971443,23.653852101617762,36.752805224654765,3.258758183994805,3042.703,220,1.8011007566288924,0.9317565230747852,1.6802787096613283,False,True,B0036_p1,0,7.0783058459714425,12.752805224654765,0.9951598261954904,0.995794971048595,0.9997501735827861,1.042026651648251,4.41759237514869,5.349624845752166,7.531072800308415,0.9331924769309048,0.6567164179104478
B0036,278,113,24.0,2.4440624320786557,3.626510481777051,2.691307184686052,4.519252349646744,0.32343985961524574,-1.9837057741381123,-2.0022312748692235,-0.0029581275082323443,0.15693437341257402,33.98757612493629,26.964036538169903,38.49714613607372,2.616417022120958,4424.203,320,1.8011007566288924,1.35698262469957,1.6781873787039017,False,True,B0036_p1,0,9.98757612493629,14.497146136073717,1.0451438729989817,1.010423416240337,1.080311062824047,1.5545968159778294,6.2332768738506505,6.081351655250381,6.046606086433844,1.3568964687040241,0.9552238805970149
B0036,282,114,24.0,1.6913403148932205,3.466145279289297,2.6565288043863395,4.181498148571605,0.21668145112376222,-1.9781440584613479,-2.0014196256892336,-0.00018117967783014865,0.1883167533359895,32.26010764297862,25.485015028975592,37.31224141481378,2.9025198769863287,3066.766,222,1.8011007566288924,0.9390592440030342,1.673147301023026,False,True,B0036_p1,0,8.260107642978618,13.312241414813784,0.9989273489700239,0.9973662334580451,0.9995721326412056,1.0414680936331275,5.155158499162284,5.584300565310851,6.707797039156163,0.9405725631806598,0.6626865671641791
B0036,284,115,24.0,1.6802787096613283,3.4640146950069006,2.680162151919943,4.183547797387942,0.21583834637061894,-1.9784600594573567,-2.001357263558416,-0.0010211685513373198,0.18912483828262847,31.42619925446257,24.536217553074003,36.59740421257035,2.968717907175812,3046.125,220,1.8011007566288924,0.9329176635327688,1.6722180144870118,False,True,B0036_p1,0,7.426199254462571,12.597404212570353,0.9983133242429911,1.0062391290858568,1.0000620938382974,1.0374157546099427,4.634713717763404,5.284436277381766,6.860782365604309,0.9342419992326404,0.6567164179104478
B0036,286,116,24.0,1.673147301023026,3.4626259258314476,2.686423419926791,4.183620162153654,0.21564278067210368,-1.9781834973907693,-2.0017591814515625,-0.0024966397016684843,0.18955938514766835,31.20956154006514,24.30375532630907,36.44126696853565,2.9925373374054294,3033.625,219,1.8011007566288924,0.9289581911867296,1.6704292090032429,False,True,B0036_p1,0,7.209561540065138,12.44126696853565,0.9979130872653157,1.0085898573287992,1.0000793923759557,1.0364757782799134,4.499509456162245,5.218938869923484,6.9158296728890765,0.9304082678557573,0.6537313432835821
B0036,288,117,24.0,1.6704292090032429,3.4609363258654184,2.672431142055385,4.183446864929328,0.21686005559202942,-1.97816336280146,-2.0011032611231436,-0.0005521842606962627,0.19009940216139687,31.078110221174402,24.149625651831865,36.32670051789851,3.014569181257507,3028.562,218,1.8011007566288924,0.9274490629440263,1.6704292090032429,False,True,B0036_p1,0,7.078110221174402,12.326700517898509,0.9974261522181986,1.0033366014803928,1.0000379662961283,1.042326546694596,4.417470285113221,5.170879833498055,6.966745822724909,0.9288554532988645,0.6507462686567164
B0036,290,118,24.0,1.6659903350115992,3.4616449511434926,2.6906755654263526,4.183128389159035,0.21557973457186877,-1.9778390299632154,-2.0028682109184794,-0.001808351299128825,0.19044507833788785,31.053614094154142,24.11047746783248,36.29811998606583,3.012501234210073,3020.984,217,1.8011007566288924,0.9249845289776134,1.6668450767774965,False,True,B0036_p1,0,7.053614094154142,12.298119986065828,0.9976303748094066,1.0101862813291755,0.9999618358056688,1.036172750487354,4.402182177153466,5.158890696950957,6.961966744658332,0.9265312919889429,0.6477611940298508
B0036,294,119,24.0,1.664241575272447,3.46014320685645,2.697829479340451,4.180942847373935,0.21472701579467898,-1.9780641124929104,-2.000358859987671,-0.003997927239448579,0.19079148885169372,31.06053283354067,24.03644264099394,36.315665405173284,3.0463719747858082,3017.391,216,1.8011007566288924,0.9240135895492023,1.6659903350115992,False,True,B0036_p1,0,7.06053283354067,12.315665405173284,0.9971975789169639,1.0128721442353885,0.9994393898818664,1.0320742021590164,4.4065001836121676,5.16625075682272,7.040242885038753,0.9254293242419717,0.6447761194029851
B0036,296,120,24.0,1.6668450767774965,3.4580980197093147,2.6506127411002423,4.182939031295494,0.21932461355617713,-1.9780348126637537,-2.0016029724530995,-0.0025025601664729817,0.19091342304622305,30.97728291917627,23.98215698310198,36.31712206468977,3.0354111284241863,3022.14,216,1.8011007566288924,0.9254590953019857,1.664241575272447,False,True,B0036_p1,0,6.977282919176272,12.31712206468977,0.9966081652569991,0.9951451087532004,0.9999165704876497,1.0541723160082932,4.354543656876712,5.166861805278641,7.014912091146836,0.926885835466677,0.6447761194029851
B0036,298,121,24.0,1.6594501560667536,3.459389982444422,2.690672074169337,4.183242834674278,0.215964267564871,-1.9777931454666962,-2.001572594962202,-0.0006119110035916644,0.19123274169903157,30.93918723715448,23.93192130983737,36.228571111440864,3.057851593346551,3009.016,215,1.8011007566288924,0.9213533168309445,1.662412523067319,False,True,B0036_p1,0,6.939187237154481,12.228571111440864,0.9969805030576274,1.0101849705728783,0.9999891935955514,1.0380209882625953,4.330768024954656,5.129715909040882,7.066772574638103,0.92286072421946,0.6417910447761194
B0036,300,122,24.0,1.662412523067319,3.455631406481116,2.6272249252599598,4.183686841202558,0.22179176413709617,-1.9775654046883246,-2.0029223519412267,-0.0015244830444558378,0.19162490097621165,30.926289651305336,23.916275195556413,36.35810336081934,3.0523127536600034,3014.672,214,1.8011007566288924,0.9229980704571158,1.6610231379633236,False,True,B0036_p1,0,6.926289651305336,12.358103360819342,0.995897298511828,0.9863643954573694,1.0000953317634065,1.0660305465992819,4.32271860209206,5.1840528903868845,7.0539721756660345,0.924595410992872,0.6388059701492538
B0036,302,123,24.0,1.6603526083225701,3.4549175745634897,2.6243035932050947,4.183358354217051,0.22223928174550103,-1.9777096278151205,-2.0012842672903166,-0.0029032140060993175,0.1916707571180274,30.863054927475556,23.85422362012047,36.29901438256062,3.057425574578298,3010.703,214,1.8011007566288924,0.9218543727838083,1.6603526083225701,False,True,B0036_p1,0,6.863054927475556,12.299014382560621,0.9956915753907154,0.9852676115853368,1.0000168081278622,1.0681815166434434,4.283253617120542,5.159265883870714,7.06578803446149,0.9233781246060841,0.6388059701492538
B0036,306,124,24.0,1.6610231379633236,3.4567232383364708,2.6669662761212,4.182728484057378,0.21860565314184593,-1.977833418220376,-2.001199210852871,-0.001471031035100222,0.1917839877901871,31.038017243387284,23.96717086274464,36.42868217427085,3.0741202591827275,3011.75,214,1.8011007566288924,0.9222266615845794,1.6603526083225701,False,True,B0036_p1,0,7.038017243387284,12.428682174270847,0.9962119595005947,1.00128487414955,0.9998662399256483,1.050716670274762,4.392448134781842,5.213659723344227,7.104369873933855,0.9236992379462119,0.6388059701492538
B0036,308,125,24.0,1.6575187557321613,3.4566056806279244,2.6573427494924386,4.183421219857983,0.21964114797237452,-1.977513435934886,-2.002800542011826,-0.003048808925054418,0.19205238827305457,31.04050751190746,24.03491351977783,36.39664144336581,3.0541648029486934,3005.734,213,1.8011007566288924,0.9202809724174053,1.6603526083225701,False,True,B0036_p1,0,7.04050751190746,12.396641443365809,0.9961780799021684,0.9976718207204047,1.000031835933817,1.0556937221706422,4.394002318998544,5.20021908129676,7.058252308537319,0.9218541397091455,0.6358208955223881
B0036,310,126,24.0,1.6507877959674548,3.457263997632369,2.6914302974482167,4.183196106021016,0.21680050519250443,-1.9773123626836613,-2.0009413249047436,-0.0008001800237581544,0.19282470810174487,30.957302786226403,23.933794489972804,36.317435246585276,3.069907987705723,2993.75,212,1.8011007566288924,0.9165438357025749,1.6603526083225701,False,True,B0036_p1,0,6.957302786226403,12.317435246585276,0.9963678038770869,1.0104696376521614,0.999978023278613,1.0420403208051776,4.342073994658876,5.1669931807383875,7.094635207733772,0.9181786647635002,0.6328358208955224
B0036,312,127,24.0,1.6532570062110141,3.4540018182289085,2.641029666264374,4.183209699462281,0.2214115099962362,-1.9773999985000372,-2.000552819210372,-0.0030197278406780986,0.19250726206428445,30.945276932009087,23.882500321932156,36.40596657880105,3.0815538681575076,2998.125,212,1.8011007566288924,0.9179147807951642,1.6603526083225701,False,True,B0036_p1,0,6.945276932009087,12.40596657880105,0.9954276585684543,0.9915472425308522,0.9999812727419852,1.0642028749036954,4.334568622179767,5.204130846224991,7.1215491327794656,0.9195204707454093,0.6328358208955224
B0036,314,128,24.0,1.6494214846772686,3.454729708764956,2.6663067674348446,4.183138406019062,0.2194998327137389,-1.9775454272489617,-2.0053749047084093,-0.001885403731298549,0.1932230452848368,30.888914324823496,23.848900090304696,36.28093983069052,3.075593326878561,2990.859,211,1.8011007566288924,0.9157852377811885,1.6575187557321613,False,True,B0036_p1,0,6.888914324823496,12.28093983069052,0.9956374333196335,1.0010372684419222,0.9999642303001262,1.0550144977504197,4.299392546270548,5.151683860146774,7.107774170733658,0.9172919993706546,0.6298507462686567
B0036,318,129,24.0,1.6678591915666705,3.4602322781016106,2.6520245119510846,4.182486390609512,0.219298472969814,-1.977556174123632,-2.001066605318924,-0.002068008016375336,0.1921007272846521,32.321489418619095,25.077183710470603,37.95295717388789,3.2083869132944565,3024.453,213,1.8011007566288924,0.926022148082593,1.6575187557321613,False,True,B0036_p1,0,8.321489418619095,13.952957173887889,0.9972232488458411,0.9956751435014348,0.9998083683553679,1.054046672643322,5.193467053489134,5.853071936270183,7.4146635163819425,0.9275952291206555,0.6358208955223881
B0036,320,130,24.0,1.670862764324967,3.4653467037084007,2.650846498933422,4.183464386226038,0.21964975499698547,-1.9769835735935626,-2.002186569861677,-0.0023996198522401855,0.19209552500279012,33.23510488083581,26.427334914499774,38.41829396059596,2.970956586497259,3030.765,213,1.8011007566288924,0.9276897798057168,1.6575187557321613,False,True,B0036_p1,0,9.235104880835813,14.41829396059596,0.9986972031095074,0.9952328707112996,1.0000421546992548,1.0557350913855283,5.7636572639055945,6.048274261716455,6.865956010285638,0.9295311101167264,0.6358208955223881
B0036,322,131,24.0,1.6658118164053368,3.4612961227490118,2.636443131108017,4.1834582213062665,0.22153680064258716,-1.9774113966642073,-2.0017749202505266,-0.004383536933426622,0.19251463498873175,32.672384089467116,25.91192188569918,37.82488704281872,2.939143234952654,3020.813,212,1.8011007566288924,0.9248854125869255,1.6658118164053368,False,True,B0036_p1,0,8.672384089467116,13.824887042818723,0.9975298440482102,0.9898252753961593,1.0000406809972981,1.064805077860748,5.412461493140362,5.799348293267951,6.792434548128381,0.9264788465437072,0.6328358208955224
B0036,324,132,24.0,1.6532998517617,3.4568319834213184,2.6573768263158466,4.183218486473692,0.22055099860532276,-1.9773199609696597,-2.0007169882370412,-0.0022988031421050147,0.19349225121915406,31.627875999689845,24.731201336850514,36.92206046060923,3.0242568699175814,2998.156,210,1.8011007566288924,0.9179385693314402,1.6658118164053368,False,True,B0036_p1,0,7.627875999689845,12.92206046060923,0.9962432993408401,0.997684614510916,0.9999833732455424,1.0600668717839252,4.760580792646566,5.420625068807809,6.989134316883228,0.9195299783992239,0.6268656716417911
B0036,326,133,24.0,1.6468787023528522,3.454274871932744,2.661750337550587,4.183226539078387,0.22039215943858695,-1.9771073220010116,-2.001325557175692,-0.0013303278426566394,0.19396446059478573,31.234092745007935,24.183348644602074,36.61884081007243,3.0815820447134636,2986.766,209,1.8011007566288924,0.9143734442904258,1.6658118164053368,False,True,B0036_p1,0,7.234092745007935,12.618840810072427,0.9955063514074788,0.9993266040199239,0.9999852981918087,1.0593034196133924,4.514819456360977,5.293428632599721,7.121614249514794,0.9160366823686081,0.6238805970149254
B0036,330,134,24.0,1.6718953249703756,3.459039144301172,2.6766475071440374,4.174285560234163,0.21556994833318247,-1.9761775564887942,-2.0012847325981546,-0.001962028925241122,0.19872759802368656,31.95070753872921,24.797361685163395,37.26760229905419,3.1102024139561917,3032.328,199,1.8011007566288924,0.9282630740212726,1.6658118164053368,False,True,B0036_p1,0,7.950707538729208,13.26760229905419,0.9968793930959509,1.0049195920959697,0.9978479892719726,1.0361257134415172,4.962060945715889,5.565575075620296,7.187756648603291,0.9300104798880918,0.5940298507462687
B0036,334,135,24.0,1.6807743463585727,3.466556169993412,2.683234032060573,4.181276067644604,0.21557113440173237,-1.9775382652377453,-2.008795403935178,-0.0015259772825198835,0.1925740248545489,32.94223311807837,25.877785213085076,38.257226591815964,3.073161208454634,3047.703,212,1.8011007566288924,0.9331928489689084,1.6605773762487392,False,True,B0036_p1,0,8.94223311807837,14.257226591815964,0.9990457658073764,1.0073924346778893,0.9995190449922496,1.036131414218142,5.580875099047604,5.9807087353333195,7.10215348338118,0.9347259694816581,0.6328358208955224
B0036,336,136,24.0,1.6737717086703074,3.4591810827626084,2.622356052772389,4.18302191595724,0.22263234156430609,-1.977527154273711,-2.0031957722825595,-0.0028642591518349587,0.1931213876650584,31.941852555671353,25.11699860570447,37.22999793294153,2.9563604742685774,3034.968,211,1.8011007566288924,0.9293048723176899,1.6603991175216894,False,True,B0036_p1,0,7.941852555671353,13.22999793294153,0.9969202991167824,0.9845364276950407,0.999936383768718,1.0700707381621828,4.9565345236468685,5.549800565799027,6.832224024790193,0.9308201639548895,0.6298507462686567
B0036,338,137,24.0,1.6605773762487392,3.4577876655294553,2.6656468752025866,4.183316981130492,0.21931649544518309,-1.9769664559960938,-2.002178261848821,-0.001505332380572564,0.19395773900422716,31.44720711271493,24.51381023129178,36.750095375605376,3.013451483003047,3011.7339999999967,209,1.8011007566288924,0.9219791675379839,1.6574621175432847,False,True,B0036_p1,0,7.447207112714931,12.750095375605376,0.9965187225899588,1.0007895187359568,1.000006918039933,1.054133296731207,4.6478247864927456,5.348488101675277,6.964162793715744,0.9236943307700485,0.6238805970149254
B0036,340,138,24.0,1.655987781146086,3.454417180570097,2.6416903037262225,4.183031434193402,0.22226889008335923,-1.9771854714072983,-2.0011693562380435,-0.003842917971572827,0.1943888144891826,31.12482497372082,24.24149688736979,36.461339694064534,2.971245075177131,3002.922,208,1.8011007566288924,0.9194309507956604,1.6574621175432847,False,True,B0036_p1,0,7.12482497372082,12.461339694064534,0.9955473641113305,0.9917952720255512,0.9999386590689289,1.0683238275751126,4.446625105369182,5.227359099772497,6.866622714940451,0.9209917034986019,0.6208955223880597
B0036,342,139,24.0,1.6468623183898439,3.4527482715790674,2.6595878021770023,4.182347238057592,0.2218500245087435,-1.9768884059107226,-2.000533909313961,-0.0030488079854527417,0.19512885398746296,30.75545169222773,24.09094831485414,36.121581178683655,2.886041054391353,2986.718,206,1.8011007566288924,0.9143643476516353,1.6574621175432847,False,True,B0036_p1,0,6.75545169222773,12.121581178683655,0.9950663921093654,0.9985147025051687,0.9997751044369964,1.0663105720369888,4.216098108173064,5.084835116741412,6.669714062261573,0.9160219608401208,0.6149253731343284
B0036,346,140,24.0,1.6574621175432847,3.460599249296477,2.687257575540443,4.181133837276345,0.21833213346610744,-1.9767960110088925,-2.0017889891565974,-0.0011704315649406672,0.19477908201142613,32.32491302674166,25.751254773128128,37.62901534109348,2.8594341591997328,3006.203,207,1.8011007566288924,0.9202495259873994,1.655987781146086,False,True,B0036_p1,0,8.324913026741662,13.629015341093478,0.997329008279823,1.0089030324169566,0.9994850453329228,1.049402012218961,5.195603737812595,5.717182832126636,6.608224852763791,0.9219979813104062,0.6179104477611941
B0036,348,141,24.0,1.6603991175216894,3.4634741461937795,2.6749338603361448,4.18258237874211,0.21944312050787482,-1.9766590715947012,-2.002031476486703,-0.0010409585022826979,0.19512482126861916,32.9527098749988,26.422312504624646,38.17206500603514,2.8308861968005243,3011.609,207,1.8011007566288924,0.921880195436399,1.64738207540524,False,True,B0036_p1,0,8.952709874998803,14.17206500603514,0.9981575405266805,1.0042762211453355,0.9998313139741389,1.054741913490804,5.5874136751553785,5.94498463172073,6.542249787726793,0.9236559934562806,0.6179104477611941
B0036,350,142,24.0,1.6460789092837111,3.458931693641407,2.6883490982654625,4.182469644453435,0.21951566449703488,-1.9763441035961147,-2.00172153934365,-0.004170409400170616,0.19567078973529306,31.963338156822648,25.54974799891278,37.074417465672504,2.757518145615639,2985.953,205,1.8011007566288924,0.9139293863629625,1.64738207540524,False,True,B0036_p1,0,7.963338156822648,13.074417465672504,0.9968484263031435,1.009312833322254,0.9998043652468291,1.0550905923911125,4.96994375318383,5.484536718468633,6.372694360937565,0.9157873364798556,0.6119402985074627
B0036,352,143,24.0,1.6408366462659327,3.4515443093644445,2.6341133806914536,4.182289875103196,0.22490428721657654,-1.976398819741924,-2.000574694144919,-0.0023119550613622045,0.1963046468063306,31.192560893948695,24.61584576794527,36.555960407488875,2.8512486458363315,2976.3129999999946,204,1.8011007566288924,0.9110187979361439,1.6468623183898439,False,True,B0036_p1,0,7.192560893948695,12.555960407488875,0.994719415659619,0.9889505947248906,0.999761392028519,1.0809907264446903,4.48889930080998,5.267051176185539,6.589307923808939,0.9128307628420017,0.608955223880597
B0036,354,144,24.0,1.6344408920281601,3.451340191696518,2.6535520046660226,4.182381246517502,0.22320709035139324,-1.9763560129084317,-2.0014919406194833,-0.003531458937968664,0.1967668878943089,31.01189616418059,24.26140709640571,36.35822055804636,2.910643521346873,2964.75,203,1.8011007566288924,0.9074677727010296,1.6460789092837111,False,True,B0036_p1,0,7.011896164180591,12.358220558046362,0.9946605898734876,0.9962486248253402,0.9997832340373434,1.0728332382308376,4.3761458891816725,5.1841020529975,6.726570987276509,0.9092844079691315,0.6059701492537314
B0036,358,145,24.0,1.6374039186504212,3.4541105051819967,2.682065697865543,4.18080325573756,0.2197676646558832,-1.9764726236625383,-2.001201969879881,-0.0015601440410522222,0.19674265329385318,31.59342641124915,24.684444542047743,37.04815005782166,2.996579352897906,2969.953,203,1.8011007566288924,0.9091128925597359,1.640896560729935,False,True,B0036_p1,0,7.593426411249151,13.048150057821658,0.9954589816553903,1.0069537957014953,0.9994060210019309,1.0563018180113484,4.73908069890461,5.4735179053371725,6.925170873191488,0.9108801603174452,0.6059701492537314
B0036,360,146,24.0,1.64738207540524,3.456542656900933,2.623022825320866,4.1824485661725594,0.22518607963561932,-1.9761971299509842,-2.000826197482675,-0.0029708101193880662,0.19630209891498768,32.451352345308976,25.816866325416914,37.78142773101782,2.8710890333023884,2988.453,204,1.8011007566288924,0.9146529250749045,1.6408366462659327,False,True,B0036_p1,0,8.451352345308976,13.781427731017821,0.9961599167498904,0.9847867605444905,0.9997993265593974,1.0823451470097118,5.274514904096807,5.781117714968212,6.635159562364713,0.9165540827552322,0.608955223880597
B0036,362,147,24.0,1.6545646441622355,3.462836576734922,2.638877668106794,4.182854046942437,0.22182402096532275,-1.976435899887901,-2.0019806638375113,-0.002090778864827327,0.19569175903104433,33.70907658061942,26.755245728305425,38.98412239569435,3.040628652244183,3001.235,205,1.8011007566288924,0.9186408023386057,1.6374039186504212,False,True,B0036_p1,0,9.709076580619417,14.98412239569435,0.9979737959003008,0.9907392971047418,0.9998962552829053,1.0661855873617725,6.05946445457566,6.285631439334398,7.026969921003229,0.9204743031119779,0.6119402985074627
B0036,364,148,24.0,1.640896560729935,3.455642847223531,2.6345026369215763,4.182728439067422,0.22382263866916685,-1.9764723723079625,-2.001594188579669,-0.0031137480951454735,0.1967597806874947,32.3628652503866,25.580751385885005,37.65911041193654,2.9685984543937227,2976.234,203,1.8011007566288924,0.9110520634065967,1.6344408920281601,False,True,B0036_p1,0,8.362865250386598,13.659110411936538,0.995900595681903,0.9890967369460651,0.9998662291709607,1.075791839115805,5.219289836921922,5.729807296774262,6.860506307195761,0.9128065336597014,0.6059701492537314
B0036,366,149,24.0,1.6265229979339635,3.453765407751183,2.6856425973144904,4.182876278594965,0.2198334411977994,-1.9762622330108464,-2.0004095548319234,-0.003000663629546209,0.1975420362080039,31.558941182174713,24.616276565969724,36.92167189475025,3.0500785855439165,2950.39,201,1.8011007566288924,0.9030716310276362,1.6265229979339635,False,True,B0036_p1,0,7.5589411821747134,12.921671894750247,0.9953595261410011,1.0082967055637804,0.9999015696796932,1.0566179695294409,4.717558361733888,5.420462070821341,7.04880895649469,0.9048802173633681,0.6
B0036,370,150,24.0,1.6217349144630457,3.4500406564088526,2.68786797873656,4.180649883777921,0.21993037010917416,-1.9761878164815234,-2.000900382690503,-0.0029080857736414637,0.1982133542504286,31.135887556686384,24.0965294768098,36.59954969750561,3.096415204708326,2941.719,200,1.8011007566288924,0.9004132103627759,1.6265229979339635,False,True,B0036_p1,0,7.135887556686384,12.599549697505608,0.994286069697557,1.0091322019767206,0.9993693579851515,1.0570838532865592,4.453529297307418,5.285336278543364,7.155894058409049,0.9022208345818519,0.5970149253731343
B0036,372,151,24.0,1.6248200059639546,3.447400483446299,2.6302060684262494,4.182879997125387,0.2252548542639541,-1.9763905482451505,-2.0016097915484665,-0.0031118252397211187,0.1983057004201215,31.04112225235265,23.94058877670859,36.62217023847058,3.1323994090470397,2946.969,200,1.8011007566288924,0.9021261025980127,1.6265229979339635,False,True,B0036_p1,0,7.04112225235265,12.62217023847058,0.9935251838241158,0.987483634791892,0.9999024585810516,1.0826757086738077,4.394385980394712,5.294825281616713,7.239054467139904,0.9038310017601427,0.5970149253731343
B0036,374,152,24.0,1.61880119736137,3.449026045033965,2.6641914790243417,4.182616597040702,0.22249807020490783,-1.9763256382870518,-2.0020912722122786,-0.0025608664380762686,0.19870977125730177,31.054879323980543,23.999137351199927,36.590898812608955,3.12225823259156,2936.171,199,1.8011007566288924,0.8987843636195395,1.6265229979339635,False,True,B0036_p1,0,7.054879323980543,12.590898812608955,0.9939936633010313,1.0002431053102532,0.9998394937356703,1.0694253698762646,4.402971810966352,5.281707352360801,7.21561795118665,0.9005192712475361,0.5940298507462687
B0036,376,153,24.0,1.6137350490334217,3.450376630404453,2.689303373660729,4.1825067669668625,0.22037799066578243,-1.975971961224962,-2.0014458177637215,0.0007789786857402328,0.1995681476329371,31.10833607101402,24.08150574103411,36.59234456560626,3.104018885716459,2927.281,198,1.8011007566288924,0.8959715568904864,1.6265229979339635,False,True,B0036_p1,0,7.108336071014019,12.592344565606261,0.9943828958792964,1.0096711061386778,0.9998132392504989,1.0592353181458911,4.436334330647489,5.282313825683255,7.173466358036501,0.8977927214922968,0.591044776119403
B0036,378,154,24.0,1.612012823654141,3.447000121773302,2.65147651386545,4.182535478785295,0.22414682459865776,-1.9758050203647282,-2.000167970309902,0.0004392437380041023,0.19974696971212494,30.944663670795183,23.898748408422794,36.48018480302178,3.109775128873625,2924.422,197,1.8011007566288924,0.8950153497638489,1.6265229979339635,False,True,B0036_p1,0,6.944663670795183,12.480184803021778,0.9934098014057776,0.9954694032942482,0.9998201027077007,1.0773500218777283,4.33418588397638,5.235264361502965,7.1867691819421875,0.8969158704517761,0.5880597014925373
B0036,382,155,24.0,1.6671032556887178,3.4669760884346075,2.6896892125914618,4.1690491680104165,0.21019274465767648,-1.9763325577592548,-2.003950808278935,-0.0008371923327228107,0.19683926961949388,32.6791979812127,25.52595713846892,38.23567263982747,3.192960170443964,3023.859,203,1.8011007566288924,0.9256024403704228,1.666489034299654,False,True,B0036_p1,0,8.679197981212702,14.23567263982747,0.9991667843976108,1.00981596537018,0.9965962484947527,1.0102804644275276,5.416714063864969,5.971667151536613,7.379011922455978,0.927413050205626,0.6059701492537314
B0036,386,156,24.0,1.6850133383886254,3.4736386683731344,2.6628469651561684,4.181271830692525,0.21636924766242918,-1.9764828677632524,-2.0015010947067746,-0.0014894364732493614,0.19585632338653988,33.03296653786076,26.480844385435898,37.930952706812825,2.823345107719602,3056.172,205,1.8011007566288924,0.9355464052674394,1.6671032556887178,False,True,B0036_p1,0,9.032966537860759,13.930952706812825,1.0010869097181103,0.9997383214997715,0.9995180321640539,1.03996750397945,5.637502104453137,5.843841367645585,6.524822139630358,0.9373233991641239,0.6119402985074627
B0036,388,157,24.0,1.6786654987614698,3.467958204671299,2.626900680068646,4.1830606408887965,0.2196489481680712,-1.9762113672371753,-1.9999016673464969,-0.004098358498117174,0.19606844472007146,32.14080730031082,25.44849328171353,37.19257582780181,2.8868880584304657,3045.078,204,1.8011007566288924,0.9320219829918989,1.6671032556887178,False,True,B0036_p1,0,8.140807300310819,13.19257582780181,0.9994498258426883,0.9862426609575802,0.9999456408246934,1.0557312134044328,5.080702789619605,5.534102511927024,6.671671510074682,0.9339208858925127,0.608955223880597
B0036,390,158,24.0,1.6729763502191373,3.4632760700749996,2.6081515730092875,4.182456210343196,0.22114993904938612,-1.9764506704962272,-2.000618099416812,-0.0016991841945674833,0.19690828206727276,31.54659714469647,24.733537220313277,36.76201438343683,2.9604585583231295,3034.25,203,1.8011007566288924,0.9288632765611822,1.6671032556887178,False,True,B0036_p1,0,7.54659714469647,12.762014383436828,0.9981004558876121,0.9792035028435715,0.9998011538709671,1.062945647790101,4.709854410106328,5.353487960083572,6.841694800961373,0.9305999544246014,0.6059701492537314
B0036,392,159,24.0,1.666489034299654,3.4628276335315356,2.6357331981420877,4.182764774519028,0.21909914268759315,-1.976336702286546,-2.003239061725877,-0.0009205007233992248,0.1972567928583756,31.32211217550974,24.45996796354211,36.54833629882202,2.983483745980172,3022.609,202,1.8011007566288924,0.9252614148132444,1.6671032556887178,False,True,B0036_p1,0,7.322112175509741,12.548336298822022,0.9979712185096463,0.9895587384148671,0.9998749150303253,1.0530886020380565,4.569752652737481,5.263852968384792,6.89490659352015,0.9270296770679377,0.6029850746268657
B0036,394,160,24.0,1.6698420840710908,3.4646012546935614,2.629018498984386,4.183320176415955,0.21900275132599561,-1.9761771069613194,-2.0026397539162186,5.2501204401648626e-05,0.19743245046263766,31.944476209251814,24.83899714715284,37.37954300419149,3.117730712937126,3028.828,202,1.8011007566288924,0.927123081773905,1.6671032556887178,False,True,B0036_p1,0,7.944476209251814,13.37954300419149,0.9984823680843758,0.9870377741412394,1.0000076818614607,1.0526253019859062,4.958171953888551,5.612532648240929,7.205154738454317,0.9289370351025645,0.6029850746268657
B0036,398,161,24.0,1.6746744228027035,3.4679372219489957,2.6266603184816235,4.180963257164536,0.21921718084252587,-1.9760041905736139,-2.003823480038933,-0.0010127423979090567,0.19734110519909343,32.95970790517297,26.090290835837656,38.17965570439169,2.995199649280634,3037.875,202,1.8011007566288924,0.9298060736686269,1.6665045335145643,False,True,B0036_p1,0,8.95970790517297,14.179655704391692,0.9994437787172865,0.9861524196884772,0.999444268769096,1.053655946273367,5.59178116723769,5.948168824359876,6.92198234314481,0.9317117365238975,0.6029850746268657
B0036,400,162,24.0,1.6665045335145643,3.462497796397771,2.602450788874241,4.182710427278442,0.22288065993874887,-1.975873938296025,-2.0015896507781563,-0.000737279937754776,0.1983117076584402,31.94954978552722,25.362504765065975,37.06880928199277,2.8672518823163307,3023.187,200,1.8011007566288924,0.9252700202257141,1.666489034299654,False,True,B0036_p1,0,7.949549785527221,13.06880928199277,0.9978761609436545,0.9770632024669521,0.9998619235174164,1.0712642674777,4.961338388393742,5.482184163228894,6.626291809131685,0.9272069488068048,0.5970149253731343
B0036,402,163,24.0,1.6522220848347273,3.4597555835668237,2.662872873818505,4.182466447324255,0.21786848429966169,-1.976044015388604,-2.0013924851522065,-0.0019442928063618007,0.19860549159890312,31.016509562928245,24.102557617438656,36.3207199175235,3.0323158577546945,2996.922,199,1.8011007566288924,0.9173401758639976,1.6522220848347273,False,True,B0036_p1,0,7.0165095629282455,12.320719917523498,0.9970858676429387,0.9997480486387831,0.9998036009845673,1.0471735066824301,4.379025125481239,5.168371054621951,7.007758842138336,0.9191515124376981,0.5940298507462687
B0036,404,164,24.0,1.6462718275099526,3.4575027462160053,2.6641259048235493,4.182351343336321,0.2180255552135915,-1.9757551706068877,-2.00099190176043,-0.0030023031428759402,0.19927919801451816,30.717850318637232,23.71117850596633,36.10688426616758,3.080525236193187,2986.469,198,1.8011007566288924,0.914036497653395,1.651178607099992,False,True,B0036_p1,0,6.7178503186372325,12.106884266167583,0.9964366101360592,1.0002184861555319,0.9997760857891501,1.0479284598380754,4.19263097565815,5.078669965861524,7.119171938225396,0.9159455929110933,0.591044776119403
B0036,406,165,24.0,1.642399234692521,3.4593887120996203,2.6980994427054057,4.182757605057146,0.21514927990906424,-1.9758263113357128,-2.0008556099009356,-0.0002785761550558958,0.1998149508225839,30.879779806825745,23.744852385408038,36.31248307899438,3.139455252162773,2979.219,197,1.8011007566288924,0.9118863720687054,1.6481683120281931,False,True,B0036_p1,0,6.879779806825745,12.312483078994383,0.9969801369500172,1.0129734991855144,0.9998732011961806,1.0341037926012888,4.293691665588698,5.16491581514565,7.255360699505695,0.9137220287125012,0.5880597014925373
B0036,410,166,24.0,1.651178607099992,3.459697403340653,2.649240292513478,4.180861110367055,0.21880074751113185,-1.9759776263748132,-2.0021284907747647,-0.0005096135001277358,0.1991581209413778,31.650221324336044,24.590294260015632,37.07549861586275,3.1018310733709114,2995.047,198,1.8011007566288924,0.9167608203055178,1.6478887725428397,False,True,B0036_p1,0,7.650221324336044,13.075498615862749,0.9970691003656298,0.9946298371418647,0.9994198509435769,1.0516543811854329,4.774526578251953,5.484990245972413,7.168410268226384,0.9185764527311656,0.591044776119403
B0036,412,167,24.0,1.6481683120281931,3.4641295904583864,2.691344905562854,4.182794520703595,0.2158803102970941,-1.975719002321735,-2.0008221456612882,-0.003297420677409282,0.19957997177483236,32.06625589927076,25.086817061257822,37.414877687125575,3.0735780842174285,2989.828,197,1.8011007566288924,0.9150894562462225,1.6462718275099526,False,True,B0036_p1,0,8.066255899270757,13.414877687125575,0.998346436591007,1.010437578152964,0.9998820257490413,1.0376174520338837,5.034175031712865,5.627355057460786,7.103116893840326,0.9169757932066893,0.5880597014925373
B0036,414,168,24.0,1.6478887725428397,3.460169463632063,2.6312837349184783,4.182556061512275,0.22175114525304535,-1.975704650691821,-2.0017549416670004,0.00017965467151311804,0.1999839646714336,31.895952062496796,25.19916169623783,37.09639528593206,2.922819228330666,2989.391,197,1.8011007566288924,0.9149342514447563,1.642399234692521,False,True,B0036_p1,0,7.8959520624967965,13.096395285932061,0.9972051460006093,0.9878882335180581,0.9998250229347516,1.065835314051602,4.927887885160784,5.4937561091238525,6.754709354873261,0.9168417659577536,0.5880597014925373
B0036,416,169,24.0,1.635843650915682,3.4561756716228116,2.6584363442335084,4.182810830291452,0.21983833031795239,-1.9757629054586396,-2.000542886554803,-0.002273119180743892,0.20070832074183342,30.985495506316067,24.061942151606782,36.366051667033084,3.04992449000585,2967.2810000000027,195,1.8011007566288924,0.9082466069124745,1.6387862629287224,False,True,B0036_p1,0,6.985495506316067,12.366051667033084,0.9960541532571784,0.9980823995426743,0.9998859244975131,1.0566414688304602,4.359669157684175,5.1873870945602905,7.048452837798592,0.9100606618983236,0.582089552238806
B0036,418,170,24.0,1.6332362811945516,3.452053305545746,2.6231998193879877,4.182635286848819,0.22295661802671277,-1.9757208321303017,-2.0019331296363676,-0.004501590330077511,0.20063018730407994,30.72140290899611,23.691777590949794,36.234238027710575,3.103572884040246,2962.609,195,1.8011007566288924,0.9067989534641407,1.6359654863840773,False,True,B0036_p1,0,6.721402908996112,12.234238027710575,0.9948661060505444,0.9848532111343649,0.9998439614672571,1.071629356065844,4.194848158190655,5.1320931017871985,7.172435636852857,0.9086277664588989,0.582089552238806
B0036,422,171,24.0,1.629926467682987,3.4498706612134633,2.633671931011382,4.180865480888278,0.22221912606401995,-1.9753838232885894,-2.000836252082105,-0.003639711638300777,0.20106001137639432,30.525764579406868,23.39948513363078,36.13330283566238,3.1556040018343565,2957.016,194,1.8011007566288924,0.904961291967757,1.6359654863840773,False,True,B0036_p1,0,6.525764579406868,12.133302835662377,0.9942370778532501,0.9887848570133523,0.9994208957009975,1.0680846394116403,4.072749677016357,5.089752189205243,7.292680869504183,0.9069124016916263,0.5791044776119403
B0036,424,172,24.0,1.6387862629287224,3.4562888987795763,2.613160298710749,4.182371604193263,0.22344397621008863,-1.9753747226034408,-2.0005565957229483,-0.0010630342319161796,0.2007119814851081,31.861104818689885,24.791288522389898,37.40631592104371,3.1252227234063232,2973.281,195,1.8011007566288924,0.9098803922530282,1.635843650915682,False,True,B0036_p1,0,7.861104818689885,13.406315921043714,0.9960867848102222,0.9810839770469918,0.9997809290743229,1.073971817755687,4.9061396134858635,5.623763515384498,7.222468964634496,0.9119008529592266,0.582089552238806
B0036,426,173,24.0,1.6359654863840773,3.4606240664312637,2.664776371262019,4.182870580087216,0.21925592037773944,-1.9753588071492805,-2.001606404211715,-0.0007685296487351225,0.20124612174069392,32.31201872670814,25.348743159547922,37.77076533558071,3.087488317745766,2968.016,194,1.8011007566288924,0.908314251916757,1.6332362811945516,False,True,B0036_p1,0,8.31201872670814,13.770765335580712,0.9973361604655117,1.0004626970448158,0.9999002074718573,1.0538421458288798,5.187556365637601,5.776644988023765,7.135263796266447,0.9102860853032835,0.5791044776119403
B0036,428,174,24.0,1.631137043967566,3.456019242182233,2.632939371611515,4.1827611176443975,0.22322340245297523,-1.975257971644178,-1.999731674892746,-0.0028543974289036585,0.20170506969715532,31.793010248024903,25.01914314738702,37.14813436098321,2.9874710868400327,2959.281,193,1.8011007566288924,0.9056334233186121,1.631137043967566,False,True,B0036_p1,0,7.793010248024903,13.148134360983207,0.9960090710018812,0.9885098251717161,0.9998740408675627,1.072911641496321,4.863641583207919,5.515459933224823,6.904121439360122,0.9076070738171175,0.5761194029850746
B0036,430,175,24.0,1.6220189720888463,3.450712115143618,2.6282834158429433,4.182395237195288,0.22397735313990255,-1.9752191259041325,-2.0012097377908966,-0.0015357841271437709,0.2023884075048473,31.01748043918613,24.046073283059812,36.53239990681521,3.0831708490846848,2942.797000000006,192,1.8011007566288924,0.9005709237082149,1.629926467682987,False,True,B0036_p1,0,7.01748043918613,12.532399906815208,0.9944795810595503,0.98676179478696,0.9997865784586811,1.0765354661501398,4.37963105232975,5.257167873056394,7.125286016706322,0.9025514555757961,0.573134328358209
B0036,434,176,24.0,1.6416044978422155,3.457628617948717,2.6382695335398956,4.174632559195338,0.22022226751940596,-1.974872083562542,-1.9999922943569635,-0.003308938026291439,0.20120786692891404,32.52627247756125,25.605066892024084,37.81511547301817,3.033320834169038,2978.89,194,1.8011007566288924,0.911445121434958,1.6253090231457805,False,True,B0036_p1,0,8.52627247756125,13.815115473018167,0.996472885798542,0.9905109792783281,0.9979309381288947,1.058486842964697,5.321272788283338,5.795249255317776,7.01008136811654,0.9136211249026616,0.5791044776119403
B0036,438,177,24.0,1.6253090231457805,3.453055943057908,2.666855394758346,4.180584396863127,0.2199759421932337,-1.9750892690302662,-2.00062580916902,-0.001495597945369605,0.2022239562237007,30.971239918679984,23.948538947503835,36.404593910301536,3.090517273305265,2948.891,192,1.8011007566288924,0.9023976127731244,1.6220189720888463,False,True,B0036_p1,0,6.971239918679984,12.404593910301536,0.9951550616341395,1.0012432448899506,0.9993537035730832,1.057302893131743,4.350772201743756,5.203555030835308,7.142263789374104,0.9044204762966523,0.573134328358209
B0036,440,178,24.0,1.6196134522239483,3.450668341610227,2.645771603606621,4.182361662503121,0.22232710357911042,-1.9750429933939881,-2.0014979554620873,-0.003690534190557053,0.2027296128148276,30.76463270446893,23.695424055229687,36.31178502135717,3.1270585415020316,2938.547,191,1.8011007566288924,0.8992353405344005,1.6196134522239483,False,True,B0036_p1,0,6.76463270446893,12.311785021357167,0.9944669657257595,0.9933275538071772,0.999778552548957,1.0686036277062696,4.221828006054766,5.164622989652433,7.226711586807202,0.9012479869076541,0.5701492537313433
B0036,442,179,24.0,1.6124236174774371,3.450902810317066,2.6749192828697232,4.1825612222864805,0.22029118342795845,-1.9749799926549043,-2.0001940144005674,-0.0032308298789850164,0.2033291533830495,30.660177115279623,23.590840566457,36.180551238597374,3.131881914452005,2925.484,190,1.8011007566288924,0.8952434290768936,1.6124236174774371,False,True,B0036_p1,0,6.660177115279623,12.180551238597374,0.99453453854365,1.0042707481865052,0.9998262565993128,1.0588180836847905,4.156636952660687,5.109572238661854,7.237858524007912,0.8972415842695561,0.5671641791044776
B0036,444,180,24.0,1.6077701029913394,3.4500594839606094,2.6772635289500464,4.18253016588314,0.22048025062971296,-1.9747546184485705,-2.001710053938121,0.002276212136857938,0.20411351222992075,30.586674094126863,23.538863073507855,36.10348020899565,3.124503116968907,2917.297,189,1.8011007566288924,0.89265972326867,1.6088077531981582,False,True,B0036_p1,0,6.586674094126863,12.103480208995649,0.9942914957125819,1.0051508711046417,0.999818832677499,1.0597268253290735,4.110763491855143,5.0772420111094085,7.220805935909514,0.8947306435669528,0.564179104477612
B0036,446,181,24.0,1.6088077531981582,3.449110812692783,2.651409246777448,4.1821683496152,0.22279449524075134,-1.9749280525665507,-2.001450125981973,9.414651952537693e-05,0.2040507005218979,30.83253477381729,23.77839028946409,36.398158452424276,3.1328408835480808,2918.938,189,1.8011007566288924,0.8932358432902734,1.6083556258734268,False,True,B0036_p1,0,6.83253477381729,12.398158452424276,0.9940180929558434,0.9954441485625527,0.999732341796547,1.070850121350763,4.264205895670945,5.200855445548189,7.240074725906924,0.89523393582211,0.564179104477612
B0036,450,182,24.0,1.6083556258734268,3.4458169090139847,2.6359845840555653,4.180085195716553,0.2242177261168236,-1.9747449903353,-2.0003216371109183,-0.003137479844123494,0.20423288897509245,30.68860522383244,23.5423470621367,36.348677496156625,3.1806938855932496,2918.25,188,1.8011007566288924,0.892984814954925,1.6077701029913394,False,True,B0036_p1,0,6.68860522383244,12.348677496156625,0.9930688048549421,0.98965311865319,0.9992343713297177,1.0776908063268675,4.174379022347361,5.1800988709453515,7.350664227111856,0.8950229272471263,0.5611940298507463
B0036,452,183,24.0,1.6068202519011539,3.4453799620249113,2.6203632515294,4.18247008024948,0.22630771219057688,-1.9747270429184278,-2.0004961722415358,-0.0014564852965377464,0.20426499355737113,30.620490468656016,23.518786512911753,36.30340414585353,3.171271307600227,2915.4839999999967,188,1.8011007566288924,0.8921323507234699,1.6068202519011539,False,True,B0036_p1,0,6.6204904686560155,12.303404145853527,0.9929428787144414,0.9837882511021618,0.9998044694223105,1.0877362153854784,4.131868394853956,5.161107328663841,7.328888410427892,0.8941745991680486,0.5611940298507463
B0036,454,184,24.0,1.601770977206713,3.445133112798374,2.6353503124760125,4.182402126830995,0.22538269344027287,-1.9748519715505966,-2.000440096213439,-0.002270068460296021,0.2049352475532747,30.598226708173872,23.47888485326248,36.26566178605087,3.1733403614278965,2906.015,187,1.8011007566288924,0.8893289125061146,1.601770977206713,False,True,B0036_p1,0,6.598226708173872,12.26566178605087,0.9928717378869252,0.9894149879560021,0.9997882254013826,1.0832901610072299,4.11797351369337,5.1452749324042895,7.333670046291659,0.8912704709754331,0.5582089552238806
B0036,456,185,24.0,1.594911734692208,3.4458558996634645,2.665160202735034,4.182271283338991,0.2229604095203474,-1.9743987343803497,-2.0023852081074316,-0.0037513954755897506,0.20538066599109975,30.522404975221356,23.39662363977643,36.17313667131571,3.174312553817587,2894.14,186,1.8011007566288924,0.8855205511530587,1.594911734692208,False,True,B0036_p1,0,6.522404975221356,12.17313667131571,0.9930800417832821,1.0006068025971033,0.9997569477339777,1.0716475796822504,4.070652937746199,5.106461930564792,7.335916807557538,0.8876284261673942,0.5552238805970149
B0036,458,186,24.0,1.5938139125387372,3.4444897117952333,2.6439462094074133,4.182247103438741,0.22512786561253603,-1.9743953769070435,-2.000686110880547,-0.0006192413144748796,0.20604260528518947,30.572012594415884,23.49715874641186,36.20038317528244,3.1513460980324237,2892.031,185,1.8011007566288924,0.8849110227025097,1.5938139125387372,False,True,B0036_p1,0,6.5720125944158845,12.20038317528244,0.9926863126359317,0.9926422284555251,0.9997511676155607,1.0820653443439607,4.101613204944564,5.117891460931845,7.282840745844023,0.8869815990094865,0.5522388059701493
B0036,462,187,24.0,1.5920273129504596,3.4452529094036595,2.680823910703161,4.182668785784587,0.22231309486729872,-1.9745565504466334,-2.001943170893987,-0.0018800532779207368,0.20596391993058347,30.525594309542488,23.384507843620888,36.12974352283867,3.1795597490014154,2888.719,185,1.8011007566288924,0.8839190739835378,1.5938139125387372,False,True,B0036_p1,0,6.5255943095424875,12.129743522838673,0.9929062627252372,1.0064875795690535,0.9998519692676858,1.068536295563582,4.072643411072079,5.088259106861393,7.348043208688167,0.8859658135438676,0.5522388059701493
B0036,464,188,24.0,1.5847361549778751,3.4433682977623126,2.6584332895177942,4.182325389472558,0.22445475555271213,-1.9743485288471663,-2.000646231962556,-0.0023929488624675884,0.2066427284893521,30.460152624234137,23.33389160673618,36.15128962766672,3.1887290276389177,2875.641,184,1.8011007566288924,0.8798709062473632,1.5938139125387372,False,True,B0036_p1,0,6.460152624234137,12.15128962766672,0.9923631261977588,0.9980812526812884,0.9997698816111187,1.078830075948007,4.031801054676928,5.097297398883173,7.369233644138241,0.8819548104281174,0.5492537313432836
B0036,466,189,24.0,1.5763429363936798,3.444044633354944,2.6858136443865597,4.181890851070748,0.22215546087009977,-1.9740794817151763,-2.0006735329251524,-0.0014623570581874692,0.20709352747553822,30.42634729502671,23.310385140399045,36.06503580876304,3.1859202141001433,2860.7810000000027,183,1.8011007566288924,0.8752108568007655,1.5920273129504596,False,True,B0036_p1,0,6.426347295026709,12.065035808763042,0.9925580430480704,1.0083609234159385,0.9996660067649323,1.0677786359775716,4.01070304509726,5.06111511863035,7.362742404822941,0.8773972705672796,0.5462686567164179
B0036,468,190,24.0,1.5720229174642286,3.4436657042772842,2.686590802386354,4.1819812339971225,0.22227527135617425,-1.9739791964844613,-2.0000797727236295,-0.0008615651751270003,0.20780229547219753,30.477932880980596,23.35165903463095,36.12802521407918,3.20015743143281,2852.844,182,1.8011007566288924,0.8728123130693548,1.5847361549778751,False,True,B0036_p1,0,6.477932880980596,12.12802521407918,0.9924488374065019,1.008652699340136,0.9996876124792625,1.0683544988300775,4.042897767413076,5.087538300178431,7.395644975112671,0.8749630044922131,0.5432835820895522
B0036,470,191,24.0,1.5729874285512353,3.4414697554582165,2.6569680605487678,4.182031710997783,0.22512412328638,-1.9739892815959978,-2.00109190486848,-0.0018305771025404426,0.20763119466007735,30.47370962894708,23.28005395267094,36.26774799217623,3.245204718879162,2854.64,182,1.8011007566288924,0.8733478250796946,1.579500338340559,False,True,B0036_p1,0,6.473709628947081,12.267747992176233,0.9918159749164579,0.9975311476360962,0.9996996788252004,1.0820473570484757,4.040262022873695,5.146150066927635,7.4997503987311305,0.8755138350164436,0.5432835820895522
B0036,474,192,24.0,1.596985400389019,3.4563046908197936,2.676038889381632,4.1803143719336,0.22212151395008622,-1.9743635806531243,-2.0025068680909213,-0.0037600574303138473,0.20638545128321126,33.14386747805384,26.389386766495182,38.43630283495838,2.997420893557452,2897.844,184,1.8011007566288924,0.8866718835752895,1.5779216373671194,False,True,B0036_p1,0,9.143867478053842,14.436302834958383,0.9960913360045888,1.004691092858806,0.999289155082307,1.0676154718770552,5.706715721165195,6.055828734637204,6.927115694995876,0.8887644374489923,0.5492537313432836
B0036,476,193,24.0,1.595726023703856,3.452089547010762,2.6188084347235887,4.182098322143219,0.22758843050180735,-1.9739686530082488,-2.0019322952392344,-0.002951620378022731,0.20653845714389138,32.934539010545976,26.030348585874783,38.52063845392343,3.0970262540421274,2896.063,184,1.8011007566288924,0.8859726574600775,1.5763429363936798,False,True,B0036_p1,0,8.934539010545976,14.520638453923432,0.9948765506763908,0.9832045112312563,0.9997156019805709,1.0938919211515266,5.57607318295238,6.091206356630919,7.157306208914735,0.888218207402414,0.5492537313432836
B0036,478,194,24.0,1.579500338340559,3.4477573593842226,2.645949573946669,4.182097383940862,0.22634449575408988,-1.9740791048008228,-1.999949850664628,-0.002143647617364981,0.20774586978704682,31.954024468442526,25.061429711988,37.489412293667954,3.0852688931693257,2866.234,182,1.8011007566288924,0.8769638969542708,1.5746651824724576,False,True,B0036_p1,0,7.954024468442526,13.489412293667954,0.9936280338508332,0.9933943709286132,0.999715377706663,1.0879130136650277,4.964131051717143,5.658621290732867,7.130134649789098,0.8790696975431302,0.5432835820895522
B0036,480,195,24.0,1.5629469877520186,3.4451953986146564,2.6883439532038187,4.181667072254369,0.22287660240619994,-1.9736801463901485,-2.000910525563825,-0.004482573590573888,0.2087107022216669,31.19189073934152,24.1698569125778,36.78751789975617,3.1566290311252785,2836.609,180,1.8011007566288924,0.8677732114650685,1.5729874285512353,False,True,B0036_p1,0,7.19189073934152,12.787517899756168,0.9928896883766837,1.0093109016621327,0.999612513241611,1.0712447651591275,4.48848105526546,5.364186331316611,7.295049738188671,0.8699837541799174,0.5373134328358209
B0036,482,196,24.0,1.5591129431541175,3.4432584336378476,2.67894320816739,4.182118777318184,0.2242079025207889,-1.9737323749924904,-2.0009899510970475,-0.0024811523923965913,0.20943141144954944,30.99297651094941,23.931898582036833,36.62637340717898,3.1706385671344877,2829.516,179,1.8011007566288924,0.8656444884695392,1.5762438834458972,False,True,B0036_p1,0,6.992976510949411,12.626373407178981,0.992331463855371,1.0057814892751105,0.99972049171677,1.077643589724884,4.364338075606891,5.296588452570652,7.327426131166243,0.8678083416474188,0.5343283582089552
B0038,0,0,24.0,0.8980573709676724,2.883239659655731,2.1981645845929387,4.053116638334503,0.270159849712368,-3.952127452371893,-4.035077323306341,-0.0030103888131135406,0.5528614597941215,38.8265055747093,25.045828878659496,51.693778100060996,7.174779283437996,982.938,104,1.0613249847591086,0.8461662392424565,1.0480155952787316,False,True,B0038_p1,0,14.826505574709302,27.693778100060996,0.9065727267775894,1.0106836646909327,0.9682604478570435,0.689821721525991,0.92956168248176,1.0205218122319297,1.1203669489653056,0.6694978517503398,0.6842105263157895
B0038,4,1,24.0,1.1026236331914077,3.1713316750997853,2.173538006790758,4.1851064801192095,0.390208836903272,-2.99722690705762,-4.032209213478597,-0.00025376872180587064,1.7574927884719371,40.49651673815248,26.196493190799377,51.136880141242045,6.403954784692758,1489.953,156,1.0613249847591086,1.0389123492100516,1.0613249847591086,False,True,B0038_p1,0,16.49651673815248,27.136880141242045,0.9971570676003544,0.9993607273293004,0.9997918728622601,0.9963528330129466,1.0342645997694027,1.0,1.0,1.014835455246388,1.0263157894736843
B0038,6,2,24.0,1.0885801879473431,3.1803732612872655,2.191128315273502,4.18694152805074,0.39163720318161793,-2.957884019744667,-4.0325975109048535,-0.0022272240870321123,1.778928688971231,40.3082686076966,25.227701500387003,51.3517572303697,6.572059505361097,1479.703,154,1.0613249847591086,1.0256803557624912,1.0626073663196967,False,True,B0038_p1,0,16.308268607696597,27.3517572303697,1.0,1.0074484918056241,1.000230252630367,1.0,1.0224622065494449,1.0079182679810377,1.0262501417202627,1.0078539844105459,1.013157894736842
B0038,8,3,24.0,1.0613249847591086,3.2014600077361552,2.1749283790642226,4.187310082648276,0.39321590334519796,-2.890891500138237,-4.0324499487623875,-0.00041412524252396103,1.8126396308259376,39.93347404849829,25.640112774955472,49.541551118224994,6.111368764727812,1468.172,152,1.0613249847591086,1.0,1.0613249847591086,False,True,B0038_p1,0,15.93347404849829,25.541551118224994,1.0066302740956747,1.0,1.0003182976760718,1.0040310270596227,0.9989641098955934,0.9412117747245194,0.9543116668055952,1.0,1.0
B0038,10,4,24.0,1.0347062057983545,3.2011146598082543,2.1623047751632316,4.185977695675653,0.4005242417468472,-2.875691989787786,-4.032706809614358,-0.0019194298017491283,1.8199035833222803,39.949996492029705,25.752349228851504,49.944004344349516,6.137134916099334,1457.0,150,1.0613249847591086,0.9749192948974099,1.0489900535457755,False,True,B0038_p1,0,15.949996492029705,25.944004344349516,1.0065216868640738,0.994195853057735,1.0,1.0226920182583061,1.0,0.9560422645977044,0.9583351417109943,0.992390537348485,0.9868421052631579
B0038,12,5,24.0,1.0269978594353013,3.1928056969575156,2.1523889970129018,4.187105297284753,0.40616499929378097,-2.899456239004,-4.0346441626746445,0.0017620786390275987,1.8091388310882985,40.03056196708513,25.941735119508724,50.47284162905345,6.241703900994773,1437.047,146,1.0613249847591086,0.9676563486050423,1.0366551223324423,False,True,B0038_p1,0,16.030561967085127,26.47284162905345,1.00390911212265,0.9896367244695117,1.0002693759238768,1.0370950359009328,1.0050511280736445,0.9755300348185787,0.9746639554536192,0.9788001678277477,0.9605263157894737
B0038,16,6,24.0,1.0785019710989419,3.0561380160526412,2.1947161370182617,4.18045914385637,0.3169073344240922,-3.65723892716497,-4.031721347243717,-0.0005388688051485031,1.1654196894762225,39.44913263410249,25.583477326453725,49.83589725328242,6.656336794853614,1170.531,119,1.0613249847591086,1.0161844737347174,1.0366551223324423,False,True,B0038_p1,0,15.44913263410249,25.83589725328242,0.9609368979588453,1.0090981193424644,0.9986816576149022,0.8091859809271733,0.9685978703395014,0.9520584945215415,1.0394103360573563,0.7972710281901575,0.7828947368421053
B0038,20,7,24.0,1.0638897478802845,3.181450544509047,2.1463956973341785,4.183492564102866,0.3939377338575549,-2.9674515029911404,-4.032751905126723,0.0012198322246428585,1.7740546707723985,40.058567746287395,25.519767465182188,50.058224679961086,6.326074720157466,1436.141,144,1.0613249847591086,1.0024165671759417,1.0366551223324423,False,True,B0038_p1,0,16.058567746287395,26.058224679961086,1.0003387285495369,0.9868810936467156,0.9994063199201098,1.0058741372301907,1.0068069766856653,0.9602513090794972,0.9878387547767441,0.9781830739177699,0.9473684210526315
B0038,22,8,24.0,1.0366551223324423,3.192741049083457,2.1983669967426582,4.186120317256443,0.3930513054314971,-2.9319888511060146,-4.0320532789938826,-0.0009508024211317454,1.7924297207236775,39.916070861462195,25.592470904914826,49.70254627455938,6.256041502409425,1420.172,143,1.0613249847591086,0.9767556000462331,1.0366551223324423,False,True,B0038_p1,0,15.916070861462195,25.70254627455938,1.0038887849884595,1.0107767308128648,1.0000340712710765,1.0036107454511245,0.9978730007505354,0.9471444816346889,0.976902822200293,0.9673062829150808,0.9407894736842105
B0038,24,9,24.0,1.030941327482094,3.167665290347624,2.1858064268526136,4.185843165124554,0.40076113061554247,-2.994495446145827,-4.032203977721678,-0.0014249040431507654,1.7594494426007419,40.27645391572808,25.91369561512289,51.354295522888854,6.971516730181897,1397.0,140,1.0613249847591086,0.9713719570222773,1.0366551223324423,False,True,B0038_p1,0,16.276453915728077,27.354295522888854,0.9960042517353772,1.0050015659794147,0.9999678616177917,1.0232968864035459,1.0204675545766737,1.0080118046184825,1.088626788378608,0.9515233909923361,0.9210526315789473
B0038,26,10,24.0,1.0140084541034655,3.1781927267469925,2.151862863027953,4.185966509890458,0.4038944063577585,-2.9580193436340854,-4.031826212038417,-0.00041401222244704945,1.7789110721734795,40.1754669430076,25.843775975618836,50.44246795838984,6.399311039458452,1393.25,139,1.0613249847591086,0.9554174910276114,1.0638897478802845,False,True,B0038_p1,0,16.1754669430076,26.44246795838984,0.9993143777911809,0.9893948158209266,0.999997327796274,1.031297341203962,1.0141360815402414,0.9744107583761314,0.9992748628948153,0.9489691943450768,0.9144736842105263
B0038,28,11,24.0,1.008516095994519,3.1613474600189155,2.164578187429903,4.186351056855524,0.40660069742190136,-3.001260117107958,-4.031995207198451,-0.0012602313332138316,1.7553861183178092,40.41336717515726,26.26427337557343,51.33205933952721,6.9602229066925485,1380.938,137,1.0613249847591086,0.95024248979065,1.0785019710989419,False,True,B0038_p1,0,16.413367175157262,27.332059339527213,0.9940177458099213,0.99524113449714,1.0000891933036948,1.03820754034275,1.0290514598770668,1.0071923963723648,1.0868632182303077,0.940583255912795,0.9013157894736842
B0038,32,12,44.0,1.7419245088095903,3.608926624109929,2.180206803089782,4.177730241404494,0.2662108836921174,-1.0022813853258807,-1.012296953255635,-0.0008064531856720644,0.06886855411260946,44.29688064198706,29.07978656830067,49.52801806570102,4.236522814878958,6375.828,636,1.0613249847591086,1.6412734401093543,1.7419245088095903,False,True,B0038_p2,0,0.2968806419870589,5.528018065701019,0.9985548434841953,1.0,0.9973255553447244,0.9844021129971431,0.09492156400090528,1.066997409529442,5.266943862710679,0.9705771405867767,0.9845201238390093
B0038,36,13,44.0,1.779741859708433,3.6118191487524745,2.1921466685430167,4.186620638463225,0.2725590669442928,-0.985523491989515,-1.0139107230042939,-3.3240669506730966e-05,0.14543058559182065,47.195451017988766,45.44827006920707,49.28701938671706,0.8056471650421171,6574.671,653,1.0613249847591086,1.6769056464946832,1.7769523773001608,False,True,B0038_p2,0,3.1954510179887663,5.287019386717063,0.9993551768776247,1.005476482981483,0.9994479087930057,1.007876604048989,1.021680653496432,1.0204807442219654,1.0015993249289445,1.0008465378110583,1.0108359133126934
B0038,38,14,44.0,1.7815666306452766,3.614149636005495,2.16658130125341,4.188933311711306,0.2708591808740772,-0.9870171236405828,-1.0102287651459148,-0.0005600544899219431,0.14064978178364998,47.146072926598166,45.41243979878821,49.17905905171433,0.801249057546206,6571.156000000003,650,1.0613249847591086,1.6786249793692014,1.779741859708433,False,True,B0038_p2,0,3.1460729265981655,5.179059051714333,1.0,0.9937503626641924,1.0,1.0015907174009058,1.0058930102509698,0.9996426434034154,0.9961314952262991,1.0003114577164949,1.0061919504643964
B0038,40,15,44.0,1.7834859577156017,3.6144683724527336,2.1366453580856253,4.189402399305119,0.2704290047505109,-0.9884125593394552,-1.010971995271496,-0.0011494683518749383,0.13558086859616514,47.127641701986995,45.37067300223374,49.180910484252195,0.8043607308733672,6569.11,646,1.0613249847591086,1.680433404778842,1.781428917321899,False,True,B0038_p2,0,3.1276417019869953,5.180910484252195,1.0000881912702404,0.9800195811964161,1.0001119825881453,1.0,1.0,1.0,1.0,1.0,1.0
B0038,42,16,44.0,1.7864411650415675,3.6165883435722845,2.1909799678189845,4.189825570933335,0.2630497986714659,-0.9883512949484963,-1.0107718854484014,0.0003421780312953933,0.1359569287176064,47.09918641441624,45.33488321338891,49.05688408240341,0.8011814018118003,6558.75,642,1.0613249847591086,1.683217855694823,1.7815666306452766,False,True,B0038_p2,0,3.0991864144162378,5.056884082403407,1.0006747666290554,1.004941349927876,1.000213003921436,0.972712963663595,0.9909019989237642,0.9760608869375805,0.9960473840410945,0.9984229218265489,0.9938080495356038
B0038,44,17,44.0,1.7859997608067948,3.6160610851845387,2.166402675362294,4.191065310739852,0.26517238502482754,-0.9884509077751611,-1.010981301037933,-0.0008776861119403173,0.1363189242157929,47.133209565495285,45.3666883339061,49.130320508041244,0.8080249075394516,6567.516,639,1.0613249847591086,1.6828019564734615,1.7834859577156017,False,True,B0038_p2,0,3.133209565495285,5.130320508041244,1.0005288793690226,0.9936684319542876,1.0005089598878514,0.9805619233390555,1.0017802114304692,0.9902353116571454,1.0045553897964483,0.9997573491690656,0.9891640866873065
B0038,48,18,44.0,1.7769523773001608,3.6257089708628913,2.145739105715045,4.18123625379194,0.24225513238004287,-1.003966417823918,-1.011456158958353,-0.002240173705937403,0.05679512993366251,47.15436113022586,45.349153657647605,49.23198595690627,0.8039093266908051,6430.172,624,1.0613249847591086,1.6742773446565753,1.7834859577156017,False,True,B0038_p2,0,3.1543611302258583,5.231985956906271,1.0031983553592352,0.9841906293816305,0.9981625255532602,0.8958178602311526,1.0085429952612182,1.0098583970538237,0.9994388038037709,0.978849798526741,0.9659442724458205
B0038,52,19,44.0,1.781428917321899,3.613285312724596,2.139096537674337,4.185716420658905,0.2662976941066206,-0.9879674131883375,-1.0106507915352578,-0.0005589055147479009,0.13709480501043422,47.16342394557887,45.3907377329746,49.16417337699806,0.7995233182883177,6554.327999999994,632,1.0613249847591086,1.6784952233327795,1.783596609584544,False,True,B0038_p2,0,3.16342394557887,5.164173376998058,0.9997608501672735,0.9811438688489625,0.999232050067876,0.9847231229959902,1.0114406466601154,0.9967694660417293,0.9939860159759452,0.9977497712779957,0.978328173374613
B0038,54,20,44.0,1.7859452772697197,3.615119723068454,2.1550256706410824,4.189329902417763,0.26424822858528424,-0.9878892583593684,-1.0102198577009358,0.0003825127180461833,0.13726152007191708,47.14213994735863,45.422495306806915,49.04035070342245,0.7846889961436442,6560.922,630,1.0613249847591086,1.6827506210786887,1.783596609584544,False,True,B0038_p2,0,3.142139947358629,5.0403507034224475,1.000268413641011,0.9884501174782994,1.0000946758224456,0.9771445515952372,1.0046355199070351,0.9728696758500286,0.9755436410870485,0.998753560223531,0.9752321981424149
B0038,56,21,44.0,1.785208429691551,3.6158365688729885,2.1776344857025127,4.189967846272303,0.26205975032601236,-0.9878187430421663,-1.011735169153586,-0.0003419484616123479,0.1375837283952915,47.07812277465954,45.33971152172204,48.97912041843542,0.7872186082549325,6559.047,627,1.0613249847591086,1.682056349683263,1.783596609584544,False,True,B0038_p2,0,3.0781227746595405,4.979120418435421,1.0004667578925586,0.9988201498208227,1.0002469684962767,0.9690519349719171,0.9841673273201353,0.9610512348302233,0.9786885137967614,0.9984681334305561,0.9705882352941176
B0038,58,22,44.0,1.783596609584544,3.615503145763946,2.1804158381574807,4.18974503175606,0.2616779337404626,-0.9877368963424067,-1.010295900186465,-0.000505416982310994,0.13796442044786034,47.07326100880018,45.319344488667305,48.978872169562095,0.7880928480747306,6553.781,624,1.0613249847591086,1.680537663013154,1.7833032331592193,False,True,B0038_p2,0,3.0732610088001806,4.978872169562095,1.0003745029660551,1.0000958785503296,1.0001937772660368,0.967640042834452,0.9826128762919786,0.9610033187594705,0.9797753891081018,0.9976665027682594,0.9659442724458205
B0038,60,23,44.0,1.7796783152744713,3.6139392243174577,2.1075006723313274,4.188353739927258,0.26609421180474707,-0.9892953816503839,-1.0110939875613185,-0.0007226677466988103,0.13267666392413843,47.08146790123274,45.31900735151199,49.04045996790738,0.7992901410247399,6540.187,620,1.0613249847591086,1.6768457737555373,1.7816592334352586,False,True,B0038_p2,0,3.0814679012327417,5.040459967907381,0.9999417811354734,0.9666517274162177,0.9998616421554319,0.9839706804018195,0.985236863696721,0.9728907656729981,0.9936961245694805,0.9955971204622849,0.9597523219814241
B0038,64,24,44.0,1.7841102592788645,3.61791112455575,2.1931517470679913,4.1880636486598535,0.2555781052181191,-0.9906537351245918,-1.0105864257560286,-0.0006897029922488539,0.12684401322944747,47.087615537529175,45.318765462189106,48.958853345028835,0.7875729837653287,6535.922,616,1.0613249847591086,1.6810216332406498,1.7816592334352586,False,True,B0038_p2,0,3.0876155375291745,4.958853345028835,1.0010407672423913,1.0059374844440738,0.9997923903326364,0.9450839249063065,0.987202445717362,0.9571393599834778,0.9791290816872542,0.9949478696505311,0.9535603715170279
B0038,66,25,44.0,1.7833032331592193,3.615792342161085,2.1577326042974923,4.18971330698209,0.26099628879884984,-0.989093271752985,-1.010810008103469,-0.0008946981733087862,0.13301128122533445,47.09422579980021,45.35489550495648,49.017772603097235,0.7874256860471175,6544.078,615,1.0613249847591086,1.6802612383274664,1.7816592334352586,False,True,B0038_p2,0,3.0942257998002134,5.017772603097235,1.0004545207921733,0.9896917123823119,1.0001862037928853,0.9651194369466272,0.9893159430104949,0.9685117352151074,0.9789459577323449,0.9961894381430667,0.9520123839009288
B0038,68,26,44.0,1.7796186141356956,3.6151540820598718,2.1621899189117855,4.188131880621521,0.26039259325048403,-0.9890153352338132,-1.0116623289953321,-0.0009220282394920596,0.13358057828901188,47.083185115341905,45.341699750585455,48.99249018111872,0.7797106858586386,6531.187,611,1.0613249847591086,1.676789522240089,1.7807753731135043,False,True,B0038_p2,0,3.083185115341905,4.992490181118718,1.0002779204392562,0.9917361581697374,0.9998086789571119,0.9628870745233629,0.9857859080799292,0.963631816510593,0.9693544897598819,0.9942270718560049,0.9458204334365325
B0038,70,27,44.0,1.7816592334352586,3.616195897791123,2.199945094089768,4.188924695577913,0.2573635551390016,-0.9888803362572581,-1.0098072976535653,-0.001069921659088593,0.13389197697509347,47.06402084308688,45.32783985141095,48.94618497316047,0.78742489165564,6528.562,608,1.0613249847591086,1.6787122314280067,1.7796783152744713,False,True,B0038_p2,0,3.0640208430868796,4.94618497316047,1.0005661807040978,1.0090534030863554,0.999997943119942,0.9516862119743292,0.9796585207123638,0.9546941581397339,0.9789449701263531,0.9938274743458398,0.9411764705882353
B0038,72,28,44.0,1.7775911304124035,3.6135506508279374,2.1302151249881103,4.187542870745614,0.2632459123283905,-0.9888372175373165,-1.0104773124547506,0.0009597423739816832,0.13418543343463366,47.07142767555465,45.31544167688482,49.0209427982368,0.7947122523571097,6525.187,605,1.0613249847591086,1.6748791896347068,1.7796186141356956,False,True,B0038_p2,0,3.071427675554652,5.020942798236803,0.9998342666358939,0.9770702127748507,0.9996680680110602,0.9734381582746744,0.982026705170023,0.9691236344457934,0.9880047867257502,0.9933137061184849,0.9365325077399381
B0038,76,29,44.0,1.777701881971679,3.615401963428833,2.164304791761506,4.1857951584704445,0.2574330790233709,-0.990311695204241,-1.0109802413886324,-0.0014884668911372863,0.1282252737122593,47.094941474493815,45.332649875333296,49.014180829264426,0.790521522882937,6515.938,602,1.0613249847591086,1.674983541799092,1.7792479347236045,False,True,B0038_p2,0,3.0949414744938153,5.014180829264426,1.0003465067995143,0.9927061913091274,0.9992508466935752,0.9519432993545585,0.9895447654786015,0.9678184644389133,0.9827947742110635,0.9919057528340979,0.9318885448916409
B0038,78,30,44.0,1.7789547618270618,3.6125287354843523,2.103101288221301,4.187443417451479,0.26533131510248703,-0.9886847879265132,-1.0098115227107507,-7.184433314482893e-05,0.1345807495376481,47.0995133510692,45.32159821729143,49.08755174393166,0.7967400197194278,6532.015,601,1.0613249847591086,1.676164028335614,1.7789773899108463,False,True,B0038_p2,0,3.0995133510691986,5.087551743931662,0.9995515126144765,0.9646338527339667,0.9996443260971326,0.9811496194621326,0.9910065302876839,0.9819802444755021,0.9905257543519498,0.9943531163277827,0.9303405572755418
B0038,80,31,44.0,1.7807753731135043,3.6160020417093457,2.1449886066523933,4.1900372622396045,0.2595407442060298,-0.9902725483840611,-1.0118882343579725,-0.0018832819877408805,0.12864793381051895,47.07452189489319,45.32533979160533,49.000307836809725,0.790979545377351,6527.922,598,1.0613249847591086,1.6778794419107084,1.7789773899108463,False,True,B0038_p2,0,3.074521894893188,5.000307836809725,1.0005125426145602,0.9838463964118095,1.0002635397716197,0.9597370831042097,0.9830160190471753,0.9651407512267532,0.9833641984467753,0.9937300486671711,0.9256965944272446
B0038,82,32,44.0,1.778415319026661,3.6145930156040587,2.1205293855533207,4.188861157517333,0.26163690748531376,-0.9902807469221099,-1.0109780766463656,-0.0012851043492373203,0.12888677184261943,47.12153419194554,45.365121647310644,49.05042538685695,0.7986042659426447,6519.328,595,1.0613249847591086,1.6756557553672515,1.7789547618270618,False,True,B0038_p2,0,3.1215341919455426,5.050425386856951,1.0001226788161028,0.9726276344739928,0.9999827750435244,0.9674883347912017,0.9980472475355561,0.9748142536351739,0.992843428688429,0.9924218044757966,0.9210526315789473
B0038,84,33,44.0,1.7789773899108463,3.616664144234103,2.1339834463152427,4.190060028748116,0.2583148135069539,-0.9919115001416685,-1.0107722282787006,-0.0005079937987579698,0.1228710262957701,47.15829653400459,45.41868911230955,49.08198729235301,0.7809348952498812,6510.063,592,1.0613249847591086,1.676185348934026,1.778415319026661,False,True,B0038_p2,0,3.1582965340045916,5.081987292353013,1.0006957399338305,0.9787986365747361,1.0002689746894895,0.9552038019933062,1.009801260802387,0.980906214805319,0.9708764553957645,0.9910114155494428,0.9164086687306502
B0038,88,34,44.0,1.7792479347236045,3.616763225911199,2.1093887147366805,4.187583021759709,0.2572154958946968,-0.9933993302020114,-1.0108021856673532,-0.001015230201776432,0.11624466042729689,47.161612217353984,45.40774909091807,49.132796873113755,0.7907716015078847,6501.718,589,1.0613249847591086,1.6764402612527252,1.778415319026661,False,True,B0038_p2,0,3.1616122173539836,5.1327968731137545,1.0007231548687596,0.9675177197627591,0.9996776530321402,0.9511387143253939,1.0108613833053213,0.9907132903985341,0.9831056777837381,0.9897410760361754,0.9117647058823529
B0038,90,35,44.0,1.7779204573685081,3.6149940792944446,2.098244904990502,4.1891099360693005,0.26098441628838387,-0.9915864068538186,-1.010302645629404,-0.00010929684146614402,0.12340727223572591,47.155567707969865,45.41557788830881,49.13552693190528,0.7930707622387414,6509.047,587,1.0613249847591086,1.6751894875743896,1.778415319026661,False,True,B0038_p2,0,3.1555677079698654,5.135526931905282,1.0002336492325987,0.9624063653121695,1.0000421645189481,0.9650755344426153,1.0089287740232933,0.9912402361544637,0.9859640479684192,0.990856752284556,0.9086687306501547
B0038,92,36,44.0,1.779227040224144,3.6159145027179576,2.1367946107881166,4.18915400521565,0.2577400194495304,-0.9915566919647099,-1.0140415606547912,-0.000299158440124532,0.12373419527177863,47.13225621283967,45.37303438235529,49.04172173314357,0.7951428847689491,6502.438,584,1.0613249847591086,1.676420574069477,1.7779204573685081,False,True,B0038_p2,0,3.132256212839671,5.041721733143568,1.0004883214283327,0.9800880392446526,1.0000526848932465,0.953078312318285,1.0014753962545468,0.973134306888393,0.988540158972692,0.9898506799246778,0.9040247678018576
B0038,94,37,44.0,1.7760634320079352,3.6146610547862235,2.103206542363035,4.188887533318818,0.26068538138282954,-0.9916693008676862,-1.0115553715036771,-0.00014332884907515447,0.12386932046957029,47.13346886842004,45.39506516049286,49.09468753497383,0.8008263700031936,6502.047,582,1.0613249847591086,1.6734397639861953,1.7760634320079352,False,True,B0038_p2,0,3.1334688684200387,5.094687534973829,1.0001415045950597,0.9646821298706058,0.9999890715871842,0.9639697547359222,1.0018631182815287,0.9833575682227192,0.9956060002253764,0.9897911589241161,0.9009287925696594
B0038,96,38,44.0,1.775103937963957,3.6150827947076762,2.1895312972615004,4.187944942179681,0.25613276700746407,-0.9899169847459927,-1.012686564574278,0.0012032850265985152,0.130852057700999,47.176385542899524,45.397813850195334,49.057064718364046,0.7946334353313681,6498.86,579,1.0613249847591086,1.6725357109790988,1.775103937963957,False,True,B0038_p2,0,3.1763855428995242,5.057064718364046,1.0002581959232912,1.004276885182866,0.9997640522161425,0.9471349689126871,1.0155848545188415,0.9760957526163426,0.9879067995631297,0.98930600948987,0.8962848297213623
B0038,100,39,44.0,1.733064100138742,3.4389023365216986,2.1594623220347016,4.182064571336064,0.24283542303503272,-1.998396970742944,-2.0155210780038173,-0.0015044782014178454,0.1690181405737114,50.154407994251926,45.33453649038701,54.42193934195762,1.978922901727596,3162.047,281,1.0613249847591086,1.632924999435587,1.7394892806215223,False,True,B0038_p2,0,6.154407994251926,10.421939341957618,0.9515107792610693,0.9904850856232165,0.9983602650450323,0.8979636753796615,1.9677471336764762,2.0116038240066034,2.4602430548528895,0.48135089837131667,0.43498452012383904
B0038,104,40,44.0,1.7394892806215223,3.437169559941295,2.023065783993831,4.186725946685351,0.2530616398087539,-1.9984033983725646,-2.0179602336684033,0.0009989389996633317,0.16907640550093125,50.1979427615177,45.36495505272962,54.61602412701822,1.9858325268038097,3173.141,281,1.0613249847591086,1.6389789231394927,1.7378064360392924,False,True,B0038_p2,0,6.197942761517702,10.616024127018221,0.9510313368596974,0.9279238011397584,0.9994730484202782,0.9357784681499695,1.9816664925461698,2.0490653446506175,2.468833261722774,0.48303971161999115,0.43498452012383904
B0038,106,41,44.0,1.7378064360392924,3.4370308930893247,2.0028176202456365,4.189706586585002,0.255049025101329,-1.99868797664225,-2.016707594147861,0.0015932062780928142,0.1694582652364148,50.18895736512512,45.39942528400046,54.621843575697525,1.9779826056335919,3169.844,280,1.0613249847591086,1.6373933158972285,1.733064100138742,False,True,B0038_p2,0,6.18895736512512,10.621843575697525,0.950992969092467,0.9186365336569219,1.0001845994710716,0.9431274775301156,1.978793594289674,2.0501885929091994,2.4590740568425278,0.48253781714722394,0.43343653250773995
B0038,108,42,44.0,1.730028145799833,3.437230626486004,2.061244397117138,4.188139594837195,0.2509160583326332,-1.9982781324264294,-2.017081976460273,-0.0026688295855706833,0.1698640669907019,50.178407502665095,45.35268592716676,54.57283441287881,1.9798785340378815,3156.563,278,1.0613249847591086,1.630064467192866,1.7315461229692874,False,True,B0038_p2,0,6.178407502665095,10.572834412878812,0.9510482333777887,0.9454352652216063,0.9998105205275309,0.9278444764610966,1.9754204897383048,2.0407290272657317,2.4614311192046237,0.4805160820872234,0.43034055727554177
B0038,110,43,44.0,1.7290404566542985,3.4363115548278413,2.030738155835073,4.189030830558383,0.25337076857630053,-1.9983559715990522,-2.0158658223081836,-0.0008139552240412262,0.17024670523104127,50.182509844874,45.359535861802165,54.65884815489962,1.9872732567597777,3155.047,277,1.0613249847591086,1.6291338482404074,1.730028145799833,False,True,B0038_p2,0,6.182509844873998,10.658848154899623,0.9507939352023599,0.9314429039287089,1.0000232801144875,0.9369215732241897,1.976732130456708,2.0573310786391836,2.470624410769053,0.4802853050108767,0.42879256965944273
B0038,112,44,44.0,1.7286072907068815,3.4394075704239655,2.1901431826977382,4.189306425000166,0.24337570908553197,-1.998333813768599,-2.0167581638360677,-0.002292419952746922,0.17072552345914238,50.173666427799,45.3694541622979,54.51993729622157,1.9757276797078585,3142.312,275,1.0613249847591086,1.628725711285528,1.7295343012270656,False,True,B0038_p2,0,6.173666427798999,10.51993729622157,0.9516505725605037,1.004557539951657,1.0000890711933315,0.8999615603735353,1.973904627207413,2.030519023287082,2.4562706803981245,0.4783466862329905,0.42569659442724456
B0038,116,45,44.0,1.52573884649634,3.0455602167949416,2.11587711023423,4.17467236177005,0.2757935699341979,-3.967012008013358,-4.032121081634592,-0.0010768430588176817,0.49765055505871725,58.41948951650429,45.3789326962188,69.28796559754325,6.2695079415052914,1485.047,129,1.0613249847591086,1.437579316803364,1.7290404566542985,False,True,B0038_p2,0,14.419489516504292,25.28796559754325,0.8426768461532264,0.9704937656536141,0.9965955652954928,1.0198372404196665,4.610339319668097,4.880988713163084,7.794398335057853,0.226065174734477,0.1996904024767802
B0038,120,46,44.0,1.5301475534434217,3.0241360171924403,2.052769819032336,4.186501078488458,0.278166702045521,-3.9673854309358183,-4.032714355951809,-0.002002008557110236,0.4976073634246921,58.954810986890266,45.41210422504674,69.86974573152932,6.4760314322164385,1489.313,129,1.0613249847591086,1.4417332819039617,1.7288238736805899,False,True,B0038_p2,0,14.954810986890266,25.86974573152932,0.8367489788095321,0.9415482128223603,0.9994193669266475,1.0286126752644327,4.781497502539838,4.993281742690314,8.051153150135542,0.2267145777738537,0.1996904024767802
B0039,0,0,24.0,0.11903831859341765,3.3780267772090253,2.4897962179516666,4.078325990995359,0.538171168977128,-1.7216522308231414,-3.9816536301725503,0.004584448946208873,1.9694038804601754,34.70141183965182,24.62407997958134,41.68577610887712,4.4219551198664035,982.938,104,0.4711383364607152,0.25266107506270274,0.46897779628639125,True,False,B0039_p1,-1,10.701411839651819,17.68577610887712,0.957259054994774,1.00103162457654,0.9703698509456564,1.0481119285628022,0.9992391562469828,0.9189599093723484,0.8970638642806527,0.6746314344543582,0.6933333333333334
B0039,4,1,24.0,0.4729861500927512,3.5388339739777925,2.4756646285889476,4.201433690744269,0.5058442241807848,-1.3777686088249814,-3.9797908406119102,0.001497243525160029,1.890849111940278,34.602296282226774,25.903107974594406,42.96184230643531,4.591484860825271,1489.953,156,0.4711383364607152,1.0039220192649088,0.4699932676625547,False,True,B0039_p1,1,10.602296282226774,18.961842306435308,1.0028283045501052,0.9953499676780293,0.9996612809390828,0.9851537873464368,0.989984288996161,0.9852648128180385,0.9314556661901334,1.0226170212765957,1.04
B0039,6,2,24.0,0.16280793829202067,3.5283987355327224,2.497942856856816,4.202601079177913,0.5132511625607252,-1.3955410359909974,-3.979067055149875,0.005367171956079882,1.8965307752335085,34.706915531211784,24.924715387115683,43.606076550083,5.193490891461253,1479.703,154,0.4711383364607152,0.3455629179214459,0.468405261887311,True,False,B0039_p1,-1,10.706915531211784,19.606076550083003,0.9998711857492807,1.0043070103768965,0.9999390416043292,0.9995791243352251,0.9997530607852837,1.018739478476612,1.053582155836389,1.0155820178448867,1.0266666666666666
B0039,8,3,24.0,0.4787632853388766,3.523734020299432,2.480114715641411,4.20285727861485,0.5145956837011751,-1.414099580611061,-3.9790518292907846,0.0020694124552397574,1.9023159378304517,34.771517765327,25.40086734630603,43.90627471664096,5.174961129872428,1468.172,152,0.4711383364607152,1.0161840977226382,0.4668172561120673,False,True,B0039_p1,3,10.771517765326998,19.906274716640958,0.9985493072709436,0.9971391413620102,1.0,1.0021976381589752,1.0057852631597188,1.0343378937361705,1.049823099246151,1.0076678105696637,1.0133333333333334
B0039,10,4,24.0,0.4711383364607152,3.5290210250014034,2.4872303300157066,4.203125866428561,0.5134672684386695,-1.4062420604723467,-3.9782527352191823,0.0023722115018107223,1.899884391361804,34.709560141583104,25.491662424245995,44.013774813837145,5.097020960564903,1457.0,150,0.4711383364607152,1.0,0.4647612622718929,False,True,B0039_p1,3,10.709560141583104,20.013774813837145,1.0000475290017208,1.0,1.0000639060039171,1.0,1.0,1.039923641230019,1.0340116973738025,1.0,1.0
B0039,12,5,24.0,0.4668172561120673,3.528853302126734,2.489183697067473,4.203130606417118,0.5123313534370758,-1.417553449529416,-3.9809499540372766,0.0018462175602695636,1.9033913587221976,34.65890294500357,25.669962904687367,42.922031048645835,4.73955112281826,1437.047,146,0.4711383364607152,0.9908284255085064,0.4627052684317185,False,True,B0039_p1,3,10.658902945003568,18.922031048645835,1.0,1.0007853583273705,1.000065033805373,0.9977877557705913,0.9952699087628404,0.9831962041448883,0.96149326032045,0.9863054221002059,0.9733333333333334
B0039,16,6,24.0,0.4699932676625547,3.4540436783572668,2.498492440398465,4.199225453541231,0.5226702163260363,-1.705386422586468,-3.978769669734932,0.002475045468780367,1.9670243884133312,35.44499437757343,25.358688820343374,43.24542727979999,4.929364893560091,1170.531,119,0.4711383364607152,0.9975695698915897,0.4627052684317185,False,True,B0039_p1,3,11.44499437757343,19.24542727979999,0.978800585526074,1.004527972438599,0.9991358676174661,1.0179231441866796,1.0686708161929808,1.0,1.0,0.8033843514070006,0.7933333333333333
B0039,20,7,24.0,0.4627052684317185,3.53257704827921,2.4971812527928607,4.201734819728371,0.5115030385881286,-1.409614813413039,-3.9789079743390108,0.0023925587395744775,1.9008406405737468,34.6176662375867,25.333653457918995,43.86578283702087,5.1037941389033135,1436.141,144,0.4711383364607152,0.9821006541468318,0.4627052684317185,False,True,B0039_p1,3,10.617666237586697,19.865782837020873,1.0010552283797776,1.0040008046931026,0.9997329295733665,0.9961745763142534,0.9914194511463079,1.0322339196839765,1.0353857442306824,0.9856835964310227,0.96
B0039,22,8,24.0,0.46049447826560974,3.5299976922060075,2.4988010332333745,4.202672121596153,0.5139835868151456,-1.4193953971803481,-3.9785204745154576,0.0012351535100332573,1.9039329267277467,34.65017232704175,25.396407312266593,43.67270130471354,5.054426282338979,1420.172,143,0.4711383364607152,0.9774082103463195,0.4668172561120673,False,True,B0039_p1,3,10.650172327041751,19.67270130471354,1.0003242951693638,1.0046520433101966,0.999955944966383,1.0010055526578083,0.9944546915320301,1.022201327032215,1.0253706900339783,0.9747234042553191,0.9533333333333334
B0039,24,9,24.0,0.4412227248835694,3.5156652919077627,2.487295552712161,4.202779797627703,0.5255544220699618,-1.4499971979709174,-3.9797138222849955,0.0042437696109340365,1.9129335149184832,34.822277873738145,25.348035206167683,43.79137016976176,5.198715943746505,1397.0,140,0.4711383364607152,0.9365035505242945,0.4668172561120673,False,True,B0039_p1,3,10.822277873738145,19.791370169761763,0.9962628057644042,1.0000262230223183,0.9999815646875422,1.0235402612284255,1.0105249637393958,1.028367408113344,1.0546421407224902,0.9588194921070693,0.9333333333333333
B0039,26,10,24.0,0.44354421943965844,3.5295294248045366,2.4958019219001284,4.202689684084776,0.51439863645334,-1.4318958455799564,-3.982043712047701,0.002970338246661669,1.9074837082333995,34.67233382014022,25.613816463376164,43.92654641714406,4.856308452920773,1393.25,139,0.4711383364607152,0.9414309664792951,0.4668172561120673,False,True,B0039_p1,3,10.672333820140217,19.92654641714406,1.000191598408864,1.003446239691186,0.9999601236685035,1.001813880011286,0.9965240102347113,1.0353912192980497,0.9851793400941444,0.9562457103637612,0.9266666666666666
B0039,28,11,24.0,0.4126655541164234,3.52826089394077,2.498934011647546,4.202868370613372,0.5244588057673396,-1.4237231581935579,-3.979711977994799,0.004713112417416082,1.9049346054018654,34.74469432520436,25.970671252551384,43.36143647499468,4.9033193711859,1380.938,137,0.4711383364607152,0.8758904172741473,0.4699932676625547,False,True,B0039_p1,3,10.744694325204357,19.361436474994683,0.99983212445085,1.004705507765244,1.000002639156599,1.0214065004807273,1.0032806374077712,1.0060278835854404,0.9947162519033197,0.9477954701441319,0.9133333333333333
B0039,32,12,44.0,1.7461791006389626,3.6461406726770127,2.4987062304520014,4.197294023274615,0.23177190324533986,-0.9931771469825759,-1.0009808343171922,-0.001169568296067401,0.05563991909967626,44.007524345018545,29.839671858442113,48.10057733769074,3.828517408132404,6375.828,636,0.4711383364607152,3.7062980562282557,1.7461791006389626,False,True,B0039_p2,0,0.007524345018545375,4.100577337690737,1.0,1.009993924949189,0.9977170336807494,0.916834206462745,0.002867170678822929,0.9751489429719542,5.602090803188922,0.9705771405867767,0.9845201238390093
B0039,36,13,44.0,1.7695250734505363,3.64392186740937,2.473002904156423,4.204972433209606,0.25630956112838954,-0.9751829593896583,-1.0025756987118928,0.0005016857859861492,0.143884874492937,46.67611297517316,45.22052156277777,48.36094927051516,0.68340866698431,6574.671,653,0.4711383364607152,3.755850323587676,1.7638356274269416,False,True,B0039_p2,0,2.6761129751731616,4.360949270515157,0.9993914647110931,0.9996044669596338,0.9995422287567298,1.0138993113294303,1.0197396101218947,1.0370673983903036,1.0,1.0008465378110583,1.0108359133126934
B0039,38,14,44.0,1.7715391419501945,3.6463500592094675,2.4894344650176916,4.208448210539393,0.2527958725924323,-0.9751939760319923,-1.0031061081836674,0.0010422942506089748,0.14436440554331822,46.6383045331837,45.172746251072255,48.205077970133914,0.6774506746837817,6571.156000000003,650,0.4711383364607152,3.760125221942983,1.7695081788801759,False,True,B0039_p2,0,2.6383045331836996,4.205077970133914,1.0000574268935984,1.0062462147749869,1.0003684377923563,1.0,1.0053326077825577,1.0,0.9912819479934031,1.0003114577164949,1.0061919504643964
B0039,40,15,44.0,1.770625483958279,3.645585479395615,2.473981445559395,4.206898230242775,0.2535659860965016,-0.9750119009804334,-1.0000100485815209,-0.0004797660937087429,0.14474006342434131,46.624310116631904,45.15084488167503,48.181498766889746,0.6784104827070285,6569.11,646,0.4711383364607152,3.758185965632874,1.7695250734505363,False,True,B0039_p2,0,2.6243101166319036,4.181498766889746,0.9998477312503167,1.0,1.0,1.0030463848011906,1.0,0.9943926834623195,0.9926863902687435,1.0,1.0
B0039,42,16,44.0,1.7704040639447296,3.6468115454863126,2.4673788761032256,4.207946244454896,0.25213791599748286,-0.9763225329640914,-1.0011404247002111,-6.075481354176288e-05,0.1399934749837577,46.60181681852236,45.1191966855263,48.22285805925047,0.6882552716935663,6558.75,642,0.4711383364607152,3.7577159974803935,1.7695250734505363,False,True,B0039_p2,0,2.6018168185223587,4.22285805925047,1.0001839953171108,0.9973311968575914,1.0002491180329933,0.9973972811019339,0.9914288719282867,1.004228242435179,1.0070918104252948,0.9984229218265489,0.9938080495356038
B0039,44,17,44.0,1.7695081788801759,3.6451349051966417,2.458737817987512,4.207227267233697,0.2543363018470686,-0.9746122484452725,-0.9997689271977604,-0.000962449630036068,0.1454777717741122,46.64079559317347,45.1673095285089,48.311132730789595,0.6911594060635006,6567.516,639,0.4711383364607152,3.755814464543626,1.7695250734505363,False,True,B0039_p2,0,2.640795593173472,4.311132730789595,0.9997241556015906,0.9938384228389248,1.0000782136797504,1.0060935696411462,1.0062818324850746,1.025220640713186,1.0113412946800813,0.9997573491690656,0.9891640866873065
B0039,48,18,44.0,1.7638356274269416,3.6561026070574316,2.4562277920171924,4.197666044398925,0.23035868696689416,-0.991639778772074,-1.0007520082133685,0.00029238402877627083,0.06883379428486193,46.65269866016946,45.15832762738876,48.31988246057892,0.6797763107464903,6430.172,624,0.4711383364607152,3.7437743671576915,1.7695250734505363,False,True,B0039_p2,0,2.652698660169463,4.319882460578917,1.0027321859672256,0.9928238533987113,0.9978054648963265,0.9112438609244531,1.010817526235807,1.027301393995638,0.9946849426802731,0.978849798526741,0.9659442724458205
B0039,52,19,44.0,1.7715725869786123,3.6458870173477007,2.4379313646643412,4.2045074487347165,0.2520633930220158,-0.9776620652375614,-1.0001244493615749,-0.0005688615748229975,0.13560501816345816,46.637301691869546,45.17501487963026,48.191612511475654,0.6736511778360658,6554.327999999994,632,0.4711383364607152,3.760196209646232,1.7695081788801759,False,True,B0039_p2,0,2.6373016918695456,4.191612511475654,0.9999304318313298,0.9854283139593626,0.99943169970434,0.9971024860378261,1.0049504725662208,0.9967978099921341,0.9857223216215544,0.9977497712779957,0.978328173374613
B0039,54,20,44.0,1.7701196454489683,3.645766068703999,2.4476008226100348,4.208084129481043,0.25296275800799084,-0.97593374546125,-1.0009890843051303,-0.0003949523212586567,0.14126915049099975,46.62385161772923,45.15954092267382,48.22746339794149,0.6748783260028136,6560.922,630,0.4711383364607152,3.757112313861909,1.7667569752860521,False,True,B0039_p2,0,2.6238516177292297,4.2274633979414915,0.9998972601425334,0.9893367741311434,1.0002818939687543,1.0006601587828436,0.9998252878347844,1.0053234275241905,0.987517950249097,0.998753560223531,0.9752321981424149
B0039,56,21,44.0,1.7667569752860521,3.6446971444609972,2.467377500135635,4.207142953751636,0.252651143376755,-0.9744225907364069,-0.9998789875445321,-0.0005866536966315517,0.14684988290756362,46.59535143073503,45.131813326335774,48.171946839870586,0.6751239464114842,6559.047,627,0.4711383364607152,3.749974983055469,1.7657225752056789,False,True,B0039_p2,0,2.595351430735029,4.171946839870586,0.9996040942065585,0.9973306406822035,1.0000581719584043,0.9994274858438427,0.9889652195777682,0.992121161486508,0.9878773551272273,0.9984681334305561,0.9705882352941176
B0039,58,22,44.0,1.7648743629092642,3.6438349804131214,2.457416820096295,4.207099547920701,0.25348293621294177,-0.974188913140975,-0.9998571461225195,-0.0006151380058416368,0.14718335340852207,46.59281927437507,45.131977627080786,48.20204512091098,0.6755659045739154,6553.781,624,0.4711383364607152,3.745979102798875,1.7648743629092642,False,True,B0039_p2,0,2.592819274375067,4.202045120910981,0.9993676348580928,0.9933044665743828,1.0000478541830367,1.0027178593284123,0.9880003349995645,0.9992787650444359,0.9885240518751357,0.9976665027682594,0.9659442724458205
B0039,60,23,44.0,1.763838685943225,3.6455211713700875,2.4702283951852175,4.2078293027865055,0.2505800544160321,-0.9756114349265528,-1.0000003263864055,0.00033039769243414004,0.1425175933229343,46.595538716376765,45.11313471306944,48.208085483124755,0.682084620221259,6540.187,620,0.4711383364607152,3.7437808589161556,1.7645632809383045,False,True,B0039_p2,0,2.5955387163767654,4.208085483124755,0.9998300939644026,0.9984829917051666,1.000221320434385,0.9912347533459431,0.9890365852447103,1.000715209804004,0.9980625841798384,0.9955971204622849,0.9597523219814241
B0039,64,24,44.0,1.7657225752056789,3.6442867502271574,2.47756542534469,4.20415549392574,0.24951021096450027,-0.9755764719558602,-1.0004178749173283,0.0011008007880939188,0.14291821051927545,46.61592285314662,45.12955206478469,48.216947901934525,0.6813650511825389,6535.922,616,0.4711383364607152,3.7477794493866448,1.7645632809383045,False,True,B0039_p2,0,2.615922853146621,4.216947901934525,0.9994915384193078,1.001448668821558,0.9993480383487013,0.9870027085717918,0.9968040120593497,1.0028227614053569,0.9970096723958901,0.9949478696505311,0.9535603715170279
B0039,66,25,44.0,1.7645632809383045,3.6438395995465793,2.480137502417058,4.2074857099225,0.2513713419515984,-0.9738254896234411,-0.999529179518921,0.00036947822785172795,0.14830325984573825,46.61306744285817,45.16875516476576,48.23861432117145,0.67748859595661,6544.078,615,0.4711383364607152,3.7453188254516805,1.763838685943225,False,True,B0039_p2,0,2.613067442858167,4.238614321171447,0.9993689017136183,1.0024883197360728,1.000139646753397,0.9943648975506392,0.9957159507550253,1.0079752031414688,0.9913374364217188,0.9961894381430667,0.9520123839009288
B0039,68,26,44.0,1.7608991948479125,3.6432430775983096,2.4411463439008707,4.207192516257174,0.25318361085884816,-0.9753455155568392,-1.0024734646700488,-3.1553697800508864e-05,0.14343671964549554,46.60739102749507,45.18295040299445,48.2409468668017,0.6764850306101449,6531.187,611,0.4711383364607152,3.7375417336575434,1.7608991948479125,False,True,B0039_p2,0,2.607391027495069,4.2409468668017,0.9992052980565405,0.9867278302683067,1.0000699532050201,1.001533799830035,0.9935529383400202,1.0085299004970991,0.9898689660979613,0.9942270718560049,0.9458204334365325
B0039,70,27,44.0,1.7598362095817717,3.6429596917730023,2.4393843779206725,4.207616345532635,0.25321060608275203,-0.9751784320040702,-1.0005732751031589,0.002269167264536598,0.14379845810439865,46.59731896053421,45.108504377146026,48.28638353591076,0.6880017262032141,6528.562,608,0.4711383364607152,3.7352855273931027,1.7598362095817717,False,True,B0039_p2,0,2.59731896053421,4.286383535910758,0.9991275759249094,0.9860156317256051,1.0001706994680066,1.0016405864781992,0.9897149517785137,1.0193350911336978,1.0067208091450932,0.9938274743458398,0.9411764705882353
B0039,72,28,44.0,1.7590955400143164,3.6431420009845095,2.49689484054888,4.207147287931799,0.24996759257338994,-0.973600435800719,-1.0008157279135228,-7.198941599677714e-05,0.14947157268388553,46.60563234024716,45.16546978995064,48.23633627651948,0.6830052849889497,6525.187,605,0.4711383364607152,3.733713442274708,1.7590955400143164,False,True,B0039_p2,0,2.605632340247162,4.236336276519481,0.9991775765222186,1.0092617489232236,1.0000592022139339,0.9888120008050835,0.9928827861210575,1.0074334665391642,0.9994097499565812,0.9933137061184849,0.9365325077399381
B0039,76,29,44.0,1.7560495443976523,3.6420393576004138,2.465533668800099,4.204165409407158,0.2504550583171979,-0.9749580537234221,-1.000236431675222,0.003365804504393741,0.14453874587126944,46.62474216211915,45.13479828788775,48.268194411694395,0.6830099136272398,6515.938,602,0.4711383364607152,3.7272482591619385,1.7571677199949287,False,True,B0039_p2,0,2.624742162119148,4.268194411694395,0.9988751626871303,0.9965853516102722,0.9993503953064585,0.9907402986796056,1.0001646320244342,1.0150095769944716,0.9994165228269203,0.9919057528340979,0.9318885448916409
B0039,78,30,44.0,1.7571677199949287,3.6405822186622365,2.487866062972102,4.206316214831835,0.25222913595220003,-0.9716546701373575,-1.0006688784958597,0.002214118342777852,0.15507450232138217,46.6386326424737,45.10814217138539,48.25892855404056,0.6906353744542703,6532.015,601,0.4711383364607152,3.729621607944541,1.7560495443976523,False,True,B0039_p2,0,2.638632642473702,4.258928554040558,0.9984755239817187,1.0056122560812366,0.9998616521296485,0.9977581254218261,1.0054576346564483,1.0128060845218834,1.010574503688766,0.9943531163277827,0.9303405572755418
B0039,80,31,44.0,1.7558911269459976,3.640101281169697,2.480376897645346,4.20729233602744,0.2530854368802175,-0.9715222945577336,-1.000189600537282,0.001332031898119838,0.15540350510075168,46.62408082494751,45.20463502495329,48.27406092264485,0.6799302453457415,6527.922,598,0.4711383364607152,3.7269120151346646,1.7558911269459976,False,True,B0039_p2,0,2.6240808249475123,4.27406092264485,0.998343620817328,1.0025850849032965,1.0000936808458623,1.0011454470550318,0.9999126278243802,1.0164046785816767,0.9949101879934918,0.9937300486671711,0.9256965944272446
B0039,82,32,44.0,1.7533419072229914,3.6389138404319192,2.4235129554433494,4.207400407989978,0.2565681603656234,-0.9730192985244435,-1.002543132516972,0.0012971817137517646,0.15078246051031388,46.6573959514452,45.1700879241391,48.37743085469793,0.6964265520817934,6519.328,595,0.4711383364607152,3.721501248220309,1.7533419072229914,False,True,B0039_p2,0,2.657395951445203,4.377430854697927,0.9980179502400308,0.9796002956260514,1.000119370072609,1.0149222680517136,1.012607440943665,1.0409868463291596,1.0190484635714785,0.9924218044757966,0.9210526315789473
B0039,84,33,44.0,1.7506673845335168,3.6390963886375602,2.4421166575524973,4.207172779835573,0.2547418012522833,-0.9728763615065116,-1.0002377370623996,0.0007773495445484678,0.1511135091973521,46.69850634609825,45.24998047297183,48.34229218799801,0.6867492914817974,6510.063,592,0.4711383364607152,3.7158245233976883,1.7510006664162403,False,True,B0039_p2,0,2.698506346098249,4.342292187998012,0.9980680163844912,0.9871200375960408,1.000065261762413,1.00769762828758,1.0282726606875143,1.0326306001550143,1.0048881798825124,0.9910114155494428,0.9164086687306502
B0039,88,34,44.0,1.7510006664162403,3.639310178523211,2.48916723023537,4.203796739473216,0.2502376418090737,-0.9727174864909481,-1.000266726704825,-0.001118737685991733,0.15135109041127842,46.70366699259687,45.20331722543048,48.35205523072366,0.691098921716681,6501.718,589,0.4711383364607152,3.716531920476065,1.7506673845335168,False,True,B0039_p2,0,2.7036669925968724,4.352055230723657,0.9981266509531607,1.0061381966721021,0.9992627606849952,0.9898802509822497,1.0302391380736728,1.034952327075415,1.0112527907588673,0.9897410760361754,0.9117647058823529
B0039,90,35,44.0,1.7496058853847873,3.6382966465278597,2.486277943958813,4.207405098710311,0.25265965283452985,-0.9708770463110533,-1.0005563283787113,-0.0009319974467701795,0.1567486967807798,46.69858207228199,45.189542174798945,48.36227474052515,0.6938290628603495,6509.047,587,0.4711383364607152,3.7135714714454666,1.7496058853847873,False,True,B0039_p2,0,2.6985820722819867,4.362274740525152,0.9978486770387293,1.00497032765605,1.0001204850794565,0.9994611472232299,1.0283015163411424,1.0373826053898905,1.0152476788478872,0.990856752284556,0.9086687306501547
B0039,92,36,44.0,1.7477359172183355,3.6368192187368806,2.4621592876012923,4.2069497463433745,0.254812370747353,-0.9707953984260251,-1.0033647356784487,0.0010895719436704633,0.1573172102943598,46.68478011498361,45.19191150961026,48.39407566049798,0.6959142888746004,6502.438,584,0.4711383364607152,3.7096024287636515,1.7477359172183355,False,True,B0039_p2,0,2.68478011498361,4.3940756604979825,0.9974434738599133,0.9952214039521912,1.0000122456255844,1.0079767843289587,1.0230422456433292,1.0449451096285023,1.0182988927335004,0.9898506799246778,0.9040247678018576
B0039,94,37,44.0,1.7444225468099093,3.634846725471178,2.419307605326947,4.20717367641765,0.2584752246552469,-0.9707512160925147,-1.001627835766793,0.0013117121933103172,0.15748667203802114,46.691631182155156,45.220409788288535,48.40712816602448,0.7055045987232097,6502.047,582,0.4711383364607152,3.7025697376154065,1.7444225468099093,False,True,B0039_p2,0,2.691631182155156,4.407128166024478,0.9969024927396609,0.9779004647223272,1.0000654748842972,1.0224661581875234,1.0256528620975838,1.0480490961940783,1.0323319454469355,0.9897911589241161,0.9009287925696594
B0039,96,38,44.0,1.743308366083936,3.635905813888798,2.498091152649448,4.206902271296153,0.25322997230824,-0.9689523533406329,-1.0019022091888887,-0.0003821110311148944,0.16297453433450512,46.752413955353425,45.36177950492806,48.476824345274245,0.6858421630129337,6498.86,579,0.4711383364607152,3.700204868022447,1.743308366083936,False,True,B0039_p2,0,2.7524139553534255,4.476824345274245,0.9971929610766498,1.0097453063495394,1.0000009605778788,1.0017171946335832,1.0488142913863905,1.0646233855995964,1.0035608211399512,0.98930600948987,0.8962848297213623
B0039,100,39,44.0,1.6556691733888471,3.470841442961561,2.4729033909981424,4.196674813894532,0.23940916601378337,-1.897442497029331,-1.99287097541368,7.902741237672961e-05,0.41741413065130845,49.300859599002976,45.15281912576537,52.90221489344579,1.794592963217096,3162.047,281,0.4711383364607152,3.514189029546105,1.6556691733888471,False,True,B0039_p2,0,5.300859599002976,8.902214893445787,0.951921978482869,0.9995642430693296,0.9975698446245388,0.9470453910446888,2.0199059422924504,2.1170154172342945,2.6259441091611104,0.48135089837131667,0.43498452012383904
B0039,104,40,44.0,1.64297669457593,3.4717307267626065,2.482404434239833,4.204257320385259,0.23916231335840674,-1.8762389619942321,-1.9925221850874488,0.0003057882594655519,0.46055278596087135,49.34643167372232,45.175764794006604,53.04880173105535,1.8045476898463488,3173.141,281,0.4711383364607152,3.4872490040150366,1.64297669457593,False,True,B0039_p2,0,5.346431673722321,9.048801731055349,0.9521658757651954,1.0034046288809306,0.9993722429892573,0.9460689009903016,2.0372712964975523,2.1518748987113745,2.640510395938216,0.48303971161999115,0.43498452012383904
B0039,106,41,44.0,1.6343822729361266,3.470065952813119,2.4529055944220666,4.206474730273981,0.24185450331795988,-1.8688554169399538,-1.9931619036045067,0.00274980229151992,0.4745403209940481,49.35236153077406,45.20062768854706,53.017440171542674,1.804471081178695,3169.844,280,0.4711383364607152,3.4690071820814476,1.6343822729361266,False,True,B0039_p2,0,5.352361530774061,9.017440171542674,0.9517092905429184,0.9914809987054842,0.9998993320147966,0.9567185604643453,2.0395308835083097,2.1444168777815804,2.6403982980510294,0.48253781714722394,0.43343653250773995
B0039,108,42,44.0,1.6265067062165601,3.468937839466871,2.442965370421763,4.206865048530781,0.24261219082171254,-1.867958006398749,-1.993232599772215,-0.0012061721648373171,0.4759154700855064,49.34646841409122,45.165184330146715,53.07430485716129,1.8208734579497374,3156.563,278,0.4711383364607152,3.452291143266332,1.6304444895763432,False,True,B0039_p2,0,5.34646841409122,9.074304857161287,0.951399891249934,0.9874630930667232,0.9999921125470173,0.95971579098074,2.037285296507942,2.15793973895621,2.66439913029599,0.4805160820872234,0.43034055727554177
B0039,110,43,44.0,1.618865991735961,3.468115577491925,2.450251182214539,4.206889463177472,0.24183162800230396,-1.8602935835155212,-1.9927135137255618,0.001174161780804926,0.4897516738051505,49.35565140520816,45.16598961095791,53.15177003577248,1.8210135900005293,3155.047,277,0.4711383364607152,3.436073582755341,1.6265067062165601,False,True,B0039_p2,0,5.355651405208157,9.15177003577248,0.9511743755475071,0.9904080673735651,0.9999979160262923,0.9566280711876758,2.0407844984729606,2.1763615563782364,2.664604178984369,0.4802853050108767,0.42879256965944273
B0039,112,44,44.0,1.6114968339209264,3.467077155738093,2.447037438010891,4.206575007421019,0.24221139680329878,-1.8593916153072554,-1.9933471273838639,0.000181012364478203,0.49147981554316844,49.368284273788476,45.25749466770681,53.01718592680281,1.8100550022637565,3142.312,275,0.4711383364607152,3.420432406385799,1.6226863489762606,False,True,B0039_p2,0,5.3682842737884755,9.01718592680281,0.9508895753033438,0.9891090502732482,0.9999231683763035,0.9581303457189024,2.045598284961172,2.1443564164199436,2.648568989110161,0.4783466862329905,0.42569659442724456
B0039,116,45,44.0,1.3240805773461226,3.2199500199575746,2.4740907394153795,4.189178895374635,0.2969257345402976,-3.2987153931778748,-3.979768153681504,0.0017821461933156953,1.4947695979998274,55.97390404609549,45.18802524583172,63.94078057196598,5.240239284652041,1485.047,129,0.4711383364607152,2.8103859840676075,1.618865991735961,False,True,B0039_p2,0,11.973904046095491,19.94078057196598,0.8831118459270725,1.0000441773143371,0.9957880286381168,1.1745671774436492,4.562686387637395,4.742071541501275,7.667797524101855,0.226065174734477,0.1996904024767802
B0039,120,46,44.0,1.3153386221697692,3.22661988786129,2.442276380666166,4.204083091786472,0.300399968494476,-3.2988222829259044,-3.979638522408062,-0.0002871382535949633,1.4948012141812466,55.95647115817562,45.21433150575771,64.14381595669508,5.259781277486269,1489.313,129,0.4711383364607152,2.7918310194217146,1.6151814128284436,False,True,B0039_p2,0,11.956471158175617,20.14381595669508,0.8849411412018537,0.9871845987567379,0.999330828010988,1.1883104158855984,4.556043541653077,4.7903549232057605,7.696392409970747,0.2267145777738537,0.1996904024767802
B0040,0,0,24.0,0.6734628137095633,3.2570770872838057,2.689034363728547,4.068028641979544,0.41539143624997615,-2.496194310605518,-3.998404971746896,0.0036077535780029025,1.932077779921517,34.520854008155766,24.62082872256712,40.67740211970284,4.206146393643887,982.938,104,0.7795871426061582,0.8638711144698699,0.7712056474593373,False,True,B0040_p1,0,10.520854008155766,16.67740211970284,0.9482405755898246,1.0,0.9728007068301823,1.0026465568843552,1.0508148895730238,0.9466676220722086,0.9689418020024292,0.6694978517503398,0.6842105263157895
B0040,4,1,24.0,0.7913062105760345,3.435168668765134,2.6944224499802396,4.181329419378459,0.41017668274196684,-1.9461397110184737,-3.996235657636858,0.0024089033291458876,1.9945838360470274,34.02922924081149,25.994198997825652,41.121867004450536,4.092428243150252,1489.953,156,0.7795871426061582,1.0150324028314517,0.7783970881100656,False,True,B0040_p1,0,10.029229240811489,17.121867004450536,1.000088799996569,1.0020037253239937,0.9998946842915699,0.9900595023773872,1.001711782048885,0.9718970020750813,0.9427453125444794,1.014835455246388,1.0263157894736843
B0040,6,2,24.0,0.7865824034601745,3.4309758033508495,2.6769978869674524,4.182169713231169,0.4157749137036249,-1.9452201291903763,-3.9959369894327645,0.00486040227928314,1.9946149951617926,34.012090723638956,24.887288378936834,41.63283156392668,4.696874622798035,1479.703,154,0.7795871426061582,1.0089730326113782,0.775856814506313,False,True,B0040_p1,0,10.012090723638956,17.63283156392668,0.9988681211464019,0.9955238665137751,1.0000956264495051,1.0035721714131831,1.0,1.0009011359929767,1.0819875807629147,1.0078539844105459,1.013157894736842
B0040,8,3,24.0,0.7795871426061582,3.4348636528845424,2.675172001926867,4.1821186375364,0.41429498101581497,-1.9447435736678282,-3.9961379781309794,0.002742824583498613,1.9945892523471482,33.978388906178346,25.42046748387045,41.715752737182754,4.527507118698679,1468.172,152,0.7795871426061582,1.0,0.7733165409025605,False,True,B0040_p1,0,9.978388906178346,17.715752737182754,1.0,0.9948448550942061,1.000083412555173,1.0,0.9966338881267787,1.005608031547952,1.0429715220563816,1.0,1.0
B0040,10,4,24.0,0.7628241523125163,3.445308801417867,2.69268420954805,4.181769825430115,0.41257235500269834,-1.9174672773069694,-3.99493304951291,0.003588086616917437,1.9935380300136532,33.83721613724266,25.576799073105835,41.61695629052659,4.340969070537986,1457.0,150,0.7795871426061582,0.9784976054920514,0.7680703466075385,False,True,B0040_p1,0,9.837216137242663,17.616956290526588,1.0030409208600035,1.0013573072433488,1.0,0.9958420302150586,0.9825336594300522,1.0,1.0,0.992390537348485,0.9868421052631579
B0040,12,5,24.0,0.7405021514606399,3.458759767508341,2.695919341909784,4.181957861733809,0.4096309521994345,-1.8880936368724701,-3.9985251055256823,0.0033590979024455446,1.9922239176859176,33.67935609685469,25.76953787956401,40.41568117134027,4.026468080466416,1437.047,146,0.7795871426061582,0.9498645000546606,0.7628241523125163,False,True,B0040_p1,0,9.67935609685469,16.415681171340267,1.0069569325128032,1.0025603905528713,1.0000449657230177,0.9887422512217149,0.9667667187634781,0.9318114264816393,0.9275505111966639,0.9788001678277477,0.9605263157894737
B0040,16,6,24.0,0.7783970881100656,3.344897364124835,2.6973035934049494,4.177687640263026,0.3994340980378544,-2.4160677054793758,-3.995894881418469,0.0038215675734787177,1.9510865332486578,34.856675647434145,25.411595862545234,41.6427020562054,4.246623377195705,1170.531,119,0.7795871426061582,0.9984734811144854,0.7628241523125163,False,True,B0040_p1,0,10.856675647434145,17.6427020562054,0.9738079010256623,1.003075166977389,0.9990238139980195,0.9641297055022897,1.0843564992675396,1.0014614196263096,0.9782662138777717,0.7972710281901575,0.7828947368421053
B0040,20,7,24.0,0.7733165409025605,3.435394313904374,2.680482862570943,4.181217465945281,0.41116658056139643,-1.9695300241186464,-3.9948545437295784,0.0025829022233452297,1.9950039317488482,33.93437846177736,25.317526212535544,41.666127528934624,4.449724682183813,1436.141,144,0.7795871426061582,0.9919565095921988,0.7628241523125163,False,True,B0040_p1,0,9.934378461777357,17.666127528934624,1.000154492601005,0.9968198617046504,0.9998679125088435,0.9924488574620238,0.9922381584419608,1.0027911313167348,1.0250533025871913,0.9781830739177699,0.9473684210526315
B0040,22,8,24.0,0.7589575236409498,3.4407328862516335,2.6867581507978358,4.182275640250018,0.41181294403917557,-1.9553056005388323,-3.9961314651946203,0.0023557305933629372,1.994770340133528,33.87341008861747,25.426508881588695,41.55823578501682,4.361287461592211,1420.172,143,0.7795871426061582,0.9735377639807609,0.7628241523125163,False,True,B0040_p1,0,9.873410088617469,17.55823578501682,1.0017087238272653,0.9991535203263244,1.0001209571164884,0.994009010269558,0.986148683741543,0.9966668189134723,1.0046806117998224,0.9673062829150808,0.9407894736842105
B0040,24,9,24.0,0.7407399462256391,3.4424940628831777,2.674688015022009,4.181827468882669,0.4180133908811811,-1.9401168646905238,-3.996235079267833,0.003996721669523651,1.9944316050596447,33.801632457231946,25.416232096852188,41.25451200429936,4.513628799861589,1397.0,140,0.7795871426061582,0.9501695265898652,0.7628241523125163,False,True,B0040_p1,0,9.801632457231946,17.254512004299357,1.002221459356102,0.9946648697019083,1.000013784463268,1.008975271330222,0.9789795885578515,0.9794263957831278,1.0397744666036528,0.9515233909923361,0.9210526315789473
B0040,26,10,24.0,0.7446218752617147,3.4441875855764166,2.686289969564933,4.181567286734688,0.4112857369699376,-1.954173143017623,-3.995317141166538,0.004303115440774783,1.9948738649482596,33.841214598826475,25.68729592812578,40.054637074465475,4.071482428522508,1393.25,139,0.7795871426061582,0.955148994341345,0.7733165409025605,False,True,B0040_p1,0,9.841214598826475,16.054637074465475,1.0027144986334593,0.998979412758486,0.9999515662736395,0.9927364699458849,0.9829330227293052,0.9113173019052536,0.9379201653740231,0.9489691943450768,0.9144736842105263
B0040,28,11,24.0,0.7149875629820736,3.458256040593686,2.6945279873006065,4.181983804533861,0.41698938974058003,-1.8954416195145705,-3.995361067358871,0.0025259929997769504,1.9925439214729628,33.68915739169769,26.079914426350037,40.76452850374992,4.14276303366978,1380.938,137,0.7795871426061582,0.9171361659350507,0.7783970881100656,False,True,B0040_p1,0,9.689157391697691,16.764528503749922,1.0068102813017044,1.0020429726172937,1.0000511695078107,1.0065035997253904,0.9677456646313836,0.9516132200864316,0.9543406014538496,0.940583255912795,0.9013157894736842
B0040,32,12,44.0,1.7075144448533202,3.624872673514505,2.682915069119874,4.175387518911088,0.23530763251536052,-0.9641877110703866,-1.0054061310164104,-0.000602264768821255,0.18200486958229914,44.27504698193625,30.40793876001898,47.459255426003025,3.39299801263814,6375.828,636,0.7795871426061582,2.1902804080953704,1.7075144448533202,False,True,B0040_p2,0,0.2750469819362493,3.4592554260030255,1.0007794630045361,1.0,0.997669787682549,0.942090293521944,0.11217696928060938,0.938654200441406,5.985261582601199,0.9705771405867767,0.9845201238390093
B0040,36,13,44.0,1.730880859428193,3.6219123150772736,2.6893633842231073,4.183371957728605,0.24977184685310586,-0.9482972559679383,-1.0045560878148372,0.0014828910539338525,0.21820826355520406,46.496780020843715,45.24547633823752,47.733284854985534,0.566892184378605,6574.671,653,0.7795871426061582,2.2202532145949223,1.7243057179457875,False,True,B0040_p2,0,2.4967800208437154,3.733284854985534,0.9999621471443791,1.0024034734373266,0.9995775946450782,1.0,1.0183031776132785,1.0130109168103367,1.0,1.0008465378110583,1.0108359133126934
B0040,38,14,44.0,1.7328212845233328,3.621615017492515,2.663011590614207,4.185403574589526,0.2521934367320922,-0.9497815137936721,-1.0039916444953547,0.0026229121250043296,0.21564422052048854,46.4678468881245,45.20853223341701,47.68533526444168,0.5663161293764392,6571.156000000003,650,0.7795871426061582,2.2227422565366006,1.730880859428193,False,True,B0040_p2,0,2.467846888124498,3.685335264441683,0.9998800672083302,0.9925813982206315,1.0000630304886036,1.0096952074843348,1.0065028985577253,1.0,0.9989838367540782,1.0003114577164949,1.0061919504643964
B0040,40,15,44.0,1.7317734323431513,3.622864388629409,2.6936866986118786,4.185139783184118,0.24864046921780392,-0.9494868615948265,-1.0035412359730254,0.0018042054143051327,0.21616127932775484,46.45190241544343,45.19187664376986,47.67231335727975,0.5656138500231167,6569.11,646,0.7795871426061582,2.221398144861441,1.7317734323431513,False,True,B0040_p2,0,2.4519024154434277,3.672313357279748,1.0002250020758665,1.0040148976819971,1.0,0.9954703556483396,1.0,0.9964665610514251,0.9977450132658126,1.0,1.0
B0040,42,16,44.0,1.7341296392350067,3.6220494199910203,2.644136217828117,4.185518450705473,0.25229816566086916,-0.9521447667439508,-1.0033495846328242,0.0008606575749141533,0.21020737531556366,46.440231939332925,45.15940070800291,47.70025798751115,0.5745610157871485,6558.75,642,0.7795871426061582,2.224420522685655,1.7318975861687205,False,True,B0040_p2,0,2.440231939332925,3.7002579875111508,1.0,0.9855460011619084,1.0000904790618648,1.010114505856415,0.9952402363010063,1.0040492172349829,1.0135278481867758,0.9984229218265489,0.9938080495356038
B0040,44,17,44.0,1.7334756929990074,3.622162963654601,2.6743889241293513,4.185427919430507,0.2503200044646074,-0.9505422244648805,-1.0030055331887324,0.0007631387427286425,0.21408524744577076,46.465222077063906,45.19743736166483,47.70250785089967,0.5720367958602838,6567.516,639,0.7795871426061582,2.2235816860755317,1.732175650153278,False,True,B0040_p2,0,2.465222077063906,3.7025078508996714,1.0000313479056784,0.9968220593008484,1.0000688474606145,1.0021946332959772,1.005432378359181,1.0046597080660964,1.0090751144987438,0.9997573491690656,0.9891640866873065
B0040,48,18,44.0,1.7243057179457875,3.629361907913309,2.6812131139529,4.1761905648713675,0.23675687996708347,-0.9652916551188272,-1.0027747249074535,-0.0001414437506866314,0.1796009486523257,46.49072067213048,45.18169844616087,47.775675904382155,0.5910589831070779,6430.172,624,0.7795871426061582,2.2118190818045522,1.732372495746513,False,True,B0040_p2,0,2.490720672130479,3.7756759043821546,1.0020188813222506,0.9993656321116671,0.9978616680024146,0.9478925785672048,1.0158318929997183,1.0245135471966775,1.0426303261791539,0.978849798526741,0.9659442724458205
B0040,52,19,44.0,1.7318975861687205,3.6234871903936696,2.6999262584848243,4.182711714289401,0.24618052335204266,-0.9515172757333835,-1.0034382664884212,0.0030001114825820205,0.21192937515599677,46.47888431603475,45.20988132812326,47.68448077336878,0.5613635366300277,6554.327999999994,632,0.7795871426061582,2.221557400727506,1.7328212845233328,False,True,B0040_p2,0,2.478884316034751,3.684480773368783,1.0003969494161824,1.0063405620106083,0.9994198356517332,0.9856215840723822,1.01100447571705,0.9997681374931761,0.990247444045048,0.9977497712779957,0.978328173374613
B0040,54,20,44.0,1.7333691208377457,3.6222932883799372,2.6709504481448794,4.185107481198763,0.2498355914829464,-0.9513915692974558,-1.00341328437475,0.004005889438169884,0.21220983054800976,46.45480276183313,45.19343516358526,47.66868390973605,0.5588993977475475,6560.922,630,0.7795871426061582,2.223444982741886,1.7329630786357868,False,True,B0040_p2,0,2.454802761833129,3.6686839097360533,1.000067328840841,0.9955404399070599,0.9999922817427784,1.0002552114285244,1.0011828963385465,0.9954817259459968,0.9859006935510696,0.998753560223531,0.9752321981424149
B0040,56,21,44.0,1.732175650153278,3.622128684193048,2.677767553221005,4.185322736341408,0.2492828551676409,-0.9510427335186784,-1.004224655039593,0.0018124880766567533,0.21257142056720116,46.423098338329766,45.15545804699397,47.63553822379171,0.5613491355469568,6559.047,627,0.7795871426061582,2.221914081808248,1.7329630786357868,False,True,B0040_p2,0,2.4230983383297655,3.6355382237917127,1.0000218837991526,0.9980813720277183,1.0000437149454422,0.9980422465877328,0.9882523558310321,0.986487785485776,0.9902220404789595,0.9984681334305561,0.9705882352941176
B0040,58,22,44.0,1.7334832776102866,3.6212784001178204,2.6464594317551624,4.185286474015191,0.2516959290634785,-0.9524743606309494,-1.0021217239246465,0.0007810721939000453,0.20971958647544187,46.417883981463206,45.14764232961771,47.64097688926351,0.564462765102624,6553.781,624,0.7795871426061582,2.2235914150857536,1.732372495746513,False,True,B0040_p2,0,2.4178839814632056,3.640976889263513,0.9997871315976683,0.9864119301485488,1.0000350504018198,1.0077033590239024,0.9861256982472242,0.9879635441567104,0.9957144950258153,0.9976665027682594,0.9659442724458205
B0040,60,23,44.0,1.732372495746513,3.6222214851987244,2.654408689336339,4.185544800435261,0.24976082815237188,-0.95386146065853,-1.0037473971660458,0.001534788454942605,0.2069362486563886,46.41962937983974,45.14860423174442,47.676606958578276,0.5685561078583704,6540.187,620,0.7795871426061582,2.2221665816026612,1.732175650153278,False,True,B0040_p2,0,2.4196293798397406,3.676606958578276,1.0000475049309803,0.9893748482344292,1.000096775083301,0.9999558849371024,0.9868375529954154,0.997631611444521,1.0029351674368017,0.9955971204622849,0.9597523219814241
B0040,64,24,44.0,1.7338175297202416,3.621600293236707,2.6386466599890395,4.182805883908282,0.24998750306730325,-0.9551274962002001,-1.0028648893332504,-0.0007041590317920718,0.20383064096035391,46.437216774742105,45.16610812882766,47.670062907549664,0.5666746595377671,6535.922,616,0.7795871426061582,2.224020170373889,1.732175650153278,False,True,B0040_p2,0,2.4372167747421045,3.6700629075496636,0.9998760020357993,0.9834998842712688,0.9994423366012256,1.0008634128181957,0.9940105117524968,0.99585591111903,0.9996162853416715,0.9949478696505311,0.9535603715170279
B0040,66,25,44.0,1.7329630786357868,3.621303558836112,2.650918288963567,4.184959782592119,0.2502488491989161,-0.9535557918067024,-1.0029366943014713,0.002176764517084106,0.2077401753863245,46.440515516123355,45.177374606616574,47.67504818462313,0.5658719122721885,6544.078,615,0.7795871426061582,2.222924140132038,1.732175650153278,False,True,B0040_p2,0,2.440515516123355,3.6750481846231295,0.9997940775874588,0.9880738751201679,0.9999569905424134,1.001909752247181,0.9953558921234583,0.9972086447825224,0.9982002360686364,0.9961894381430667,0.9520123839009288
B0040,68,26,44.0,1.7318839084573339,3.6217314334668362,2.6471595195723987,4.184990348881109,0.24967584235492005,-0.9547864424869567,-1.0055702938792732,0.0019072602179350617,0.2047417822055289,46.438246093452804,45.185661755729654,47.662264804076635,0.5615939735938016,6531.187,611,0.7795871426061582,2.221539855913541,1.7318839084573339,False,True,B0040_p2,0,2.438246093452804,3.662264804076635,0.9999122081210629,0.9866728731151355,0.9999642940712257,0.9996156312274767,0.9944303158622428,0.9937399290133395,0.9906539357380434,0.9942270718560049,0.9458204334365325
B0040,70,27,44.0,1.7306960059812662,3.6224802575418096,2.669669356026842,4.1849433685502655,0.24743073150373668,-0.9544935502891163,-1.0035201801507372,0.0019278382707148395,0.20532957762069334,46.419799968945064,45.14987742963427,47.65776484346084,0.5674713580512074,6528.562,608,0.7795871426061582,2.2200160974891823,1.7307198617163877,False,True,B0040_p2,0,2.419799968945064,3.657764843460839,1.000118948556696,0.995062939842752,0.9999530685606628,0.9906269846707503,0.9869071271775888,0.9925188838999643,1.001021664592602,0.9938274743458398,0.9411764705882353
B0040,72,28,44.0,1.7296011601947467,3.6227913336348077,2.6833023579431665,4.184970988659253,0.24607369826309272,-0.95437046004151,-1.0023712414422135,0.0022952094998644553,0.20568627173880405,46.41925960985013,45.14126548416964,47.65588226485245,0.5669687491699866,6525.187,605,0.7795871426061582,2.218611705694239,1.7306960059812662,False,True,B0040_p2,0,2.4192596098501298,3.655882264852451,1.0002048325568649,1.0001443537396133,0.9999596681273244,0.985193893400692,0.9866867435719727,0.9920080542268672,1.0001350605873418,0.9933137061184849,0.9365325077399381
B0040,76,29,44.0,1.7296187381064656,3.6219039988656228,2.664835318499988,4.182014111969684,0.24648963388922873,-0.9556526843949636,-1.0031895155635666,0.002692904416328267,0.20263613222378116,46.442880190211326,45.210947731053686,47.68924379895171,0.5598428846110415,6515.938,602,0.7795871426061582,2.2186342534130996,1.7297962212599596,False,True,B0040_p2,0,2.4428801902113264,3.6892437989517077,0.999959851148194,0.9932611543212893,0.9992531501033746,0.9868591556445213,0.9963203163489401,1.0010605641629777,0.9875650080177228,0.9919057528340979,0.9318885448916409
B0040,78,30,44.0,1.7307198617163877,3.6231487093600996,2.695190974478952,4.185325352263018,0.24500737137010592,-0.9540072055241993,-1.0022727458635838,0.003312114946849619,0.20647943680001474,46.455010751151,45.29230424711769,47.68013294716548,0.5487731621833188,6532.015,601,0.7795871426061582,2.2200466979619424,1.7296187381064656,False,True,B0040_p2,0,2.4550107511510006,3.6801329471654824,1.0003034992739226,1.0045755847810363,1.0000443399954395,0.9809246896997083,1.0012677240692758,0.9985883734035284,0.9680379749543607,0.9943531163277827,0.9303405572755418
B0040,80,31,44.0,1.729274556175907,3.620727454558004,2.659441128426158,4.18476201200528,0.2488410361628465,-0.9537643838011659,-1.004096237718038,0.0016503654453088078,0.2068703435731728,46.42899601057106,45.14346566445202,47.69683888709109,0.5697010071955264,6527.922,598,0.7795871426061582,2.2181927608438303,1.7296011601947467,False,True,B0040_p2,0,2.428996010571062,3.69683888709109,0.9996350228062268,0.9912505837535077,0.9999097351107947,0.9962733562569733,0.99065770124941,1.003121458924077,1.0049547742839324,0.9937300486671711,0.9256965944272446
B0040,82,32,44.0,1.7297962212599596,3.620851281939705,2.645724055946119,4.184831315830137,0.2493223578982956,-0.9552956614335978,-1.0023111389899824,0.0006494295255993921,0.2035530501155875,46.44608315517329,45.16684104417798,47.68346890250753,0.5702624335749045,6519.328,595,0.7795871426061582,2.2188619164206,1.729274556175907,False,True,B0040_p2,0,2.446083155173291,3.683468902507528,0.9996692099106372,0.9861378343273625,0.9999262946114201,0.9982004018448299,0.9976266346354227,0.9994935706522652,1.0059451325828275,0.9924218044757966,0.9210526315789473
B0040,84,33,44.0,1.7268942069037494,3.6223530356435982,2.686333486141192,4.184646274630554,0.2451005855664148,-0.9549687460528705,-1.0020932273329097,0.0028312707466933056,0.20401739546208944,46.477279245422224,45.19247918799889,47.72656082449746,0.5663357074927603,6510.063,592,0.7795871426061582,2.2151394148584154,1.7285674981160106,False,True,B0040_p2,0,2.477279245422224,3.7265608244974615,1.0000838242711163,1.0012741428383862,0.999882080747805,0.9812978870695612,1.010349853166651,1.0111863798264291,0.9990183726267903,0.9910114155494428,0.9164086687306502
B0040,88,34,44.0,1.7272191689306016,3.621799074855713,2.67226557137279,4.182435522794885,0.24501438514315035,-0.9564508369268612,-1.0026245473984143,0.0021612198677544896,0.20074731040717927,46.50566493668475,45.23103470317428,47.7336433887077,0.5693948426977777,6501.718,589,0.7795871426061582,2.2155562534760533,1.7272191689306016,False,True,B0040_p2,0,2.5056649366847523,3.733643388707698,0.9999308830150341,0.9960306243497384,0.9993538422778376,0.9809527704187037,1.0219268600996103,1.0131082034061107,1.0044146989288907,0.9897410760361754,0.9117647058823529
B0040,90,35,44.0,1.7285674981160106,3.620827200366945,2.6426430588133014,4.184925895802646,0.24870782989318027,-0.9560639609053613,-1.0031176329618126,0.0025490018406792996,0.20117042234202168,46.489529302216496,45.21392325686796,47.73354479118836,0.5718577975107006,6509.047,587,0.7795871426061582,2.2172857960912657,1.7268942069037494,False,True,B0040_p2,0,2.4895293022164964,3.7335447911883577,0.9996625613064998,0.9849894576350552,0.9999488936110733,0.9957400444712596,1.0153459968618954,1.0130814493899183,1.0087593607196026,0.990856752284556,0.9086687306501547
B0040,92,36,44.0,1.726636381605547,3.6206286090197306,2.6490836320353925,4.184718733685154,0.2480939931755652,-0.9559267781293634,-1.0071805506029239,0.0001232110301356496,0.20162881088070403,46.47422502580763,45.17367040602925,47.74132595782936,0.571533333389348,6502.438,584,0.7795871426061582,2.214808694552613,1.726636381605547,False,True,B0040_p2,0,2.474225025807627,3.7413259578293605,0.9996077328587932,0.9873900454494894,0.999899394161061,0.993282454773506,1.0091042001604955,1.0151928357585018,1.0081870047579335,0.9898506799246778,0.9040247678018576
B0040,94,37,44.0,1.7262424141835067,3.620461858040284,2.65252579490315,4.1846888191470475,0.24781387349105163,-0.955732355842102,-1.0057632619161987,0.0002453278658436129,0.20209960207174313,46.467598009037445,45.19280387716116,47.737403270809644,0.5765244273053443,6502.047,582,0.7795871426061582,2.2143033406280686,1.7262424141835067,False,True,B0040_p2,0,2.467598009037445,3.7374032708096436,0.9995616951160373,0.9886730390512536,0.9998922463620253,0.9921609525383951,1.0064013940747225,1.0141284313724028,1.0169913136786275,0.9897911589241161,0.9009287925696594
B0040,96,38,44.0,1.7252725927602899,3.6207850957418692,2.6675427612038987,4.184286661063821,0.2463403688688973,-0.9557348422192878,-1.0036710316885369,0.004007469729578841,0.2024657476626061,46.50711933936233,45.20413606865606,47.780084445812335,0.5735385049520042,6498.86,579,0.7795871426061582,2.2130593213642635,1.7252725927602899,False,True,B0040_p2,0,2.507119339362333,3.780084445812335,0.9996509367756904,0.9942702964797844,0.9997961544501512,0.9862615501809271,1.022520033248925,1.025709786104089,1.0117241351293007,0.98930600948987,0.8962848297213623
B0040,100,39,44.0,1.6668026877455053,3.4599911073457075,2.6781395492001447,4.176406009176324,0.21600330035861193,-1.8959184882594955,-1.9993456181076452,0.001446300492050024,0.4337434686845939,48.821116047310866,45.175135819472395,51.74025766413764,1.4547216344076106,3162.047,281,0.7795871426061582,2.138058206262083,1.6668026877455053,False,True,B0040_p2,0,4.821116047310866,7.740257664137637,0.9552578405609622,0.9982200256822531,0.997913146403643,0.8648024310187623,1.9662756629076388,2.1002858922552496,2.5661345746055644,0.48135089837131667,0.43498452012383904
B0040,104,40,44.0,1.666754853762041,3.459413541721385,2.6375556284574677,4.182388453906596,0.22022561804758709,-1.888918960223662,-1.999341108890042,0.0008960653767449273,0.44804704345712615,48.862739172817825,45.187403220878714,51.80596353207629,1.4643999970979913,3173.141,281,0.7795871426061582,2.137996848165149,1.666754853762041,False,True,B0040_p2,0,4.862739172817825,7.805963532076291,0.9550983823213438,0.9830932252815269,0.9993425956073017,0.881707129215026,1.9832515120461662,2.1181148991769874,2.58320724372516,0.48303971161999115,0.43498452012383904
B0040,106,41,44.0,1.6583274448761054,3.4606411813742883,2.654677503869026,4.184674961031428,0.2185466148917426,-1.8816448898300142,-1.9995292630247654,0.0017468007386395815,0.46267871939950694,48.859668212563015,45.212555741247925,51.79140734732303,1.4548247850698697,3169.844,280,0.7795871426061582,2.1271867559697304,1.6583274448761054,False,True,B0040_p2,0,4.859668212563015,7.79140734732303,0.9554373174132086,0.9894750431812546,0.9998889350949381,0.8749849818753703,1.9819990314272529,2.1141651405502193,2.5663165327716873,0.48253781714722394,0.43343653250773995
B0040,108,42,44.0,1.65032263550715,3.4619795504624093,2.6785586854358763,4.184986819959415,0.2160449769618825,-1.8804793058771856,-2.0008786622241015,0.0008982892019353855,0.4644469608706331,48.84759659003841,45.18333405509115,51.7543308845732,1.4542095360815537,3156.563,278,0.7795871426061582,2.116918744952777,1.6543250401916278,False,True,B0040_p2,0,4.847596590038407,7.7543308845732,0.9558068234394749,0.9983762498730804,0.9999634508683993,0.8649692897091857,1.9770756615375806,2.104104600575046,2.565231231183008,0.4805160820872234,0.43034055727554177
B0040,110,43,44.0,1.6493406341242296,3.4582381856512225,2.619691419158041,4.184706989313181,0.22120289112098276,-1.8804459095886619,-2.0047864831033904,0.0001074086444772065,0.46496016580600313,48.86015453747502,45.167687128469275,51.86320043661648,1.4739611699535151,3155.047,277,0.7795871426061582,2.1156591020863775,1.65032263550715,False,True,B0040_p2,0,4.860154537475019,7.863200436616481,0.9547738820360425,0.976434718083501,0.9998965879532445,0.8856197922541491,1.98219737737648,2.1336458890145864,2.6000731895240143,0.4802853050108767,0.42879256965944273
B0040,112,44,44.0,1.641919055037739,3.460434749861773,2.6631019561941023,4.184343189730703,0.21697605650319596,-1.8794616528353505,-1.999637685107115,0.00043409775515326386,0.46666681670120214,48.85593683732135,45.18411272626061,51.81917888349145,1.4633022027531395,3142.312,275,0.7795871426061582,2.106139218187728,1.6498316348156898,False,True,B0040_p2,0,4.855936837321352,7.819178883491453,0.9553803243994258,0.992615080084413,0.9998096614462878,0.8686970098387529,1.9804772028185116,2.121700828398318,2.5812707302661586,0.4783466862329905,0.42569659442724456
B0040,116,45,44.0,0.425812451177779,3.7482973521924325,1.7489828090032307,4.168100705327105,0.3693834776052783,-1.045884107237702,-3.995168139661149,0.005174105008398033,1.7496877431918156,49.04132294442338,45.19772145178193,53.95646661253941,2.5488846462000985,1485.047,129,0.7795871426061582,0.5462025063090302,1.6493406341242296,True,False,B0040_p2,-1,5.041322944423378,9.956466612539408,1.0348553864297427,0.6518964499226513,0.9959286717434204,1.478883558171861,2.0560862914732487,2.701644734633874,4.496242348082538,0.226065174734477,0.1996904024767802
B0040,120,46,44.0,0.5569902643736575,3.653849277043623,2.5354681123911122,4.1824060069381375,0.36340339089610335,-1.3616845329264926,-3.9957706201861773,0.0035436985419924263,1.8928652608053937,50.17313973556242,45.221402560632534,55.67880428959517,3.050119134098783,1489.313,129,0.7795871426061582,0.7144682536857139,1.6456298445809843,True,False,B0040_p2,-1,6.1731397355624225,11.67880428959517,1.0087795204772996,0.9450422570487362,0.9993467897399831,1.454941361384999,2.5176938921714824,3.168993714704671,5.380421918220923,0.2267145777738537,0.1996904024767802
B0041,0,0,4.0,0.055620243768194036,4.033096790443365,1.9487619326826215,4.18729715087111,0.3565544510822178,-0.2538350206461251,-4.027231208258329,0.00020128115577912396,0.9681987780608408,7.85677103517608,4.842367203458604,9.925006929139913,1.1385797665688941,1063.609,95,0.05583901629185397,0.9960820849257717,0.05576824445206542,False,True,B0041_p1,0,3.85677103517608,5.925006929139913,1.0,1.0121656621992479,0.9988575118405568,0.9883367161040132,1.003651821506921,0.8770877802094235,0.7312803297400728,1.0142292218745919,1.021505376344086
B0041,3,1,4.0,0.05569747261227687,4.014033100816979,1.9012002130732606,4.1926577100385645,0.39872889070573425,-0.2930461777610191,-4.027860931751215,0.0011455718787924615,1.0313082588560738,7.793067309492065,6.524300362048362,10.752582877071836,0.974107028691573,1067.641,95,0.05583901629185397,0.9974651473292923,0.05583901629185397,False,True,B0041_p1,0,3.7930673094920646,6.752582877071836,0.995273188168566,0.9874626245339571,1.0001362447795277,1.1052404513806813,0.987074130029672,0.9995951054846847,0.6256437450055397,1.0180740297152537,1.021505376344086
B0041,5,2,4.0,0.05583901629185397,4.039068503173861,1.964899016000036,4.191826198838155,0.3491572685064774,-0.2593091510630079,-4.026399571595533,0.0008631061264894026,0.9785722764476551,7.471857159027487,5.378557794316599,10.859754872978824,1.8081683282685828,1048.687,93,0.05583901629185397,1.0,0.055993538132953484,False,True,B0041_p1,0,3.471857159027487,6.859754872978824,1.0014806767704276,1.0205470870146696,0.9999378921958004,0.967832394497204,0.9034852548644221,1.0154599389127055,1.161339741093841,1.0,1.0
B0041,7,3,4.0,0.056148059974053,4.035518711643437,1.9253389098858817,4.192086560129419,0.3607621221315568,-0.2611726955181682,-4.027903394302233,0.0006408213159168877,0.9808716728651977,7.8427380417497545,5.284928149273979,10.755318068306904,1.7656216514790086,1039.984,92,0.05583901629185397,1.0055345473957447,0.05583901629185397,False,True,B0041_p1,0,3.8427380417497545,6.755318068306904,1.0006005115487957,1.0,1.0,1.0,1.0,1.0,1.1340131112470937,0.9917010509332146,0.989247311827957
B0041,9,4,4.0,0.05647053159913906,3.980423400468268,1.9131372213178368,4.192301938512631,0.4369037242196058,-0.3928841337322561,-4.02702139786563,0.00046837181595033045,1.1823655420280073,8.729861757639965,5.632949665472469,10.897588103290213,1.5569675817392659,687.328,61,0.05583901629185397,1.0113095707844197,0.05576824445206542,False,True,B0041_p1,0,4.729861757639965,6.897588103290213,0.9869397158779055,0.9936625762324784,1.0000513773702242,1.2110576399710915,1.2308571925153313,1.0210604494924937,1.0,0.6554176794410534,0.6559139784946236
B0041,11,5,4.0,0.044092291840801906,4.032988865305357,1.8627826858792498,4.193625714514964,0.37617237750028504,-0.26035562315085287,-4.027019202895542,-1.6399831212031727e-05,0.9766299275544146,7.667746337954232,4.480546934340523,9.341307040097297,0.967845807026752,1047.531,92,0.05583901629185397,0.7896323174882698,0.05569747261227687,False,True,B0041_p1,0,3.667746337954232,5.341307040097297,0.9999732401319342,0.9675089805304252,1.000367157109823,1.0427158352370172,0.9544617140449569,0.7906817985605223,0.6216223243040074,0.998897669180604,0.989247311827957
B0041,15,6,4.0,0.05677191308141789,4.033685949693059,1.9143969587004501,4.19119960945764,0.36246416495136924,-0.2642055168350503,-4.027353321308967,0.0010205586141612685,0.9856432941250411,7.7591749084721195,6.628503187975908,10.393349980789248,0.8864062246082447,1038.375,91,0.05583901629185397,1.0167068987155494,0.05569747261227687,False,True,B0041_p1,0,3.7591749084721195,6.393349980789248,1.0001460811084646,0.9943168700693427,0.999788422624615,1.0047179088806661,0.9782542727685947,0.9464173139062307,0.5693157873062799,0.990166751375768,0.978494623655914
B0041,17,7,4.0,0.056938376500757296,4.032799639644717,1.8935647470508339,4.192541976485373,0.3691803440279844,-0.2665742084454271,-4.026893291710312,0.0005444339932608359,0.9892433203621614,7.595487830652279,6.780818064654517,10.096648262126735,0.7439739220910151,1030.703,90,0.05583901629185397,1.0196880296593567,0.04670898780785478,False,True,B0041_p1,0,3.595487830652279,6.096648262126735,0.9999263219272714,0.9834968468813986,1.0001086371546535,1.0233345503310842,0.9356578022203947,0.902496107582207,0.47783520403162966,0.9828509364567312,0.967741935483871
B0041,19,8,4.0,0.04440148411312257,4.024475259565998,1.839446966520227,4.191749338859155,0.3932052621418295,-0.27030775710016475,-4.027233078412571,0.0028492775870844664,0.9911774393206259,8.243992753511499,5.017898041246065,10.90616342735489,1.7071579691123564,1010.765,88,0.05583901629185397,0.7951695259287733,0.045219329019542696,False,True,B0041_p1,0,4.243992753511499,6.90616342735489,0.9978623049915893,0.9553886627831432,0.9999195576557336,1.0899294521791338,1.1044189604917845,1.0223298677460784,1.0964634004808982,0.9638385905422686,0.946236559139785
B0041,21,9,4.0,0.04463435818491618,4.057419271798581,1.976983963738619,4.192711269669948,0.32153529010552867,-0.22596311803692998,-4.028689923407233,0.00025908640195605514,0.9178534542803075,7.468945958924572,4.372117181946027,8.568134800681483,0.7936888429186653,1025.719,89,0.05583901629185397,0.7993399803396541,0.045219329019542696,False,True,B0041_p1,0,3.4689459589245724,4.568134800681483,1.00603072096183,1.0268238768704874,1.0001490211453337,0.8912667666043845,0.9027276700196354,0.6762279369365655,0.5097658115861649,0.9780983267648022,0.956989247311828
B0041,23,10,4.0,0.04479872243657484,4.0272103363763785,1.873021814547241,4.191685049461782,0.382457397375852,-0.27202714166048747,-4.025593484182172,0.0008435982225388236,0.9974861215865806,7.530653071201209,6.640929858135611,10.723989411834728,1.0084123160824774,1016.859,88,0.05583901629185397,0.8022835180767729,0.045219329019542696,False,True,B0041_p1,0,3.5306530712012094,6.723989411834728,0.9985404629809691,0.9728270721222054,0.9999042217611974,1.0601373423465552,0.91878578056639,0.9953623713709119,0.6476771436409707,0.9696496666784276,0.946236559139785
B0041,27,11,4.0,0.04670898780785478,4.050486744587676,1.9477419384591268,4.191473973303783,0.33483104590007523,-0.23602951698570515,-4.026608825793279,0.0003838386790028171,0.9348965058929486,7.508014036482144,4.53011005840237,10.069265727154304,1.7434021471149204,1021.079,85,0.05583901629185397,0.836493744154101,0.04540222414694979,False,True,B0041_p1,0,3.5080140364821437,6.0692657271543045,1.0043118117535679,1.0116358883406003,0.9998538706639641,0.9281214001118847,0.9128943993498976,0.8984426293158175,1.1197420983983437,0.973673746313247,0.9139784946236559
B0041,29,12,4.0,0.04495371533089529,4.0253168657448795,1.848331298599493,4.19266348713535,0.3924669568162827,-0.27348921678770266,-4.026925565198509,0.0009460881278900264,0.9972822832665006,7.7964600722995465,6.469955100804589,11.678125966059154,1.597462676646264,1010.562,87,0.05583901629185397,0.8050592276901075,0.04540222414694979,False,True,B0041_p1,0,3.7964600722995465,7.678125966059154,0.9980709799187263,0.9600030878247025,1.0001376228753047,1.087882936538344,0.9879570324733518,1.13660465553527,1.0260089518766742,0.9636450151475131,0.9354838709677419
B0041,31,13,4.0,0.045219329019542696,4.052602606442854,1.9596888390790306,4.191170886079178,0.32959159486094103,-0.2334393540995563,-4.026220736016629,-0.00044032310991563595,0.9307974225738128,7.8034524490998285,5.208455754367817,10.184555541046695,1.6157531413493573,1003.313,86,0.05583901629185397,0.8098160036200258,0.04540222414694979,False,True,B0041_p1,0,3.8034524490998285,6.184555541046695,1.0048364363696178,1.0178409780308157,0.9997815708151281,0.9135981153275038,0.9897766664750227,0.9155091556772159,1.037756444192899,0.9567325617653314,0.9247311827956989
B0041,33,14,4.0,0.04540222414694979,4.05448270357176,1.9992324205815248,4.191474565768196,0.3217310048162622,-0.23474919435723154,-4.026600353147187,-0.0005187670496533973,0.9348067730496216,7.338169121535551,6.500417351920496,10.778359079693514,1.108467000180839,1006.187,86,0.05583901629185397,0.8130914038608029,0.04552080257033988,False,True,B0041_p1,0,3.338169121535551,6.778359079693514,1.0053026034929462,1.0383794823426817,0.9998540119932056,0.8918092700955413,0.8686954679886395,1.0034107959319796,0.7119396788869468,0.9594731316398507,0.9247311827956989
B0041,35,15,4.0,0.04567901224974174,4.049754413243471,1.9251333188603235,4.1914127894156605,0.3383447596211453,-0.23568926542344776,-4.027650788959281,0.0023258367985470275,0.9330096512521734,7.996082185455724,5.173552618385618,10.339342995308634,1.5902964292630624,996.765,85,0.05583901629185397,0.8180482981826022,0.04567901224974174,False,True,B0041_p1,0,3.996082185455724,6.339342995308634,1.0041302313496607,0.9998932182669229,0.9998392755721777,0.9378610970077488,1.0399049172855264,0.9384225777687879,1.0214062565686597,0.9504885633177489,0.9139784946236559
B0041,39,16,4.0,0.04552080257033988,4.05160764529163,1.9740055332079238,4.190379159747539,0.3270213757355005,-0.23708766412975693,-4.027227829304676,0.000268681546977792,0.9384866967814762,7.616516148546487,6.627252524001135,11.13650452054683,1.2782295647155844,999.422,85,0.05583901629185397,0.8152149803717198,0.045728541460242564,False,True,B0041_p1,0,3.616516148546487,7.136504520546829,1.0045897373185109,1.0252769125851857,0.9995927087006935,0.9064737001858741,0.941130024803809,1.0564276098305854,0.8209737824391261,0.9530222077702881,0.9139784946236559
B0041,41,17,4.0,0.045728541460242564,4.046009584492231,1.8695092344510635,4.192073381143846,0.35251783834946016,-0.23747574678748198,-4.026713712659612,0.014348935166405475,0.9344638421594266,8.204866825805862,5.166274495344972,9.695569312291523,0.8715435622256017,990.234,84,0.05583901629185397,0.8189352982372227,0.045728541460242564,False,True,B0041_p1,0,4.204866825805862,5.695569312291523,1.0032017069561692,0.9710026763869186,0.9999968562229372,0.9771475904028244,1.0942371767530674,0.8431237811011041,0.5597698837454361,0.9442607756175104,0.9032258064516129
B0041,43,18,4.0,0.045860512192502,3.9895918681265607,1.9264050760509093,4.1904893432927715,0.41956570867534076,-0.3840869068940257,-4.026997259040961,-0.00019235288570000674,1.170540333593511,8.60158441430347,5.760800794786144,10.5100184115379,1.4658784865404522,608.953,52,0.05583901629185397,0.8212987125848118,0.045860512192502,False,True,B0041_p1,0,4.6015844143034705,6.510018411537899,0.9892130230001195,1.00055375506076,0.9996189924006249,1.1629982277417152,1.1974754366051406,0.963687919016005,0.9414958305701784,0.5806813663180721,0.5591397849462365
B0041,45,19,4.0,0.045983556030275076,3.985571015537921,1.9303413820598547,4.192034113238024,0.42541873135401403,-0.3994046475100103,-4.027300892979811,0.00037118291706968545,1.1919787450312778,8.142046999932631,5.657022877466849,10.61900706852965,1.7702480336060973,586.719,50,0.05583901629185397,0.8235022585271322,0.045983556030275076,False,True,B0041_p1,0,4.1420469999326315,6.619007068529649,0.9882160589306809,1.0025982294069304,0.9999874890724123,1.1792222776616204,1.077889503507918,0.9798216755452615,1.1369845168057893,0.5594796159387884,0.5376344086021505
B0041,47,20,4.0,0.04612876296673401,3.980535614492745,1.9192879295943026,4.191331438635326,0.4324167416050779,-0.40701282792967935,-4.026869354986675,1.6889090996621283e-05,1.2008970153626353,8.360837093570488,5.735635064611271,10.81117656025071,1.7826212717601673,575.922,49,0.05583901629185397,0.8261027150914094,0.04612876296673401,False,True,B0041_p1,0,4.360837093570488,6.8111765602507095,0.9869675391686192,0.9968571869292675,0.9998198697752869,1.1986201296581556,1.1348254932269133,1.0082688174530035,1.144931527584426,0.549183884228564,0.5268817204301075
B0041,51,21,4.0,0.0463714545530443,4.044423526176633,1.8958889997737756,4.183657953138958,0.3345240081849254,-0.22708609506318292,-4.026286824191878,0.0009680326886943136,0.9160632410040974,7.424942900733046,4.9668475032215,8.406830339250588,0.6597349627007961,1050.406,88,0.05583901629185397,0.8304489876876495,0.0463714545530443,False,True,B0041_p1,0,3.424942900733046,4.406830339250588,1.0028084462937035,0.9847040383587056,0.9979894005360899,0.9272703193128925,0.8912767051832475,0.6523497923695958,0.4237306996230556,1.0016391926284964,0.946236559139785
B0041,55,22,4.0,0.04642385425314327,4.046519260018804,1.8503922251966067,4.190189952777753,0.35000802777432316,-0.22827621606261203,-4.02722660963012,0.0013162081957901793,0.9168615099920898,7.9013472750820934,4.520533362554202,9.345446470246115,0.8876368645721596,1040.75,87,0.05583901629185397,0.8313873942638882,0.04642385425314327,False,True,B0041_p1,0,3.9013472750820934,5.345446470246115,1.003328080200615,0.9610735105884723,0.9995475743822408,0.9701906223034358,1.0152519460591833,0.7912945646963226,0.570106195519237,0.9924314881370705,0.9354838709677419
B0041,57,23,4.0,0.046579469530564604,4.0486772026987,1.9189577261874917,4.19007809729293,0.33520040056173844,-0.2361895202725738,-4.0270290979278105,0.002116614515053117,0.9337577635830914,7.528844792233565,6.3067293464242065,10.959408995323104,1.3568905132490456,1019.125,85,0.05583901629185397,0.8341742499027479,0.046579469530564604,False,True,B0041_p1,0,3.5288447922335653,6.959408995323104,1.003863138690907,0.9966856828864648,0.9995208918499938,0.9291452178549473,0.918315210116883,1.0302118900920014,0.8714956747739622,0.9718104639420534,0.9139784946236559
B0041,59,24,4.0,0.04672600894839656,3.987337891451254,1.8900554775200376,4.190880582293337,0.42667375458205525,-0.3826962842101839,-4.026309388573787,0.0001997700028285643,1.1670658428549916,8.9516558822886,6.304291214523864,10.83821929996881,1.400703435175868,618.844,52,0.05583901629185397,0.8367985693761791,0.04672600894839656,False,True,B0041_p1,0,4.9516558822886,6.838219299968809,0.9886541530318489,0.9816741706176106,0.999712320387763,1.1827010886316467,1.2885749245696463,1.012271995311493,0.8996355811154158,0.5901131605521954,0.5591397849462365
B0041,61,25,4.0,0.046863472432443716,4.044136561678348,1.8174460639575951,4.191090626108922,0.3590900349896369,-0.23064748794571008,-4.028003656373331,0.0014902855726429537,0.9205212902824572,8.178079824357086,4.80906454301282,9.713734913231036,0.9082856279794291,1039.547,86,0.05583901629185397,0.8392603513554439,0.046863472432443716,False,True,B0041_p1,0,4.178079824357086,5.713734913231036,1.0027372938981138,0.9439616343001754,0.9997624252251923,0.9953651255513178,1.0872663655351944,0.8458128626152283,0.5833683620854818,0.9912843393691351,0.9247311827956989
B0041,63,26,4.0,0.047123070484888584,4.04413456868279,1.8839750015583074,4.189832720082945,0.3462452475839987,-0.24064511559111762,-4.026666130577684,0.0021532698467925148,0.9419670107267162,7.858156748807482,7.019446543104292,11.338971542207569,1.2294647222750152,1004.328,83,0.05583901629185397,0.8439093955128127,0.047089685801538064,False,True,B0041_p1,0,3.858156748807482,7.3389715422075685,1.0027367997380028,0.9785160378179725,0.9994623584188576,0.9597605356632638,1.0040124273083957,1.086399110744899,0.7896533856546956,0.957700438739109,0.8924731182795699
B0041,67,27,4.0,0.047089685801538064,4.043477180478885,1.8734696416805767,4.190041335900519,0.3484703855908474,-0.2402450705851821,-4.027056277337461,0.0006415103510002413,0.9407758067650318,7.290664996377678,5.856900670262023,8.874610339188825,0.539258118236918,1005.75,83,0.05583901629185397,0.8433115217398216,0.047123070484888584,False,True,B0041_p1,0,3.2906649963776777,4.874610339188825,1.002573801367752,0.9730596686438029,0.9995121226149403,0.9659284171295927,0.8563334165966995,0.7215959766659154,0.3463515390824776,0.9590564200757711,0.8924731182795699
B0041,69,28,4.0,0.04716816990682447,4.04227054005478,1.886110144063044,4.189984813034986,0.3493013006271103,-0.24333347418814677,-4.02788379150145,0.00017331577046563503,0.9462764324752166,7.329912113720836,6.568666933574381,10.892975819528624,1.042424093956705,995.797,82,0.05583901629185397,0.8447170641454435,0.04716816990682447,False,True,B0041_p1,0,3.3299121137208356,6.892975819528624,1.0022746167741752,0.9796250075135275,0.9994986393853547,0.9682316385192258,0.8665467376497492,1.0203776861177791,0.669522028706743,0.9495655042925106,0.8817204301075269
B0041,71,29,4.0,0.047416623395846624,4.040909605277031,1.8739632417811318,4.189413584762128,0.3516321964327288,-0.24301113896312274,-4.027336921885771,0.0017978492601650278,0.9452186252778731,7.554859379508905,6.817369304375435,9.921480417012175,0.6800397967425315,998.921,82,0.05583901629185397,0.8491665244963128,0.047416623395846624,False,True,B0041_p1,0,3.5548593795089047,5.921480417012175,1.0019371751385135,0.9733160391446122,0.9993623759125793,0.9746926710462729,0.9250850151342175,0.8765657452597616,0.4367719692550495,0.952544467510325,0.8817204301075269
B0041,73,30,4.0,0.04747365818614322,4.034959849871617,1.8016696485993338,4.1899380782665405,0.37413775493962054,-0.2444397899790283,-4.026557611997337,0.00032575533621505314,0.9451673060262592,7.849809440149771,4.638556646012479,9.340703602759723,0.9471804352729605,989.141,81,0.05583901629185397,0.8501879391644812,0.04747365818614322,False,True,B0041_p1,0,3.8498094401497713,5.340703602759723,1.0004619426522732,0.9357675364832896,0.9994874910543803,1.037076045370379,1.0018401978805709,0.7905924708143716,0.6083494906264387,0.9432185199206246,0.8709677419354839
B0041,75,31,4.0,0.04767107168829607,4.036614663983007,1.8542865324237547,4.189327989081172,0.36084808774353516,-0.24859607381512622,-4.027961352078785,0.0028725804722429657,0.9555217950405968,7.70135529903965,6.916642463637622,10.415323507314886,0.788505258826595,979.203,80,0.05583901629185397,0.8537233435333732,0.04767107168829607,False,True,B0041_p1,0,3.7013552990396503,6.415323507314886,1.0008722512060653,0.963096171226115,0.9993419575171745,1.0002382889075783,0.9632078114162247,0.949670088431938,0.5064365296198186,0.933741907737962,0.8602150537634409
B0041,79,32,4.0,0.04775614866793622,4.037642497951333,1.843811769338875,4.189084331721328,0.3607592302748477,-0.2455503892791554,-4.0264324541097025,0.0001001028563430931,0.9495712526322833,7.894047750295666,7.049494752714498,10.395152109274877,0.7338874311936191,994.031,81,0.05583901629185397,0.8552469552530976,0.04775614866793622,False,True,B0041_p1,0,3.894047750295666,6.395152109274877,1.0011271010204215,0.9576556936919541,0.9992838343471614,0.9999919840345433,1.0133523825950281,0.9466840857247308,0.47135691185927203,0.9478814937154747,0.8709677419354839
B0041,81,33,4.0,0.04783369052905227,4.034094593369476,1.8387012636266087,4.189241659101563,0.3682209428027528,-0.2514955135210832,-4.02660823219147,0.0005511151310886249,0.9595753574563668,8.037186019526875,6.804651865112654,11.381000616023893,1.345840902285284,971.516,79,0.05583901629185397,0.8566356233612671,0.04783369052905227,False,True,B0041_p1,0,4.0371860195268745,7.3810006160238935,1.000247403664716,0.9550013528452462,0.9993213639587231,1.020675176837096,1.0506014138004005,1.0926207384153275,0.8643987954982754,0.9264117892183273,0.8494623655913979
B0041,83,34,4.0,0.047922817158937946,4.012161986962798,1.839823604952559,4.189006943800672,0.40244123812134697,-0.29997684312829737,-4.028071616576014,0.0023990220709778957,1.0416273928890285,7.949369169721323,6.557349570735426,11.200598645773905,1.5422967116697228,810.563,66,0.05583901629185397,0.858231758748392,0.047922817158937946,False,True,B0041_p1,0,3.949369169721323,7.200598645773905,0.9948092484340634,0.9555842846710082,0.9992653738694146,1.1155307429270287,1.0277487371798613,1.0659155605945587,0.9905772796803165,0.772931294084889,0.7096774193548387
B0041,85,35,4.0,0.048108024971614455,3.9650186584361826,1.811117308582499,4.189396334961549,0.47079941714536977,-0.4022840734511658,-4.027982365911394,0.002177850736618702,1.1888434321952068,9.047225819573063,6.191976348876232,10.936042652403566,1.405429266829322,599.047,49,0.05583901629185397,0.861548576002272,0.047922817158937946,False,True,B0041_p1,0,5.047225819573063,6.936042652403566,0.9831201343423005,0.9406745478851031,0.999358261064202,1.3050134375628448,1.3134451957789077,1.026752934838782,0.9026708605322002,0.5712352684833512,0.5268817204301075
B0041,87,36,4.0,0.04808782735825877,3.340751046871069,1.750577605139322,4.189766782198294,0.8483482451975289,-1.943108082149396,-4.02709431360029,0.0010647316852306916,1.9492482204249553,6.867303793453594,4.533650359311468,9.652988520428657,1.9903466232922338,109.078,10,0.05583901629185397,0.8611868645199258,0.04798649525462829,False,True,B0041_p1,0,2.867303793453594,5.652988520428657,0.8283339628216099,0.9092308871704472,0.9994466292864302,2.3515446693380055,0.746161659291247,0.8368204817697762,1.2783481471520726,0.10401387639972653,0.10752688172043011
B0041,91,37,4.0,0.04842261926326617,3.376535267030834,1.7948775590357675,4.1899278595155955,0.8131764619457588,-1.962068668738532,-4.0266875108806275,0.0005095861134542601,1.9658589555195451,7.376798555753924,5.800887899011662,9.298616166335734,1.3772666791542851,109.17099999999999,10,0.05583901629185397,0.8671825271809144,0.04808782735825877,False,True,B0041_p1,0,3.3767985557539237,5.298616166335734,0.837206603876136,0.932239799351561,0.9994850534255769,2.2540516646845283,0.8787480486742547,0.7843622036384341,0.8845827590165753,0.10410255872343226,0.10752688172043011
B0041,93,38,4.0,0.04798649525462829,3.516920360081993,1.975138784399138,4.191983739835927,0.7143739730228728,-1.7719212345736952,-4.026915576815353,0.00034295037115677953,1.9793354761414803,6.443867741135219,4.728611915735343,8.441835425382303,1.4549395269265504,96.484,9,0.05583901629185397,0.859372145881244,0.048108024971614455,False,True,B0041_p1,0,2.443867741135219,4.441835425382303,0.8720148666938816,1.025865510875801,0.999975472764692,1.9801800943014927,0.6359704238445634,0.6575316484684143,0.9344700197940272,0.09200457333789777,0.0967741935483871
B0041,95,39,4.0,0.04822175200495124,3.356583779630796,1.7728949542450014,4.192299139301579,0.835495466496374,-1.9559507912713312,-4.027342355246391,0.00037836403349223466,1.9603405764649307,8.159447293088878,6.013403221372391,10.811071564713467,1.8865573769605832,109.094,10,0.05583901629185397,0.8635852707882684,0.04822175200495124,False,True,B0041_p1,0,4.159447293088878,6.811071564713467,0.83225966398436,0.9208222745314403,1.0000507096332842,2.315917928300963,1.0824176011734885,1.0082532748040591,1.211686999194381,0.1040291335736974,0.10752688172043011
B0041,97,40,4.0,0.04787731566765343,3.506509095784585,1.9302106494417557,4.193421662600735,0.7307226729003666,-1.7607054829879765,-4.027238471110434,-0.00038708012406832353,1.968146317203602,5.5290205453691215,3.6403690820883403,7.830975218816948,1.649281165888527,96.906,9,0.05583901629185397,0.8574168896065952,0.04829032055579415,False,True,B0041_p1,0,1.5290205453691215,3.830975218816948,0.8694334101014988,1.002530328313036,1.000318481608661,2.0254972129083404,0.3978987192873799,0.5671050837399151,1.0592906270059514,0.09240698130137974,0.0967741935483871
B0041,99,41,4.0,0.04829032055579415,3.5159000773941735,1.9650910927147995,4.193648125269162,0.7188736927188514,-1.7681339646442331,-4.02635645614634,-0.0004599745490634908,1.9752974329860093,7.124961498497141,5.428811278743664,9.120173569834156,1.4429057562772702,97.015,9,0.05583901629185397,0.864813239248252,0.04842261926326617,False,True,B0041_p1,0,3.124961498497141,5.120173569834156,0.871761889207639,1.0206468495623318,1.0003725030762949,1.9926529106531432,0.8132122108105552,0.7579470748913875,0.9267410402119106,0.09251092079905636,0.0967741935483871
B0041,103,42,4.0,1.2156494086360898,3.3112454225976364,1.9984945380049617,4.146039771927649,0.3509122418580209,-0.854360956636137,-1.0084814254402212,0.002126268495120937,0.35978393828855104,9.154846882609299,5.275702046718262,14.806765885071044,1.8887404652667314,5608.781,457,0.05583901629185397,21.770609322382242,1.0170312865626592,False,True,B0041_p1,0,5.154846882609299,10.806765885071044,0.8210180897328837,1.0379962341920446,0.9890157830614192,0.9726970220284268,1.3414515448630706,1.599741977475764,1.213089140338328,5.348384217597816,4.913978494623656
B0041,107,43,4.0,1.1476416320946565,3.3541760641303275,1.9980483774045472,4.165360918422926,0.35344953970728393,-0.7981740885950975,-1.0102145854313622,0.0015325716425561905,0.40723561581588225,8.881539906101905,4.780035939927946,13.99744937533934,1.9604170882679952,5703.296,463,0.05583901629185397,20.55268355904184,1.0170312865626592,False,True,B0041_p1,0,4.881539906101905,9.99744937533934,0.8316626747164174,1.0377645032494436,0.9936247400135583,0.9797301823676317,1.2703285660031984,1.4799376245869376,1.2591251810638484,5.438511204963922,4.978494623655914
B0041,109,44,4.0,1.1194574527298193,3.3570606628058544,1.969259944196061,4.187489255858448,0.35959131032035435,-0.7810567570267977,-1.0150463617879395,0.0015277751086007758,0.4191194545399423,8.750669611128531,5.919482194028105,14.356275659290002,1.947533721373135,5668.032,459,0.05583901629185397,20.047943661448965,1.0170312865626592,False,True,B0041_p1,0,4.750669611128531,10.356275659290002,0.8323779064168719,1.0228121054868113,0.9989033374657155,0.996754615467154,1.2362720434009493,1.5330552247239502,1.2508505277917048,5.404884393532103,4.935483870967742
B0041,111,45,4.0,1.0841325641850128,3.360601023233454,1.9711826686049976,4.186438859109176,0.3607550158435908,-0.7613195099194562,-1.012201146303343,0.0034353988646014487,0.43131628732171223,8.86215516188506,6.049196307789685,14.518586105925962,1.860466821312498,5634.047,455,0.05583901629185397,19.41532348131947,1.0170312865626592,False,True,B0041_p1,0,4.86215516188506,10.518586105925962,0.8332557332114059,1.0238107475435756,0.998652770896012,0.999980302011963,1.2652840524281803,1.557082286809665,1.1949297102475298,5.372477202444581,4.89247311827957
B0041,113,46,4.0,1.0607784232892656,3.376453566741124,1.992456853950006,4.1865714064230355,0.35059071089738647,-0.7425489892830268,-1.0155779321659608,0.015402344614667095,0.4422310422152451,8.671218071184748,4.402765756364194,12.628628797798616,1.8434382395096882,5582.375,449,0.05583901629185397,18.99708293113352,1.0170312865626592,False,True,B0041_p1,0,4.671218071184748,8.628628797798616,0.8371863464179208,1.0348603270413843,0.9986843893542567,0.971805767262725,1.2155962806816134,1.2773090342378537,1.183992692674057,5.323204159105625,4.827956989247312
B0041,115,47,4.0,1.0170312865626592,3.3670420302190878,1.9860813942080053,4.187026822244992,0.368436364587118,-0.7321893718076325,-1.0096426599672785,0.0030485900875226795,0.44741881725656923,8.757399436040695,5.9538134669429805,14.249076739876307,1.9368019668767116,5567.329,447,0.05583901629185397,18.2136318671328,1.0170312865626592,False,True,B0041_p1,0,4.757399436040695,10.249076739876307,0.8348527707535982,1.031548982888277,0.9987930263815279,1.0212723065554057,1.2380233532323888,1.5171864057683146,1.2439577995022466,5.308856694132759,4.806451612903226
B0041,119,48,4.0,1.0000374999808574,3.364330094542419,1.9641170559105665,4.163770340966965,0.36212661706557386,-0.7199523659573055,-1.0091487810629698,0.002327712188412485,0.4533797660893539,8.639658664137915,4.303002687643618,13.400963787224587,1.9433136503306163,5528.453,442,0.05583901629185397,17.909296516864806,1.0000374999808574,False,True,B0041_p1,0,4.639658664137915,9.400963787224587,0.834180350571892,1.0201409454852721,0.9932453162032084,1.003782256645889,1.2073835410402554,1.3916389564734093,1.248140085331622,5.271785575677014,4.752688172043011
B0041,121,49,4.0,0.991506494786248,3.3751162200711295,1.9738816345942323,4.187200947787786,0.36094560578385315,-0.7118463228821923,-1.009833327026415,0.002167212175422763,0.45711332067803073,8.65548107609068,4.413148229926141,13.143596987494343,1.9092192257991814,5513.39,440,0.05583901629185397,17.75651794444117,0.991506494786248,False,True,B0041_p1,0,4.65548107609068,9.143596987494343,0.8368547534164428,1.025212560998535,0.9988345631056144,1.0005086001025059,1.2115010249230653,1.3535405579779038,1.2262421184559413,5.257421899956804,4.731182795698925
B0041,123,50,4.0,0.9655644425371017,3.3621759630641312,1.96202217374659,4.186784389157799,0.37599447656836105,-0.7087128423143153,-1.009193591238253,0.004775678671593971,0.4586651793037471,8.759984675272241,4.203006390025938,14.777209247015291,2.0971922659004276,5486.187,432,0.05583901629185397,17.291931460439468,0.9655644425371017,False,True,B0041_p1,0,4.759984675272241,10.777209247015291,0.833646237063039,1.0190528865709583,0.9987351952552581,1.0422227099308656,1.238696112916619,1.5953666634258719,1.3469723393711799,5.231481843486188,4.645161290322581
B0041,125,51,4.0,0.9383311962439673,3.368210631607209,1.9654140118768377,4.186125026049552,0.3803697284298251,-0.6979025722864983,-1.0088082268326934,0.003460380138785523,0.46331521370423817,8.830297151200996,5.6046085183707,14.304402604245366,2.052200611114356,5461.922,433,0.05583901629185397,16.80422146657435,0.9383311962439673,False,True,B0041_p1,0,4.8302971512009965,10.304402604245366,0.8351425236280867,1.020814570247963,0.9985779076852643,1.0543505126935642,1.2569936068297713,1.5253763775519713,1.3180753634072924,5.208343385585976,4.655913978494624
B0041,127,52,4.0,0.9298903389240268,3.370853913355754,1.9863126768890387,4.186746028379296,0.3774355272781665,-0.6933558264284685,-1.0103209549778753,0.0022272824153911335,0.4652726485331575,8.799768115250679,5.733998101884978,14.331273599738246,2.034510345940898,5438.157,430,0.05583901629185397,16.653057318627642,0.9298903389240268,False,True,B0041_p1,0,4.799768115250679,10.331273599738246,0.8357979211763946,1.031669108586587,0.9987260444951407,1.0462171722687936,1.2490490018063134,1.5293541318517945,1.306713363722176,5.185681714372354,4.623655913978495
B0041,131,53,4.0,0.9072117399448598,3.3581793261108124,1.9630747982406382,4.163158535852763,0.38560690748897264,-0.6902880247189804,-1.0124340477235452,0.003805457706842556,0.46634298247951095,8.745105198865453,4.264205845763913,14.563719307573445,2.2313091815680317,5402.875,426,0.05583901629185397,16.246914795259524,0.9176870676937323,False,True,B0041_p1,0,4.745105198865453,10.563719307573445,0.8326552772222563,1.0195996082357226,0.9930993733402864,1.0688674997547438,1.2348240102010215,1.563763423240417,1.4331121647860314,5.152037738619818,4.580645161290323
B0041,133,54,4.0,0.9176870676937323,3.37598164284238,1.9779431503032714,4.186772472927074,0.3791148159350835,-0.6857268851295145,-1.0090835879550415,0.0028049895931582343,0.4680954715173114,8.946917298516645,5.566480675648516,13.829855263617011,1.9722457063803367,5384.438,423,0.05583901629185397,16.43451351107717,0.9157430721963028,False,True,B0041_p1,0,4.946917298516645,9.829855263617011,0.8370693336301638,1.0273220678953128,0.9987323527016625,1.0508720086662373,1.2873417976376327,1.455128413528674,1.2667223964786536,5.134456706338498,4.548387096774194
B0041,135,55,4.0,0.9157430721963028,3.375216189144452,1.9639398858129093,4.186831658425379,0.3791173404588972,-0.6851603503311268,-1.0105284011067648,0.003690648409006258,0.4684929561346768,9.040543925569377,5.435374069240047,13.737164003906683,1.9952309461095377,5344.859,419,0.05583901629185397,16.399699224821322,0.9111662690050432,False,True,B0041_p1,0,5.040543925569377,9.737164003906683,0.8368795405907946,1.020048925271715,0.9987464710881643,1.0508790064181044,1.3117063590611586,1.4414071854868447,1.2814852213433334,5.0967152258014075,4.505376344086022
B0041,137,56,4.0,0.9111662690050432,3.378276210248986,1.9702983324374248,4.186655518987532,0.37530316236482153,-0.6819162824683657,-1.0086893503366123,0.0020335109340240748,0.46965991831081166,8.532733645586704,4.471969426664863,12.81091218035467,1.9827191540834224,5305.156,415,0.05583901629185397,16.317734973027594,0.9072117399448598,False,True,B0041_p1,0,4.532733645586704,8.81091218035467,0.837638268006359,1.023351432997429,0.9987044539601015,1.0403064494336303,1.1795583243875678,1.304292720381553,1.2734492209969817,5.058855502166042,4.462365591397849
B0041,139,57,4.0,0.8968901443572698,3.3576825497066554,1.9730383300739132,4.18742749688236,0.3863067837289143,-0.6894186362655551,-1.0089940440238492,0.0018133685396086406,0.4667644491420321,8.782675041661408,4.586417910662455,14.671197747849568,2.1033422125770045,5284.547,412,0.05583901629185397,16.062069211060077,0.8968901443572698,False,True,B0041_p1,0,4.782675041661408,10.671197747849568,0.8325321022949066,1.0247745578417977,0.998888605189747,1.0708074934431235,1.2446008522307865,1.5796736200941175,1.3509222910263754,5.039203308518176,4.43010752688172
B0041,143,58,4.0,0.8862133472800153,3.372443445163586,1.9838761544280692,4.162787419492519,0.37849698843808427,-0.6747860827784834,-1.0115567754248007,0.0039332100550204495,0.4722799984867935,8.560357801003482,4.6583539577042306,13.038382746716444,2.0049196089446135,5267.843,409,0.05583901629185397,15.870862456602765,0.8931124136187014,False,True,B0041_p1,0,4.560357801003482,9.038382746716444,0.8361920430857915,1.030403605433631,0.9930108455021989,1.049159446678441,1.1867469891148152,1.3379655340169272,1.287707998842819,5.0232748188925775,4.397849462365591
B0041,145,59,4.0,0.8931124136187014,3.3616482008091766,1.9788346452939312,4.187165554713402,0.3809775031231385,-0.6895848665473618,-1.0167179389820475,0.0021419900201196506,0.46669094555693774,8.764133478033603,4.736231487596505,13.714494392375379,1.980773703548509,5229.688,406,0.05583901629185397,15.994415248124499,0.8862133472800153,False,True,B0041_p1,0,4.764133478033603,9.714494392375379,0.8335153792427641,1.0277851006559775,0.9988261202755638,1.0560352092180285,1.239775760479447,1.4380513684398784,1.2721997084459622,4.986891226838895,4.365591397849462
B0041,147,60,4.0,0.880898507091054,3.355787384613788,1.9814002802204322,4.187045396695641,0.38712543446094855,-0.6897175362541831,-1.0092383149208406,0.00548263768897364,0.4666217755090511,8.765404824218605,4.393076091050365,14.575589138075149,2.1031613933330737,5206.954,403,0.05583901629185397,15.775680977022569,0.880898507091054,False,True,B0041_p1,0,4.765404824218605,10.575589138075149,0.832062199093635,1.029117663413281,0.998797457218149,1.0730767192897763,1.2401066043129816,1.565520532288678,1.3508061555036763,4.965212689773021,4.333333333333333
B0041,149,61,4.0,0.8798879382023741,3.3727607964555295,1.9709138772975623,4.186293612544601,0.38246480754096474,-0.6799724655286791,-1.009966218358327,0.0015529494938448828,0.47057865168621216,8.755093905294753,5.137510763440577,13.067203225526347,1.905474681798405,5179.062,400,0.05583901629185397,15.757583077815356,0.8798879382023741,False,True,B0041_p1,0,4.755093905294753,9.067203225526347,0.8362707298390317,1.0236711402744059,0.9986181230989087,1.0601578826545814,1.23742338239886,1.342231873294883,1.2238370947131905,4.938615621248285,4.301075268817204
B0041,151,62,4.0,0.8682347537115443,3.3509928631825083,1.963309434324626,4.187093036345873,0.3916434417713665,-0.6917951426190972,-1.0090929337978087,0.0011829916275836153,0.46579467102864297,8.893802155578395,4.616943449397521,14.838581695723233,2.1215725926617073,5144.109,396,0.05583901629185397,15.548890567368503,0.8740613459569593,False,True,B0041_p1,0,4.8938021555783955,10.838581695723233,0.830873405052629,1.0197214756548991,0.9988088214038711,1.0856002272559768,1.2735195848400973,1.6044517202784685,1.3626311925465586,4.905285371135526,4.258064516129032
B0041,155,63,4.0,0.8443569490395516,3.3532732844068915,1.969632856814267,4.1622764650624795,0.3948573681660463,-0.6809063812932633,-1.0114348379697002,0.002154094041995595,0.47002500597575675,8.81827276383748,5.200284242753549,14.14400886283852,2.1395820628271105,5142.891,395,0.05583901629185397,15.121271919017133,0.8682347537115443,False,True,B0041_p1,0,4.818272763837481,10.14400886283852,0.8314388319052121,1.023005792227515,0.9928889600347328,1.094508940775263,1.253864487115423,1.5016330482542222,1.3741982093403733,4.904123918766992,4.247311827956989
B0041,157,64,4.0,0.8657093203148538,3.3628002392609977,1.9745500537070804,4.186536627382842,0.3882120566056174,-0.68532451408367,-1.0109225916210234,0.0023120161465997897,0.4684074176091228,8.817889726396931,5.497464666888083,13.627764711730384,2.030920605774337,5109.734,391,0.05583901629185397,15.503663527846696,0.866972037013199,False,True,B0041_p1,0,4.817889726396931,9.627764711730384,0.8338010253632716,1.0255597305848432,0.9986760929988034,1.0760887376753223,1.253764808855706,1.4252126420071596,1.3044077664774658,4.872506286432463,4.204301075268817
B0041,159,65,4.0,0.848696904019178,3.3571560938046225,1.9757714925691652,4.186463574636571,0.39448652359135594,-0.6877787777947552,-1.008247978169289,0.001279352101969007,0.46739279810292794,8.813349159884925,5.49154401528712,13.996072333026769,2.0814979143821337,5078.937,388,0.05583901629185397,15.198994545020117,0.8657093203148538,False,True,B0041_p1,0,4.813349159884925,9.996072333026769,0.8324015683827822,1.026194132588466,0.9986586666538979,1.0934809931279346,1.2525832121757674,1.479733778920657,1.3368922633937712,4.843139087258639,4.172043010752688
B0041,161,66,4.0,0.8364948433646345,3.353212474513757,1.9845398354520498,4.186593388980786,0.39759198873019286,-0.6879305049076954,-1.0087841111125984,0.0014094178166973621,0.46729244206396325,8.798028132789177,5.016845959500307,14.227945473001952,2.181136205034627,5051.672,385,0.05583901629185397,14.98047241721674,0.8572031121670158,False,True,B0041_p1,0,4.798028132789177,10.227945473001952,0.8314237541879406,1.0307483141083338,0.9986896331767386,1.102089061847811,1.248596204232657,1.5140583122188054,1.400887359901297,4.817139909238886,4.139784946236559
B0044,2,0,22.0,1.686525555152074,3.439679725636751,2.6909422904080547,4.181787286734685,0.19004566542184853,-1.8098343456068091,-1.9964791277692224,0.002959744197394814,0.5763253845332651,32.08333169533252,22.898191363080095,37.78004007704112,3.3949654827383418,3360.922,358,1.6534010755700512,1.0200341466274916,1.6493078329595723,False,True,B0044_p1,0,10.083331695332518,15.780040077041122,0.9961931124262428,1.0022918948256057,0.999595243837971,0.9532896351896306,1.0678169635510146,1.026063670703759,0.9848406008979332,1.0357880631669716,1.0498533724340176
B0044,4,1,22.0,1.6624606531639186,3.452824239327816,2.6852515353168815,4.183923616071334,0.19708199788351793,-1.8219328456366495,-1.996937518623866,0.0013695111015536744,0.5591133257695741,31.44294016626267,22.48508893482155,37.37920163006831,3.410389033063378,3289.406,348,1.6534010755700512,1.0054793587156363,1.6452145903490936,False,True,B0044_p1,0,9.44294016626267,15.379201630068309,1.0,1.0001722664249328,1.000105902199519,0.9885846406851184,1.0,1.0,0.9893147961871992,1.0137478554128347,1.0205278592375366
B0044,6,2,22.0,1.6534010755700512,3.4521568195939896,2.6435613323767395,4.183717457974608,0.2025598772388384,-1.8359320421754788,-1.997287749488606,0.001288924672163811,0.5378160022559482,31.14990089807352,22.240089226113486,37.15907806475986,3.447223316791535,3244.797,341,1.6534010755700512,1.0,1.6404393263582173,False,True,B0044_p1,0,9.149900898073518,15.15907806475986,0.9998067032412989,0.9846439689027282,1.000056623114086,1.0160622766556882,0.9689673700108671,0.9856869315713972,1.0,1.0,1.0
B0044,8,3,22.0,1.6452145903490936,3.4552256770525456,2.6433677125804977,4.183480576276661,0.20275342777433777,-1.8454888344252123,-1.9967295286630409,0.0013397859482086375,0.5226405326816531,31.12954746264574,22.149471524549643,37.12091726941865,3.5216998213995376,3211.438,336,1.6534010755700512,0.9950486997124184,1.635664062367341,False,True,B0044_p1,0,9.12954746264574,15.120917269418648,1.0006954995558064,0.9845718515804271,1.0,1.0170331470986809,0.9668119570706795,0.9832056067107747,1.0216047809392637,0.9897192335915005,0.9853372434017595
B0044,10,4,22.0,1.635664062367341,3.463672030116032,2.684789036307898,4.181986298076157,0.1993577380960868,-1.8546992944071559,-1.9979913128709894,0.0017733280248056248,0.5072625922953297,31.513994261671055,22.518176597194316,37.70825289621454,3.5632182179266776,3175.594,330,1.6534010755700512,0.9892724073639574,1.6312205194409937,False,True,B0044_p1,0,9.513994261671055,15.708252896214539,1.0031417153137017,1.0,0.9996428145958228,1.0,1.0075245732957459,1.0213958613757228,1.0336487922236217,0.9786726257451545,0.967741935483871
B0044,14,5,22.0,0.0,3.5268413438277695,3.2896584926178556,4.18108163961898,0.1486991387816886,-1.978883934795127,-1.9962095515627811,-0.0010508030704849062,0.1695515510957761,30.9572734254796,23.111416465978767,35.59949904890386,3.0505914568325503,2646.625,274,1.6534010755700512,0.0,1.6267769765146463,True,False,B0044_p1,-1,8.957273425479599,13.599499048903859,1.0214366846875365,1.2252949666174775,0.9994265691894723,0.7458909807153727,0.9485682708741245,0.8842786105564217,0.884941640413321,0.8156519498754468,0.8035190615835777
B0044,16,6,22.0,1.6267769765146463,3.4680330762776053,2.6725301429926103,4.183320051971667,0.20378496340380664,-1.8756028913091127,-1.9967897857151822,0.0006334345228696479,0.4700570247588047,31.634787338016164,23.10770092672458,37.649599494653536,3.431351558372636,3121.672,321,1.6534010755700512,0.9838973740559437,1.6159715504743064,False,True,B0044_p1,2,9.634787338016164,15.649599494653536,1.004404752717083,0.9954339454052055,0.9999616290067403,1.0222074415069156,1.0203164658862203,1.0175820482161158,0.9953957846764417,0.9620546370081087,0.9413489736070382
B0044,18,7,22.0,1.6159715504743064,3.4679406316174908,2.69384241497005,4.183385673000076,0.20140119762318998,-1.8740941775158022,-1.9971940723453783,0.0033231258814095015,0.4729439585911757,31.273656122735403,22.666098176277377,37.14337821498799,3.462097715504761,3102.937,317,1.6534010755700512,0.9773621018827268,1.6076028386649623,False,True,B0044_p1,2,9.273656122735403,15.14337821498799,1.0043779790808633,1.0033721005783762,0.9999773147562525,1.0102502142461018,0.982072951798204,0.9846660821053771,1.0043148926966154,0.9562807781195557,0.9296187683284457
B0044,20,8,22.0,1.6076028386649623,3.465103331199183,2.6763379244951913,4.183075069105795,0.20292372458505306,-1.87297275010726,-1.9966888809490444,0.00045380433139001946,0.4749794350205845,31.0513882525287,22.361891686471996,37.11952925248905,3.5168320599614042,3089.437,314,1.6534010755700512,0.9723005884163353,1.6003360401431612,False,True,B0044_p1,2,9.0513882525287,15.119529252489052,1.0035562458498488,0.9968522249985315,0.9999030694266479,1.0178873743403305,0.9585349576678576,0.9831153538509071,1.0201926991009844,0.9521202713143534,0.9208211143695014
B0044,22,9,22.0,1.6003360401431612,3.463878052026492,2.6678573050009757,4.18316470580942,0.20402213352863519,-1.871931466677304,-1.9967525939808977,0.0017642344012601652,0.4770646865152972,30.825315603911406,22.10778895384647,36.8278472964388,3.522888338255278,3077.75,311,1.6534010755700512,0.9679055274543145,1.5978700914991917,False,True,B0044_p1,2,8.825315603911406,14.827847296438797,1.0032013829643491,0.9936934593079959,0.9999244957729618,1.0233971125329493,0.9345940404707967,0.9641493526847621,1.0219495560659433,0.9485185051638053,0.9120234604105572
B0044,26,10,22.0,1.5978700914991917,3.4618790737027214,2.651692148341609,4.1809489315384525,0.20529698360862025,-1.8711336666924587,-1.997645249612211,-8.403253962669601e-05,0.47843841228708633,30.772306222074594,21.994946007236376,37.07362320866197,3.5616418209473055,3074.875,309,1.6534010755700512,0.9664140873673293,1.5900310265163515,False,True,B0044_p1,2,8.772306222074594,15.07362320866197,1.0026224428894384,0.9876724437120752,0.9993948472588674,1.0297918985701515,0.9289803882710083,0.9801304106183969,1.0331914975158223,0.9476324713071419,0.906158357771261
B0044,28,11,22.0,1.5900310265163515,3.4619567664351507,2.638384304971687,4.183395298117799,0.20749329135245567,-1.869887873532527,-1.9974850325068683,0.0012396452905209891,0.4806870886209738,30.77793162980491,22.01348455985373,37.27343452416563,3.566534630842231,3061.891,306,1.6534010755700512,0.9616729116788246,1.5900310265163515,False,True,B0044_p1,2,8.777931629804911,15.27343452416563,1.0026449441020817,0.9827156880080133,0.9999796155002258,1.0408088160212154,0.9295761145629544,0.9931227180417551,1.0346108456245138,0.9436309883176051,0.8973607038123167
B0044,30,12,22.0,1.5816311155652092,3.4608461967292694,2.633572972853497,4.18312292936732,0.20784958811183754,-1.8624610796586116,-1.9972534524301682,0.0020485637364457384,0.4937173683726318,30.734077377574607,21.982597478073618,36.925553251530964,3.565938265426232,3058.469,304,1.6534010755700512,0.9565925285369145,1.5816311155652092,False,True,B0044_p1,2,8.734077377574607,14.925553251530964,1.0023233031412613,0.9809236171774476,0.9999145097239439,1.042596039144755,0.9249319834493226,0.9705024753918042,1.034437846848051,0.9425763768889086,0.8914956011730205
B0044,32,13,22.0,1.5714556311034702,3.462773986667914,2.670554577314724,4.183401469736752,0.2045397178695034,-1.8611231730261666,-1.9973962391444862,0.0029975639144892508,0.4960634561904371,30.711931701692418,21.96611305264065,36.82542072716141,3.5624790645009146,3040.75,301,1.6534010755700512,0.950438253804614,1.5714556311034702,False,True,B0044_p1,2,8.711931701692418,14.825420727161408,1.0028816257794908,0.994698108938664,0.9999810907357003,1.0259933716288403,0.9225867736426027,0.9639915701590004,1.033434372281008,0.9371156346606583,0.8826979472140762
B0044,34,14,22.0,1.563220798569978,3.46142516586872,2.662418584963947,4.182608034549464,0.20510538041249615,-1.8534672146493336,-1.9986091240587898,0.002513460275417969,0.5090505817209532,30.692223526355477,21.93800756646044,36.86402084995953,3.585611817568242,3037.641,299,1.6534010755700512,0.9454577123890031,1.563220798569978,False,True,B0044_p1,2,8.692223526355477,14.86402084995953,1.0024909830170152,0.9916677060873599,0.999791431629408,1.0288307961923158,0.9204996932428609,0.9665014613566458,1.0401449189852634,0.9361574853527047,0.8768328445747801
B0044,38,15,22.0,1.5606775388245586,3.459888006806987,2.656737093913297,4.180665797789407,0.20526620028212417,-1.8464485055279796,-1.9964580129835687,0.0020262994622793403,0.5208480888146099,30.656716513936473,21.82718305302701,36.854479447477715,3.6070329812705304,3044.828,298,1.6534010755700512,0.9439195134710289,1.5606775388245586,False,True,B0044_p1,2,8.656716513936473,14.854479447477715,1.0020457941063765,0.9895515282522243,0.9993271682667261,1.0296374860713438,0.916739528316066,0.9658810518769261,1.046358953219119,0.9383724159015187,0.873900293255132
B0044,40,16,22.0,1.5523886011314287,3.459225464203645,2.6456088379984415,4.183243082901965,0.20728857517269156,-1.8450475324556972,-1.998262725597201,3.741603769891466e-05,0.5230913964940568,30.677651249958302,21.874894396658306,37.00807199261186,3.6179105520570616,3030.25,295,1.6534010755700512,0.9389062485012623,1.5523886011314287,False,True,B0044_p1,2,8.677651249958302,15.00807199261186,1.0018539098523807,0.9854066007497793,0.9999432306735108,1.0397819374976167,0.918956500535865,0.9758680816869686,1.0495144119135258,0.9338796849232787,0.8651026392961877
B0044,42,17,22.0,1.5444592876561967,3.459378780567444,2.657434360611611,4.182596378873874,0.20624697550338877,-1.8438251021984409,-1.997119290009149,0.0006154231002514857,0.5247594647406553,30.670401222972917,21.89720723607561,36.85691194751145,3.619415960625847,3017.578,293,1.6534010755700512,0.9341104892675275,1.545242808242328,False,True,B0044_p1,2,8.670401222972917,14.856911947511449,1.001898313028787,0.9898112383035113,0.9997886455101999,1.0345571607758786,0.9181887283316856,0.9660392200375527,1.0499511136965094,0.9299743558687955,0.8592375366568915
B0044,44,18,22.0,1.536558134180655,3.4594746923592585,2.6700448196473143,4.182792894198413,0.20533308407060738,-1.8359182150531628,-1.99785698826369,0.0013502484419816493,0.5373286956621534,30.695903900430444,21.85039318802649,36.933977837728406,3.631962431798582,3015.0,291,1.6534010755700512,0.9293317615938336,1.5444592876561967,False,True,B0044_p1,2,8.695903900430444,14.933977837728406,1.0019260908087049,0.9945082401405886,0.9998356196316178,1.029972982396302,0.9208894419874433,0.9710502662589823,1.0535907012775114,0.9291798531618465,0.8533724340175953
B0044,46,19,22.0,1.5307255867941072,3.457758884701852,2.6538669632174807,4.183044202315208,0.20775346205206047,-1.837930189329905,-1.9975757894737975,0.001634489155381155,0.5342114832576487,30.693601629277207,21.880672170446175,36.96952216360131,3.643075312887939,2999.454,282,1.6534010755700512,0.9258041556954664,1.5397144491816253,False,True,B0044_p1,2,8.693601629277207,14.969522163601312,1.0014291620516997,0.9884824942771142,0.9998956911706659,1.0421138604207432,0.920645633267627,0.9733614607362959,1.0568144207955437,0.9243887984363891,0.8269794721407625
B0044,50,20,22.0,1.545242808242328,3.4604365465272604,2.679338771098678,4.17495739021519,0.20214672442500858,-1.8224062753285977,-1.996154584194868,0.003135489908787445,0.5572627167345805,31.3317805416781,22.12957023148279,37.880341936530016,3.8402160250953337,3054.859,292,1.6534010755700512,0.9345843734313327,1.536558134180655,False,True,B0044_p1,2,9.3317805416781,15.880341936530016,1.0022046610750528,0.9979699465635798,0.9979626567146496,1.0139898574068769,0.9882282824387985,1.0325855865939044,1.1140026833740415,0.9414638265506285,0.8563049853372434
B0044,54,21,22.0,1.5397144491816253,3.4673706320595796,2.6880235920055937,4.1804104728622375,0.2041067683859723,-1.8277755287188366,-1.9969183804123913,0.001991462135054142,0.5496705487268012,32.003093392777586,22.953585363402762,38.4338113726962,3.777595353817037,3034.875,289,1.6534010755700512,0.9312407448693417,1.5307255867941072,False,True,B0044_p1,2,10.003093392777586,16.433811372696198,1.0042128969572444,1.0012047708978074,0.9992661365677581,1.023821650141298,1.0593197898802968,1.0685737639700355,1.0958371438880241,0.9353050437361721,0.8475073313782991
B0044,56,22,22.0,1.5305357077773765,3.4682443755783012,2.687370056924405,4.183012088063382,0.20500127427430445,-1.8199294716775476,-1.9973605086578852,0.0016564879469571896,0.5616493938004302,32.229129548420126,23.24165959911858,38.62527616952544,3.757283084003922,3030.0,287,1.6534010755700512,0.9256893142214064,1.5305357077773765,False,True,B0044_p1,2,10.229129548420126,16.625276169525442,1.0044659487948588,1.0009613495070198,0.9998880147272737,1.028308588530923,1.0832568424997884,1.0810233567014882,1.089944787070242,0.9338026385009601,0.841642228739003
B0044,58,23,22.0,1.5199735224097084,3.4662944691430644,2.6893554366992016,4.183156295632244,0.205139757401392,-1.8182280699458226,-1.9964576467808028,0.0006469310782040937,0.5641973248310913,32.11597218782517,23.135949966403075,38.54196067361033,3.7685164553134753,3011.781,284,1.6534010755700512,0.9193011573950136,1.5199735224097084,False,True,B0044_p1,2,10.115972187825172,16.541960673610333,1.0039012208214428,1.0017008414179103,0.9999224854428018,1.0290032348908291,1.0712735662529222,1.0756059431114215,1.0932034594210682,0.9281878034280727,0.8328445747800587
B0044,60,24,22.0,1.5136629526844203,3.4597034229251418,2.633690741780774,4.182731552192122,0.21086815613992352,-1.82344115362652,-1.9975793253781033,0.0011370838196343382,0.5566315651230201,31.969087731359647,22.93636450124002,38.50117611497123,3.821009992572176,2990.25,281,1.6534010755700512,0.9154844369280135,1.5136629526844203,False,True,B0044_p1,2,9.969087731359647,16.50117611497123,1.0019923352943865,0.9809674824218613,0.9998209567199171,1.057737503212887,1.0557186168537607,1.072954013601676,1.1084312333233284,0.921552257352309,0.8240469208211144
B0044,62,25,22.0,1.5012870006992953,3.4622130413589143,2.6891582121304634,4.182713459240956,0.20545446788533392,-1.814801427898659,-1.9961193009923857,0.0013205924024940665,0.5688580628978478,31.87470050843518,22.77057819761938,38.43383998472231,3.8700261619690997,2980.234,279,1.6534010755700512,0.9079992887882266,1.5023814734911674,False,True,B0044_p1,2,9.874700508435179,16.43383998472231,1.0027191659292007,1.0016273814305254,0.9998166318638946,1.0305818567539555,1.0457230835492408,1.0685756244064093,1.1226502626383612,0.9184654694885381,0.8181818181818182
B0044,66,26,22.0,1.5023814734911674,3.4628505734955555,2.6829363216833317,4.180340134562246,0.20593324074196562,-1.8075840969590578,-1.9962084053853812,0.0015097398776068836,0.5789918607252648,32.24329057966032,23.12114602411146,38.70474156110448,3.8278763351379332,2994.844,279,1.6534010755700512,0.9086612411771802,1.5012870006992953,False,True,B0044_p1,2,10.243290579660318,16.704741561104477,1.0029038067022176,0.9993099217109759,0.9992493232232931,1.0329834332425538,1.0847564846653488,1.0861904254148387,1.1104230806551538,0.9229680624088348,0.8181818181818182
B0044,68,27,22.0,1.4980955154277502,3.462862471197368,2.6587209985414955,4.182573946557156,0.20933036330585938,-1.8065211847034746,-1.9967029680268844,0.0004091443110585725,0.5807058559314431,32.62193857776337,23.57637165529978,39.13185799913766,3.8294125243624513,2987.672,277,1.6534010755700512,0.9060690340432036,1.4980955154277502,False,True,B0044_p1,2,10.621938577763373,17.131857999137658,1.002907252490647,0.9902904707171142,0.999783283392148,1.0500237678507667,1.1248550123946541,1.1139627668085632,1.1108687115538063,0.9207577546453599,0.8123167155425219
B0044,70,28,22.0,1.4906542391377111,3.4614145860859864,2.660938360343116,4.182900962902353,0.20970165430127932,-1.8052430334885246,-1.997103683848464,0.0017857682443869116,0.5826222490411768,32.534721843990155,23.505421833154223,39.06117424677476,3.821634124836611,2975.1100000000006,275,1.6534010755700512,0.9015684464967285,1.4906542391377111,False,True,B0044_p1,2,10.534721843990155,17.061174246774762,1.0024879189216545,0.9911163686821438,0.999861451878707,1.0518862036857928,1.1156188282997024,1.109366705578395,1.1086122869444834,0.9168863260166971,0.8064516129032258
B0044,72,29,22.0,1.4843971639436213,3.4567536825256298,2.6382065057381183,4.182966025381988,0.21248009297237852,-1.8105860657133828,-1.997186957551534,0.001717052677305801,0.575285445319716,32.315090431633784,23.260374502704018,38.900911326239694,3.8597954671823635,2953.219,272,1.6534010755700512,0.897784080267299,1.4843971639436213,False,True,B0044_p1,2,10.315090431633784,16.900911326239694,1.0011380374225416,0.9826494633508189,0.9998770041152835,1.0658231528989708,1.0923600329997956,1.0989459487413344,1.1196824552622329,0.9101398330927944,0.7976539589442815
B0044,74,30,22.0,1.4725321936230114,3.457596686753219,2.6803751950872314,4.183016347451806,0.20838885391119769,-1.7950692987909964,-1.9960209799250945,0.0013777344731151111,0.5963730669711748,32.11227103017126,22.97677225131331,38.637548513661336,3.877891040799829,2955.484,271,1.6534010755700512,0.8906079809554491,1.4725321936230114,False,True,B0044_p1,2,10.112271030171257,16.637548513661336,1.0013821866085868,0.9983559821047481,0.9998890328719374,1.0453010547840287,1.0708816165435364,1.081821339875849,1.1249317739035058,0.9108378736790005,0.7947214076246334
B0044,78,31,22.0,1.4663149382113208,3.456382425532515,2.695456060678521,4.1793816650979885,0.20664422966099968,-1.786985657468036,-1.9968995033172354,0.001316625320984191,0.6070440598064027,31.7443365044674,22.780633587448758,38.14612160171512,3.755994279677465,2957.016,270,1.6534010755700512,0.8868476982850468,1.4671298468877776,False,True,B0044_p1,2,9.744336504467402,16.146121601715123,1.0010305147201446,1.003973133168516,0.9990202150807352,1.036549830643649,1.0319176371869376,1.0498673461792312,1.0895709196969912,0.9113100141549687,0.7917888563049853
B0044,80,32,22.0,1.4671298468877776,3.4558985436662764,2.658317830680757,4.183025078755878,0.2113994178968586,-1.7928445896165708,-1.9963246097670302,0.0015873559542654307,0.5993747740448301,32.11351047936838,23.217531125193947,38.41020545726171,3.750578435808603,2948.219,268,1.6534010755700512,0.8873405664030719,1.4663149382113208,False,True,B0044_p1,2,10.11351047936838,16.41020545726171,1.0008903738288917,0.9901403032904426,0.9998911199627969,1.0604023697087088,1.0710128732469888,1.0670388393359547,1.0879998454232471,0.9085989046464232,0.7859237536656891
B0044,82,33,22.0,1.4593858997633138,3.4536993651226653,2.6504983510643836,4.182295217506064,0.21316736716650342,-1.7913668174036652,-1.997150820770342,0.0007251169997461292,0.601310198695111,32.04801967333395,23.296232005674824,38.342879393411714,3.7003390306838324,2935.5,266,1.6534010755700512,0.8826569193201681,1.4593858997633138,False,True,B0044_p1,2,10.048019673333947,16.342879393411714,1.0002534521696418,0.9872277915397515,0.9997166572787933,1.0692705946721799,1.06407744795769,1.062661104686949,1.0734259694344033,0.904679090864544,0.7800586510263929
B0044,84,34,22.0,1.4467901368505207,3.4526946539372747,2.688935729076874,4.182630774542257,0.21033912359031665,-1.7891101484216256,-1.9973020414669822,0.003559796186657841,0.6043794116960973,31.708021910539802,22.914322779687136,37.97725957749192,3.721036326074433,2913.797000000006,263,1.6534010755700512,0.8750388264696778,1.4467901368505207,False,True,B0044_p1,2,9.708021910539802,15.977259577491921,0.9999624697402593,1.001544513447015,0.9997968672929369,1.0550838186623939,1.0280719500081348,1.0388874508449342,1.079430017762164,0.897990536850227,0.7712609970674487
B0044,86,35,22.0,1.4390669859638228,3.44942355838508,2.687761244178016,4.182872685249836,0.21102931459873359,-1.7876594976231701,-1.997028487870564,0.002881812142580237,0.6065619053145634,31.467203186429355,22.597478447283258,37.797055139354214,3.757866015565948,2900.703,261,1.6534010755700512,0.8703677572410363,1.4390669859638228,False,True,B0044_p1,2,9.467203186429355,15.797055139354214,0.999015101636509,1.0011070545320035,0.9998546925184086,1.0585458914919132,1.0025694349153425,1.0271700390785532,1.0901138888395372,0.8939551534348682,0.7653958944281525
B0044,90,36,22.0,1.4389892550462602,3.4464363236508913,2.668468130193828,4.179973909655392,0.2118298418286963,-1.7797845626759963,-1.9965535272405561,0.0022170051863129696,0.6164549978304208,31.560453436032944,22.363262798668703,37.93561044482721,3.9260694468619435,2914.031,261,1.6534010755700512,0.8703207444994148,1.4389892550462602,False,True,B0044_p1,2,9.560453436032944,15.935610444827212,0.9981499447309927,0.9939209726003223,0.9991617825020739,1.0625614227554998,1.0124445636317936,1.0361793042410636,1.1389077776707803,0.8980626523015153,0.7653958944281525
B0044,92,37,22.0,1.4386198779578576,3.447035324752623,2.6420564556682917,4.182978380469111,0.2153525342652927,-1.786101275708508,-1.9982510496408243,0.000818349681568151,0.6085383907886678,31.887709097598353,22.829272160428808,38.32554543437737,3.8602628762458395,2901.968,259,1.6534010755700512,0.8700973400914582,1.4386198779578576,False,True,B0044_p1,2,9.887709097598353,16.325545434377368,0.9983234262233053,0.9840834493654028,0.9998799574186149,1.080231629441425,1.0471006829975198,1.0615340007285448,1.1198180452778836,0.8943450083318001,0.7595307917888563
B0044,94,38,22.0,1.4313412096653504,3.451080883804227,2.6780728769094244,4.183054454837302,0.2124336307158817,-1.7774334664210216,-1.9967399870670337,0.001534782201654243,0.6195302041127447,32.164811812502585,23.223788830436295,38.556109997490786,3.8183932177207316,2901.734,258,1.6534010755700512,0.8656951001267855,1.4313412096653504,False,True,B0044_p1,2,10.164811812502585,16.556109997490786,0.99949509288549,0.9974984405449936,0.9998981418865011,1.0655900931896234,1.0764456444211081,1.0765259729166612,1.10767213691124,0.8942728928805099,0.7565982404692082
B0044,96,39,22.0,1.422973037663468,3.450413161794029,2.6917750634373303,4.18231054917298,0.21198706134651904,-1.7758066384425826,-1.9973791391628402,0.0018952752492584655,0.62164367982224,32.13295425226488,23.21624477930183,38.62165239845955,3.7960118241038123,2887.407,256,1.6534010755700512,0.8606339131434655,1.422973037663468,False,True,B0044_p1,2,10.13295425226488,16.621652398459553,0.9993017085821153,1.0026020767497767,0.9997203220900998,1.06335005288004,1.073071953634469,1.0807877286661027,1.101179550977541,0.8898575165102779,0.750733137829912
B0044,98,40,22.0,1.4150153099745097,3.44468943990224,2.68001440979752,4.182416637290177,0.21424006599278186,-1.78107743904082,-1.9967855021957501,0.0006225391345261028,0.6149407220360765,31.75133688827036,22.853403604078057,38.18800348171553,3.7999711494346635,2861.937,253,1.6534010755700512,0.8558209685975001,1.4150153099745097,False,True,B0044_p1,2,9.751336888270359,16.188003481715533,0.9976440157790483,0.9982216008610703,0.9997456809068225,1.0746513681326082,1.0326589723727697,1.0525906266854526,1.102328105906247,0.8820080270044628,0.7419354838709677
B0044,102,41,4.0,0.0572172710622218,4.054818943483505,2.5311035775191533,4.177605302188679,0.27823468750731417,-0.21883274923266322,-3.9896989741694777,0.0055403433097710566,0.9089999412709201,7.057089335323658,4.847970553868735,9.757496138930122,1.251148976513873,1055.25,91,1.6534010755700512,0.03460580249259528,0.06740755265748018,True,False,B0044_p2,-1,3.057089335323658,5.757496138930122,1.1741606071149033,0.9384098386785956,1.0011132263302676,1.1750646914777272,0.7978652309316752,0.9001125169009948,1.048726371259433,0.18729875700362458,0.19912472647702406
B0044,106,42,4.0,0.0573587470253984,4.048971725415953,2.5372412665469883,4.1758503096814,0.27972120792996397,-0.2291787146876666,-3.9906931282455655,0.0035384118158599247,0.9287258003949426,6.945113627374995,5.645674651140764,9.760471127293034,1.1455835619172552,1012.187,87,1.6534010755700512,0.03469136912568086,0.06740755265748018,True,False,B0044_p2,-1,2.9451136273749947,5.760471127293034,1.1724674185380957,0.9406853946146018,1.0006926633320763,1.1813426925331147,0.7686408562793265,0.9005776191257249,0.9602403186321254,0.17965540578557476,0.19037199124726478
B0044,108,43,4.0,0.05749687545445231,4.048139868634576,2.5608994701667624,4.1760882615952974,0.2774250531431399,-0.23457936698907242,-3.990789539982711,0.004068949254505414,0.9386276674726206,6.969210950143102,6.384509116340028,9.69821406411427,0.642212439471404,991.172,85,1.6534010755700512,0.03477491112350271,0.05763088809888528,True,False,B0044_p2,-1,2.9692109501431023,5.69821406411427,1.1722265363983335,0.9494567033984239,1.0007496856668834,1.1716453739121446,0.7749299809617676,0.8908445058972521,0.5383092931915497,0.17592540495313583,0.18599562363238512
B0044,110,44,4.0,0.05763088809888528,4.04489102283376,2.4875185728014695,4.176702751698478,0.28914880748760274,-0.23761419438252948,-3.9914245848072887,0.0036189979782433063,0.9439024206926067,7.1320933104899575,4.797655713268796,9.00106106019679,1.1328952666529333,982.094,84,1.6534010755700512,0.034855963837458856,0.05763088809888528,True,False,B0044_p2,-1,3.1320933104899575,5.00106106019679,1.1712857627630422,0.9222506432947323,1.0008969408825499,1.2211581428093539,0.8174404076448273,0.7818533524723783,0.9496048546707536,0.1743141297898296,0.1838074398249453
B0044,112,45,4.0,0.055116913339787174,4.058712789171854,2.652711478763571,4.173920852315538,0.2528717761290411,-0.2099858295389897,-3.9916882386949055,0.003340908320272463,0.8908960172926961,6.9052479876970985,4.5885847373663005,8.446753567938917,0.8400380220158853,1063.609,95,1.6534010755700512,0.03333547688710935,0.05749687545445231,True,False,B0044_p2,-1,2.9052479876970985,4.4467535679389165,1.1752881544311138,0.9834961212007312,1.000230291913792,1.0679498601075232,0.7582363818531723,0.6951943083403873,0.7041287992764487,0.18878241519816927,0.20787746170678337
B0044,115,46,4.0,0.06740755265748018,4.04058000450648,2.567871692937443,4.176081063674498,0.2800719260752111,-0.2518669105532582,-3.9926490229101614,0.0036404625064070505,0.9707497466911701,6.719645217752847,6.1817739418643125,9.004482980571387,0.6237093826609341,1067.641,95,1.6534010755700512,0.040769026737350916,0.05749687545445231,True,False,B0044_p2,-1,2.7196452177528467,5.004482980571387,1.1700374140779357,0.9520416637704837,1.0007479607711134,1.182823875604976,0.7097961890226769,0.7823883269277125,0.5227998342939217,0.1894980641801533,0.20787746170678337
B0044,117,47,4.0,0.0675676530317139,4.038574138704129,2.537541377739229,4.177001690332218,0.2870605562894,-0.25717248545758564,-3.9909440128041087,0.004403114801414989,0.9802876135800143,6.752194119869617,4.3282662733774515,10.10838939092693,1.7558908985614152,1048.687,93,1.6534010755700512,0.040865857673655054,0.05763088809888528,True,False,B0044_p2,-1,2.7521941198696167,6.108389390926931,1.1694565722102452,0.9407966612170424,1.0009685779565314,1.212338860526732,0.7182910789180748,0.9549702885081354,1.4718064154971235,0.18613387499252312,0.20350109409190373
B0044,119,48,4.0,0.055637310449156464,4.060984637180495,2.6996320897449855,4.176258717683466,0.2468082445002984,-0.2168958065340876,-3.9908887841162035,0.004262981453303117,0.9045427713115395,6.682861474834709,4.051923742831441,9.084345421523768,1.4815093816898435,1039.984,92,1.6534010755700512,0.03365022030723799,0.05763088809888528,True,False,B0044_p2,-1,2.6828614748347093,5.084345421523768,1.1759460172048355,1.0008919968072627,1.0007905334330152,1.0423418311934192,0.7001960542805223,0.794873820794646,1.2418169115044375,0.18458915944435678,0.2013129102844639
B0044,121,49,4.0,0.06822433276106823,3.9901324953918995,2.502639203032668,4.177495150501219,0.3507774785280304,-0.3924814177291054,-3.990777296546928,0.006061464639444281,1.1882345464213202,7.805372903557112,4.4347919122637025,9.9732818280256,1.5063782016792535,687.328,61,1.6534010755700512,0.04126302672057123,0.05763088809888528,True,False,B0044_p2,-1,3.805372903557112,5.9732818280256,1.1554292456849662,0.9278566359937293,1.0010868297936772,1.4814336532824997,0.9931586543434429,0.9338479107312438,1.2626622207638252,0.12199543241297064,0.13347921225382933
B0044,123,50,4.0,0.056052453431514465,4.060072156375749,2.645057195756969,4.177754475108936,0.2524255689419221,-0.21680725503393136,-3.9917277049585165,0.0035858034272578795,0.904666906269253,6.452537181339348,3.680038781425441,7.130613484534643,0.6501684759705195,1047.531,92,1.6534010755700512,0.033901304565311825,0.06740755265748018,True,False,B0044_p2,-1,2.4525371813393484,3.130613484534643,1.1756817886336919,0.9806582861373134,1.0011489738393493,1.0660653994913272,0.6400840570629482,0.4894322662163875,0.5449781275541636,0.18592869388558528,0.2013129102844639
B0044,127,51,4.0,0.06868220130105056,4.036259706472422,2.5457909784374686,4.176437545781662,0.28622353463348155,-0.26270449862572487,-3.991158236131923,0.006348113315537079,0.9902655232521889,6.89796196003197,6.320493718104861,9.420302039012588,0.731455437434508,1038.375,91,1.6534010755700512,0.04153995199100173,0.06740755265748018,True,False,B0044_p2,-1,2.89796196003197,5.420302039012588,1.1687863782528372,0.9438552110642936,1.0008333874513804,1.2088038785922952,0.7563348122528202,0.8473964363970594,0.6131137226967688,0.18430357432232994,0.19912472647702406
B0044,129,52,4.0,0.06874755353346529,4.034899045788163,2.525156138635263,4.1766732396736,0.28905748305901496,-0.2660568669142741,-3.9909330027161993,0.0036003386969768133,0.9950532700945378,6.643140512754006,6.195993903453708,8.596928821276874,0.5053113862568288,1030.703,90,1.6534010755700512,0.04157947793142862,0.0675676530317139,True,False,B0044_p2,-1,2.643140512754006,4.596928821276874,1.168392369495017,0.936204818223031,1.000889868678188,1.2207724536184614,0.6898293390468004,0.7186723310774363,0.42355737519106046,0.1829418533427215,0.19693654266958424
B0044,131,53,4.0,0.05651439891347486,4.05627259287341,2.6675668355109194,4.176262440841608,0.2547293646049542,-0.22645846348554158,-3.990997288294168,0.0041912565972737886,0.9235650644459712,6.823596011664432,3.5850129022929575,8.914167582596768,1.475803299472286,1010.765,88,1.6534010755700512,0.0341806956270366,0.05931766444664955,True,False,B0044_p2,-1,2.8235960116644323,4.914167582596768,1.1745815427655386,0.989003763421543,1.000791425643406,1.0757949877186663,0.7369261532116421,0.7682686439571642,1.237034012736618,0.1794030117249643,0.1925601750547046
B0044,133,54,4.0,0.05673307185387369,4.056631496996698,2.6214259323214453,4.17780020929139,0.25850513417274923,-0.2243099150823807,-3.9914062156576913,0.003956089692708242,0.9185686419546678,6.621700828774675,3.6244110429419516,7.468130255797678,0.7424362564446693,1025.719,89,1.6534010755700512,0.03431295206718887,0.06822433276106823,True,False,B0044_p2,-1,2.6217008287746753,3.4681302557976776,1.174685471224286,0.9718969654607268,1.0011599334900672,1.091741142894431,0.6842338275870543,0.5421987923497983,0.6223179619122059,0.18205723168443574,0.19474835886214442
B0044,135,55,4.0,0.0694133756360175,4.033722240018022,2.5339139586135624,4.177530439833207,0.29097901101563894,-0.27219298018702565,-3.992122190709,0.0032602599245902227,1.005686027011245,6.654177389025503,5.7425323200811125,9.34228820478629,0.7996252415422356,1016.859,88,1.6534010755700512,0.04198217641299496,0.05931766444664955,True,False,B0044_p2,-1,2.654177389025503,5.342288204786289,1.1680515999078211,0.9394517910083436,1.0010952864607021,1.2288876159504651,0.692709837085694,0.8351999490726963,0.6702543771139295,0.18048464984406415,0.1925601750547046
B0044,139,56,4.0,0.05931766444664955,4.052548629680626,2.6459372770148692,4.176559125063143,0.26040156960558253,-0.23539096687777275,-3.9931560142753657,0.0027635224421310545,0.938735927170404,6.691030736897561,3.508573469192295,9.296386526511638,1.7328568252003531,1021.079,85,1.6534010755700512,0.03587614966695138,0.06868220130105056,True,False,B0044_p2,-1,2.6910307368975612,5.296386526511638,1.173503188603674,0.9809845773719297,1.0008625224744223,1.099750332319208,0.7023281379219801,0.8280237957302029,1.4524990103641406,0.1812336673797716,0.18599562363238512
B0044,141,57,4.0,0.06981707253622738,4.031869983878109,2.5126783310210183,4.177198757478185,0.295131245843792,-0.2757939587127618,-3.992595683096178,0.004727694877004283,1.0111959256949163,6.789742456285512,5.216005974992561,10.402010089986526,1.429083136561103,1010.562,87,1.6534010755700512,0.04222633792115818,0.05931766444664955,True,False,B0044_p2,-1,2.789742456285512,6.4020100899865255,1.167515239043357,0.9315786553372661,1.0010158027449045,1.2464236916317495,0.7280907637880613,1.0008742127257682,1.197872675570347,0.17936698078663527,0.19037199124726478
B0044,143,58,4.0,0.05746435089694075,4.0546007592526,2.676683003373552,4.175693660429193,0.254745469743662,-0.23192836333731054,-3.9927859178982166,0.003421350680358617,0.933782279822399,6.652607169727167,3.7048553861280893,9.139614420555528,1.6435658769853771,1003.313,86,1.6534010755700512,0.03475523981809948,0.05830515712798288,True,False,B0044_p2,-1,2.652607169727167,5.139614420555528,1.1740974271474147,0.9923835941362246,1.000655124209317,1.0758630043272943,0.6923000278699134,0.8035144375878898,1.3776543884481132,0.1780803390529046,0.18818380743982493
B0044,145,59,4.0,0.07053774383993697,4.029900462300052,2.509819479017468,4.1767178653680554,0.2962252507525112,-0.27840440393795296,-3.991697440625882,0.0051968427569207,1.0165220237129342,6.727197790202005,5.538593319761488,10.577915316418856,1.1264037174029309,1006.187,86,1.6534010755700512,0.04266220996355486,0.05845592669367763,True,False,B0044_p2,-1,2.7271977902020046,6.577915316418856,1.1669449214326202,0.9305187323569166,1.0009005626929934,1.251043987368619,0.711767323752581,1.0283747949718323,0.9441635690871807,0.17859045194333667,0.18818380743982493
B0044,147,60,4.0,0.05805466052344494,4.0528579449382525,2.659947287863178,4.175734240124533,0.2579144719653781,-0.23468645740446364,-3.9922087112758984,0.0046771770057918525,0.9387161921441668,6.704744929431838,3.448515456521294,9.153655205612418,1.6807430625968396,996.765,85,1.6534010755700512,0.03511226730237196,0.05862986110638707,True,False,B0044_p2,-1,2.704744929431838,5.153655205612418,1.1735927575328289,0.9861788065361636,1.0006648486487473,1.0892466073974727,0.7059073847784492,0.8057095387346136,1.4088167006042427,0.17691811942640878,0.18599562363238512
B0044,151,61,4.0,0.07083992015291063,4.027030974078611,2.502902423851419,4.174858788640489,0.2979566233739594,-0.2817775496820993,-3.9930053753030488,0.0038835913980858425,1.0222415079494247,6.688129486124422,5.253409597329436,10.601194386353557,1.2752632528716672,999.422,85,1.6534010755700512,0.04284497040652208,0.05862986110638707,True,False,B0044_p2,-1,2.6881294861244216,6.601194386353557,1.1661139989970797,0.9279542254437443,1.000455057154269,1.2583560693145537,0.7015709447672512,1.0320141864233272,1.068939214026344,0.1773897164862132,0.18599562363238512
B0044,153,62,4.0,0.058171836130525824,4.048647775995237,2.597947039498895,4.175396670709832,0.26779621089690897,-0.23781178807825715,-3.9905824714445868,0.0038423311547758094,0.9439383035609836,7.135311524033081,4.699512503330192,8.524863523744626,0.7130818629173833,990.234,84,1.6534010755700512,0.03518313674162189,0.05862986110638707,True,False,B0044_p2,-1,3.1353115240330807,4.524863523744626,1.172373611970206,0.9631921363807738,1.0005839541693946,1.13098001818414,0.818280324444805,0.7074058230715752,0.5977127972337607,0.1757589171691326,0.1838074398249453
B0044,155,63,4.0,0.05830515712798288,4.006197810720952,2.688243972514366,4.176278504943042,0.3142683013171572,-0.3839746086117853,-3.992407076231904,0.003173192711416039,1.1763962703122277,7.514206392471801,4.420025377112379,9.440256551104172,1.4699221496541457,608.953,52,1.6534010755700512,0.03526377113785336,0.05862986110638707,True,False,B0044_p2,-1,3.5142063924718014,5.440256551104172,1.1600813055335488,0.9966698380034286,1.000795275213495,1.3272449522267675,0.9171675366085545,0.8505160748073813,1.2321043704451007,0.10808447284873555,0.1137855579868709
B0044,157,64,4.0,0.05845592669367763,4.001898132433219,2.6997767051836083,4.1759985062489635,0.317113938692793,-0.39910424698891395,-3.992461574821749,0.002771523809917564,1.1971586028549577,7.105939545905624,4.419732386549667,9.577062674735402,1.7345291483218879,586.719,50,1.6534010755700512,0.03535495867118841,0.05890033218383382,True,False,B0044_p2,-1,3.105939545905624,5.5770626747354015,1.1588362406023915,1.0009456131632404,1.0007281768698935,1.3392628930335586,0.8106145752497125,0.8719040013118458,1.4539007693806465,0.10413810889401527,0.10940919037199125
B0044,159,65,4.0,0.05862986110638707,3.9995228828543783,2.6926916057581445,4.176936753250137,0.32114502746816986,-0.4072004054361969,-3.9906773895407737,0.003879863284028645,1.207643886794712,7.121133621766568,4.353467531572625,9.571995894192735,1.7491620106335155,575.922,49,1.6534010755700512,0.0354601566266509,0.05890033218383382,True,False,B0044_p2,-1,3.1211336217665684,5.571995894192735,1.1581484356654972,0.9983188036292789,1.0009530165602174,1.3562873342726944,0.8145800546701242,0.8711118735401905,1.4661661901109349,0.10222172445490782,0.10722100656455143
B0044,163,66,4.0,0.05890033218383382,4.053493486866572,2.6700548004006626,4.1734597535552,0.251369803258425,-0.22655413924505263,-3.9900184345675953,0.0037123685484004285,0.9235516887095844,6.525840333846862,4.285263751732037,7.124889090041003,0.5406892958931016,1050.406,88,1.6534010755700512,0.035623741301563185,0.05906467702011044,True,False,B0044_p2,-1,2.525840333846862,3.1248890900410027,1.1737767924569042,0.9899261795374058,1.0001197951018082,1.0616065989432515,0.6592153385821502,0.4885373287277517,0.4532115150992995,0.18643898426832436,0.1925601750547046
B0044,167,67,4.0,0.05906467702011044,4.052074849774992,2.6107085277536015,4.1757127493459585,0.2618281577272958,-0.22919137003874254,-3.9919951224872414,0.004871282653862333,0.9287347311602125,7.0347000891113804,4.140722546707669,8.324153740739145,0.7311505460406849,1040.75,87,1.6534010755700512,0.035723139347630106,0.05906467702011044,True,False,B0044_p2,-1,3.0347000891113804,4.3241537407391455,1.1733659953752236,0.9679234742212173,1.0006596986402811,1.105775222120422,0.7920218946270612,0.6760273586161415,0.6128581594896092,0.1847251185515492,0.19037199124726478
B0044,169,68,4.0,0.07240579982844073,4.028366353886938,2.500114336550371,4.176096844607635,0.2969316918544639,-0.2819333043565596,-3.9922653535751937,0.004442864696561866,1.0220632035625388,6.8973768386013505,5.326638606105242,10.63955759206541,1.4024606151212924,1019.125,85,1.6534010755700512,0.043792036244730895,0.05959222988909599,True,False,B0044_p2,-1,2.8973768386013505,6.63955759206541,1.1665006871299721,0.9269205385659585,1.0007517424833012,1.2540274902630644,0.7561821022747472,1.0380117938583022,1.1755573951141836,0.18088684741181607,0.18599562363238512
B0044,171,69,4.0,0.07255632846891659,3.9662515216379144,2.463640728476522,4.176353738400277,0.37293888093019556,-0.46093159458169275,-3.990796915640813,0.003544393856491935,1.2745989485229283,8.12797412482593,4.957548969148244,10.376173431482593,1.59828603751289,618.844,52,1.6534010755700512,0.04388307806313782,0.05984100849986973,True,False,B0044_p2,-1,4.127974124825929,6.376173431482593,1.1485139927396928,0.9133979024428827,1.0008133040131666,1.5750275962581737,1.0773538706664996,0.9968349742871979,1.3397003456981411,0.10984004925766506,0.1137855579868709
B0044,173,70,4.0,0.05959222988909599,4.052244387669817,2.5987325707723405,4.177102599239209,0.2632876783327766,-0.23199889868853285,-3.9911388227447215,0.004353045332031152,0.9337647435433033,6.951583874586089,4.01632818386259,8.316021086973787,0.7506472635083413,1039.547,86,1.6534010755700512,0.03604221067084409,0.06032312489727431,True,False,B0044_p2,-1,2.951583874586089,4.316021086973787,1.173415088742965,0.9634833730895906,1.0009927595711492,1.1119391952229476,0.770329516543721,0.6747559199085541,0.6292005153122525,0.18451159530618047,0.18818380743982493
B0044,175,71,4.0,0.07321709022768585,4.024847285360175,2.4742429443982785,4.175820770125257,0.3022571423119279,-0.28835896667589855,-3.991443615973067,0.004742063653410455,1.033414681387236,6.953046195579622,5.9431729658560775,10.655557073631597,1.198569716435782,1004.328,83,1.6534010755700512,0.044282715978300934,0.07240579982844073,True,False,B0044_p2,-1,2.9530461955796223,6.655557073631597,1.165481664654381,0.917328687346803,1.0006855845301752,1.2765183912173725,0.7707111655402747,1.0405131127083964,1.0046538765683175,0.17826049374454989,0.18161925601750548
B0044,179,72,4.0,0.05984100849986973,4.051149690799867,2.693112294857156,4.174362644498064,0.2522112814948653,-0.24020364123364232,-3.9937289569249144,0.0033085774036558067,0.9496733354713754,6.413311987885646,5.328465768215402,7.631714348736341,0.32896717421209065,1005.75,83,1.6534010755700512,0.03619267543976772,0.07240579982844073,True,False,B0044_p2,-1,2.4133119878856464,3.631714348736341,1.1730980955653798,0.9984747746424938,1.0003361621349411,1.065160402292311,0.6298467317510388,0.5677731194647353,0.27574378219626045,0.1785128878051603,0.18161925601750548
B0044,181,73,4.0,0.07344347056971572,4.023626364549916,2.476301013332819,4.175874340371016,0.30294073814373584,-0.2918314525277322,-3.991810733048436,0.003023410626945579,1.0392457240892665,6.779577103952525,5.671261940663974,10.509625598200184,1.0316566794357414,995.797,82,1.6534010755700512,0.04441963396231265,0.07240579982844073,True,False,B0044_p2,-1,2.7795771039525254,6.509625598200184,1.1651281206022805,0.9180917189959245,1.000698421999895,1.2794054119997031,0.7254377234948173,1.017698551573484,0.8647455947450912,0.17674630687319437,0.17943107221006566
B0044,183,74,4.0,0.07373739605923264,4.0230998765187564,2.455959621392259,4.176007922304425,0.3044191687466937,-0.2917484860639784,-3.990343191482173,0.004826608136294959,1.0390969580355982,6.978468873690951,6.428592965422287,9.204729619835247,0.6390979538056323,998.921,82,1.6534010755700512,0.04459740419233116,0.060928844447982224,True,False,B0044_p2,-1,2.978468873690951,5.204729619835247,1.1649756645950158,0.9105501223188937,1.0007304333151488,1.2856492474319414,0.7773461927564648,0.8136943846513139,0.5356986982009314,0.17730079284038633,0.17943107221006566
B0044,185,75,4.0,0.06032312489727431,4.047078241937264,2.595966933411927,4.176473294247625,0.26838570529731165,-0.24607113844569875,-3.991055043675492,0.008050334690859823,0.9604196214554376,6.809785593582902,3.7557573168497567,7.96351554428054,0.8228910008746808,989.141,81,1.6534010755700512,0.036484266152104934,0.060928844447982224,True,False,B0044_p2,-1,2.8097855935829017,3.96351554428054,1.1719191194051657,0.9624580095555654,1.0008419541443798,1.1334696216981477,0.7333217925917007,0.6196460868146615,0.6897559838908424,0.17556491807753824,0.1772428884026258
B0044,187,76,4.0,0.07409611978234346,4.02025965935536,2.4476887634196065,4.176068533506241,0.30906827421353406,-0.298818492738235,-3.9933235016411084,0.0035454695598344595,1.051284153783292,6.971049837313714,6.406430103137445,9.367163499816085,0.7065399514072311,979.203,80,1.6534010755700512,0.04481436529657329,0.061220387365620216,True,False,B0044_p2,-1,2.971049837313714,5.367163499816085,1.1641532182280154,0.9074836913103856,1.000744958065912,1.305283749980789,0.7754099094087661,0.8390888903550929,0.5922292974684024,0.17380099953017789,0.175054704595186
B0044,191,77,4.0,0.060717150532954955,4.048987988645058,2.696514442504613,4.1740583227112635,0.25391718291362625,-0.24619641320878316,-3.991161876623272,0.003363612684290061,0.9603272762351134,6.579881562367587,5.992218142754614,8.36281681813677,0.46639879566979187,994.031,81,1.6534010755700512,0.03672257834477409,0.061220387365620216,True,False,B0044_p2,-1,2.5798815623675866,4.3628168181367695,1.1724721279081625,0.9997361251669713,1.0002632350526084,1.072364912061694,0.6733194790059546,0.6820718472389302,0.3909404281378374,0.17643285545896228,0.1772428884026258
B0044,193,78,4.0,0.06082844229397962,4.048190135327761,2.690051793810678,4.175423863730147,0.25831886153087497,-0.25222392819933964,-3.9915962217441727,0.004638555951811526,0.9716702346315114,6.690126647286674,5.378327257419688,9.833929266126528,1.176074380800674,971.516,79,1.6534010755700512,0.03678988915197572,0.06133677582691605,True,False,B0044_p2,-1,2.6901266472866743,5.833929266126528,1.1722410922075597,0.9973400900255505,1.0005904706520043,1.0909544602330574,0.7020921809095898,0.9120618804498786,0.9857980471237667,0.17243661616596384,0.17286652078774617
B0044,195,79,4.0,0.060928844447982224,4.031325666700656,2.682527208849319,4.1750234301728835,0.2808552962185819,-0.30189362407180553,-3.991136960671815,0.0031598068505257113,1.0557728954745957,6.925009518097775,5.494428595244186,9.82294821385076,1.3290170615233388,810.563,66,1.6534010755700512,0.03685061377317387,0.06133677582691605,True,False,B0044_p2,-1,2.9250095180977747,5.82294821385076,1.1673576202208031,0.99455034067573,1.0004945115315405,1.1861322718516112,0.7633939144887143,0.910345130257841,1.113996227816753,0.14386869687100587,0.14442013129102846
B0044,197,80,4.0,0.061220387365620216,3.99633832641595,2.6522914416676375,4.17570719288233,0.32454428035434446,-0.4070041672359561,-3.991424193255269,0.0028573457211166324,1.2077957106033648,7.831469751479567,5.011195309533016,9.64729446630716,1.292752272254461,599.047,49,1.6534010755700512,0.0370269429905342,0.06133677582691605,True,False,B0044_p2,-1,3.831469751479567,5.6472944663071605,1.1572262784068739,0.9833403919184786,1.0006583671001217,1.3706433517762364,0.9999696321430281,0.8828838635909838,1.0835986959733368,0.10632623405520047,0.10722100656455143
B0044,199,81,4.0,0.06133677582691605,3.5339557623459625,2.546878970446884,4.176924395260363,0.5612380654252981,-1.9943360872313463,-3.989885469699493,0.008981273123246413,1.9946841363845833,6.3578218287881425,4.261352737687649,8.475214897845488,1.649036425492972,109.078,10,1.6534010755700512,0.03709733635304953,0.061368282981907545,True,False,B0044_p2,-1,2.3578218287881425,4.475214897845488,1.023333396945354,0.9442585854718474,1.0009500551155335,2.3702689269367174,0.6153644370757744,0.6996438813280844,1.3822398603566257,0.01936050586727445,0.02188183807439825
B0044,203,82,4.0,0.0615021959933087,3.5662543456123466,2.6459302194913836,4.176472262163263,0.527526159260431,-1.996129232362493,-3.9922420213879173,0.00023402116475407472,1.9936605249637684,6.5954208155010985,5.339199492935753,7.906766993792881,0.958479834526934,109.17099999999999,10,1.6534010755700512,0.03719738477374843,0.061368282981907545,True,False,B0044_p2,-1,2.5954208155010985,3.906766993792881,1.032686150956222,0.9809819607862101,1.0008417068176867,2.2278939018395887,0.6773750457329775,0.6107741606548601,0.8034079855058952,0.01937701265182914,0.02188183807439825
B0044,205,83,4.0,0.0615436456229027,3.480657456568583,2.5366466461777906,4.177637250505157,0.5687387617095716,-2.217653041798755,-3.9916255830434317,2.94281467370658e-05,1.9813090351280034,6.324536214740793,4.563444717869488,8.628110902694925,1.5288964947238752,96.484,9,1.6534010755700512,0.037222454087060514,0.0615021959933087,True,False,B0044_p2,-1,2.3245362147407933,4.6281109026949245,1.0078997186622984,0.940464938363941,1.00112088236282,2.4019465133804143,0.6066772738215873,0.72354725953768,1.2815372933530573,0.01712516775241669,0.019693654266958426
B0044,207,84,4.0,0.061368282981907545,3.559655619146663,2.619612898646795,4.178674620885059,0.5366802172273651,-1.9957140019130044,-3.9917742802321072,0.00233575185107131,1.9951462932373882,7.644851838660085,5.844985244902131,9.541833690746394,1.472102523903439,109.094,10,1.6534010755700512,0.03711639231923767,0.0615436456229027,True,False,B0044_p2,-1,3.6448518386600854,5.541833690746394,1.0307753468534682,0.9712247809427723,1.0013694757872345,2.2665541077148963,0.9512644986726845,0.8663963902460218,1.2339319833172466,0.019363345744187084,0.02188183807439825
B0044,209,85,4.0,0.061633508888739995,3.4710657400965403,2.48420676655347,4.180128549369836,0.5834115270205816,-2.2172078365634906,-3.99341095347209,0.0018380871713237175,1.9826958854349122,5.10818141008298,2.90475616543561,7.890349591233944,1.861352033679938,96.906,9,1.6534010755700512,0.037276804641904755,0.061633508888739995,True,False,B0044_p2,-1,1.10818141008298,3.890349591233944,1.0051222295085134,0.9210227869578667,1.0017178923874062,2.4639137993352036,0.2892226296607185,0.6082075050841543,1.5602050599574484,0.017200069505987438,0.019693654266958426
B0044,211,86,4.0,0.061981030875948785,3.4889263102095547,2.5492794097929745,4.1786173675742635,0.5631996153485345,-2.217892317465651,-3.991569924612713,0.002697596739934985,1.981948373135126,6.978200107513246,5.268020681575575,9.207557697837885,1.4793981046233944,97.015,9,1.6534010755700512,0.0374869907802493,0.061981030875948785,True,False,B0044_p2,-1,2.9782001075132456,5.207557697837885,1.010294144244933,0.9451485513821838,1.001355755714958,2.3785531134844686,0.777276047868658,0.8141365192785062,1.2400472166254235,0.017219416167454763,0.019693654266958426
B0044,215,87,4.0,1.4779954511171076,3.438530012225991,2.6987042664288663,4.132709552803766,0.22508797480128484,-0.9486655224617359,-0.9996908932907373,0.0005119272383861949,0.2128366307406836,7.831586108538486,4.96446313077256,10.171915363933092,1.1951609040970814,5608.781,457,1.6534010755700512,0.8939122351831855,1.452380841576719,False,True,B0044_p2,1,3.8315861085384864,6.171915363933092,0.9957008051436095,1.0005480051444422,0.990354496085527,0.9506109178362792,1.0,0.9649017799188766,1.0017965738318912,0.9955154793703355,1.0
B0044,219,88,4.0,1.494119871447679,3.4576572257357188,2.6902025456609366,4.15897226684506,0.23183218395323696,-0.9429836446189775,-1.002764391386482,0.0009107829167059021,0.2246820037799069,7.730546352316417,4.362853119300769,10.296016892383854,1.1650791239795373,5703.296,463,1.6534010755700512,0.9036645091890629,1.452380841576719,False,True,B0044_p2,1,3.7305463523164173,6.296016892383854,1.001239503896877,0.9973959814638693,0.9966480419052565,0.9790936426805406,0.9736297832386156,0.9843035018531328,0.9765817059817026,1.012291164770191,1.013129102844639
B0044,221,89,4.0,1.488007820113173,3.4553887210557868,2.682194069736634,4.173670999223567,0.2430492173244514,-0.9448444362873197,-1.001809989064009,0.0008606130538372946,0.2213976791677018,7.787963683864436,5.202271526875168,10.396418259744522,1.1158667950110552,5668.032,459,1.6534010755700512,0.8999678554098831,1.452380841576719,False,True,B0044_p2,1,3.7879636838644357,6.396418259744522,1.0005826092563623,0.9944268289301939,1.0001704176037705,1.0264663839290413,0.9886150478057011,1.0,0.93533140873561,1.0060320760547437,1.0043763676148796
B0044,223,90,4.0,1.4748338592717107,3.453365325098602,2.698791325109984,4.173428084270444,0.24140667383083414,-0.9421563938919909,-1.0010193795008968,-2.9338418792105184e-05,0.2265059300640993,7.849823078169805,5.0120876053956644,10.675119900160503,1.1930175599678563,5634.047,455,1.6534010755700512,0.8920000603986694,1.452380841576719,False,True,B0044_p2,1,3.8498230781698046,6.675119900160503,0.9999966911528329,1.0005802822600962,1.000112205935876,1.0195294528049685,1.004759639771811,1.0435715159794934,1.0,1.0,0.9956236323851203
B0044,225,91,4.0,1.4604378044785566,3.4533767517944844,2.6972261726105513,4.17295985340472,0.23678244229891232,-0.9414963206117185,-1.0008333686989588,0.0005583489138716594,0.22805575971748399,7.863220580243154,3.811503767508387,10.562265269293302,1.2068975482646598,5582.375,449,1.6534010755700512,0.8832931259434643,1.452380841576719,False,True,B0044_p2,1,3.863220580243154,6.562265269293302,1.0,1.0,1.0,1.0,1.0082562340525696,1.0259281058264325,1.0116343537283536,0.9908286175106457,0.9824945295404814
B0044,227,92,4.0,1.452380841576719,3.4460660596643384,2.6816548421625512,4.172771279792943,0.24492976637876157,-0.9389221140572901,-1.0006757296253446,0.0003606007179158548,0.23273226062894006,7.930106785779635,5.231368167256844,10.76625471358321,1.2011062691199152,5567.329,447,1.6534010755700512,0.8784201625585458,1.452380841576719,False,True,B0044_p2,1,3.9301067857796346,6.76625471358321,0.9978830308258874,0.9942269096280757,0.9999548105856749,1.03440848063204,1.0257127660583172,1.0578193043075736,1.0067800419905613,0.9881580682589265,0.9781181619256017
B0044,231,93,4.0,1.4411028883649861,3.4382387035909514,2.6758389635879234,4.15544388290786,0.24205083131062194,-0.9382244730141405,-1.001584094423824,0.0020170086458555707,0.23395640583927096,7.888437545923743,3.7913354249889384,10.911129725577434,1.261957953589066,5528.453,442,1.6534010755700512,0.8715990993704477,1.4411028883649861,False,True,B0044_p2,1,3.8884375459237432,6.9111297255774335,0.9956164504218468,0.9920706653228387,0.9958025068267625,1.0222499141429533,1.0148375726852559,1.0804687005964289,1.057786570738378,0.981257877330452,0.9671772428884027
B0044,233,94,4.0,1.4300355978410688,3.4385248959075603,2.6766750362925413,4.172195811279475,0.24432972030509578,-0.9336418704048167,-1.0011109661354312,0.001564792524233504,0.24281501286263768,7.818043363205418,4.9665241241819045,10.81913572086399,1.219638913003628,5513.39,440,1.6534010755700512,0.8649054479101681,1.4300355978410688,False,True,B0044_p2,1,3.818043363205418,6.81913572086399,0.9956993236028456,0.9923806403309073,0.9998169064280306,1.0318743143828875,0.9964654988953819,1.0660865884552635,1.0223143010874784,0.9785843107095132,0.962800875273523
B0044,235,95,4.0,1.413943296719903,3.4365202293034374,2.695622084623807,4.171402160517197,0.24412763083027847,-0.9277519140513346,-1.0013667929909769,0.0017297331873697762,0.2528477754875524,7.830974235734798,3.440362613271007,11.006306031992887,1.372582682807075,5486.187,432,1.6534010755700512,0.8551726000495136,1.413943296719903,False,True,B0044_p2,1,3.8309742357347982,7.006306031992887,0.9951188289889634,0.9994052823589532,0.9996267174997499,1.031020832710618,0.9998403082205761,1.0953483258101895,1.150513394659553,0.9737559874811127,0.9452954048140044
B0044,237,96,4.0,1.3972667497450317,3.4352027430527405,2.6908429071948605,4.170188354997629,0.24515407144955606,-0.9210832456029233,-1.0031105310166462,0.0009730796952747865,0.2638787147999917,7.878562179371438,4.61211591145805,10.614675024239112,1.2474817735227985,5461.922,433,1.6534010755700512,0.8450863921588349,1.3972667497450317,False,True,B0044_p2,1,3.878562179371438,6.614675024239112,0.9947373223230567,0.9976333963089522,0.9993358435009075,1.0353557851222577,1.0122602153526625,1.0341217155651274,1.0456524827316118,0.9694491366507947,0.9474835886214442
B0044,239,97,4.0,1.3865375876825874,3.43345469224157,2.6963132256039875,4.170349799747877,0.2457107891281105,-0.9181073344708772,-1.0004034898094731,0.0012259246336586039,0.2683588184710227,7.960251571512366,4.918195539391174,10.78731375840829,1.2535520747325248,5438.157,430,1.6534010755700512,0.8385972455016966,1.3865375876825874,False,True,B0044_p2,1,3.960251571512366,6.78731375840829,0.9942311363674519,0.9996615237476802,0.9993745318075098,1.0377069631621043,1.033580209169032,1.061111622597266,1.05074067373015,0.9652310319739967,0.9409190371991247
B0044,243,98,4.0,1.3724753685724698,3.425091148228222,2.6889652303475895,4.152127517238579,0.24526445395798016,-0.9147769465297864,-0.9998017351246393,0.0030985899579741793,0.2731043470924604,7.825815360855775,3.4319499762440446,10.646148713943534,1.3555476548360794,5402.875,426,1.6534010755700512,0.830092219517442,1.3724753685724698,False,True,B0044_p2,1,3.825815360855775,6.646148713943534,0.9918092911375613,0.9969372452533463,0.9950077793944881,1.0358219620370341,0.9984939010845009,1.0390422333340326,1.1362344531396522,0.9589687483970227,0.9321663019693655
B0044,245,99,4.0,1.3598593948812812,3.43285332747351,2.697702269918439,4.169872871486082,0.2430436944817367,-0.9097059602545033,-1.001001283053754,0.0013697698641143394,0.28096794382142587,7.871717073752719,4.811918412162218,10.149343674038578,1.186911165634328,5384.438,423,1.6534010755700512,0.8224619029066712,1.3598593948812812,False,True,B0044_p2,1,3.871717073752719,6.149343674038578,0.9940569981800248,1.000176513676429,0.9992602416445202,1.0264430593841085,1.010473721346051,0.9613729784900258,0.9948815553614376,0.9556963227321321,0.925601750547046
B0044,247,100,4.0,1.3486733410392264,3.4316708520467616,2.6908621173584564,4.17029400170211,0.24291093170155378,-0.9089147628345589,-1.000535766089263,0.0021013923957275125,0.28223768261147253,7.872850841533409,4.951322650914617,10.269672545542077,1.1515941443819075,5344.859,419,1.6534010755700512,0.8156964217373801,1.3486733410392264,False,True,B0044_p2,1,3.872850841533409,6.269672545542077,0.9937145868210169,0.997640518501296,0.9993611604721203,1.0258823641784423,1.0107696217247908,0.9801848926921944,0.9652784527437595,0.9486713547118085,0.9168490153172867
B0044,249,101,4.0,1.3334258933205057,3.4305423593747584,2.6956578221948044,4.16968317987712,0.2401806270549152,-0.9053632291923375,-1.0001303334513887,0.0009310009554464437,0.2868678248168832,7.787673589037049,4.780401495020148,10.511836729394169,1.2125289868632987,5305.156,415,1.6534010755700512,0.8064745529821152,1.3387793081075827,False,True,B0044_p2,1,3.787673589037049,6.511836729394169,0.9933878073373081,0.9994185321084035,0.9992147843155198,1.0143515064842226,0.988539336385112,1.0180442342828058,1.016354685421368,0.941624377645412,0.9080962800875274
B0044,251,102,4.0,1.3387793081075827,3.4188541266416608,2.683891843696469,4.170671249766948,0.2498622296553686,-0.9122769052973728,-1.0006996840010498,0.0014497208979828051,0.277387743029354,7.997910807563725,5.06477884715876,11.2498423901219,1.3782171153534888,5284.547,412,1.6534010755700512,0.8097123728106957,1.3334258933205057,False,True,B0044_p2,1,3.9979108075637253,7.2498423901219,0.9900032265130398,0.9950562807637388,0.9994515634661799,1.0552396842834506,1.0434088375711024,1.133422189688306,1.1552362359114163,0.9379664386896311,0.9015317286652079
B0044,255,103,4.0,1.3153320403016995,3.42241373548389,2.6861736439095387,4.149844268077626,0.24064467781962742,-0.8993675928683105,-1.0012478773196167,0.0017943549116499447,0.29546289057412706,7.881896352735887,4.684581220811076,10.478668312226782,1.1875156576932666,5267.843,409,1.6534010755700512,0.7955311386550332,1.322963328110081,False,True,B0044_p2,1,3.881896352735887,6.478668312226782,0.9910339883146242,0.9959022610661102,0.9944606259971003,1.0163113256338467,1.0131303963351592,1.0128587670696734,0.995388247030716,0.9350016071928403,0.8949671772428884
B0044,257,104,4.0,1.322963328110081,3.4160977003080477,2.6915218489806785,4.170207896534634,0.25007768239367234,-0.9110321130421603,-1.0000486043905183,0.0008259898109111774,0.27914575280615056,8.022448822976777,5.409746706230465,11.276068425006786,1.2795941615906257,5229.688,406,1.6534010755700512,0.8001466478143885,1.3153320403016995,False,True,B0044_p2,1,4.022448822976777,7.276068425006786,0.9892050435947757,0.9978851148310074,0.9993405263969073,1.0561496028408062,1.0498129779761345,1.1375223022544179,1.0725694277501683,0.9282293882177413,0.888402625820569
B0044,259,105,4.0,1.3086991524155074,3.415875051664848,2.6982230360736286,4.169943833836458,0.24990788334796682,-0.9054157927585382,-1.0000156861218927,0.00757025057687288,0.2873239918434247,7.977920186292173,5.118567803709009,11.18488048040138,1.360488708048548,5206.954,403,1.6534010755700512,0.7915194756748908,1.3086991524155074,False,True,B0044_p2,1,3.977920186292173,7.184880480401381,0.9891405708600577,1.0003695883842445,0.9992772469244339,1.0554324928893377,1.0381915148474907,1.1232662075303923,1.1403760964634952,0.924194278109501,0.8818380743982495
B0044,261,106,4.0,1.2897499583900436,3.420770509924939,2.6884148666237393,4.168649657337103,0.24561946829125472,-0.8971488250209094,-1.0003532671448447,0.0030345758410345,0.2985618853933338,8.016774436428086,5.489946008570818,10.572845919227095,1.129505569707205,5179.062,400,1.6534010755700512,0.780058739193314,1.2906172590904164,False,True,B0044_p2,1,4.016774436428086,6.572845919227095,0.9905581567801421,0.9967331972096786,0.9989671129799871,1.0373212891401238,1.0483320282106978,1.0275822581198153,0.9467635746599048,0.9192436626815502,0.87527352297593
B0044,263,107,4.0,1.2906172590904164,3.412152763562302,2.699098319484438,4.168865124534303,0.25083554403688085,-0.9036459257898942,-1.0001270037964975,0.0021060612848631997,0.28956736365011154,8.104364904391632,3.936510086733391,11.286420953867147,1.4221399882991783,5144.109,396,1.6534010755700512,0.7805832947371489,1.29018360874023,False,True,B0044_p2,1,4.104364904391632,7.286420953867147,0.9880627017568352,1.00069410081101,0.9990187471209252,1.0593502693929815,1.0711921350913327,1.1391407906708986,1.1920528548946885,0.9130397740735924,0.8665207877461707
B0044,267,108,4.0,1.2752011253442166,3.411365387592042,2.692387025960113,4.14775004325363,0.24715706243537902,-0.893479421104461,-1.0003776702130833,0.0021528243384569684,0.30341520711678327,8.021367388918382,4.333825896636997,10.532008688910055,1.2951631211207308,5142.891,395,1.6534010755700512,0.7712594023229115,1.2897499583900436,False,True,B0044_p2,1,4.021367388918382,6.5320086889100555,0.987834699998889,0.998205880285614,0.993958770024945,1.0438149891340756,1.0495307360982904,1.0211978678784757,1.0856194951192728,0.9128235884436179,0.8643326039387309
B0044,269,109,4.0,1.2686072657374579,3.4151055404827564,2.684075358151804,4.16768084822256,0.24725587375393934,-0.8950327018530826,-1.0013725571006211,0.0021603785656978316,0.3015867034232589,8.012944452376887,4.788736918832111,10.496769408739059,1.22462303820806,5109.734,391,1.6534010755700512,0.7672713441897779,1.28247554186713,False,True,B0044_p2,1,4.012944452376887,6.496769408739059,0.988917742238277,0.9951243189791463,0.998734949444133,1.0442322976034069,1.0473324463292768,1.015688647133364,1.0264920478128212,0.9069384760191033,0.8555798687089715
B0044,271,110,4.0,1.2565759973225976,3.4139726333379956,2.687825351809013,4.167944485512648,0.24957949086066564,-0.8916525424860515,-1.0005394687347553,0.0010019248675130364,0.3058583713101823,7.944197776199544,4.714639372870622,10.219372011443097,1.1740729012857374,5078.937,388,1.6534010755700512,0.7599946654742327,1.2752011253442166,False,True,B0044_p2,1,3.9441977761995437,6.219372011443097,0.9885896844484132,0.9965146338497675,0.998798126972638,1.054045597458609,1.0293903528385042,0.9723210332545552,0.9841203857195284,0.9014722454392021,0.849015317286652
B0044,273,111,4.0,1.2486254509320867,3.410670178184504,2.6932435794466025,4.167775501643388,0.2505271688577992,-0.8905662435522527,-1.0005198847037153,0.0020243679839175343,0.30686648785369286,7.904886527570053,4.018534218811682,10.307592528834146,1.3191462943532237,5051.672,385,1.6534010755700512,0.7551860642775934,1.2719041955408372,False,True,B0044_p2,1,3.904886527570053,6.307592528834146,0.9876333870644758,0.9985234485693522,0.9987576320061882,1.058047912782045,1.0191305681133513,0.9861132078448661,1.1057224458529895,0.8966329176877651,0.8424507658643327
