loss,mae,val_loss,val_mae,learning_rate,epoca,seme,modello
0.2731725871562958,0.38865557312965393,0.5485908389091492,0.6716557741165161,0.0010000000474974513,1,0,MLP
0.10328278690576553,0.24304507672786713,0.5728350877761841,0.6941000819206238,0.0010000000474974513,2,0,MLP
0.05962824076414108,0.18553078174591064,0.4437684118747711,0.6067607402801514,0.0010000000474974513,3,0,MLP
0.05630026012659073,0.179748073220253,0.3924345374107361,0.5711060762405396,0.0010000000474974513,4,0,MLP
0.044033657759428024,0.16519035398960114,0.27842044830322266,0.47037601470947266,0.0010000000474974513,5,0,MLP
0.042867597192525864,0.15775345265865326,0.27557995915412903,0.46957772970199585,0.0010000000474974513,6,0,MLP
0.029115520417690277,0.12471675872802734,0.2323300540447235,0.4232198894023895,0.0010000000474974513,7,0,MLP
0.035082995891571045,0.14149336516857147,0.2036549597978592,0.3921077251434326,0.0010000000474974513,8,0,MLP
0.023929499089717865,0.11734939366579056,0.16438119113445282,0.34813031554222107,0.0010000000474974513,9,0,MLP
0.025532487779855728,0.11746937781572342,0.1801111102104187,0.36821213364601135,0.0010000000474974513,10,0,MLP
0.019512545317411423,0.10799196362495422,0.1697821319103241,0.3570398688316345,0.0010000000474974513,11,0,MLP
0.01943877525627613,0.1034182533621788,0.15670672059059143,0.33955445885658264,0.0010000000474974513,12,0,MLP
0.019903643056750298,0.10247302055358887,0.15360784530639648,0.33472099900245667,0.0010000000474974513,13,0,MLP
0.015497669577598572,0.09822825342416763,0.1204715222120285,0.28944599628448486,0.0010000000474974513,14,0,MLP
0.018169833347201347,0.10027111321687698,0.15660454332828522,0.3362807333469391,0.0010000000474974513,15,0,MLP
0.015170685946941376,0.09314392507076263,0.11180319637060165,0.27882376313209534,0.0010000000474974513,16,0,MLP
0.012611202895641327,0.08541788160800934,0.10821973532438278,0.27386096119880676,0.0010000000474974513,17,0,MLP
0.013446741737425327,0.08486232161521912,0.12366614490747452,0.2974444627761841,0.0010000000474974513,18,0,MLP
0.010166291147470474,0.0751994177699089,0.1254221647977829,0.2990161180496216,0.0010000000474974513,19,0,MLP
0.013012618757784367,0.08068688958883286,0.12459038197994232,0.2982718050479889,0.0010000000474974513,20,0,MLP
0.010294755920767784,0.07830405235290527,0.1308826506137848,0.3073984384536743,0.0010000000474974513,21,0,MLP
0.010309007950127125,0.07329364866018295,0.11811601370573044,0.28894150257110596,0.0010000000474974513,22,0,MLP
0.00871883425861597,0.06991896778345108,0.12676595151424408,0.3008411228656769,0.0010000000474974513,23,0,MLP
0.008402657695114613,0.06875081360340118,0.10447089374065399,0.27007848024368286,0.0010000000474974513,24,0,MLP
0.009469134733080864,0.07364008575677872,0.10473545640707016,0.27012088894844055,0.0010000000474974513,25,0,MLP
0.008059786632657051,0.06860719621181488,0.10496941208839417,0.27042001485824585,0.0010000000474974513,26,0,MLP
0.0077944472432136536,0.06685441732406616,0.08709822595119476,0.24357068538665771,0.0010000000474974513,27,0,MLP
0.006789293605834246,0.06066121160984039,0.09343381226062775,0.2533825635910034,0.0010000000474974513,28,0,MLP
0.008329634554684162,0.06720834225416183,0.08929021656513214,0.2455364614725113,0.0010000000474974513,29,0,MLP
0.005310038570314646,0.05518119037151337,0.08130183070898056,0.23251791298389435,0.0010000000474974513,30,0,MLP
0.005862249527126551,0.05607261508703232,0.08213809877634048,0.23413825035095215,0.0010000000474974513,31,0,MLP
0.006295985542237759,0.05549449101090431,0.06779943406581879,0.21095217764377594,0.0010000000474974513,32,0,MLP
0.005606233142316341,0.05525629594922066,0.07557421177625656,0.22553350031375885,0.0010000000474974513,33,0,MLP
0.005620408337563276,0.057012997567653656,0.07411349564790726,0.22364942729473114,0.0010000000474974513,34,0,MLP
0.005272704642266035,0.05335259810090065,0.07207012176513672,0.22082853317260742,0.0010000000474974513,35,0,MLP
0.0048595005646348,0.05323135852813721,0.07380985468626022,0.22453030943870544,0.0010000000474974513,36,0,MLP
0.0040635340847074986,0.04967503622174263,0.08107250183820724,0.23727725446224213,0.0010000000474974513,37,0,MLP
0.00594128156080842,0.05594063922762871,0.06735168397426605,0.21266984939575195,0.0010000000474974513,38,0,MLP
0.004574155434966087,0.04855263978242874,0.07272563129663467,0.22214242815971375,0.0010000000474974513,39,0,MLP
0.0040845368057489395,0.04789010435342789,0.07031109929084778,0.21841788291931152,0.0010000000474974513,40,0,MLP
0.004345710389316082,0.04715069755911827,0.0670403242111206,0.212725430727005,0.0010000000474974513,41,0,MLP
0.0037571624852716923,0.04353485256433487,0.07303866744041443,0.22342252731323242,0.0010000000474974513,42,0,MLP
0.0041327397339046,0.045314908027648926,0.07157789170742035,0.22008943557739258,0.0010000000474974513,43,0,MLP
0.0030993674881756306,0.041502632200717926,0.061982251703739166,0.20170409977436066,0.0010000000474974513,44,0,MLP
0.003902721917256713,0.0449170246720314,0.0676802322268486,0.21293026208877563,0.0010000000474974513,45,0,MLP
0.003652984509244561,0.04408137500286102,0.05794269219040871,0.19454622268676758,0.0010000000474974513,46,0,MLP
0.003665321506559849,0.04344181716442108,0.056926093995571136,0.19192539155483246,0.0010000000474974513,47,0,MLP
0.002908721100538969,0.0395883172750473,0.05896703526377678,0.19654931128025055,0.0010000000474974513,48,0,MLP
0.003657324705272913,0.044104479253292084,0.05341797694563866,0.18505923449993134,0.0010000000474974513,49,0,MLP
0.0034013395197689533,0.042040761560201645,0.05831814557313919,0.19485615193843842,0.0010000000474974513,50,0,MLP
0.0033168578520417213,0.041824210435152054,0.06056249514222145,0.19972442090511322,0.0010000000474974513,51,0,MLP
0.0025284464936703444,0.03676441311836243,0.058987051248550415,0.19693884253501892,0.0010000000474974513,52,0,MLP
0.0026343329809606075,0.03681936115026474,0.05856449902057648,0.19634099304676056,0.0010000000474974513,53,0,MLP
0.00266466592438519,0.037036675959825516,0.06187368184328079,0.20361164212226868,0.0010000000474974513,54,0,MLP
0.002046340610831976,0.03405333682894707,0.06201797351241112,0.20408403873443604,0.0010000000474974513,55,0,MLP
0.0021335366182029247,0.03392015025019646,0.06193239986896515,0.20370744168758392,0.0010000000474974513,56,0,MLP
0.0023546037264168262,0.035760123282670975,0.06102780997753143,0.2021636664867401,0.0010000000474974513,57,0,MLP
0.0022733109071850777,0.03533951938152313,0.06048279255628586,0.2014516294002533,0.0010000000474974513,58,0,MLP
0.0026673171669244766,0.037376318126916885,0.05960235744714737,0.20052309334278107,0.0010000000474974513,59,0,MLP
0.0023973567876964808,0.03569873422384262,0.06134561821818352,0.20406119525432587,0.0005000000237487257,60,0,MLP
0.0024274641182273626,0.03414518013596535,0.06424925476312637,0.2103978395462036,0.0005000000237487257,61,0,MLP
0.0023311141412705183,0.03515587002038956,0.06186194345355034,0.20586760342121124,0.0005000000237487257,62,0,MLP
0.00216987868770957,0.03386954963207245,0.05888458341360092,0.1998959332704544,0.0005000000237487257,63,0,MLP
0.002147006569430232,0.034339677542448044,0.05712273716926575,0.19638532400131226,0.0005000000237487257,64,0,MLP
0.0019072924042120576,0.03024548850953579,0.05532412603497505,0.1929059773683548,0.0005000000237487257,65,0,MLP
0.00198741490021348,0.032539092004299164,0.05598469078540802,0.19463974237442017,0.0005000000237487257,66,0,MLP
0.0022196185309439898,0.034850917756557465,0.05964791029691696,0.20227070152759552,0.0005000000237487257,67,0,MLP
0.002149268751963973,0.033466845750808716,0.05825340747833252,0.19956687092781067,0.0005000000237487257,68,0,MLP
0.0021324793342500925,0.03439617156982422,0.055549055337905884,0.19345134496688843,0.0005000000237487257,69,0,MLP
0.42806968092918396,0.4992741346359253,0.6364533305168152,0.6687207818031311,0.0010000000474974513,1,1,MLP
0.1966533362865448,0.32569456100463867,0.20414018630981445,0.37596458196640015,0.0010000000474974513,2,1,MLP
0.1387104094028473,0.2780444025993347,0.2584645748138428,0.4140855669975281,0.0010000000474974513,3,1,MLP
0.0707932561635971,0.20472198724746704,0.20835751295089722,0.3687427043914795,0.0010000000474974513,4,1,MLP
0.07147812843322754,0.20933221280574799,0.1837090253829956,0.35345062613487244,0.0010000000474974513,5,1,MLP
0.05951463058590889,0.1825074553489685,0.1702904850244522,0.34333527088165283,0.0010000000474974513,6,1,MLP
0.04145710542798042,0.15442968904972076,0.1374613344669342,0.30602318048477173,0.0010000000474974513,7,1,MLP
0.04549523442983627,0.1632889360189438,0.13455037772655487,0.2987382709980011,0.0010000000474974513,8,1,MLP
0.03388449549674988,0.139583021402359,0.11854107677936554,0.27988749742507935,0.0010000000474974513,9,1,MLP
0.031925830990076065,0.13534663617610931,0.11127889901399612,0.2733863890171051,0.0010000000474974513,10,1,MLP
0.024205241352319717,0.1176837757229805,0.10947639495134354,0.2724498212337494,0.0010000000474974513,11,1,MLP
0.023352986201643944,0.11597664654254913,0.089027039706707,0.24472348392009735,0.0010000000474974513,12,1,MLP
0.023392312228679657,0.11767458915710449,0.06758859008550644,0.2107851505279541,0.0010000000474974513,13,1,MLP
0.021969886496663094,0.11013949662446976,0.07720021903514862,0.22662033140659332,0.0010000000474974513,14,1,MLP
0.023202789947390556,0.11157263815402985,0.06614724546670914,0.20975026488304138,0.0010000000474974513,15,1,MLP
0.020130012184381485,0.10964000970125198,0.06884787231683731,0.21394433081150055,0.0010000000474974513,16,1,MLP
0.016113560646772385,0.09609919041395187,0.06207896023988724,0.20418789982795715,0.0010000000474974513,17,1,MLP
0.014947103336453438,0.09157023578882217,0.05513207986950874,0.19120711088180542,0.0010000000474974513,18,1,MLP
0.015388245694339275,0.09561476111412048,0.05506252869963646,0.1928424835205078,0.0010000000474974513,19,1,MLP
0.011800307780504227,0.08615612238645554,0.04571111872792244,0.17389893531799316,0.0010000000474974513,20,1,MLP
0.012929991818964481,0.08896303176879883,0.0421765111386776,0.16640926897525787,0.0010000000474974513,21,1,MLP
0.013767605647444725,0.0887368768453598,0.04502318054437637,0.17213355004787445,0.0010000000474974513,22,1,MLP
0.014988094568252563,0.08927580714225769,0.04790255427360535,0.17714114487171173,0.0010000000474974513,23,1,MLP
0.012455643154680729,0.08261076360940933,0.045563243329524994,0.1723058968782425,0.0010000000474974513,24,1,MLP
0.00994203332811594,0.07676117867231369,0.04261785373091698,0.16759639978408813,0.0010000000474974513,25,1,MLP
0.011049102991819382,0.08021538704633713,0.045183539390563965,0.17543534934520721,0.0010000000474974513,26,1,MLP
0.0090970229357481,0.07446939498186111,0.03503398224711418,0.1512364000082016,0.0010000000474974513,27,1,MLP
0.009867394343018532,0.0736406072974205,0.04285572096705437,0.1712869256734848,0.0010000000474974513,28,1,MLP
0.009037449955940247,0.07219415158033371,0.03201860189437866,0.14231698215007782,0.0010000000474974513,29,1,MLP
0.010534237138926983,0.07524574548006058,0.03181615099310875,0.14186961948871613,0.0010000000474974513,30,1,MLP
0.008497812785208225,0.07027000188827515,0.030090296640992165,0.1369691640138626,0.0010000000474974513,31,1,MLP
0.009143167175352573,0.07114581763744354,0.03590070828795433,0.15428517758846283,0.0010000000474974513,32,1,MLP
0.009161480702459812,0.07102538645267487,0.03032643347978592,0.13689130544662476,0.0010000000474974513,33,1,MLP
0.006537711247801781,0.06267452239990234,0.024471687152981758,0.12212013453245163,0.0010000000474974513,34,1,MLP
0.007232177071273327,0.06511485576629639,0.029253138229250908,0.13608579337596893,0.0010000000474974513,35,1,MLP
0.008046582341194153,0.06706923991441727,0.026078861206769943,0.12728281319141388,0.0010000000474974513,36,1,MLP
0.00741160660982132,0.06494290381669998,0.024468878284096718,0.12352297455072403,0.0010000000474974513,37,1,MLP
0.008374899625778198,0.0667843297123909,0.026285476982593536,0.12972602248191833,0.0010000000474974513,38,1,MLP
0.005946554709225893,0.05876583233475685,0.023077774792909622,0.12041951715946198,0.0010000000474974513,39,1,MLP
0.005804980639368296,0.05745555832982063,0.02744486927986145,0.13293947279453278,0.0010000000474974513,40,1,MLP
0.0056973593309521675,0.0567452572286129,0.024726251140236855,0.1249903216958046,0.0010000000474974513,41,1,MLP
0.005867768079042435,0.05740736797451973,0.022277025505900383,0.11750629544258118,0.0010000000474974513,42,1,MLP
0.00455094687640667,0.052627962082624435,0.020307259634137154,0.11079894751310349,0.0010000000474974513,43,1,MLP
0.005599634256213903,0.05816762149333954,0.021656008437275887,0.11561835557222366,0.0010000000474974513,44,1,MLP
0.005221751984208822,0.05570063367486,0.02416255511343479,0.12428771704435349,0.0010000000474974513,45,1,MLP
0.0040968130342662334,0.04977598786354065,0.021329399198293686,0.11417754739522934,0.0010000000474974513,46,1,MLP
0.004534487146884203,0.051426760852336884,0.020562706515192986,0.11153187602758408,0.0010000000474974513,47,1,MLP
0.004925778601318598,0.05270896852016449,0.01802164316177368,0.1020708829164505,0.0010000000474974513,48,1,MLP
0.005375965498387814,0.05561593919992447,0.01687036268413067,0.09877963364124298,0.0010000000474974513,49,1,MLP
0.005108174402266741,0.05458979681134224,0.019320808351039886,0.10727863013744354,0.0010000000474974513,50,1,MLP
0.004018778447061777,0.04775134101510048,0.01816745474934578,0.10272382199764252,0.0010000000474974513,51,1,MLP
0.004074166063219309,0.04801080375909805,0.018524548038840294,0.10384220629930496,0.0010000000474974513,52,1,MLP
0.004126257263123989,0.04883930832147598,0.017511187121272087,0.10036063939332962,0.0010000000474974513,53,1,MLP
0.004560711793601513,0.05114927887916565,0.019233420491218567,0.10804267227649689,0.0010000000474974513,54,1,MLP
0.0035516098141670227,0.04572397097945213,0.01718093641102314,0.10076271742582321,0.0010000000474974513,55,1,MLP
0.004815105814486742,0.0494578517973423,0.01575419120490551,0.09616293013095856,0.0010000000474974513,56,1,MLP
0.002927906345576048,0.04080543667078018,0.01619546301662922,0.09835609793663025,0.0010000000474974513,57,1,MLP
0.004019489046186209,0.046321526169776917,0.016016140580177307,0.09794356673955917,0.0010000000474974513,58,1,MLP
0.0031420604791492224,0.04305822029709816,0.016330735757946968,0.09893790632486343,0.0010000000474974513,59,1,MLP
0.0034155796747654676,0.04331868514418602,0.015946121886372566,0.09627353399991989,0.0010000000474974513,60,1,MLP
0.003473023185506463,0.043587230145931244,0.016367921605706215,0.09749206900596619,0.0010000000474974513,61,1,MLP
0.0035274934489279985,0.04375576227903366,0.01632046140730381,0.09709891676902771,0.0010000000474974513,62,1,MLP
0.003615511814132333,0.04705583304166794,0.016069313511252403,0.09594429284334183,0.0010000000474974513,63,1,MLP
0.0034973875153809786,0.043745413422584534,0.016798460856080055,0.09878934919834137,0.0010000000474974513,64,1,MLP
0.0029557335656136274,0.04089269042015076,0.01568816602230072,0.09493719786405563,0.0010000000474974513,65,1,MLP
0.0030577874276787043,0.041840020567178726,0.015340468846261501,0.09367911517620087,0.0010000000474974513,66,1,MLP
0.003231046022847295,0.04156474396586418,0.01563381403684616,0.09474393725395203,0.0010000000474974513,67,1,MLP
0.0026179798878729343,0.040121160447597504,0.014005054719746113,0.08757852017879486,0.0010000000474974513,68,1,MLP
0.0026786199305206537,0.03973151743412018,0.014484685845673084,0.08963782340288162,0.0010000000474974513,69,1,MLP
0.002649452770128846,0.038771964609622955,0.01446068100631237,0.08957964181900024,0.0010000000474974513,70,1,MLP
0.002866254188120365,0.03979681432247162,0.014446231536567211,0.08998794853687286,0.0010000000474974513,71,1,MLP
0.002690445864573121,0.04015953466296196,0.01452038437128067,0.09104955941438675,0.0010000000474974513,72,1,MLP
0.002195491921156645,0.03484826534986496,0.013809478841722012,0.08875873684883118,0.0010000000474974513,73,1,MLP
0.0024603719357401133,0.03675215318799019,0.013962039723992348,0.08980052918195724,0.0010000000474974513,74,1,MLP
0.002822169102728367,0.03938855230808258,0.013138188980519772,0.0866767093539238,0.0010000000474974513,75,1,MLP
0.002308540279045701,0.03607877716422081,0.0134519562125206,0.08906091749668121,0.0010000000474974513,76,1,MLP
0.002572445897385478,0.03741789981722832,0.011969874612987041,0.08311117440462112,0.0010000000474974513,77,1,MLP
0.002215363783761859,0.03470879793167114,0.011929210275411606,0.08342089504003525,0.0010000000474974513,78,1,MLP
0.002390119945630431,0.036243174225091934,0.012678440660238266,0.08678321540355682,0.0010000000474974513,79,1,MLP
0.0021526182536035776,0.03471575677394867,0.011590281501412392,0.08157289773225784,0.0010000000474974513,80,1,MLP
0.002787812612950802,0.037079181522130966,0.01161128468811512,0.08071375638246536,0.0010000000474974513,81,1,MLP
0.00204960978589952,0.03610200062394142,0.012051338329911232,0.08239878714084625,0.0010000000474974513,82,1,MLP
0.0021756344940513372,0.03477771207690239,0.011559060774743557,0.07984141260385513,0.0010000000474974513,83,1,MLP
0.0018575061112642288,0.032814398407936096,0.011614544317126274,0.08025890588760376,0.0010000000474974513,84,1,MLP
0.0022354829125106335,0.034338705241680145,0.011315093375742435,0.07869633287191391,0.0010000000474974513,85,1,MLP
0.0018447305774316192,0.031984370201826096,0.011032797396183014,0.07679858803749084,0.0010000000474974513,86,1,MLP
0.002104494720697403,0.03351101651787758,0.011051416397094727,0.07709258049726486,0.0010000000474974513,87,1,MLP
0.0021127264481037855,0.03457587957382202,0.011288478039205074,0.07841326296329498,0.0010000000474974513,88,1,MLP
0.0021740582305938005,0.034111909568309784,0.011179480701684952,0.07778267562389374,0.0010000000474974513,89,1,MLP
0.0020406150724738836,0.0328511968255043,0.010898726060986519,0.07650038599967957,0.0010000000474974513,90,1,MLP
0.0017727029044181108,0.03164565935730934,0.011177744716405869,0.07786180078983307,0.0010000000474974513,91,1,MLP
0.0017157468246296048,0.0305989608168602,0.010734147392213345,0.07602933794260025,0.0010000000474974513,92,1,MLP
0.0014851384330540895,0.028658078983426094,0.010581634007394314,0.07560493052005768,0.0010000000474974513,93,1,MLP
0.0016011210391297936,0.029586562886834145,0.010296082124114037,0.07485831528902054,0.0010000000474974513,94,1,MLP
0.0016942230286076665,0.030493581667542458,0.010243592783808708,0.07492045313119888,0.0010000000474974513,95,1,MLP
0.0016501987120136619,0.02979685366153717,0.009935915470123291,0.07347354292869568,0.0010000000474974513,96,1,MLP
0.0015821234555914998,0.029748644679784775,0.010219460353255272,0.07426513731479645,0.0010000000474974513,97,1,MLP
0.0018242077203467488,0.029990511015057564,0.010315177030861378,0.07476393133401871,0.0010000000474974513,98,1,MLP
0.0014320436166599393,0.028486056253314018,0.010094817727804184,0.07463192939758301,0.0010000000474974513,99,1,MLP
0.0015855215024203062,0.029811182990670204,0.009890079498291016,0.07391652464866638,0.0010000000474974513,100,1,MLP
0.0019855396822094917,0.030839573591947556,0.00964063499122858,0.07252945750951767,0.0010000000474974513,101,1,MLP
0.0018563413759693503,0.03123125247657299,0.00997911486774683,0.0738711804151535,0.0010000000474974513,102,1,MLP
0.0014262981712818146,0.028186636045575142,0.010178567841649055,0.07469478994607925,0.0010000000474974513,103,1,MLP
0.001122795743867755,0.025732798501849174,0.010268227197229862,0.07546950876712799,0.0010000000474974513,104,1,MLP
0.0011360027128830552,0.02548360452055931,0.009815110825002193,0.07301605492830276,0.0010000000474974513,105,1,MLP
0.001373609877191484,0.026922089979052544,0.009655417874455452,0.07159703224897385,0.0010000000474974513,106,1,MLP
0.0011761733330786228,0.025641582906246185,0.009698024950921535,0.07140182703733444,0.0010000000474974513,107,1,MLP
0.0014604286989197135,0.025624586269259453,0.00997126754373312,0.07183123379945755,0.0010000000474974513,108,1,MLP
0.001424865098670125,0.026518715545535088,0.009914878755807877,0.0715855285525322,0.0010000000474974513,109,1,MLP
0.001322692260146141,0.02642570249736309,0.009860544465482235,0.0723712220788002,0.0010000000474974513,110,1,MLP
0.0012225514510646462,0.02652454376220703,0.009394864551723003,0.07049137353897095,0.0010000000474974513,111,1,MLP
0.0012887235498055816,0.02600249834358692,0.009455141611397266,0.07178028672933578,0.0010000000474974513,112,1,MLP
0.0012147871311753988,0.025089051574468613,0.008844204246997833,0.06788257509469986,0.0010000000474974513,113,1,MLP
0.0009871560614556074,0.02314097434282303,0.008803579024970531,0.06785484403371811,0.0010000000474974513,114,1,MLP
0.0011697456939145923,0.024330826476216316,0.009056955575942993,0.06969305872917175,0.0010000000474974513,115,1,MLP
0.0009408693294972181,0.0234050452709198,0.009241391904652119,0.07044216245412827,0.0010000000474974513,116,1,MLP
0.0012225742684677243,0.026055481284856796,0.008955704979598522,0.06887472420930862,0.0010000000474974513,117,1,MLP
0.0010992002207785845,0.02421407215297222,0.009023826569318771,0.06947750598192215,0.0010000000474974513,118,1,MLP
0.0008841563249006867,0.021811408922076225,0.008944051340222359,0.06950050592422485,0.0010000000474974513,119,1,MLP
0.0011209396179765463,0.02385462448000908,0.008708653971552849,0.06796494126319885,0.0010000000474974513,120,1,MLP
0.0008588407072238624,0.020877564325928688,0.008654794655740261,0.06816332042217255,0.0010000000474974513,121,1,MLP
0.0010667531751096249,0.023627987131476402,0.008685313165187836,0.0688576027750969,0.0010000000474974513,122,1,MLP
0.0009861566359177232,0.02268575318157673,0.008348599076271057,0.06693311780691147,0.0010000000474974513,123,1,MLP
0.0009337914525531232,0.021853260695934296,0.008569076657295227,0.06864555925130844,0.0010000000474974513,124,1,MLP
0.0009053373942151666,0.022064896300435066,0.008226306177675724,0.06641367077827454,0.0010000000474974513,125,1,MLP
0.0012136315926909447,0.025065220892429352,0.008166907355189323,0.06602774560451508,0.0010000000474974513,126,1,MLP
0.0009305624989792705,0.022988634184002876,0.00836181826889515,0.06701142340898514,0.0010000000474974513,127,1,MLP
0.0008092113421298563,0.02187436632812023,0.008251472376286983,0.06549585610628128,0.0010000000474974513,128,1,MLP
0.0008349938434548676,0.0205202866345644,0.008359144441783428,0.06637108325958252,0.0010000000474974513,129,1,MLP
0.001148525276221335,0.024312658235430717,0.007957540452480316,0.06377062201499939,0.0010000000474974513,130,1,MLP
0.001027325983159244,0.023095054551959038,0.008161467500030994,0.06486297398805618,0.0010000000474974513,131,1,MLP
0.000825477996841073,0.020525982603430748,0.008242910727858543,0.06525185704231262,0.0010000000474974513,132,1,MLP
0.0010596778010949492,0.022658497095108032,0.00803975947201252,0.06357778608798981,0.0010000000474974513,133,1,MLP
0.0008352564764209092,0.020658930763602257,0.00797144416719675,0.06410318613052368,0.0010000000474974513,134,1,MLP
0.0008784719393588603,0.021906482055783272,0.007722192909568548,0.06204445660114288,0.0010000000474974513,135,1,MLP
0.0008624930633231997,0.021530402824282646,0.007839866913855076,0.06389527022838593,0.0010000000474974513,136,1,MLP
0.0007811777177266777,0.02059662714600563,0.0075424546375870705,0.06213271617889404,0.0010000000474974513,137,1,MLP
0.0008624456240795553,0.021276747807860374,0.007578593213111162,0.06266335397958755,0.0010000000474974513,138,1,MLP
0.000866391696035862,0.021481001749634743,0.007583319209516048,0.06251000612974167,0.0010000000474974513,139,1,MLP
0.0009276923374272883,0.02202901616692543,0.0076754409819841385,0.06266283988952637,0.0010000000474974513,140,1,MLP
0.0006136070005595684,0.017994657158851624,0.007683732081204653,0.06245076656341553,0.0010000000474974513,141,1,MLP
0.0006711991154588759,0.018737828359007835,0.007582522463053465,0.06165911257266998,0.0010000000474974513,142,1,MLP
0.0006625672103837132,0.01930578239262104,0.007564909756183624,0.06184324994683266,0.0010000000474974513,143,1,MLP
0.0008820018265396357,0.020786629989743233,0.007565751671791077,0.06197371706366539,0.0010000000474974513,144,1,MLP
0.0008278873865492642,0.01968969590961933,0.007489775773137808,0.06157511845231056,0.0010000000474974513,145,1,MLP
0.0009119290043599904,0.021299755200743675,0.0074644931592047215,0.06172523647546768,0.0010000000474974513,146,1,MLP
0.0007987133576534688,0.018438279628753662,0.007524948101490736,0.06197682023048401,0.0010000000474974513,147,1,MLP
0.0005888249725103378,0.017426688224077225,0.007402294781059027,0.06133823096752167,0.0005000000237487257,148,1,MLP
0.0006524227210320532,0.017600538209080696,0.0073963734321296215,0.06148131936788559,0.0005000000237487257,149,1,MLP
0.0006587441894225776,0.018733292818069458,0.0074426583014428616,0.06174646317958832,0.0005000000237487257,150,1,MLP
0.20225249230861664,0.35655102133750916,0.18671756982803345,0.35237547755241394,0.0010000000474974513,1,2,MLP
0.11897244304418564,0.2662692964076996,0.08383481204509735,0.22862789034843445,0.0010000000474974513,2,2,MLP
0.08799364417791367,0.22428688406944275,0.13774773478507996,0.31265315413475037,0.0010000000474974513,3,2,MLP
0.05568132549524307,0.18038180470466614,0.13193100690841675,0.3099862039089203,0.0010000000474974513,4,2,MLP
0.03854857012629509,0.15117785334587097,0.10879038274288177,0.27869370579719543,0.0010000000474974513,5,2,MLP
0.026995258405804634,0.1263892948627472,0.09437670558691025,0.2590197026729584,0.0010000000474974513,6,2,MLP
0.02312817983329296,0.11627282947301865,0.08894266933202744,0.252964586019516,0.0010000000474974513,7,2,MLP
0.024268057197332382,0.12004554271697998,0.08167099207639694,0.23771896958351135,0.0010000000474974513,8,2,MLP
0.01989651843905449,0.10709226876497269,0.09228076785802841,0.25397902727127075,0.0010000000474974513,9,2,MLP
0.018870100378990173,0.10117494314908981,0.07220175117254257,0.22120453417301178,0.0010000000474974513,10,2,MLP
0.01878422126173973,0.10377176851034164,0.06154031306505203,0.20263010263442993,0.0010000000474974513,11,2,MLP
0.014189774170517921,0.09269985556602478,0.07274819910526276,0.22307910025119781,0.0010000000474974513,12,2,MLP
0.014290171675384045,0.08754514157772064,0.06337415426969528,0.2074543982744217,0.0010000000474974513,13,2,MLP
0.01604204997420311,0.09277360886335373,0.06656923145055771,0.21240180730819702,0.0010000000474974513,14,2,MLP
0.01468149945139885,0.0901094526052475,0.061073265969753265,0.2024863064289093,0.0010000000474974513,15,2,MLP
0.011936931870877743,0.07969138771295547,0.049078695476055145,0.18236640095710754,0.0010000000474974513,16,2,MLP
0.010131347924470901,0.0748785212635994,0.04598310962319374,0.17663216590881348,0.0010000000474974513,17,2,MLP
0.00852976180613041,0.07110372930765152,0.04335050284862518,0.17281833291053772,0.0010000000474974513,18,2,MLP
0.010194797068834305,0.07426966726779938,0.03820471838116646,0.16382978856563568,0.0010000000474974513,19,2,MLP
0.010105873458087444,0.0715998113155365,0.035351451486349106,0.15701532363891602,0.0010000000474974513,20,2,MLP
0.008618093095719814,0.06870178133249283,0.03339598327875137,0.15065550804138184,0.0010000000474974513,21,2,MLP
0.008213446475565434,0.0675833523273468,0.03896082937717438,0.16269893944263458,0.0010000000474974513,22,2,MLP
0.008491333574056625,0.0680144801735878,0.04185880348086357,0.16940756142139435,0.0010000000474974513,23,2,MLP
0.007191036362200975,0.0655614361166954,0.044818103313446045,0.17524653673171997,0.0010000000474974513,24,2,MLP
0.007087236735969782,0.06172095611691475,0.0461055226624012,0.17718057334423065,0.0010000000474974513,25,2,MLP
0.0065416269935667515,0.06195703521370888,0.046864110976457596,0.17826850712299347,0.0010000000474974513,26,2,MLP
0.005748475436121225,0.05790692940354347,0.04583924263715744,0.17638133466243744,0.0010000000474974513,27,2,MLP
0.0056146676652133465,0.057642657309770584,0.045600082725286484,0.1759902685880661,0.0010000000474974513,28,2,MLP
0.004849778953939676,0.051751524209976196,0.04047216847538948,0.16560909152030945,0.0010000000474974513,29,2,MLP
0.004742735531181097,0.05366705730557442,0.04308871552348137,0.17085108160972595,0.0010000000474974513,30,2,MLP
0.005865206941962242,0.05397264286875725,0.049820493906736374,0.18398278951644897,0.0010000000474974513,31,2,MLP
0.004933113697916269,0.0526476614177227,0.046511102467775345,0.17752352356910706,0.0005000000237487257,32,2,MLP
0.005833919160068035,0.05616246163845062,0.0436139851808548,0.1718442738056183,0.0005000000237487257,33,2,MLP
0.005243775434792042,0.05335430055856705,0.042638085782527924,0.17013360559940338,0.0005000000237487257,34,2,MLP
0.004476349335163832,0.049019236117601395,0.04179505631327629,0.16897794604301453,0.0005000000237487257,35,2,MLP
0.004521146882325411,0.04976879060268402,0.04118499159812927,0.16861793398857117,0.0005000000237487257,36,2,MLP
0.005011883098632097,0.05106741189956665,0.040753986686468124,0.16764886677265167,0.0005000000237487257,37,2,MLP
0.003943375777453184,0.046742141246795654,0.03737566992640495,0.1599198281764984,0.0005000000237487257,38,2,MLP
0.0036389136221259832,0.044332586228847504,0.034570422023534775,0.1533479392528534,0.0005000000237487257,39,2,MLP
0.004600116051733494,0.051707733422517776,0.03462250158190727,0.15345075726509094,0.0005000000237487257,40,2,MLP
0.003935717977583408,0.04904897138476372,0.03517790511250496,0.15484821796417236,0.0005000000237487257,41,2,MLP
0.4782191514968872,0.5021611452102661,0.23159100115299225,0.3695160746574402,0.0010000000474974513,1,3,MLP
0.17671726644039154,0.30830249190330505,0.3063676953315735,0.4380524158477783,0.0010000000474974513,2,3,MLP
0.12410289794206619,0.2572294771671295,0.1261739730834961,0.2840868830680847,0.0010000000474974513,3,3,MLP
0.07862018793821335,0.20974929630756378,0.087800994515419,0.23792223632335663,0.0010000000474974513,4,3,MLP
0.05973837524652481,0.18219390511512756,0.07772456854581833,0.22288921475410461,0.0010000000474974513,5,3,MLP
0.048319391906261444,0.1721687614917755,0.0617511011660099,0.19615419209003448,0.0010000000474974513,6,3,MLP
0.04595368728041649,0.16752436757087708,0.05279547721147537,0.18005414307117462,0.0010000000474974513,7,3,MLP
0.04105628281831741,0.15676602721214294,0.05744589865207672,0.1895488053560257,0.0010000000474974513,8,3,MLP
0.03673110529780388,0.14734984934329987,0.04794752225279808,0.17288219928741455,0.0010000000474974513,9,3,MLP
0.028980830684304237,0.1321881115436554,0.047832585871219635,0.17504195868968964,0.0010000000474974513,10,3,MLP
0.025974376127123833,0.12650080025196075,0.04969290643930435,0.17667506635189056,0.0010000000474974513,11,3,MLP
0.025586776435375214,0.12526637315750122,0.04149176552891731,0.1593976467847824,0.0010000000474974513,12,3,MLP
0.027173232287168503,0.12291176617145538,0.0391271747648716,0.15642404556274414,0.0010000000474974513,13,3,MLP
0.020901022478938103,0.11084990948438644,0.036295510828495026,0.1513424813747406,0.0010000000474974513,14,3,MLP
0.02058008499443531,0.1067505031824112,0.03144878149032593,0.1407397985458374,0.0010000000474974513,15,3,MLP
0.019577203318476677,0.10414869338274002,0.029180847108364105,0.13475239276885986,0.0010000000474974513,16,3,MLP
0.019731469452381134,0.10680780559778214,0.030074138194322586,0.1365416795015335,0.0010000000474974513,17,3,MLP
0.017937393859028816,0.10321440547704697,0.028176113963127136,0.13234764337539673,0.0010000000474974513,18,3,MLP
0.016640637069940567,0.0974346473813057,0.025359513238072395,0.12515118718147278,0.0010000000474974513,19,3,MLP
0.014498847536742687,0.09187693893909454,0.024439139291644096,0.12264516204595566,0.0010000000474974513,20,3,MLP
0.013111487030982971,0.09113100916147232,0.023598752915859222,0.12046243995428085,0.0010000000474974513,21,3,MLP
0.012880446389317513,0.09016083925962448,0.02339624986052513,0.11971497535705566,0.0010000000474974513,22,3,MLP
0.013292787596583366,0.0867832824587822,0.02239447832107544,0.11734310537576675,0.0010000000474974513,23,3,MLP
0.011671952903270721,0.0837383046746254,0.02153589390218258,0.11455485224723816,0.0010000000474974513,24,3,MLP
0.011322871781885624,0.07890138775110245,0.019837822765111923,0.10949502140283585,0.0010000000474974513,25,3,MLP
0.013090145774185658,0.08584854751825333,0.0189034603536129,0.10681017488241196,0.0010000000474974513,26,3,MLP
0.011633053421974182,0.08167538791894913,0.018491804599761963,0.10441270470619202,0.0010000000474974513,27,3,MLP
0.01056618057191372,0.07929154485464096,0.018967611715197563,0.10691165924072266,0.0010000000474974513,28,3,MLP
0.009666991420090199,0.07344071567058563,0.018631570041179657,0.1059010922908783,0.0010000000474974513,29,3,MLP
0.010075978003442287,0.07636889070272446,0.018739793449640274,0.10596652328968048,0.0010000000474974513,30,3,MLP
0.010883250273764133,0.07986664026975632,0.018322544172406197,0.1049237921833992,0.0010000000474974513,31,3,MLP
0.011154192499816418,0.08081214874982834,0.01858147792518139,0.10513660311698914,0.0010000000474974513,32,3,MLP
0.008670811541378498,0.07052258402109146,0.018107086420059204,0.10515522956848145,0.0010000000474974513,33,3,MLP
0.008675124496221542,0.07251711189746857,0.017146438360214233,0.1020597368478775,0.0010000000474974513,34,3,MLP
0.00782597903162241,0.06739163398742676,0.01583966799080372,0.09715487062931061,0.0010000000474974513,35,3,MLP
0.008037819527089596,0.06979292631149292,0.015241768211126328,0.09545260667800903,0.0010000000474974513,36,3,MLP
0.007026605308055878,0.06613095104694366,0.015828637406229973,0.0963275283575058,0.0010000000474974513,37,3,MLP
0.007736080791801214,0.06681235879659653,0.014673617668449879,0.0926341786980629,0.0010000000474974513,38,3,MLP
0.0060198986902832985,0.059524402022361755,0.014328191988170147,0.0919468104839325,0.0010000000474974513,39,3,MLP
0.006101803854107857,0.05846506357192993,0.015101411379873753,0.09451400488615036,0.0010000000474974513,40,3,MLP
0.0060703638009727,0.059677448123693466,0.01575579307973385,0.09628237038850784,0.0010000000474974513,41,3,MLP
0.007036352530121803,0.06080838665366173,0.015145262703299522,0.09367041289806366,0.0010000000474974513,42,3,MLP
0.005913106258958578,0.05783956125378609,0.014896757900714874,0.0926724225282669,0.0010000000474974513,43,3,MLP
0.006219961680471897,0.059312235563993454,0.014136825688183308,0.08996151387691498,0.0010000000474974513,44,3,MLP
0.006292952690273523,0.05840649828314781,0.014007427729666233,0.08897259086370468,0.0010000000474974513,45,3,MLP
0.005696166772395372,0.0556144118309021,0.013893219642341137,0.08864886313676834,0.0010000000474974513,46,3,MLP
0.004853886552155018,0.05494455620646477,0.01315891183912754,0.0859074667096138,0.0010000000474974513,47,3,MLP
0.004968837834894657,0.05394190177321434,0.012709038332104683,0.08394831418991089,0.0010000000474974513,48,3,MLP
0.005603189114481211,0.05748611316084862,0.012669050134718418,0.08421657979488373,0.0010000000474974513,49,3,MLP
0.004648418631404638,0.05286350101232529,0.012630513869225979,0.08475496619939804,0.0010000000474974513,50,3,MLP
0.004251482430845499,0.04993871971964836,0.012948887422680855,0.08643519133329391,0.0010000000474974513,51,3,MLP
0.00470468495041132,0.05228867009282112,0.012559236958622932,0.08547370880842209,0.0010000000474974513,52,3,MLP
0.004915460012853146,0.0523054376244545,0.012264586985111237,0.08490073680877686,0.0010000000474974513,53,3,MLP
0.004567600321024656,0.05220356956124306,0.011970232240855694,0.08394745737314224,0.0010000000474974513,54,3,MLP
0.004375488962978125,0.050391510128974915,0.010989424772560596,0.07992388308048248,0.0010000000474974513,55,3,MLP
0.0038799899630248547,0.04728715866804123,0.010786729864776134,0.07964641600847244,0.0010000000474974513,56,3,MLP
0.004420520272105932,0.051281265914440155,0.01190505363047123,0.08402606099843979,0.0010000000474974513,57,3,MLP
0.004651976749300957,0.05027689039707184,0.010544453747570515,0.07805481553077698,0.0010000000474974513,58,3,MLP
0.003915673587471247,0.04827246814966202,0.010411683470010757,0.07749813795089722,0.0010000000474974513,59,3,MLP
0.00405967328697443,0.0488823764026165,0.009510519914329052,0.07397222518920898,0.0010000000474974513,60,3,MLP
0.00345044769346714,0.04605007916688919,0.009933347813785076,0.07618803530931473,0.0010000000474974513,61,3,MLP
0.004175013862550259,0.04838486388325691,0.009313697926700115,0.07268223911523819,0.0010000000474974513,62,3,MLP
0.0034629052970558405,0.04337770864367485,0.009147816337645054,0.07118113338947296,0.0010000000474974513,63,3,MLP
0.003360797418281436,0.04501297324895859,0.009702938608825207,0.07470440119504929,0.0010000000474974513,64,3,MLP
0.00331832910887897,0.04276605695486069,0.010285706259310246,0.07798367738723755,0.0010000000474974513,65,3,MLP
0.0030454222578555346,0.04167624190449715,0.010252703912556171,0.07716018706560135,0.0010000000474974513,66,3,MLP
0.003307781647890806,0.04385640472173691,0.009660465642809868,0.07549873739480972,0.0010000000474974513,67,3,MLP
0.0031219387892633677,0.04256781190633774,0.009839728474617004,0.07731970399618149,0.0010000000474974513,68,3,MLP
0.002484692260622978,0.03901366516947746,0.008515813387930393,0.07094745337963104,0.0010000000474974513,69,3,MLP
0.0028202261310070753,0.04084406793117523,0.009048513136804104,0.07435008138418198,0.0010000000474974513,70,3,MLP
0.003292674431577325,0.04120112210512161,0.00868152268230915,0.07199352234601974,0.0010000000474974513,71,3,MLP
0.0031302578281611204,0.04222974181175232,0.0084717171266675,0.0705641433596611,0.0010000000474974513,72,3,MLP
0.0027956392150372267,0.0399857759475708,0.00855712965130806,0.07175210863351822,0.0010000000474974513,73,3,MLP
0.002591857686638832,0.03953605517745018,0.008641598746180534,0.07184377312660217,0.0010000000474974513,74,3,MLP
0.002271764213219285,0.03718278557062149,0.008496909402310848,0.07127270102500916,0.0010000000474974513,75,3,MLP
0.0028214906342327595,0.04163619875907898,0.008526109158992767,0.07074964791536331,0.0010000000474974513,76,3,MLP
0.0024862983264029026,0.03760426118969917,0.008514841087162495,0.07091172784566879,0.0010000000474974513,77,3,MLP
0.002880498068407178,0.03841085731983185,0.008030962198972702,0.06941182166337967,0.0010000000474974513,78,3,MLP
0.0027252063155174255,0.039404138922691345,0.008164523169398308,0.06944222748279572,0.0010000000474974513,79,3,MLP
0.002564892638474703,0.04054820165038109,0.008067472837865353,0.06916705518960953,0.0010000000474974513,80,3,MLP
0.0022370999213308096,0.03673355653882027,0.0080098332837224,0.06838851422071457,0.0010000000474974513,81,3,MLP
0.0023284414783120155,0.03618466854095459,0.00771440751850605,0.06651028245687485,0.0010000000474974513,82,3,MLP
0.0021248338744044304,0.035459164530038834,0.008164257742464542,0.06932654231786728,0.0010000000474974513,83,3,MLP
0.002490272745490074,0.034969981759786606,0.008166798390448093,0.069332055747509,0.0010000000474974513,84,3,MLP
0.0023145200684666634,0.03483262658119202,0.008167004212737083,0.0695357620716095,0.0010000000474974513,85,3,MLP
0.0024225127417594194,0.03566044941544533,0.007721065077930689,0.06656249612569809,0.0010000000474974513,86,3,MLP
0.00221453164704144,0.03487575054168701,0.00764904310926795,0.0668739452958107,0.0010000000474974513,87,3,MLP
0.002267274772748351,0.035517286509275436,0.007893158122897148,0.0688781589269638,0.0010000000474974513,88,3,MLP
0.001979566179215908,0.03402738273143768,0.007987006567418575,0.0687006488442421,0.0010000000474974513,89,3,MLP
0.0022103898227214813,0.03474866971373558,0.007697175722569227,0.06740991026163101,0.0010000000474974513,90,3,MLP
0.0017702447948977351,0.03177754208445549,0.007850827649235725,0.06918475031852722,0.0010000000474974513,91,3,MLP
0.0018382309935986996,0.032351043075323105,0.007664254400879145,0.06830248981714249,0.0010000000474974513,92,3,MLP
0.002100493060424924,0.03483295440673828,0.007360049989074469,0.06650356203317642,0.0005000000237487257,93,3,MLP
0.0020696113351732492,0.03487291559576988,0.007288966793566942,0.06598293036222458,0.0005000000237487257,94,3,MLP
0.001859718351624906,0.03342099115252495,0.007152495440095663,0.065122589468956,0.0005000000237487257,95,3,MLP
0.0017641271697357297,0.03245203569531441,0.0071664778515696526,0.06529037654399872,0.0005000000237487257,96,3,MLP
0.0017075493233278394,0.0312759131193161,0.007068997714668512,0.06493985652923584,0.0005000000237487257,97,3,MLP
0.001679382985457778,0.030019700527191162,0.00684307562187314,0.06374869495630264,0.0005000000237487257,98,3,MLP
0.002040114253759384,0.03443566709756851,0.006727672182023525,0.06279884278774261,0.0005000000237487257,99,3,MLP
0.0014271002728492022,0.02912556752562523,0.006751301232725382,0.06306002289056778,0.0005000000237487257,100,3,MLP
0.0017853662138804793,0.033571258187294006,0.006784272380173206,0.06342775374650955,0.0005000000237487257,101,3,MLP
0.0017130800988525152,0.03127187862992287,0.006566519849002361,0.06216200068593025,0.0005000000237487257,102,3,MLP
0.001541163306683302,0.029864344745874405,0.00652273977175355,0.06184764951467514,0.0005000000237487257,103,3,MLP
0.0014933454804122448,0.028986727818846703,0.006641827058047056,0.0629446804523468,0.0005000000237487257,104,3,MLP
0.001482524210587144,0.02870519645512104,0.006626860238611698,0.06287217140197754,0.0005000000237487257,105,3,MLP
0.0016510484274476767,0.031826309859752655,0.006520044058561325,0.06235481798648834,0.0005000000237487257,106,3,MLP
0.0016749212518334389,0.031500477343797684,0.006559779401868582,0.06294093281030655,0.0005000000237487257,107,3,MLP
0.0018937074346467853,0.031759168952703476,0.006512361112982035,0.0628456398844719,0.0005000000237487257,108,3,MLP
0.0015821369597688317,0.030396299436688423,0.006524182390421629,0.06316323578357697,0.0005000000237487257,109,3,MLP
0.0015718959039077163,0.030180400237441063,0.006708246190100908,0.06431888043880463,0.0005000000237487257,110,3,MLP
0.0017530419863760471,0.031413111835718155,0.0068967510014772415,0.06535983085632324,0.0005000000237487257,111,3,MLP
0.001462261425331235,0.030334098264575005,0.0066563962027430534,0.06392841041088104,0.0005000000237487257,112,3,MLP
0.0014135518576949835,0.028738148510456085,0.006743839476257563,0.06470230221748352,0.0002500000118743628,113,3,MLP
0.0015257304767146707,0.029368452727794647,0.006741651333868504,0.06461081653833389,0.0002500000118743628,114,3,MLP
0.0013485255185514688,0.027421489357948303,0.006673295982182026,0.06407526135444641,0.0002500000118743628,115,3,MLP
0.0014145959867164493,0.02830805443227291,0.006573960185050964,0.0633087307214737,0.0002500000118743628,116,3,MLP
0.0016753762029111385,0.03076876886188984,0.006561420392245054,0.06304885447025299,0.0002500000118743628,117,3,MLP
0.001441863365471363,0.028831852599978447,0.006617662962526083,0.06319534778594971,0.0002500000118743628,118,3,MLP
0.0012883178424090147,0.026644045487046242,0.0065280417911708355,0.06250864267349243,0.0002500000118743628,119,3,MLP
0.0014888215810060501,0.02907785214483738,0.006492006592452526,0.06225356459617615,0.0002500000118743628,120,3,MLP
0.0014146608300507069,0.029282063245773315,0.006536995526403189,0.06256140768527985,0.0002500000118743628,121,3,MLP
0.0017173716332763433,0.03060087375342846,0.006504829972982407,0.062345847487449646,0.0002500000118743628,122,3,MLP
0.001461644540540874,0.029164951294660568,0.006492095533758402,0.06224069744348526,0.0001250000059371814,123,3,MLP
0.0013252046192064881,0.02780022844672203,0.006503071170300245,0.06237661466002464,0.0001250000059371814,124,3,MLP
0.001552568282932043,0.03045170195400715,0.006455204915255308,0.06203862652182579,0.0001250000059371814,125,3,MLP
0.0013448444660753012,0.02791711688041687,0.0063986582681536674,0.06161312013864517,0.0001250000059371814,126,3,MLP
0.0015706517733633518,0.030828807502985,0.006398450117558241,0.06162870302796364,0.0001250000059371814,127,3,MLP
0.0015191800193861127,0.02860867604613304,0.006487329490482807,0.06240881606936455,0.0001250000059371814,128,3,MLP
0.0015182474162429571,0.0304221473634243,0.0065749045461416245,0.06308989226818085,0.0001250000059371814,129,3,MLP
0.0014810014981776476,0.027883904054760933,0.006542006507515907,0.06293975561857224,0.0001250000059371814,130,3,MLP
0.0013706297613680363,0.027980225160717964,0.006398266647011042,0.06189898028969765,0.0001250000059371814,131,3,MLP
0.0015768908197060227,0.029281027615070343,0.006417803931981325,0.062157437205314636,0.0001250000059371814,132,3,MLP
0.0011501635890454054,0.026323692873120308,0.006463445257395506,0.0625530257821083,0.0001250000059371814,133,3,MLP
0.001507525914348662,0.029569247737526894,0.006464109290391207,0.06258045136928558,0.0001250000059371814,134,3,MLP
0.0012885291362181306,0.026951737701892853,0.006489965599030256,0.0628369152545929,0.0001250000059371814,135,3,MLP
0.0015584202483296394,0.02983148768544197,0.0065244571305811405,0.06306774169206619,6.25000029685907e-05,136,3,MLP
0.001660793786868453,0.02856062911450863,0.006513048429042101,0.06300501525402069,6.25000029685907e-05,137,3,MLP
0.0010469172848388553,0.02600417472422123,0.0065203565172851086,0.06307501345872879,6.25000029685907e-05,138,3,MLP
0.0013115224428474903,0.026413431391119957,0.006498095579445362,0.06292504817247391,6.25000029685907e-05,139,3,MLP
0.001232043607160449,0.02644496038556099,0.006479125004261732,0.06283170729875565,6.25000029685907e-05,140,3,MLP
0.0014576124958693981,0.028811084106564522,0.006491572130471468,0.06292117387056351,6.25000029685907e-05,141,3,MLP
0.0014537073438987136,0.02744436264038086,0.006482413969933987,0.06285182386636734,6.25000029685907e-05,142,3,MLP
0.0012750006280839443,0.026089755818247795,0.006460853852331638,0.06270578503608704,6.25000029685907e-05,143,3,MLP
0.0017066554864868522,0.030428992584347725,0.0064607164822518826,0.06269358843564987,6.25000029685907e-05,144,3,MLP
0.001333926455117762,0.02721996232867241,0.006480386946350336,0.06282231956720352,6.25000029685907e-05,145,3,MLP
0.0015182958450168371,0.029820572584867477,0.006489305756986141,0.06286581605672836,3.125000148429535e-05,146,3,MLP
0.0014109195908531547,0.02845810353755951,0.006480829790234566,0.06279803812503815,3.125000148429535e-05,147,3,MLP
0.001083491020835936,0.025125844404101372,0.0064775762148201466,0.0627756416797638,3.125000148429535e-05,148,3,MLP
0.001428129500709474,0.027595369145274162,0.0064801061525940895,0.06279517710208893,3.125000148429535e-05,149,3,MLP
0.001462129526771605,0.028821585699915886,0.006483911070972681,0.06284069269895554,3.125000148429535e-05,150,3,MLP
0.3677099347114563,0.4718300402164459,0.19229477643966675,0.34496137499809265,0.0010000000474974513,1,4,MLP
0.16941232979297638,0.314028263092041,0.090793177485466,0.23579353094100952,0.0010000000474974513,2,4,MLP
0.08366134762763977,0.22506366670131683,0.07915325462818146,0.23264005780220032,0.0010000000474974513,3,4,MLP
0.09253684431314468,0.22107622027397156,0.06120574474334717,0.19869232177734375,0.0010000000474974513,4,4,MLP
0.05621977150440216,0.17713989317417145,0.05780689790844917,0.19414517283439636,0.0010000000474974513,5,4,MLP
0.05952725186944008,0.1870088428258896,0.054375406354665756,0.1861642301082611,0.0010000000474974513,6,4,MLP
0.04854951426386833,0.16158029437065125,0.0475488118827343,0.17723636329174042,0.0010000000474974513,7,4,MLP
0.030460109934210777,0.1340101659297943,0.04625529795885086,0.17124608159065247,0.0010000000474974513,8,4,MLP
0.025901371613144875,0.12184350937604904,0.04559500142931938,0.1694977581501007,0.0010000000474974513,9,4,MLP
0.028127485886216164,0.12722966074943542,0.03826763108372688,0.1577456146478653,0.0010000000474974513,10,4,MLP
0.029309650883078575,0.13074710965156555,0.036449674516916275,0.1543479561805725,0.0010000000474974513,11,4,MLP
0.024469390511512756,0.11840755492448807,0.03517374023795128,0.14882007241249084,0.0010000000474974513,12,4,MLP
0.02235090546309948,0.11228906363248825,0.03180064260959625,0.14411818981170654,0.0010000000474974513,13,4,MLP
0.024104122072458267,0.11246227473020554,0.031201502308249474,0.14123810827732086,0.0010000000474974513,14,4,MLP
0.018766630440950394,0.10466019064188004,0.029071111232042313,0.1370609551668167,0.0010000000474974513,15,4,MLP
0.016818463802337646,0.09967092424631119,0.02971244417130947,0.1356586068868637,0.0010000000474974513,16,4,MLP
0.01573430374264717,0.09513694792985916,0.030505135655403137,0.1355413943529129,0.0010000000474974513,17,4,MLP
0.013609633781015873,0.0887577012181282,0.02694000117480755,0.13057449460029602,0.0010000000474974513,18,4,MLP
0.015905527397990227,0.09110008180141449,0.02380518987774849,0.12498784065246582,0.0010000000474974513,19,4,MLP
0.012018591165542603,0.08332301676273346,0.023197146132588387,0.12271450459957123,0.0010000000474974513,20,4,MLP
0.012732988223433495,0.08412095159292221,0.02231801487505436,0.11922558397054672,0.0010000000474974513,21,4,MLP
0.010965561494231224,0.07967468351125717,0.021525410935282707,0.11612430959939957,0.0010000000474974513,22,4,MLP
0.010016701184213161,0.0756835862994194,0.01943846233189106,0.11187524348497391,0.0010000000474974513,23,4,MLP
0.009227661415934563,0.07311589270830154,0.019176768139004707,0.11113230884075165,0.0010000000474974513,24,4,MLP
0.0110007980838418,0.08065841346979141,0.02019330859184265,0.11384683847427368,0.0010000000474974513,25,4,MLP
0.01056490559130907,0.07562865316867828,0.019399691373109818,0.11236584186553955,0.0010000000474974513,26,4,MLP
0.008176890201866627,0.06851614266633987,0.01923089101910591,0.11249801516532898,0.0010000000474974513,27,4,MLP
0.00846796203404665,0.07007845491170883,0.021683260798454285,0.11956625431776047,0.0010000000474974513,28,4,MLP
0.008518338203430176,0.06846442073583603,0.019119516015052795,0.11554087698459625,0.0010000000474974513,29,4,MLP
0.0070588779635727406,0.06382562220096588,0.019254399463534355,0.11719627678394318,0.0010000000474974513,30,4,MLP
0.007324120495468378,0.06556487083435059,0.017862889915704727,0.11283018440008163,0.0010000000474974513,31,4,MLP
0.007574013434350491,0.06515180319547653,0.01859671249985695,0.11479894071817398,0.0010000000474974513,32,4,MLP
0.007129549048841,0.06480687856674194,0.01846972107887268,0.11280301213264465,0.0010000000474974513,33,4,MLP
0.006956843659281731,0.06036313623189926,0.01888664998114109,0.11395853757858276,0.0010000000474974513,34,4,MLP
0.006665166467428207,0.06141079589724541,0.019753094762563705,0.11540922522544861,0.0010000000474974513,35,4,MLP
0.005997012834995985,0.05892356485128403,0.019360443577170372,0.11405838280916214,0.0010000000474974513,36,4,MLP
0.0056138308718800545,0.055767398327589035,0.017195699736475945,0.10726119577884674,0.0010000000474974513,37,4,MLP
0.006708391010761261,0.06387204676866531,0.018107321113348007,0.10977461189031601,0.0010000000474974513,38,4,MLP
0.004979307297617197,0.054509326815605164,0.017494138330221176,0.10740097612142563,0.0010000000474974513,39,4,MLP
0.00526322890073061,0.05351516976952553,0.016650741919875145,0.10504624992609024,0.0010000000474974513,40,4,MLP
0.005012800917029381,0.0523265115916729,0.016951926052570343,0.10525040328502655,0.0010000000474974513,41,4,MLP
0.004173578694462776,0.0481610931456089,0.016352109611034393,0.1022745668888092,0.0010000000474974513,42,4,MLP
0.004733008798211813,0.05118078365921974,0.01648033782839775,0.10244514048099518,0.0010000000474974513,43,4,MLP
0.004717064555734396,0.051229145377874374,0.016336729750037193,0.10192594677209854,0.0010000000474974513,44,4,MLP
0.004950125236064196,0.05389611795544624,0.01664832793176174,0.10335122048854828,0.0010000000474974513,45,4,MLP
0.004089693538844585,0.049295514822006226,0.01658649370074272,0.1030060350894928,0.0010000000474974513,46,4,MLP
0.003900612471625209,0.04717621952295303,0.015914972871541977,0.10199564695358276,0.0010000000474974513,47,4,MLP
0.003789231413975358,0.0474240742623806,0.016025904566049576,0.1025586798787117,0.0010000000474974513,48,4,MLP
0.003660802496597171,0.04583877697587013,0.01629292219877243,0.10308590531349182,0.0010000000474974513,49,4,MLP
0.004850580357015133,0.051987528800964355,0.0156308151781559,0.10099619626998901,0.0010000000474974513,50,4,MLP
0.004288237076252699,0.04936018958687782,0.014872882515192032,0.09827347844839096,0.0010000000474974513,51,4,MLP
0.004747135564684868,0.0516972616314888,0.01413030456751585,0.09605396538972855,0.0010000000474974513,52,4,MLP
0.0034113649744540453,0.04337054491043091,0.014179343357682228,0.09612426161766052,0.0010000000474974513,53,4,MLP
0.003644530428573489,0.04563053324818611,0.013540739193558693,0.09430945664644241,0.0010000000474974513,54,4,MLP
0.004420565441250801,0.0498916395008564,0.013246551156044006,0.09314186125993729,0.0010000000474974513,55,4,MLP
0.003243431681767106,0.04325098916888237,0.01360669732093811,0.0934378132224083,0.0010000000474974513,56,4,MLP
0.0029258476570248604,0.041516710072755814,0.014323749579489231,0.09558455646038055,0.0010000000474974513,57,4,MLP
0.0030918281991034746,0.042569223791360855,0.015313388779759407,0.09848447144031525,0.0010000000474974513,58,4,MLP
0.002661251462996006,0.04096334055066109,0.015027026645839214,0.0983550101518631,0.0010000000474974513,59,4,MLP
0.0028910115361213684,0.04053916409611702,0.014462866820394993,0.09697970747947693,0.0010000000474974513,60,4,MLP
0.002927438821643591,0.040068529546260834,0.013402392156422138,0.09297968447208405,0.0010000000474974513,61,4,MLP
0.0029713581316173077,0.040489666163921356,0.01248351950198412,0.09021920710802078,0.0010000000474974513,62,4,MLP
0.0033065597526729107,0.04222088307142258,0.012563761323690414,0.090196393430233,0.0010000000474974513,63,4,MLP
0.0033723930828273296,0.041545089334249496,0.012913026846945286,0.09122099727392197,0.0010000000474974513,64,4,MLP
0.002869643736630678,0.039718784391880035,0.012378362938761711,0.08972363919019699,0.0010000000474974513,65,4,MLP
0.002035910962149501,0.035990308970212936,0.012676659971475601,0.09068074077367783,0.0010000000474974513,66,4,MLP
0.00274908565916121,0.03908711299300194,0.011692527681589127,0.08678148686885834,0.0010000000474974513,67,4,MLP
0.0026387576945126057,0.03788668289780617,0.010840583592653275,0.08403652161359787,0.0010000000474974513,68,4,MLP
0.002713421592488885,0.0389542356133461,0.010224464349448681,0.08333059400320053,0.0010000000474974513,69,4,MLP
0.0026320242322981358,0.03959023952484131,0.009756938554346561,0.08218937367200851,0.0010000000474974513,70,4,MLP
0.0018602862255647779,0.03269847482442856,0.009800686500966549,0.08153778314590454,0.0010000000474974513,71,4,MLP
0.002111255656927824,0.033307995647192,0.010420969687402248,0.08354247361421585,0.0010000000474974513,72,4,MLP
0.0021123131737113,0.035049907863140106,0.01065977755934,0.08450773358345032,0.0010000000474974513,73,4,MLP
0.00252715521492064,0.03644924983382225,0.010682457126677036,0.08451353013515472,0.0010000000474974513,74,4,MLP
0.0019376141717657447,0.0342576839029789,0.010759946890175343,0.08429036289453506,0.0010000000474974513,75,4,MLP
0.002696671523153782,0.03769306838512421,0.010502144694328308,0.08333085477352142,0.0010000000474974513,76,4,MLP
0.0021671708673238754,0.03462111949920654,0.010424441657960415,0.08348258584737778,0.0010000000474974513,77,4,MLP
0.002706554252654314,0.03689282760024071,0.010016844607889652,0.08219780027866364,0.0010000000474974513,78,4,MLP
0.0019390322268009186,0.03401930630207062,0.010391607880592346,0.08391689509153366,0.0010000000474974513,79,4,MLP
0.002284100279211998,0.035251446068286896,0.0098511828109622,0.08170410990715027,0.0010000000474974513,80,4,MLP
0.0019328612834215164,0.03315595164895058,0.00971903558820486,0.08112607151269913,0.0005000000237487257,81,4,MLP
0.00198451429605484,0.03267091140151024,0.009806090965867043,0.08105306327342987,0.0005000000237487257,82,4,MLP
0.0020280871540308,0.03420277312397957,0.010402439162135124,0.0835609957575798,0.0005000000237487257,83,4,MLP
0.0022855999413877726,0.03443726524710655,0.010366569273173809,0.08340239524841309,0.0005000000237487257,84,4,MLP
0.0019682340789586306,0.032386865466833115,0.010053275153040886,0.08201630413532257,0.0005000000237487257,85,4,MLP
0.0015918065328150988,0.030230220407247543,0.01037522591650486,0.08302053809165955,0.0005000000237487257,86,4,MLP
0.001802330370992422,0.03127548098564148,0.010617625899612904,0.08399876207113266,0.0005000000237487257,87,4,MLP
0.0014995031524449587,0.02910584956407547,0.010235227644443512,0.08230134099721909,0.0005000000237487257,88,4,MLP
0.0017354808514937758,0.0315970741212368,0.010183405131101608,0.08208485692739487,0.0005000000237487257,89,4,MLP
0.0015585013898089528,0.028291722759604454,0.009970457293093204,0.0813382938504219,0.0005000000237487257,90,4,MLP
0.001683026202954352,0.030790941789746284,0.009995021857321262,0.08135945349931717,0.0002500000118743628,91,4,MLP
0.0014910106547176838,0.029829688370227814,0.009990855120122433,0.0812724381685257,0.0002500000118743628,92,4,MLP
0.0018057498382404447,0.031657084822654724,0.010084022767841816,0.08163195103406906,0.0002500000118743628,93,4,MLP
0.0016075314488261938,0.030228085815906525,0.010191158391535282,0.08210111409425735,0.0002500000118743628,94,4,MLP
0.0016276827082037926,0.031015263870358467,0.010018718428909779,0.08146119117736816,0.0002500000118743628,95,4,MLP
0.0018125440692529082,0.03198472037911415,0.00974568072706461,0.08043081313371658,0.0002500000118743628,96,4,MLP
0.0018954273546114564,0.03127345070242882,0.00973459705710411,0.08046377450227737,0.0002500000118743628,97,4,MLP
0.001561022363603115,0.02863972634077072,0.009935504756867886,0.08132866770029068,0.0002500000118743628,98,4,MLP
0.001877909991890192,0.03205638751387596,0.009896080009639263,0.08112426102161407,0.0002500000118743628,99,4,MLP
0.001824027975089848,0.031685687601566315,0.009913541376590729,0.08109620213508606,0.0002500000118743628,100,4,MLP
0.0016458702739328146,0.030590523034334183,0.009892819449305534,0.08102940768003464,0.0001250000059371814,101,4,MLP
0.2400272935628891,0.3728281855583191,0.2995385229587555,0.459858238697052,0.0010000000474974513,1,5,MLP
0.14066588878631592,0.2940715253353119,0.09045486897230148,0.24909213185310364,0.0010000000474974513,2,5,MLP
0.07249315828084946,0.20702849328517914,0.07234831899404526,0.22154124081134796,0.0010000000474974513,3,5,MLP
0.04632335528731346,0.17142395675182343,0.055782727897167206,0.1912207305431366,0.0010000000474974513,4,5,MLP
0.04237206280231476,0.16173900663852692,0.04301831126213074,0.16712231934070587,0.0010000000474974513,5,5,MLP
0.03423827886581421,0.14086006581783295,0.0447269082069397,0.17470738291740417,0.0010000000474974513,6,5,MLP
0.024477964267134666,0.11915013939142227,0.0403747633099556,0.16787835955619812,0.0010000000474974513,7,5,MLP
0.024396521970629692,0.12159217149019241,0.030607355758547783,0.1439506709575653,0.0010000000474974513,8,5,MLP
0.019174974411725998,0.11189743131399155,0.03036857582628727,0.1423843502998352,0.0010000000474974513,9,5,MLP
0.017639122903347015,0.10333345830440521,0.02963745966553688,0.139479860663414,0.0010000000474974513,10,5,MLP
0.017022715881466866,0.10071536153554916,0.027468938380479813,0.13541409373283386,0.0010000000474974513,11,5,MLP
0.018829843029379845,0.1023055911064148,0.025036565959453583,0.12826445698738098,0.0010000000474974513,12,5,MLP
0.013376089744269848,0.088034488260746,0.023623844608664513,0.12228214740753174,0.0010000000474974513,13,5,MLP
0.013443786650896072,0.09033231437206268,0.023204071447253227,0.12340333312749863,0.0010000000474974513,14,5,MLP
0.014107453636825085,0.09116483479738235,0.02158898301422596,0.11867935955524445,0.0010000000474974513,15,5,MLP
0.010526650585234165,0.08184616267681122,0.0213078111410141,0.12148492783308029,0.0010000000474974513,16,5,MLP
0.011628164909780025,0.08536376804113388,0.019814589992165565,0.11514998972415924,0.0010000000474974513,17,5,MLP
0.010230639018118382,0.07620760798454285,0.018434647470712662,0.10978883504867554,0.0010000000474974513,18,5,MLP
0.009588824585080147,0.07724534720182419,0.016630206257104874,0.10399927198886871,0.0010000000474974513,19,5,MLP
0.010590700432658195,0.07764924317598343,0.016223907470703125,0.10290607064962387,0.0010000000474974513,20,5,MLP
0.010480950586497784,0.07918883860111237,0.015043521299958229,0.09744957834482193,0.0010000000474974513,21,5,MLP
0.010534357279539108,0.07471098005771637,0.016050342470407486,0.0989990085363388,0.0010000000474974513,22,5,MLP
0.009326294995844364,0.07169602066278458,0.01584143564105034,0.09955064207315445,0.0010000000474974513,23,5,MLP
0.008477971889078617,0.0694650188088417,0.015660932287573814,0.09952271729707718,0.0010000000474974513,24,5,MLP
0.007117512170225382,0.06467802822589874,0.014901655726134777,0.09767349809408188,0.0010000000474974513,25,5,MLP
0.008027027361094952,0.06635082513093948,0.014272701926529408,0.09545859694480896,0.0010000000474974513,26,5,MLP
0.006295930128544569,0.06033772975206375,0.014184749685227871,0.0955781489610672,0.0010000000474974513,27,5,MLP
0.005396537948399782,0.05686275288462639,0.01358108688145876,0.0928359404206276,0.0010000000474974513,28,5,MLP
0.006098468322306871,0.06036025658249855,0.012828422710299492,0.0898812785744667,0.0010000000474974513,29,5,MLP
0.005915856920182705,0.056879810988903046,0.013018538244068623,0.09234300255775452,0.0010000000474974513,30,5,MLP
0.005789589136838913,0.05873687192797661,0.013456483371555805,0.09305780380964279,0.0010000000474974513,31,5,MLP
0.0065261865966022015,0.05910399556159973,0.013313974253833294,0.09157766401767731,0.0010000000474974513,32,5,MLP
0.005227888468652964,0.056131403893232346,0.011856180615723133,0.0873778760433197,0.0010000000474974513,33,5,MLP
0.004809070844203234,0.053998034447431564,0.011519933119416237,0.08611192554235458,0.0010000000474974513,34,5,MLP
0.004387980327010155,0.05072445049881935,0.011244421824812889,0.0846312940120697,0.0010000000474974513,35,5,MLP
0.0049397931434214115,0.05232430249452591,0.011117183603346348,0.08352535218000412,0.0010000000474974513,36,5,MLP
0.004405319690704346,0.0503939725458622,0.011128424666821957,0.08131477236747742,0.0010000000474974513,37,5,MLP
0.005204320885241032,0.05305225029587746,0.010399513877928257,0.07962877303361893,0.0010000000474974513,38,5,MLP
0.00408041849732399,0.04904000833630562,0.00983234029263258,0.0783105418086052,0.0010000000474974513,39,5,MLP
0.004537076689302921,0.051383126527071,0.009626629762351513,0.07761356234550476,0.0010000000474974513,40,5,MLP
0.0038768306840211153,0.04820813238620758,0.009945712052285671,0.07911434769630432,0.0010000000474974513,41,5,MLP
0.0035395154263824224,0.04528628662228584,0.010018859058618546,0.07962104678153992,0.0010000000474974513,42,5,MLP
0.0029065588023513556,0.041250284761190414,0.009628853760659695,0.07844781875610352,0.0010000000474974513,43,5,MLP
0.0035132563207298517,0.04352959990501404,0.009492299519479275,0.07782188802957535,0.0010000000474974513,44,5,MLP
0.003416098654270172,0.044968362897634506,0.009542914107441902,0.07796221971511841,0.0010000000474974513,45,5,MLP
0.003068669233471155,0.04270520806312561,0.009406120516359806,0.0767245665192604,0.0010000000474974513,46,5,MLP
0.003819485893473029,0.0440337248146534,0.009572911076247692,0.07602847367525101,0.0010000000474974513,47,5,MLP
0.002851954661309719,0.03937531262636185,0.010319762863218784,0.07793582230806351,0.0010000000474974513,48,5,MLP
0.0036284481175243855,0.044400617480278015,0.010042098350822926,0.0772736445069313,0.0010000000474974513,49,5,MLP
0.002782197901979089,0.04008107632398605,0.01059719268232584,0.0800589993596077,0.0010000000474974513,50,5,MLP
0.0031721810810267925,0.04321933165192604,0.009791485965251923,0.07718488574028015,0.0010000000474974513,51,5,MLP
0.0031652760226279497,0.042774498462677,0.009424075484275818,0.0760609582066536,0.0010000000474974513,52,5,MLP
0.003131943056359887,0.04050561413168907,0.008935016579926014,0.07403550297021866,0.0010000000474974513,53,5,MLP
0.002592660952359438,0.038148779422044754,0.008240058086812496,0.07140959054231644,0.0010000000474974513,54,5,MLP
0.0035467161796987057,0.03904535621404648,0.008623753674328327,0.07233765721321106,0.0010000000474974513,55,5,MLP
0.002529212273657322,0.03807789087295532,0.008420328609645367,0.0711873397231102,0.0010000000474974513,56,5,MLP
0.0021837796084582806,0.035477329045534134,0.007972237654030323,0.06937001645565033,0.0010000000474974513,57,5,MLP
0.0025165765546262264,0.03760029375553131,0.008249631151556969,0.06968928128480911,0.0010000000474974513,58,5,MLP
0.00250205653719604,0.037635453045368195,0.008122044615447521,0.06855950504541397,0.0010000000474974513,59,5,MLP
0.002067849040031433,0.033887092024087906,0.008009294979274273,0.06799779832363129,0.0010000000474974513,60,5,MLP
0.0021506997290998697,0.03485146909952164,0.008176698349416256,0.0676988735795021,0.0010000000474974513,61,5,MLP
0.0020611812360584736,0.03412320464849472,0.008021002635359764,0.06705241650342941,0.0010000000474974513,62,5,MLP
0.0023144069127738476,0.034498315304517746,0.007949142716825008,0.06667306274175644,0.0010000000474974513,63,5,MLP
0.0022068952675908804,0.03438149765133858,0.007694095838814974,0.06560516357421875,0.0010000000474974513,64,5,MLP
0.0019735738169401884,0.03302362188696861,0.007282257080078125,0.06442128866910934,0.0010000000474974513,65,5,MLP
0.0020745571237057447,0.033134955912828445,0.007534319069236517,0.06491845846176147,0.0010000000474974513,66,5,MLP
0.002062893472611904,0.03177252784371376,0.007481539621949196,0.0655156746506691,0.0010000000474974513,67,5,MLP
0.0015642031794413924,0.029349755495786667,0.007178633473813534,0.06502901762723923,0.0010000000474974513,68,5,MLP
0.0017372238216921687,0.030400071293115616,0.007470146752893925,0.065742127597332,0.0010000000474974513,69,5,MLP
0.0016469599213451147,0.03080206923186779,0.007302504498511553,0.06455539911985397,0.0010000000474974513,70,5,MLP
0.0015670941211283207,0.029894746840000153,0.006840411573648453,0.06268756091594696,0.0010000000474974513,71,5,MLP
0.0016275400994345546,0.030211174860596657,0.006547304801642895,0.06120635196566582,0.0010000000474974513,72,5,MLP
0.0016156095080077648,0.030609149485826492,0.006331837736070156,0.059988945722579956,0.0010000000474974513,73,5,MLP
0.0014230614760890603,0.028922585770487785,0.005985516123473644,0.05814182758331299,0.0010000000474974513,74,5,MLP
0.001484495005570352,0.029340064153075218,0.00592033751308918,0.058388855308294296,0.0010000000474974513,75,5,MLP
0.00130743277259171,0.02670731209218502,0.005955556873232126,0.058525457978248596,0.0010000000474974513,76,5,MLP
0.001479380065575242,0.0274912528693676,0.006073059048503637,0.05885617434978485,0.0010000000474974513,77,5,MLP
0.0012407960603013635,0.02601543627679348,0.006098820362240076,0.05902288109064102,0.0010000000474974513,78,5,MLP
0.0016237248200923204,0.028183260932564735,0.006233701016753912,0.0594339556992054,0.0010000000474974513,79,5,MLP
0.001204910920932889,0.026168612763285637,0.005927085876464844,0.058120496571063995,0.0010000000474974513,80,5,MLP
0.0012381687993183732,0.026605626568198204,0.005814998876303434,0.057742733508348465,0.0010000000474974513,81,5,MLP
0.0014352245489135385,0.027741920202970505,0.0057395570911467075,0.057374756783246994,0.0010000000474974513,82,5,MLP
0.0012301472015678883,0.02612759731709957,0.005598840769380331,0.05638636276125908,0.0010000000474974513,83,5,MLP
0.001163127482868731,0.025550272315740585,0.005548418499529362,0.05733943730592728,0.0010000000474974513,84,5,MLP
0.001300204312428832,0.026270229369401932,0.005605319514870644,0.05775247514247894,0.0010000000474974513,85,5,MLP
0.0011015606578439474,0.025658300146460533,0.0056518265046179295,0.05743185430765152,0.0010000000474974513,86,5,MLP
0.0009579801699146628,0.023382024839520454,0.005843775346875191,0.057238686829805374,0.0010000000474974513,87,5,MLP
0.0011191196972504258,0.024902692064642906,0.005938819609582424,0.05736522004008293,0.0010000000474974513,88,5,MLP
0.0010399995371699333,0.02413100004196167,0.006136666052043438,0.057317741215229034,0.0010000000474974513,89,5,MLP
0.0008831714512780309,0.022442908957600594,0.005986448377370834,0.056477442383766174,0.0010000000474974513,90,5,MLP
0.000883081927895546,0.0219667237251997,0.005928428843617439,0.05619842931628227,0.0010000000474974513,91,5,MLP
0.001085747266188264,0.024792976677417755,0.005842412356287241,0.056159768253564835,0.0010000000474974513,92,5,MLP
0.0009667780832387507,0.02348940819501877,0.005779006518423557,0.05557374283671379,0.0010000000474974513,93,5,MLP
0.0011926688021048903,0.024765269830822945,0.005931022576987743,0.05576597899198532,0.0005000000237487257,94,5,MLP
0.0009800442494452,0.022351427003741264,0.005996157880872488,0.05564453452825546,0.0005000000237487257,95,5,MLP
0.0009191329590976238,0.02240106463432312,0.005660900380462408,0.0546969510614872,0.0005000000237487257,96,5,MLP
0.0012405769666656852,0.024585410952568054,0.0055347527377307415,0.05472683161497116,0.0005000000237487257,97,5,MLP
0.0007923443336039782,0.02071538195014,0.005450572818517685,0.05483169108629227,0.0005000000237487257,98,5,MLP
0.0008400102378800511,0.02180750109255314,0.0054305982775986195,0.0547458678483963,0.0005000000237487257,99,5,MLP
0.0008237298461608589,0.021392567083239555,0.005410062614828348,0.0547947995364666,0.0005000000237487257,100,5,MLP
0.0011010084999725223,0.02359047532081604,0.005276904907077551,0.05455198138952255,0.0005000000237487257,101,5,MLP
0.0008019682136364281,0.02095736935734749,0.005140983499586582,0.053981963545084,0.0005000000237487257,102,5,MLP
0.0008944980218075216,0.02181873470544815,0.005043328739702702,0.05365179851651192,0.0005000000237487257,103,5,MLP
0.0008338739862665534,0.02097243256866932,0.0050052376464009285,0.053303688764572144,0.0005000000237487257,104,5,MLP
0.001050962950102985,0.022366341203451157,0.004975512623786926,0.05298212543129921,0.0005000000237487257,105,5,MLP
0.000592268945183605,0.01810622587800026,0.004945562686771154,0.052646636962890625,0.0005000000237487257,106,5,MLP
0.0008710885886102915,0.02174900844693184,0.004903851542621851,0.05232707038521767,0.0005000000237487257,107,5,MLP
0.0008530624327249825,0.02145775593817234,0.00494943093508482,0.05225369334220886,0.0005000000237487257,108,5,MLP
0.0008533934596925974,0.02134319581091404,0.004978228826075792,0.05253928154706955,0.0005000000237487257,109,5,MLP
0.0008836820488795638,0.020542442798614502,0.004920228384435177,0.052323032170534134,0.0005000000237487257,110,5,MLP
0.0009858326520770788,0.02248961851000786,0.004802263341844082,0.05146436020731926,0.0005000000237487257,111,5,MLP
0.000807005213573575,0.02103486657142639,0.004717378877103329,0.05120851844549179,0.0005000000237487257,112,5,MLP
0.0011538420803844929,0.022855833172798157,0.004601988475769758,0.05137159675359726,0.0005000000237487257,113,5,MLP
0.0007928960840217769,0.020628003403544426,0.004576379898935556,0.05140822008252144,0.0005000000237487257,114,5,MLP
0.000683662889059633,0.019640639424324036,0.0045548090711236,0.05122947692871094,0.0005000000237487257,115,5,MLP
0.000770734332036227,0.020412970334291458,0.004501113202422857,0.051091518253088,0.0005000000237487257,116,5,MLP
0.0007573202601633966,0.02040734700858593,0.004449029918760061,0.05090753361582756,0.0005000000237487257,117,5,MLP
0.000799211033154279,0.02073862962424755,0.004433684516698122,0.0503351166844368,0.0005000000237487257,118,5,MLP
0.0007503415108658373,0.020434817299246788,0.004448160994797945,0.05045059695839882,0.0005000000237487257,119,5,MLP
0.0006534012500196695,0.019008377566933632,0.004487970378249884,0.05057249963283539,0.0005000000237487257,120,5,MLP
0.0007450413540937006,0.019426589831709862,0.004504162352532148,0.05043473467230797,0.0005000000237487257,121,5,MLP
0.0007819936727173626,0.02032112143933773,0.0044827875681221485,0.05059349536895752,0.0005000000237487257,122,5,MLP
0.0007854714640416205,0.020324677228927612,0.0044113704934716225,0.050535473972558975,0.0005000000237487257,123,5,MLP
0.0008370302966795862,0.019894365221261978,0.0043311212211847305,0.05013657361268997,0.0005000000237487257,124,5,MLP
0.0005563369486480951,0.017228765413165092,0.004287955816835165,0.04972930625081062,0.0005000000237487257,125,5,MLP
0.000701195269357413,0.01933904178440571,0.004281003959476948,0.0495484434068203,0.0005000000237487257,126,5,MLP
0.0006556493462994695,0.018352873623371124,0.004297925159335136,0.04961685463786125,0.0005000000237487257,127,5,MLP
0.0006958555895835161,0.019412044435739517,0.004307264927774668,0.04982227832078934,0.0005000000237487257,128,5,MLP
0.0006592595600523055,0.018674537539482117,0.004329759161919355,0.04971075430512428,0.0005000000237487257,129,5,MLP
0.0005837110220454633,0.018228299915790558,0.004347918089479208,0.049554336816072464,0.0005000000237487257,130,5,MLP
0.0007748690550215542,0.019287584349513054,0.00426652142778039,0.0491151362657547,0.0005000000237487257,131,5,MLP
0.0006624272791668773,0.01847338303923607,0.004281696863472462,0.04940500110387802,0.0005000000237487257,132,5,MLP
0.0006739127566106617,0.01869748719036579,0.0043061827309429646,0.049696628004312515,0.0005000000237487257,133,5,MLP
0.0007608059677295387,0.02019461989402771,0.0043449015356600285,0.04999176412820816,0.0005000000237487257,134,5,MLP
0.0006200610077939928,0.018032725900411606,0.004332365933805704,0.05003812164068222,0.0002500000118743628,135,5,MLP
0.0006287602009251714,0.01834997534751892,0.004321979358792305,0.04984511435031891,0.0002500000118743628,136,5,MLP
0.0007002573111094534,0.01926116645336151,0.00433093449100852,0.049785908311605453,0.0002500000118743628,137,5,MLP
0.0005377733614295721,0.017684025689959526,0.0043236794881522655,0.049828507006168365,0.0002500000118743628,138,5,MLP
0.0007501645595766604,0.01906759850680828,0.004316309932619333,0.04998285695910454,0.0002500000118743628,139,5,MLP
0.000552118755877018,0.017094148322939873,0.0042709242552518845,0.04956081137061119,0.0002500000118743628,140,5,MLP
0.0006355050718411803,0.018386388197541237,0.004243013449013233,0.04933999478816986,0.0002500000118743628,141,5,MLP
0.0005308832623995841,0.017294466495513916,0.00422543752938509,0.04924725741147995,0.0002500000118743628,142,5,MLP
0.0005689875688403845,0.017695559188723564,0.004206264857202768,0.04900681599974632,0.0002500000118743628,143,5,MLP
0.0007163914851844311,0.01885412074625492,0.00418121088296175,0.04873901233077049,0.0002500000118743628,144,5,MLP
0.0006699917139485478,0.01884721964597702,0.0041416604071855545,0.0484386570751667,0.0002500000118743628,145,5,MLP
0.0008172609959729016,0.018975798040628433,0.004118291195482016,0.04830598086118698,0.0002500000118743628,146,5,MLP
0.0005315074231475592,0.016731100156903267,0.0041114650666713715,0.04821125417947769,0.0002500000118743628,147,5,MLP
0.0006170994020067155,0.017199376598000526,0.0041031064465641975,0.048137273639440536,0.0002500000118743628,148,5,MLP
0.0006825952441431582,0.017265766859054565,0.004099707584828138,0.04822934791445732,0.0002500000118743628,149,5,MLP
0.000564772926736623,0.01717466674745083,0.004134427290409803,0.04838552325963974,0.0002500000118743628,150,5,MLP
0.23564942181110382,0.3675510287284851,0.0866708979010582,0.2093370407819748,0.0010000000474974513,1,6,MLP
0.1043800413608551,0.24428406357765198,0.052435632795095444,0.1689128279685974,0.0010000000474974513,2,6,MLP
0.06520155817270279,0.1856665313243866,0.0848274827003479,0.2277810275554657,0.0010000000474974513,3,6,MLP
0.04343486577272415,0.15404601395130157,0.04900413006544113,0.1727352887392044,0.0010000000474974513,4,6,MLP
0.03585054725408554,0.14168958365917206,0.030184172093868256,0.13083308935165405,0.0010000000474974513,5,6,MLP
0.03222654387354851,0.1330135315656662,0.03038407303392887,0.13360559940338135,0.0010000000474974513,6,6,MLP
0.02170187421143055,0.10685912519693375,0.03150436282157898,0.1374567449092865,0.0010000000474974513,7,6,MLP
0.020253200083971024,0.10552902519702911,0.03166107460856438,0.13874588906764984,0.0010000000474974513,8,6,MLP
0.019827377051115036,0.10458467900753021,0.027739062905311584,0.12942858040332794,0.0010000000474974513,9,6,MLP
0.020646871998906136,0.10912331193685532,0.022729188203811646,0.11780521273612976,0.0010000000474974513,10,6,MLP
0.016336921602487564,0.09785313904285431,0.020220886915922165,0.11346888542175293,0.0010000000474974513,11,6,MLP
0.01837324909865856,0.09667090326547623,0.023701488971710205,0.12301739305257797,0.0010000000474974513,12,6,MLP
0.013353308662772179,0.08840902149677277,0.02055157907307148,0.11538190394639969,0.0010000000474974513,13,6,MLP
0.011522986926138401,0.07863415032625198,0.018722066655755043,0.11100178956985474,0.0010000000474974513,14,6,MLP
0.010838943533599377,0.08096623420715332,0.017429297789931297,0.10739992558956146,0.0010000000474974513,15,6,MLP
0.00994086917489767,0.07452250272035599,0.01617252640426159,0.1029641255736351,0.0010000000474974513,16,6,MLP
0.011963614262640476,0.0809907540678978,0.01542855054140091,0.10072246193885803,0.0010000000474974513,17,6,MLP
0.00838395394384861,0.06715937703847885,0.01695222035050392,0.10489191114902496,0.0010000000474974513,18,6,MLP
0.007546937093138695,0.06648527830839157,0.01569659262895584,0.10169227421283722,0.0010000000474974513,19,6,MLP
0.0073378016240894794,0.0640033408999443,0.01487579196691513,0.1000928282737732,0.0010000000474974513,20,6,MLP
0.007392024155706167,0.06447234004735947,0.014171975664794445,0.09740908443927765,0.0010000000474974513,21,6,MLP
0.006250280421227217,0.06010408699512482,0.015964582562446594,0.10155370831489563,0.0010000000474974513,22,6,MLP
0.006762352306395769,0.0620405450463295,0.016914814710617065,0.10442125052213669,0.0010000000474974513,23,6,MLP
0.005461650434881449,0.05633476749062538,0.01479533314704895,0.09878932684659958,0.0010000000474974513,24,6,MLP
0.005976840853691101,0.05950348451733589,0.015374463982880116,0.09929159283638,0.0010000000474974513,25,6,MLP
0.006539692636579275,0.06074020639061928,0.017052479088306427,0.10442102700471878,0.0010000000474974513,26,6,MLP
0.005593804642558098,0.05497313290834427,0.015865648165345192,0.10007558763027191,0.0010000000474974513,27,6,MLP
0.004889470525085926,0.05573581904172897,0.014618995599448681,0.096194788813591,0.0010000000474974513,28,6,MLP
0.005215962417423725,0.05535859614610672,0.013781336136162281,0.09313612431287766,0.0010000000474974513,29,6,MLP
0.004849682562053204,0.052002325654029846,0.013029740191996098,0.09002458304166794,0.0010000000474974513,30,6,MLP
0.005235640332102776,0.055349960923194885,0.01252693496644497,0.0882256031036377,0.0010000000474974513,31,6,MLP
0.004819256719201803,0.05237889662384987,0.011591137386858463,0.08666464686393738,0.0010000000474974513,32,6,MLP
0.005407781805843115,0.05204616114497185,0.012176746502518654,0.08927510678768158,0.0010000000474974513,33,6,MLP
0.004060263279825449,0.04812946170568466,0.011627417989075184,0.08677322417497635,0.0010000000474974513,34,6,MLP
0.004747892264276743,0.05191038176417351,0.011316073127090931,0.08556361496448517,0.0010000000474974513,35,6,MLP
0.004135156515985727,0.047056280076503754,0.011961654759943485,0.08812019228935242,0.0010000000474974513,36,6,MLP
0.003341963281854987,0.043645597994327545,0.012889299541711807,0.09134125709533691,0.0010000000474974513,37,6,MLP
0.00338069093413651,0.0439082533121109,0.012369656935334206,0.08955251425504684,0.0010000000474974513,38,6,MLP
0.002941356971859932,0.04082879424095154,0.01173199713230133,0.08618325740098953,0.0010000000474974513,39,6,MLP
0.0034535489976406097,0.04539203271269798,0.011583859100937843,0.08516281098127365,0.0010000000474974513,40,6,MLP
0.0033466287422925234,0.04220416396856308,0.011176406405866146,0.08351185917854309,0.0010000000474974513,41,6,MLP
0.0036002432461827993,0.043079160153865814,0.011324802413582802,0.0842646062374115,0.0010000000474974513,42,6,MLP
0.002642272040247917,0.04019903019070625,0.012203679420053959,0.08884043991565704,0.0010000000474974513,43,6,MLP
0.002802954288199544,0.04000505805015564,0.011672234162688255,0.08703526854515076,0.0010000000474974513,44,6,MLP
0.003134264377877116,0.04044603556394577,0.010286878794431686,0.08079557865858078,0.0010000000474974513,45,6,MLP
0.0027862682472914457,0.04017406329512596,0.010083871893584728,0.07974006235599518,0.0010000000474974513,46,6,MLP
0.0029353199061006308,0.04159152880311012,0.009761226363480091,0.07838170975446701,0.0010000000474974513,47,6,MLP
0.002052777213975787,0.03456304967403412,0.009301343932747841,0.07643211632966995,0.0010000000474974513,48,6,MLP
0.0025849498342722654,0.03682899847626686,0.009361781179904938,0.07634489238262177,0.0010000000474974513,49,6,MLP
0.0023802395444363356,0.0349956750869751,0.00957407709211111,0.07778404653072357,0.0010000000474974513,50,6,MLP
0.0020066164433956146,0.03468926250934601,0.009653049521148205,0.07826093584299088,0.0010000000474974513,51,6,MLP
0.0023531087208539248,0.036080408841371536,0.00883267167955637,0.07453060895204544,0.0010000000474974513,52,6,MLP
0.0019564898684620857,0.032927386462688446,0.00843602605164051,0.07244168967008591,0.0010000000474974513,53,6,MLP
0.0023382159415632486,0.03677784651517868,0.009562415070831776,0.07802894711494446,0.0010000000474974513,54,6,MLP
0.0019188575679436326,0.03241949900984764,0.009519478306174278,0.07708586752414703,0.0010000000474974513,55,6,MLP
0.0023161228746175766,0.035083699971437454,0.008342204615473747,0.07164239138364792,0.0010000000474974513,56,6,MLP
0.002117437543347478,0.033227626234292984,0.00849945843219757,0.07258737832307816,0.0010000000474974513,57,6,MLP
0.0021680935751646757,0.03422362729907036,0.009138860739767551,0.07617943733930588,0.0010000000474974513,58,6,MLP
0.002095032949000597,0.0337253101170063,0.00853931438177824,0.07274811714887619,0.0010000000474974513,59,6,MLP
0.0015257447957992554,0.029643049463629723,0.008088194765150547,0.07031890004873276,0.0010000000474974513,60,6,MLP
0.0017170659266412258,0.031015552580356598,0.0082699591293931,0.07107110321521759,0.0010000000474974513,61,6,MLP
0.0015104347839951515,0.030192870646715164,0.00841362215578556,0.07137462496757507,0.0010000000474974513,62,6,MLP
0.001468978705815971,0.0290193073451519,0.008403186686336994,0.07111778110265732,0.0010000000474974513,63,6,MLP
0.001827637548558414,0.03250237554311752,0.008295154199004173,0.07104438543319702,0.0010000000474974513,64,6,MLP
0.0018726198468357325,0.031678490340709686,0.007843912579119205,0.06873872876167297,0.0010000000474974513,65,6,MLP
0.0014175529358908534,0.02872627228498459,0.0076775699853897095,0.06811118125915527,0.0010000000474974513,66,6,MLP
0.0014210271183401346,0.028208937495946884,0.007789195515215397,0.06864095479249954,0.0010000000474974513,67,6,MLP
0.0016279728151857853,0.02924264781177044,0.00775404367595911,0.06823413819074631,0.0010000000474974513,68,6,MLP
0.0013792943209409714,0.0272514708340168,0.007569797337055206,0.06776288151741028,0.0010000000474974513,69,6,MLP
0.001460978644900024,0.029068654403090477,0.00707628671079874,0.06557278335094452,0.0010000000474974513,70,6,MLP
0.0014026249991729856,0.02791726216673851,0.006979684811085463,0.06516166031360626,0.0010000000474974513,71,6,MLP
0.0012260235380381346,0.027697479352355003,0.007791146636009216,0.06843771785497665,0.0010000000474974513,72,6,MLP
0.0013849373208358884,0.027967020869255066,0.007512620650231838,0.06721554696559906,0.0010000000474974513,73,6,MLP
0.0012389726471155882,0.027031226083636284,0.006704891100525856,0.06388269364833832,0.0010000000474974513,74,6,MLP
0.0012082768371328712,0.02607204020023346,0.006934679113328457,0.06506703048944473,0.0010000000474974513,75,6,MLP
0.001252907793968916,0.02643618918955326,0.0071087246760725975,0.06649874150753021,0.0010000000474974513,76,6,MLP
0.0011596920667216182,0.025352099910378456,0.006696607451885939,0.06502661108970642,0.0010000000474974513,77,6,MLP
0.0009950483217835426,0.023602290078997612,0.0064377798698842525,0.06384444981813431,0.0010000000474974513,78,6,MLP
0.0013885762309655547,0.025525851175189018,0.006195113994181156,0.06270091980695724,0.0010000000474974513,79,6,MLP
0.0011468764860183,0.02455219253897667,0.005826603155583143,0.06092517077922821,0.0010000000474974513,80,6,MLP
0.0013934216694906354,0.02742510847747326,0.006030757445842028,0.062134888023138046,0.0010000000474974513,81,6,MLP
0.0008992254734039307,0.022593218833208084,0.006316474638879299,0.06364837288856506,0.0010000000474974513,82,6,MLP
0.000997629715129733,0.02348572202026844,0.006005453877151012,0.062300704419612885,0.0010000000474974513,83,6,MLP
0.001134427497163415,0.02542295679450035,0.005724710412323475,0.060701943933963776,0.0010000000474974513,84,6,MLP
0.0010445236694067717,0.023741861805319786,0.005362355150282383,0.05849483981728554,0.0010000000474974513,85,6,MLP
0.001004049670882523,0.024097967892885208,0.0055799237452447414,0.05958091840147972,0.0010000000474974513,86,6,MLP
0.0010177170624956489,0.022846633568406105,0.005559515208005905,0.05946436896920204,0.0010000000474974513,87,6,MLP
0.0009137279121205211,0.022977562621235847,0.005382940638810396,0.05864943563938141,0.0010000000474974513,88,6,MLP
0.0008004733244888484,0.021631579846143723,0.0053607323206961155,0.05845951661467552,0.0010000000474974513,89,6,MLP
0.0009854272939264774,0.022573240101337433,0.005232400726526976,0.05778392404317856,0.0010000000474974513,90,6,MLP
0.0008776989416219294,0.021673768758773804,0.005421503912657499,0.058670900762081146,0.0010000000474974513,91,6,MLP
0.0009143651695922017,0.02218976430594921,0.005398501176387072,0.058394789695739746,0.0010000000474974513,92,6,MLP
0.0008792115258984268,0.021239308640360832,0.005206722300499678,0.057299595326185226,0.0010000000474974513,93,6,MLP
0.0009362270357087255,0.022404996678233147,0.005071206018328667,0.05653379112482071,0.0010000000474974513,94,6,MLP
0.0009032285306602716,0.022267073392868042,0.00511667225509882,0.05690554156899452,0.0010000000474974513,95,6,MLP
0.0008384918328374624,0.0220537930727005,0.005243320483714342,0.05758378654718399,0.0010000000474974513,96,6,MLP
0.0007343263714574277,0.019252965226769447,0.005132272373884916,0.05676041543483734,0.0010000000474974513,97,6,MLP
0.000751227606087923,0.020071430131793022,0.005097873043268919,0.05638239160180092,0.0010000000474974513,98,6,MLP
0.0009218367631547153,0.02131790667772293,0.00531529076397419,0.0574076883494854,0.0010000000474974513,99,6,MLP
0.0008190605440177023,0.02103819139301777,0.005055493209511042,0.05601627007126808,0.0010000000474974513,100,6,MLP
0.0006214379100129008,0.01855224370956421,0.004690789617598057,0.054305631667375565,0.0010000000474974513,101,6,MLP
0.0005873877089470625,0.01795787550508976,0.004767802078276873,0.054848235100507736,0.0010000000474974513,102,6,MLP
0.0005576385883614421,0.017834225669503212,0.004956861492246389,0.05558411031961441,0.0010000000474974513,103,6,MLP
0.0007576498319394886,0.02010343410074711,0.0049351477064192295,0.055579304695129395,0.0010000000474974513,104,6,MLP
0.0006097633158788085,0.01801409386098385,0.004800799768418074,0.05511665344238281,0.0010000000474974513,105,6,MLP
0.0007630144827999175,0.019249243661761284,0.0046507869847118855,0.05439845845103264,0.0010000000474974513,106,6,MLP
0.0006566758966073394,0.018398404121398926,0.004619887564331293,0.05432656407356262,0.0010000000474974513,107,6,MLP
0.0007415050640702248,0.01883518695831299,0.004561598412692547,0.054159585386514664,0.0010000000474974513,108,6,MLP
0.0006847709883004427,0.019278904423117638,0.004450332373380661,0.05369855836033821,0.0010000000474974513,109,6,MLP
0.0006802287534810603,0.019101114943623543,0.004580967593938112,0.05426721274852753,0.0010000000474974513,110,6,MLP
0.0007793325930833817,0.019143307581543922,0.0044809081591665745,0.05380024388432503,0.0010000000474974513,111,6,MLP
0.0006356890662573278,0.018004776909947395,0.004415381699800491,0.05340515077114105,0.0010000000474974513,112,6,MLP
0.0005280020995996892,0.01723257079720497,0.004502349998801947,0.05385875701904297,0.0010000000474974513,113,6,MLP
0.0005533386138267815,0.0171671025454998,0.0044438885524868965,0.05361912027001381,0.0010000000474974513,114,6,MLP
0.0005349276470951736,0.017316896468400955,0.00436419015750289,0.05334208160638809,0.0010000000474974513,115,6,MLP
0.0005659174057655036,0.017471494153141975,0.004396047908812761,0.05341485142707825,0.0010000000474974513,116,6,MLP
0.0005227336660027504,0.01663302257657051,0.004429419059306383,0.05324282869696617,0.0010000000474974513,117,6,MLP
0.0006453715614043176,0.017064305022358894,0.00442115031182766,0.05332260578870773,0.0010000000474974513,118,6,MLP
0.000550653028767556,0.016101237386465073,0.00436754385009408,0.053037554025650024,0.0010000000474974513,119,6,MLP
0.0005507793975993991,0.016561659052968025,0.004402096848934889,0.05328245460987091,0.0005000000237487257,120,6,MLP
0.0005233563715592027,0.01633322611451149,0.004307782277464867,0.05275574326515198,0.0005000000237487257,121,6,MLP
0.00048283342039212584,0.015759551897644997,0.00425146147608757,0.05229974165558815,0.0005000000237487257,122,6,MLP
0.000669109052978456,0.0178269911557436,0.004242072347551584,0.05216117575764656,0.0005000000237487257,123,6,MLP
0.00047542646643705666,0.016529079526662827,0.004220949020236731,0.05194627866148949,0.0005000000237487257,124,6,MLP
0.0005602758028544486,0.017313862219452858,0.0041421204805374146,0.051353298127651215,0.0005000000237487257,125,6,MLP
0.00044526823330670595,0.015519303269684315,0.004075839649885893,0.05088622123003006,0.0005000000237487257,126,6,MLP
0.0006091034738346934,0.01761225424706936,0.004142801743000746,0.05122328922152519,0.0005000000237487257,127,6,MLP
0.0004976724158041179,0.0161146130412817,0.004236252978444099,0.0515914261341095,0.0005000000237487257,128,6,MLP
0.0005454394849948585,0.016382070258259773,0.004237808287143707,0.051494862884283066,0.0005000000237487257,129,6,MLP
0.0005630079540424049,0.017592553049325943,0.0042658597230911255,0.05164315551519394,0.0005000000237487257,130,6,MLP
0.000428462284617126,0.01531407330185175,0.004245550371706486,0.05150764063000679,0.0005000000237487257,131,6,MLP
0.0005158275598660111,0.016381556168198586,0.004148522857576609,0.05084618553519249,0.0005000000237487257,132,6,MLP
0.0004740962467622012,0.01548665389418602,0.004079355392605066,0.05037565901875496,0.0005000000237487257,133,6,MLP
0.0004617698141373694,0.015004532411694527,0.004116795491427183,0.05051698163151741,0.0005000000237487257,134,6,MLP
0.00039917498361319304,0.01467444933950901,0.004144587088376284,0.05056741461157799,0.0005000000237487257,135,6,MLP
0.0005510274786502123,0.016607176512479782,0.004147507715970278,0.05056409165263176,0.0002500000118743628,136,6,MLP
0.0005105698946863413,0.015187110751867294,0.004124052356928587,0.0504162572324276,0.0002500000118743628,137,6,MLP
0.0004711666551884264,0.015424789860844612,0.004091118928045034,0.05021968111395836,0.0002500000118743628,138,6,MLP
0.0005005871644243598,0.01641387864947319,0.004130066838115454,0.050561558455228806,0.0002500000118743628,139,6,MLP
0.0004569736775010824,0.015253621153533459,0.004171097185462713,0.050808995962142944,0.0002500000118743628,140,6,MLP
0.0004105697153136134,0.014861688949167728,0.004156379960477352,0.050671763718128204,0.0002500000118743628,141,6,MLP
0.0004689240304287523,0.015443896874785423,0.0041149575263261795,0.05035516247153282,0.0002500000118743628,142,6,MLP
0.00042750922148115933,0.014881887473165989,0.00407424895092845,0.05010690912604332,0.0002500000118743628,143,6,MLP
0.00046268172445707023,0.015435146167874336,0.0040297117084264755,0.04983092471957207,0.0002500000118743628,144,6,MLP
0.0005836180644109845,0.01672600954771042,0.004062828607857227,0.049997132271528244,0.0002500000118743628,145,6,MLP
0.00041276917909272015,0.015042958781123161,0.00411626324057579,0.05028431490063667,0.0002500000118743628,146,6,MLP
0.00045018186210654676,0.015271740965545177,0.004137770272791386,0.05040314793586731,0.0002500000118743628,147,6,MLP
0.00046100132749415934,0.014893833547830582,0.004204327706247568,0.05086139589548111,0.0002500000118743628,148,6,MLP
0.0004234009247738868,0.014503860846161842,0.0042253597639501095,0.05095594748854637,0.0002500000118743628,149,6,MLP
0.0004439801850821823,0.015019472688436508,0.0041795773431658745,0.0506175272166729,0.0002500000118743628,150,6,MLP
0.30550825595855713,0.4195781648159027,0.23864251375198364,0.38633033633232117,0.0010000000474974513,1,7,MLP
0.12678958475589752,0.27248015999794006,0.21146836876869202,0.34256842732429504,0.0010000000474974513,2,7,MLP
0.0974632054567337,0.24436604976654053,0.14991013705730438,0.2861197888851166,0.0010000000474974513,3,7,MLP
0.04881127178668976,0.17672735452651978,0.09881056100130081,0.22940008342266083,0.0010000000474974513,4,7,MLP
0.05961808189749718,0.1910293996334076,0.08140826225280762,0.21288830041885376,0.0010000000474974513,5,7,MLP
0.03926047310233116,0.15297850966453552,0.0758671686053276,0.21095529198646545,0.0010000000474974513,6,7,MLP
0.031029079109430313,0.1348724067211151,0.05723932757973671,0.18411827087402344,0.0010000000474974513,7,7,MLP
0.025307875126600266,0.12499359250068665,0.05452930927276611,0.17961779236793518,0.0010000000474974513,8,7,MLP
0.01913992129266262,0.11065374314785004,0.051542479544878006,0.1720162183046341,0.0010000000474974513,9,7,MLP
0.022663533687591553,0.11450183391571045,0.04685570299625397,0.16317379474639893,0.0010000000474974513,10,7,MLP
0.01877807267010212,0.10281160473823547,0.05403174087405205,0.17880310118198395,0.0010000000474974513,11,7,MLP
0.017149828374385834,0.1052808165550232,0.046544719487428665,0.16652528941631317,0.0010000000474974513,12,7,MLP
0.014961707405745983,0.09426581859588623,0.039786748588085175,0.15118272602558136,0.0010000000474974513,13,7,MLP
0.018493371084332466,0.10305927693843842,0.04077800735831261,0.15320733189582825,0.0010000000474974513,14,7,MLP
0.014922140166163445,0.09011886268854141,0.04588251933455467,0.16410455107688904,0.0010000000474974513,15,7,MLP
0.01500549167394638,0.09266476333141327,0.035307541489601135,0.14239133894443512,0.0010000000474974513,16,7,MLP
0.012799032032489777,0.08748634904623032,0.034340329468250275,0.1403232216835022,0.0010000000474974513,17,7,MLP
0.010633761063218117,0.08096826076507568,0.032188065350055695,0.13552318513393402,0.0010000000474974513,18,7,MLP
0.008960241451859474,0.07264087349176407,0.030717559158802032,0.13205520808696747,0.0010000000474974513,19,7,MLP
0.00938967801630497,0.07468980550765991,0.027737455442547798,0.12408559769392014,0.0010000000474974513,20,7,MLP
0.009164205752313137,0.07359186559915543,0.030102131888270378,0.1293998658657074,0.0010000000474974513,21,7,MLP
0.008143375627696514,0.07179014384746552,0.03121764212846756,0.13278843462467194,0.0010000000474974513,22,7,MLP
0.009353570640087128,0.07398923486471176,0.02471178025007248,0.11600383371114731,0.0010000000474974513,23,7,MLP
0.00760306604206562,0.06780621409416199,0.025257984176278114,0.11724811047315598,0.0010000000474974513,24,7,MLP
0.007795547600835562,0.06769687682390213,0.022548485547304153,0.11023250967264175,0.0010000000474974513,25,7,MLP
0.007835709489881992,0.06834208965301514,0.023178430274128914,0.1120329350233078,0.0010000000474974513,26,7,MLP
0.009125987067818642,0.0707876980304718,0.02141723595559597,0.10756436735391617,0.0010000000474974513,27,7,MLP
0.006745434831827879,0.06335053592920303,0.022467395290732384,0.11118493229150772,0.0010000000474974513,28,7,MLP
0.006901195738464594,0.06333337724208832,0.02212109975516796,0.11026707291603088,0.0010000000474974513,29,7,MLP
0.006951112765818834,0.06310588866472244,0.020512623712420464,0.10547970980405807,0.0010000000474974513,30,7,MLP
0.006343981251120567,0.05889778584241867,0.019641388207674026,0.10251827538013458,0.0010000000474974513,31,7,MLP
0.004662307444959879,0.05238162353634834,0.020135212689638138,0.10431866347789764,0.0010000000474974513,32,7,MLP
0.006398551631718874,0.05884256958961487,0.021213848143815994,0.10749063640832901,0.0010000000474974513,33,7,MLP
0.005180059932172298,0.05683709308505058,0.021733196452260017,0.11002758145332336,0.0010000000474974513,34,7,MLP
0.004299658350646496,0.049398310482501984,0.01960892044007778,0.1042872816324234,0.0010000000474974513,35,7,MLP
0.005177914164960384,0.05386928468942642,0.020194096490740776,0.1054619550704956,0.0010000000474974513,36,7,MLP
0.0047289649955928326,0.05237701162695885,0.01882113143801689,0.10166682302951813,0.0010000000474974513,37,7,MLP
0.0044527798891067505,0.04922792315483093,0.018212679773569107,0.09960317611694336,0.0010000000474974513,38,7,MLP
0.004004580434411764,0.04674283787608147,0.01737462729215622,0.09798964112997055,0.0010000000474974513,39,7,MLP
0.004139844793826342,0.04890019819140434,0.017753841355443,0.09859302639961243,0.0010000000474974513,40,7,MLP
0.003651601495221257,0.04506788030266762,0.018539350479841232,0.09962131083011627,0.0010000000474974513,41,7,MLP
0.0034012733958661556,0.04461788386106491,0.016682270914316177,0.0955151915550232,0.0010000000474974513,42,7,MLP
0.003383491188287735,0.04650840163230896,0.016571803018450737,0.09522954374551773,0.0010000000474974513,43,7,MLP
0.0033882225397974253,0.044846341013908386,0.016837943345308304,0.09497134387493134,0.0010000000474974513,44,7,MLP
0.0031448223162442446,0.04379721358418465,0.01724032498896122,0.09511864185333252,0.0010000000474974513,45,7,MLP
0.004453958477824926,0.05008561536669731,0.016098299995064735,0.09357988089323044,0.0010000000474974513,46,7,MLP
0.003534134477376938,0.044089362025260925,0.015553021803498268,0.09172340482473373,0.0010000000474974513,47,7,MLP
0.003473633900284767,0.04436193406581879,0.015260527841746807,0.09082859009504318,0.0010000000474974513,48,7,MLP
0.003785378998145461,0.0453680083155632,0.015156465582549572,0.09078451991081238,0.0010000000474974513,49,7,MLP
0.003922739531844854,0.04643727093935013,0.014473771676421165,0.08931296318769455,0.0010000000474974513,50,7,MLP
0.0038993284106254578,0.04503738135099411,0.015401594340801239,0.09201719611883163,0.0010000000474974513,51,7,MLP
0.0028157157357782125,0.040120434015989304,0.016167698428034782,0.09439549595117569,0.0010000000474974513,52,7,MLP
0.0024429995100945234,0.03795098885893822,0.017887381836771965,0.0995444804430008,0.0010000000474974513,53,7,MLP
0.0032095732167363167,0.04261412471532822,0.018892386928200722,0.10207374393939972,0.0010000000474974513,54,7,MLP
0.002784442389383912,0.036844659596681595,0.016685618087649345,0.0958782359957695,0.0010000000474974513,55,7,MLP
0.0027679477352648973,0.03789016231894493,0.017287885770201683,0.09810247272253036,0.0010000000474974513,56,7,MLP
0.0025910267140716314,0.0396147221326828,0.016818173229694366,0.09588842839002609,0.0010000000474974513,57,7,MLP
0.002554837381467223,0.03679542988538742,0.01633775793015957,0.09439609944820404,0.0010000000474974513,58,7,MLP
0.0023501403629779816,0.03655124083161354,0.015590120106935501,0.09200991690158844,0.0010000000474974513,59,7,MLP
0.0026306724175810814,0.038760583847761154,0.01456315629184246,0.08891316503286362,0.0010000000474974513,60,7,MLP
0.002202264964580536,0.03581775724887848,0.013991543091833591,0.08730574697256088,0.0005000000237487257,61,7,MLP
0.0019352147355675697,0.034212201833724976,0.013824660331010818,0.08671803027391434,0.0005000000237487257,62,7,MLP
0.0022113665472716093,0.035115499049425125,0.013295511715114117,0.08479717373847961,0.0005000000237487257,63,7,MLP
0.0018968593794852495,0.033965617418289185,0.012645821087062359,0.08302238583564758,0.0005000000237487257,64,7,MLP
0.0019433434354141355,0.031715210527181625,0.012275651097297668,0.0819084569811821,0.0005000000237487257,65,7,MLP
0.0021341696847230196,0.03493792191147804,0.012824906967580318,0.08355020731687546,0.0005000000237487257,66,7,MLP
0.002220654394477606,0.034351784735918045,0.01322223711758852,0.08510065823793411,0.0005000000237487257,67,7,MLP
0.0019795363768935204,0.034343868494033813,0.013428539037704468,0.0861925259232521,0.0005000000237487257,68,7,MLP
0.0019822597969323397,0.03376621752977371,0.013010538183152676,0.08485417068004608,0.0005000000237487257,69,7,MLP
0.0020880375523120165,0.0338713563978672,0.012721742503345013,0.08400008082389832,0.0005000000237487257,70,7,MLP
0.002074295189231634,0.033833034336566925,0.012981495819985867,0.08506627380847931,0.0005000000237487257,71,7,MLP
0.0018677730113267899,0.03244658187031746,0.012758583761751652,0.0845964327454567,0.0005000000237487257,72,7,MLP
0.001958617474883795,0.03249434381723404,0.012104465626180172,0.08250971883535385,0.0005000000237487257,73,7,MLP
0.0019532754085958004,0.03293880820274353,0.011613172478973866,0.08093871176242828,0.0005000000237487257,74,7,MLP
0.0018153926357626915,0.03238697722554207,0.011663166806101799,0.08116383105516434,0.0005000000237487257,75,7,MLP
0.00175195443443954,0.03188133239746094,0.012046372517943382,0.08257785439491272,0.0005000000237487257,76,7,MLP
0.0018896268447861075,0.03305013105273247,0.011938312090933323,0.08256115019321442,0.0005000000237487257,77,7,MLP
0.0017468263395130634,0.03164437785744667,0.011630827561020851,0.08163400739431381,0.0005000000237487257,78,7,MLP
0.0014117914251983166,0.029136141762137413,0.01135473046451807,0.08059431612491608,0.0005000000237487257,79,7,MLP
0.0018965571653097868,0.033098116517066956,0.011103274300694466,0.07954385876655579,0.0005000000237487257,80,7,MLP
0.00184059573803097,0.03338807448744774,0.010756145231425762,0.07829944789409637,0.0005000000237487257,81,7,MLP
0.00196041795425117,0.032553598284721375,0.010941796004772186,0.07892120629549026,0.0005000000237487257,82,7,MLP
0.0017095856601372361,0.02904858998954296,0.010866735130548477,0.07857314497232437,0.0005000000237487257,83,7,MLP
0.001860407181084156,0.03192891925573349,0.010685954242944717,0.07760415971279144,0.0005000000237487257,84,7,MLP
0.0015643148217350245,0.029323240742087364,0.010490547865629196,0.07682671397924423,0.0005000000237487257,85,7,MLP
0.002009739400818944,0.03334693983197212,0.010379494167864323,0.07641731947660446,0.0005000000237487257,86,7,MLP
0.001734919031150639,0.03160640224814415,0.01044288370758295,0.07665260881185532,0.0005000000237487257,87,7,MLP
0.0016918146284297109,0.030490627512335777,0.010083911940455437,0.0753050222992897,0.0005000000237487257,88,7,MLP
0.0015562321059405804,0.030056700110435486,0.010123184882104397,0.07547856122255325,0.0005000000237487257,89,7,MLP
0.0015106898499652743,0.02997680939733982,0.01014763955026865,0.07567130774259567,0.0005000000237487257,90,7,MLP
0.0017219261499121785,0.029788386076688766,0.010236471891403198,0.07606174051761627,0.0005000000237487257,91,7,MLP
0.0015027752378955483,0.028751663863658905,0.010094491764903069,0.07543238252401352,0.0005000000237487257,92,7,MLP
0.0016834145644679666,0.030580101534724236,0.009871029295027256,0.0746077373623848,0.0005000000237487257,93,7,MLP
0.0015525899361819029,0.02987789735198021,0.009760341607034206,0.07423476874828339,0.0005000000237487257,94,7,MLP
0.001607542741112411,0.030131539329886436,0.009933790192008018,0.0747632086277008,0.0005000000237487257,95,7,MLP
0.0016046199016273022,0.03045504540205002,0.010181905701756477,0.0755840614438057,0.0005000000237487257,96,7,MLP
0.0014461997197940946,0.02840322256088257,0.010205076076090336,0.07560878247022629,0.0005000000237487257,97,7,MLP
0.0012933037942275405,0.027484839782118797,0.009988480247557163,0.0748969092965126,0.0005000000237487257,98,7,MLP
0.0013054880546405911,0.028304927051067352,0.009848256595432758,0.07443750649690628,0.0005000000237487257,99,7,MLP
0.0012835522647947073,0.02709478698670864,0.010321994312107563,0.0761360228061676,0.0005000000237487257,100,7,MLP
0.0013056560419499874,0.026861004531383514,0.010395943187177181,0.07613041996955872,0.0005000000237487257,101,7,MLP
0.0016981411026790738,0.028815235942602158,0.009857797995209694,0.07434429973363876,0.0005000000237487257,102,7,MLP
0.001185097498819232,0.026679014787077904,0.009747221134603024,0.07404258102178574,0.0005000000237487257,103,7,MLP
0.0014036792563274503,0.02897239290177822,0.010015475563704967,0.07509370148181915,0.0005000000237487257,104,7,MLP
0.0012997591402381659,0.026761887595057487,0.010241196490824223,0.07578161358833313,0.0002500000118743628,105,7,MLP
0.0013907096581533551,0.02754064090549946,0.010521072894334793,0.0767357125878334,0.0002500000118743628,106,7,MLP
0.0011202532332390547,0.02583358809351921,0.01055245939642191,0.07698025554418564,0.0002500000118743628,107,7,MLP
0.0014118208782747388,0.02773033268749714,0.010362491011619568,0.07634295523166656,0.0002500000118743628,108,7,MLP
0.0012940499000251293,0.026424705982208252,0.01028276514261961,0.07597244530916214,0.0002500000118743628,109,7,MLP
0.0014615637483075261,0.028727175667881966,0.010536907240748405,0.07675663381814957,0.0002500000118743628,110,7,MLP
0.0011670321691781282,0.02664981596171856,0.010510670952498913,0.07670435309410095,0.0002500000118743628,111,7,MLP
0.0014815963804721832,0.028380611911416054,0.01043956819921732,0.07659123837947845,0.0002500000118743628,112,7,MLP
0.001205069595016539,0.026567615568637848,0.010214343667030334,0.07600732892751694,0.0002500000118743628,113,7,MLP
0.0015623492654412985,0.029123583808541298,0.010083083994686604,0.07560732215642929,0.0002500000118743628,114,7,MLP
0.0016484381631016731,0.029316755011677742,0.010060696862637997,0.07553616166114807,0.0001250000059371814,115,7,MLP
0.001142813009209931,0.026306381449103355,0.010005484335124493,0.07535284757614136,0.0001250000059371814,116,7,MLP
0.001266375300474465,0.025625482201576233,0.009843048639595509,0.07470892369747162,0.0001250000059371814,117,7,MLP
0.0013443171046674252,0.027131548151373863,0.009766928851604462,0.07442884892225266,0.0001250000059371814,118,7,MLP
0.0012068406213074923,0.026353422552347183,0.00965937227010727,0.07409144937992096,0.0001250000059371814,119,7,MLP
0.0012487316271290183,0.0269357580691576,0.009647248312830925,0.07413116842508316,0.0001250000059371814,120,7,MLP
0.0013174529885873199,0.026741109788417816,0.009685701690614223,0.0742376372218132,0.0001250000059371814,121,7,MLP
0.0012338912347331643,0.027393026277422905,0.009841491468250751,0.07477250695228577,0.0001250000059371814,122,7,MLP
0.0014017452485859394,0.027436913922429085,0.009845796041190624,0.07483620196580887,0.0001250000059371814,123,7,MLP
0.0011227213544771075,0.02517865039408207,0.00983473751693964,0.07481794059276581,0.0001250000059371814,124,7,MLP
0.0011681474279612303,0.02628147415816784,0.00986182689666748,0.07497179508209229,0.0001250000059371814,125,7,MLP
0.0013888542307540774,0.028212731704115868,0.009921648539602757,0.07514879107475281,0.0001250000059371814,126,7,MLP
0.00137283094227314,0.027044139802455902,0.009964111261069775,0.07528848201036453,0.0001250000059371814,127,7,MLP
0.0009017056436277926,0.02307705394923687,0.009799446910619736,0.0748206302523613,0.0001250000059371814,128,7,MLP
0.0010242157150059938,0.024281365796923637,0.009707541204988956,0.07452099025249481,0.0001250000059371814,129,7,MLP
0.0014229752123355865,0.026608344167470932,0.009662043303251266,0.07432588189840317,6.25000029685907e-05,130,7,MLP
0.0010363181354478002,0.024498553946614265,0.009608433581888676,0.07415454089641571,6.25000029685907e-05,131,7,MLP
0.0013079257914796472,0.02617691084742546,0.00959030445665121,0.07411106675863266,6.25000029685907e-05,132,7,MLP
0.001209535519592464,0.025733578950166702,0.009631314314901829,0.07427723705768585,6.25000029685907e-05,133,7,MLP
0.0012518946314230561,0.02638944238424301,0.009651070460677147,0.07437529414892197,6.25000029685907e-05,134,7,MLP
0.0011418513022363186,0.025762800127267838,0.009695613756775856,0.07451985031366348,6.25000029685907e-05,135,7,MLP
0.0010777724673971534,0.0249383132904768,0.009660801850259304,0.07442159205675125,6.25000029685907e-05,136,7,MLP
0.0013863876229152083,0.026534967124462128,0.009663539938628674,0.07443903386592865,6.25000029685907e-05,137,7,MLP
0.0012099661398679018,0.025251446291804314,0.00968375988304615,0.0745140090584755,6.25000029685907e-05,138,7,MLP
0.0010544416727498174,0.025190161541104317,0.009676259942352772,0.07447542250156403,6.25000029685907e-05,139,7,MLP
0.0011911788024008274,0.025784235447645187,0.009643131867051125,0.07435240596532822,3.125000148429535e-05,140,7,MLP
0.0011755492305383086,0.025959638878703117,0.009629284031689167,0.07428184896707535,3.125000148429535e-05,141,7,MLP
0.0011548720067366958,0.0270242840051651,0.009625756181776524,0.07425619661808014,3.125000148429535e-05,142,7,MLP
0.0010877314489334822,0.024833710864186287,0.009608584456145763,0.07419926673173904,3.125000148429535e-05,143,7,MLP
0.001130801741965115,0.024840759113430977,0.009581414051353931,0.07410450279712677,3.125000148429535e-05,144,7,MLP
0.0011156912660226226,0.02412542514503002,0.009578075259923935,0.07409492880105972,3.125000148429535e-05,145,7,MLP
0.0010804994963109493,0.024474775418639183,0.009563281200826168,0.07404356449842453,3.125000148429535e-05,146,7,MLP
0.001364576630294323,0.026574773713946342,0.00954501237720251,0.07396791875362396,3.125000148429535e-05,147,7,MLP
0.0011887766886502504,0.023477988317608833,0.009523080661892891,0.07389118522405624,3.125000148429535e-05,148,7,MLP
0.0014069266617298126,0.027968600392341614,0.009531612507998943,0.07392027229070663,3.125000148429535e-05,149,7,MLP
0.0010084821842610836,0.02247495949268341,0.009514417499303818,0.07384978979825974,3.125000148429535e-05,150,7,MLP
0.3138542175292969,0.4262787401676178,0.12668651342391968,0.28623688220977783,0.0010000000474974513,1,8,MLP
0.14634893834590912,0.2800244390964508,0.34663814306259155,0.5092303156852722,0.0010000000474974513,2,8,MLP
0.10695230215787888,0.2505151629447937,0.16329216957092285,0.3416927754878998,0.0010000000474974513,3,8,MLP
0.06534700840711594,0.18698330223560333,0.15010647475719452,0.3226913511753082,0.0010000000474974513,4,8,MLP
0.05104310065507889,0.16896963119506836,0.1476944535970688,0.320613831281662,0.0010000000474974513,5,8,MLP
0.04174134135246277,0.15190944075584412,0.13774603605270386,0.3068184554576874,0.0010000000474974513,6,8,MLP
0.03585793823003769,0.13447389006614685,0.09220367670059204,0.2455786168575287,0.0010000000474974513,7,8,MLP
0.03258076682686806,0.13064153492450714,0.08216293156147003,0.22990109026432037,0.0010000000474974513,8,8,MLP
0.022704685106873512,0.11283326148986816,0.08368651568889618,0.23435118794441223,0.0010000000474974513,9,8,MLP
0.0217426810413599,0.11064982414245605,0.0771101787686348,0.22441431879997253,0.0010000000474974513,10,8,MLP
0.019076215103268623,0.1027202382683754,0.07369145005941391,0.21800266206264496,0.0010000000474974513,11,8,MLP
0.015880119055509567,0.09360106289386749,0.06672396510839462,0.20654615759849548,0.0010000000474974513,12,8,MLP
0.01542601827532053,0.09254142642021179,0.06054972857236862,0.19561819732189178,0.0010000000474974513,13,8,MLP
0.017564719542860985,0.09799795597791672,0.05460641533136368,0.1818881630897522,0.0010000000474974513,14,8,MLP
0.01447232160717249,0.08851161599159241,0.035370759665966034,0.1402101218700409,0.0010000000474974513,15,8,MLP
0.011318761855363846,0.07746723294258118,0.033880576491355896,0.13617247343063354,0.0010000000474974513,16,8,MLP
0.017076512798666954,0.09202369302511215,0.03412215784192085,0.13512447476387024,0.0010000000474974513,17,8,MLP
0.011718041263520718,0.07891698181629181,0.026224350556731224,0.11657743901014328,0.0010000000474974513,18,8,MLP
0.011304805986583233,0.07941647619009018,0.027424827218055725,0.11929004639387131,0.0010000000474974513,19,8,MLP
0.009751197881996632,0.07443747669458389,0.02824430540204048,0.12136920541524887,0.0010000000474974513,20,8,MLP
0.009483253583312035,0.07264333218336105,0.029746348038315773,0.12405966222286224,0.0010000000474974513,21,8,MLP
0.008009650744497776,0.0656309425830841,0.02791956439614296,0.11784154176712036,0.0010000000474974513,22,8,MLP
0.008197550661861897,0.06533598899841309,0.024048741906881332,0.11180270463228226,0.0010000000474974513,23,8,MLP
0.008403031155467033,0.0648600310087204,0.02395467273890972,0.11331833153963089,0.0010000000474974513,24,8,MLP
0.0068138642236590385,0.061622656881809235,0.023309258744120598,0.11060287058353424,0.0010000000474974513,25,8,MLP
0.007381698582321405,0.06402649730443954,0.023789137601852417,0.11039581894874573,0.0010000000474974513,26,8,MLP
0.006513883825391531,0.05837590619921684,0.023099588230252266,0.1078886166214943,0.0010000000474974513,27,8,MLP
0.005676409229636192,0.05531381070613861,0.02411162666976452,0.10991460084915161,0.0010000000474974513,28,8,MLP
0.005753148812800646,0.05463100224733353,0.023784318938851357,0.1092619001865387,0.0010000000474974513,29,8,MLP
0.005843010731041431,0.056594885885715485,0.023361945524811745,0.10725216567516327,0.0010000000474974513,30,8,MLP
0.007277776021510363,0.06048213317990303,0.022918961942195892,0.10510876774787903,0.0010000000474974513,31,8,MLP
0.005290220957249403,0.05065049231052399,0.022893797606229782,0.10636621713638306,0.0010000000474974513,32,8,MLP
0.004269611090421677,0.049579374492168427,0.021917128935456276,0.1045430451631546,0.0010000000474974513,33,8,MLP
0.005289400462061167,0.05328109487891197,0.020127184689044952,0.10058143734931946,0.0010000000474974513,34,8,MLP
0.004808767233043909,0.05160202085971832,0.01817544735968113,0.09636057168245316,0.0010000000474974513,35,8,MLP
0.00519891083240509,0.052124619483947754,0.017654476687312126,0.09412796795368195,0.0010000000474974513,36,8,MLP
0.005063736345618963,0.05250375345349312,0.01725761406123638,0.09166128188371658,0.0010000000474974513,37,8,MLP
0.0043427604250609875,0.049858659505844116,0.0169566348195076,0.08959469199180603,0.0010000000474974513,38,8,MLP
0.00421743281185627,0.04878886416554451,0.016445893794298172,0.08729220926761627,0.0010000000474974513,39,8,MLP
0.004092629998922348,0.04659712314605713,0.014942336827516556,0.0844162106513977,0.0010000000474974513,40,8,MLP
0.004662307444959879,0.04637712612748146,0.014424450695514679,0.0830097422003746,0.0010000000474974513,41,8,MLP
0.0035128253512084484,0.043938517570495605,0.014863962307572365,0.0830482691526413,0.0010000000474974513,42,8,MLP
0.0038612091448158026,0.046835269778966904,0.014838170260190964,0.08271992951631546,0.0010000000474974513,43,8,MLP
0.003667604411020875,0.04369531571865082,0.013985146768391132,0.0808996930718422,0.0010000000474974513,44,8,MLP
0.0032979007810354233,0.043394241482019424,0.01474308967590332,0.08418689668178558,0.0010000000474974513,45,8,MLP
0.0030421274714171886,0.04086557775735855,0.017062019556760788,0.09118584543466568,0.0010000000474974513,46,8,MLP
0.0032470154110342264,0.04313642531633377,0.01839560456573963,0.09464233368635178,0.0010000000474974513,47,8,MLP
0.0032073126640170813,0.04149838164448738,0.017626607790589333,0.09232234954833984,0.0010000000474974513,48,8,MLP
0.0030756574124097824,0.03998939320445061,0.017694750800728798,0.09166109561920166,0.0010000000474974513,49,8,MLP
0.003182600950822234,0.04191999509930611,0.01792147569358349,0.09163980931043625,0.0010000000474974513,50,8,MLP
0.0023855785839259624,0.03639199584722519,0.01743408478796482,0.0898585170507431,0.0010000000474974513,51,8,MLP
0.0025062519125640392,0.03715897724032402,0.017322493717074394,0.08886294066905975,0.0010000000474974513,52,8,MLP
0.0025563673116266727,0.03753919154405594,0.016174986958503723,0.08720361441373825,0.0010000000474974513,53,8,MLP
0.003008027793839574,0.040039435029029846,0.015687623992562294,0.08643551915884018,0.0010000000474974513,54,8,MLP
0.0026350487023591995,0.03837106376886368,0.01565556228160858,0.08587053418159485,0.0005000000237487257,55,8,MLP
0.002582893706858158,0.0375368669629097,0.01515111606568098,0.08408570289611816,0.0005000000237487257,56,8,MLP
0.0023164276499301195,0.035039208829402924,0.015104549936950207,0.08378703892230988,0.0005000000237487257,57,8,MLP
0.0020944420248270035,0.03460767865180969,0.015010369010269642,0.08346142619848251,0.0005000000237487257,58,8,MLP
0.0022215708158910275,0.03435489907860756,0.015180383808910847,0.08357122540473938,0.0005000000237487257,59,8,MLP
0.0034603963140398264,0.04189072921872139,0.014318879693746567,0.08157646656036377,0.0005000000237487257,60,8,MLP
0.0024270766880363226,0.03538905456662178,0.014103823341429234,0.0816483199596405,0.0005000000237487257,61,8,MLP
0.00209247088059783,0.03478464111685753,0.014003009535372257,0.08146563917398453,0.0005000000237487257,62,8,MLP
0.0020666203927248716,0.03339861333370209,0.013910875655710697,0.0809984803199768,0.0005000000237487257,63,8,MLP
0.0024478337727487087,0.036642637103796005,0.01408643089234829,0.08128388971090317,0.0005000000237487257,64,8,MLP
0.00231422227807343,0.03508478030562401,0.013920098543167114,0.08089879900217056,0.0002500000118743628,65,8,MLP
0.0022868437226861715,0.03517306223511696,0.013829161413013935,0.08047188073396683,0.0002500000118743628,66,8,MLP
0.0021144230850040913,0.03507546707987785,0.0139115946367383,0.08055150508880615,0.0002500000118743628,67,8,MLP
0.002484269207343459,0.035534150898456573,0.013921981677412987,0.08065430819988251,0.0002500000118743628,68,8,MLP
0.0022001767065376043,0.034681614488363266,0.013991553336381912,0.08065881580114365,0.0002500000118743628,69,8,MLP
0.0019584225956350565,0.03262092545628548,0.014133037999272346,0.0808616504073143,0.0002500000118743628,70,8,MLP
0.0023794686421751976,0.03541681170463562,0.0143080223351717,0.08106903731822968,0.0002500000118743628,71,8,MLP
0.0020372599828988314,0.03308192640542984,0.014321248978376389,0.08106986433267593,0.0002500000118743628,72,8,MLP
0.0020393342711031437,0.03254800662398338,0.014388262294232845,0.08127202838659286,0.0002500000118743628,73,8,MLP
0.0022704608272761106,0.03490964323282242,0.014326273463666439,0.0815354734659195,0.0002500000118743628,74,8,MLP
0.002069373382255435,0.03268160670995712,0.01443525031208992,0.08211924135684967,0.0002500000118743628,75,8,MLP
0.002450342755764723,0.03590663895010948,0.014337916858494282,0.08208491653203964,0.0002500000118743628,76,8,MLP
0.0018104505725204945,0.029961176216602325,0.014333106577396393,0.08211004734039307,0.0001250000059371814,77,8,MLP
0.0020840053912252188,0.03322632238268852,0.014318634755909443,0.08203615993261337,0.0001250000059371814,78,8,MLP
0.002209058962762356,0.03427771478891373,0.014230052009224892,0.08164579421281815,0.0001250000059371814,79,8,MLP
0.002129296073690057,0.03419860079884529,0.01407019142061472,0.08136146515607834,0.0001250000059371814,80,8,MLP
0.0019373614341020584,0.03277183696627617,0.014091075398027897,0.08142615109682083,0.0001250000059371814,81,8,MLP
0.0023028773721307516,0.03385580703616142,0.014129629358649254,0.08157698065042496,0.0001250000059371814,82,8,MLP
0.0017050382448360324,0.030466798692941666,0.014089886099100113,0.08157680183649063,0.0001250000059371814,83,8,MLP
0.0019219687674194574,0.03279463201761246,0.014102546498179436,0.08162923157215118,0.0001250000059371814,84,8,MLP
0.002037046942859888,0.032620009034872055,0.01419735699892044,0.08181854337453842,0.0001250000059371814,85,8,MLP
0.0018577100709080696,0.03109908103942871,0.01418058667331934,0.08174853771924973,0.0001250000059371814,86,8,MLP
0.18043558299541473,0.3147798776626587,0.09542829543352127,0.24840553104877472,0.0010000000474974513,1,9,MLP
0.1279630959033966,0.2575172185897827,0.05683734640479088,0.191178560256958,0.0010000000474974513,2,9,MLP
0.067507304251194,0.18899424374103546,0.04304012283682823,0.15813575685024261,0.0010000000474974513,3,9,MLP
0.04346347600221634,0.16137345135211945,0.029482554644346237,0.13423292338848114,0.0010000000474974513,4,9,MLP
0.03858204931020737,0.14487481117248535,0.030336802825331688,0.13038936257362366,0.0010000000474974513,5,9,MLP
0.03200782090425491,0.12566973268985748,0.027353808283805847,0.12240438908338547,0.0010000000474974513,6,9,MLP
0.02609519101679325,0.11871997267007828,0.02885913848876953,0.1214013621211052,0.0010000000474974513,7,9,MLP
0.02589879371225834,0.11549970507621765,0.021736953407526016,0.11058513075113297,0.0010000000474974513,8,9,MLP
0.019432900473475456,0.10363063216209412,0.01906733214855194,0.10410135984420776,0.0010000000474974513,9,9,MLP
0.018657738342881203,0.10534284263849258,0.01672528311610222,0.09782713651657104,0.0010000000474974513,10,9,MLP
0.019316241145133972,0.10259442031383514,0.016527801752090454,0.09857020527124405,0.0010000000474974513,11,9,MLP
0.013801894150674343,0.08764589577913284,0.015982642769813538,0.09595666825771332,0.0010000000474974513,12,9,MLP
0.013457877561450005,0.08373986184597015,0.01563822105526924,0.09477997571229935,0.0010000000474974513,13,9,MLP
0.012687819078564644,0.08118678629398346,0.014908306300640106,0.0951056033372879,0.0010000000474974513,14,9,MLP
0.010694040916860104,0.07807990163564682,0.014696111902594566,0.09425036609172821,0.0010000000474974513,15,9,MLP
0.01046881452202797,0.07552912831306458,0.015491950325667858,0.094965860247612,0.0010000000474974513,16,9,MLP
0.007391288410872221,0.06634184718132019,0.015605267137289047,0.09429166465997696,0.0010000000474974513,17,9,MLP
0.008750826120376587,0.06977945566177368,0.013560074381530285,0.0891035795211792,0.0010000000474974513,18,9,MLP
0.0086554866284132,0.06715785712003708,0.012787916697561741,0.08670246601104736,0.0010000000474974513,19,9,MLP
0.0077040912583470345,0.06471912562847137,0.012781393714249134,0.08571389317512512,0.0010000000474974513,20,9,MLP
0.007811932824552059,0.0656147226691246,0.011889336630702019,0.08307623863220215,0.0010000000474974513,21,9,MLP
0.006772524211555719,0.06056879088282585,0.011153778992593288,0.08149393647909164,0.0010000000474974513,22,9,MLP
0.0072144512087106705,0.06357022374868393,0.0107542984187603,0.0809161588549614,0.0010000000474974513,23,9,MLP
0.0057263802736997604,0.05727151036262512,0.01104070246219635,0.0810822993516922,0.0010000000474974513,24,9,MLP
0.0071012829430401325,0.060941871255636215,0.010473883710801601,0.08053915202617645,0.0010000000474974513,25,9,MLP
0.004777119029313326,0.052182234823703766,0.01030832901597023,0.08132496476173401,0.0010000000474974513,26,9,MLP
0.005883333273231983,0.05516031011939049,0.010661431588232517,0.08083207905292511,0.0010000000474974513,27,9,MLP
0.005044914316385984,0.05142946541309357,0.010573454201221466,0.08035821467638016,0.0010000000474974513,28,9,MLP
0.005121399648487568,0.05378474295139313,0.009782826527953148,0.07894424349069595,0.0010000000474974513,29,9,MLP
0.0041344910860061646,0.048065099865198135,0.009846998378634453,0.07903390377759933,0.0010000000474974513,30,9,MLP
0.0039444053545594215,0.04764489457011223,0.009835435077548027,0.07905960828065872,0.0010000000474974513,31,9,MLP
0.004339986015111208,0.04839188605546951,0.010501907207071781,0.08178884536027908,0.0010000000474974513,32,9,MLP
0.0036368377041071653,0.04559579864144325,0.011275126598775387,0.08401921391487122,0.0010000000474974513,33,9,MLP
0.004038096405565739,0.04563605412840843,0.010413231328129768,0.08213241398334503,0.0010000000474974513,34,9,MLP
0.0036221968475729227,0.04263577237725258,0.009320414625108242,0.07754763215780258,0.0010000000474974513,35,9,MLP
0.00395291019231081,0.04491128399968147,0.008653477765619755,0.0748695656657219,0.0010000000474974513,36,9,MLP
0.003787867957726121,0.045351702719926834,0.008147084154188633,0.07258804142475128,0.0010000000474974513,37,9,MLP
0.0028926648665219545,0.03935782611370087,0.007974451407790184,0.07190858572721481,0.0010000000474974513,38,9,MLP
0.002938211429864168,0.039195094257593155,0.008111454546451569,0.07242362201213837,0.0010000000474974513,39,9,MLP
0.003372245468199253,0.04011029750108719,0.008527729660272598,0.07377956807613373,0.0010000000474974513,40,9,MLP
0.0039957682602107525,0.04355914890766144,0.008321365341544151,0.07376868277788162,0.0010000000474974513,41,9,MLP
0.0034025900531560183,0.04207618162035942,0.007712936028838158,0.07132216542959213,0.0010000000474974513,42,9,MLP
0.002705271588638425,0.03803723677992821,0.007995606400072575,0.07270547747612,0.0010000000474974513,43,9,MLP
0.0029463553801178932,0.039611250162124634,0.007943227887153625,0.07221835106611252,0.0010000000474974513,44,9,MLP
0.003100101836025715,0.03803214430809021,0.007849359884858131,0.0720369890332222,0.0010000000474974513,45,9,MLP
0.002248272765427828,0.035275500267744064,0.008372282609343529,0.07400263845920563,0.0010000000474974513,46,9,MLP
0.00254277465865016,0.03679358959197998,0.00859556533396244,0.07487645000219345,0.0010000000474974513,47,9,MLP
0.0024926417972892523,0.035848747938871384,0.007790055591613054,0.0714988261461258,0.0010000000474974513,48,9,MLP
0.0023065945133566856,0.03418895602226257,0.007273609284311533,0.06903374195098877,0.0010000000474974513,49,9,MLP
0.0027448346372693777,0.03902113810181618,0.00713903084397316,0.06782708317041397,0.0010000000474974513,50,9,MLP
0.0022803929168730974,0.03403313830494881,0.0071677565574646,0.0676877573132515,0.0010000000474974513,51,9,MLP
0.002523172413930297,0.034995947033166885,0.006709403824061155,0.06638608872890472,0.0010000000474974513,52,9,MLP
0.0019969467539340258,0.032570622861385345,0.006429043598473072,0.06523247063159943,0.0010000000474974513,53,9,MLP
0.002296554623171687,0.03454812243580818,0.006485913414508104,0.06448861956596375,0.0010000000474974513,54,9,MLP
0.0021854087244719267,0.03518771007657051,0.006401212885975838,0.06435435265302658,0.0010000000474974513,55,9,MLP
0.0019088315311819315,0.03210624307394028,0.006308820564299822,0.06490787118673325,0.0010000000474974513,56,9,MLP
0.0017887172289192677,0.030863504856824875,0.006024728063493967,0.06318935006856918,0.0010000000474974513,57,9,MLP
0.001771852606907487,0.031216738745570183,0.005805733613669872,0.0617755688726902,0.0010000000474974513,58,9,MLP
0.0017193130915984511,0.02982347458600998,0.005600510630756617,0.06059229373931885,0.0010000000474974513,59,9,MLP
0.0015581679763272405,0.029291357845067978,0.005659848917275667,0.06068794056773186,0.0010000000474974513,60,9,MLP
0.0014730064431205392,0.028307728469371796,0.005818898323923349,0.06111140176653862,0.0010000000474974513,61,9,MLP
0.0013803922338411212,0.02701443061232567,0.005931005347520113,0.0614616833627224,0.0010000000474974513,62,9,MLP
0.0016274465015158057,0.028374599292874336,0.0059637464582920074,0.061512477695941925,0.0010000000474974513,63,9,MLP
0.0013899685582146049,0.026618175208568573,0.005815316457301378,0.06061746925115585,0.0010000000474974513,64,9,MLP
0.0012471677036955953,0.026407746598124504,0.0056936792097985744,0.05985911190509796,0.0010000000474974513,65,9,MLP
0.0013045634841546416,0.026427993550896645,0.005617472343146801,0.05988636612892151,0.0010000000474974513,66,9,MLP
0.0015800289111211896,0.027393687516450882,0.005408914294093847,0.05837440490722656,0.0010000000474974513,67,9,MLP
0.0013425665674731135,0.026391593739390373,0.0050347535870969296,0.05647486820816994,0.0010000000474974513,68,9,MLP
0.0014013706240803003,0.027430474758148193,0.004920399282127619,0.05589335039258003,0.0010000000474974513,69,9,MLP
0.0012914953986182809,0.025822151452302933,0.0049558416940271854,0.05612670257687569,0.0010000000474974513,70,9,MLP
0.0012406305177137256,0.026123972609639168,0.0048460578545928,0.05492408201098442,0.0010000000474974513,71,9,MLP
0.0011197004932910204,0.024366173893213272,0.004683956503868103,0.05407678708434105,0.0010000000474974513,72,9,MLP
0.0010863490169867873,0.02482510916888714,0.004552255850285292,0.05359053239226341,0.0010000000474974513,73,9,MLP
0.001186213456094265,0.025823161005973816,0.004424800630658865,0.05280068516731262,0.0010000000474974513,74,9,MLP
0.0011290338588878512,0.024691417813301086,0.00435654679313302,0.052268195897340775,0.0010000000474974513,75,9,MLP
0.0010772590758278966,0.0252164788544178,0.0042674052529037,0.05179950222373009,0.0010000000474974513,76,9,MLP
0.0009114184067584574,0.02265915833413601,0.004323460627347231,0.05214877799153328,0.0010000000474974513,77,9,MLP
0.001022400101646781,0.02406441420316696,0.00410083495080471,0.050932347774505615,0.0010000000474974513,78,9,MLP
0.001041830750182271,0.023254746571183205,0.0038874726742506027,0.04960528388619423,0.0010000000474974513,79,9,MLP
0.0009056375129148364,0.022077521309256554,0.0037655082996934652,0.04873134568333626,0.0010000000474974513,80,9,MLP
0.0011797440238296986,0.023921404033899307,0.0037624824326485395,0.048266202211380005,0.0010000000474974513,81,9,MLP
0.0009652342996560037,0.02291467972099781,0.0037744338624179363,0.04830785468220711,0.0010000000474974513,82,9,MLP
0.0009276203927583992,0.02304612100124359,0.003777086269110441,0.048237577080726624,0.0010000000474974513,83,9,MLP
0.0008902298868633807,0.022894693538546562,0.003647906007245183,0.04730169102549553,0.0010000000474974513,84,9,MLP
0.0011960130650550127,0.024959556758403778,0.0036056358367204666,0.046514224261045456,0.0010000000474974513,85,9,MLP
0.0009510128293186426,0.021813957020640373,0.0035071931779384613,0.04526441544294357,0.0010000000474974513,86,9,MLP
0.001146182999946177,0.024526383727788925,0.003496689023450017,0.045107562094926834,0.0010000000474974513,87,9,MLP
0.0009889652719721198,0.022450143471360207,0.003575393231585622,0.045451268553733826,0.0010000000474974513,88,9,MLP
0.0008626439957879484,0.021400878205895424,0.0035760311875492334,0.0453822948038578,0.0010000000474974513,89,9,MLP
0.0007907825638540089,0.020485853776335716,0.00352581893093884,0.04515866935253143,0.0010000000474974513,90,9,MLP
0.0008314213482663035,0.020668834447860718,0.003501543076708913,0.045098572969436646,0.0010000000474974513,91,9,MLP
0.0007277871482074261,0.019724611192941666,0.0035047545097768307,0.045080769807100296,0.0010000000474974513,92,9,MLP
0.0009167107637040317,0.02225816622376442,0.0035792910493910313,0.045518651604652405,0.0010000000474974513,93,9,MLP
0.000908628455363214,0.021099310368299484,0.003711301600560546,0.045980505645275116,0.0010000000474974513,94,9,MLP
0.0008550024940632284,0.020383190363645554,0.003857630304992199,0.04740075767040253,0.0010000000474974513,95,9,MLP
0.0009072349639609456,0.021446891129016876,0.003928409423679113,0.04794253408908844,0.0010000000474974513,96,9,MLP
0.0006935752462595701,0.0196028184145689,0.0038636447861790657,0.0474398136138916,0.0005000000237487257,97,9,MLP
0.0006769609171897173,0.018842153251171112,0.003789277747273445,0.04699739068746567,0.0005000000237487257,98,9,MLP
0.0006506448844447732,0.01912040449678898,0.0037597145419567823,0.046914711594581604,0.0005000000237487257,99,9,MLP
0.0005611576489172876,0.01727909967303276,0.003676364663988352,0.04644288122653961,0.0005000000237487257,100,9,MLP
0.0007032380672171712,0.01955082081258297,0.0036418396048247814,0.04611178860068321,0.0005000000237487257,101,9,MLP
0.0007320910226553679,0.018984166905283928,0.003612223779782653,0.045865125954151154,0.0005000000237487257,102,9,MLP
0.0007328607025556266,0.01931791752576828,0.0035769727546721697,0.0455530621111393,0.0005000000237487257,103,9,MLP
0.0005803265958093107,0.016919726505875587,0.0035593584179878235,0.04539720341563225,0.0005000000237487257,104,9,MLP
0.0008112949435599148,0.01980082504451275,0.0034981807693839073,0.0449688620865345,0.0005000000237487257,105,9,MLP
0.0006032460951246321,0.017853107303380966,0.0034620705991983414,0.04473159462213516,0.0005000000237487257,106,9,MLP
0.000649904424790293,0.01892443560063839,0.0034562768414616585,0.0447138287127018,0.0002500000118743628,107,9,MLP
0.0006905058980919421,0.019299514591693878,0.0034354985691607,0.04461083933711052,0.0002500000118743628,108,9,MLP
0.0006260104128159583,0.01864832639694214,0.003405617084354162,0.04439592733979225,0.0002500000118743628,109,9,MLP
0.0005157804116606712,0.016618143767118454,0.003395131789147854,0.04439779371023178,0.0002500000118743628,110,9,MLP
0.0006599643384106457,0.01868276670575142,0.003383160335943103,0.04436055198311806,0.0002500000118743628,111,9,MLP
0.0005995647516101599,0.017794152721762657,0.003341236850246787,0.04406289383769035,0.0002500000118743628,112,9,MLP
0.0006188114639371634,0.01797879859805107,0.003306856146082282,0.0438527837395668,0.0002500000118743628,113,9,MLP
0.0006541528855450451,0.01888241432607174,0.0032730018720030785,0.0435706190764904,0.0002500000118743628,114,9,MLP
0.0007401743205264211,0.019351497292518616,0.0032446475233882666,0.04331541806459427,0.0002500000118743628,115,9,MLP
0.0005925247678533196,0.017552245408296585,0.003245183266699314,0.04331864416599274,0.0002500000118743628,116,9,MLP
0.0005864495760761201,0.017600728198885918,0.003227436915040016,0.04316483438014984,0.0002500000118743628,117,9,MLP
0.0005235347780399024,0.01634342037141323,0.0032145120203495026,0.04310358688235283,0.0002500000118743628,118,9,MLP
0.0006787065067328513,0.019204847514629364,0.0031925749499350786,0.04287676140666008,0.0002500000118743628,119,9,MLP
0.0005848402506671846,0.01762021891772747,0.0031556696631014347,0.04253575950860977,0.0002500000118743628,120,9,MLP
0.0006294663762673736,0.018108297139406204,0.0031434851698577404,0.04248837009072304,0.0002500000118743628,121,9,MLP
0.000615540484432131,0.01774444989860058,0.0031058473978191614,0.042251184582710266,0.0002500000118743628,122,9,MLP
0.000594507553614676,0.017822662368416786,0.0030626163352280855,0.041909508407115936,0.0002500000118743628,123,9,MLP
0.0004900751519016922,0.016133606433868408,0.003047642298042774,0.04175059124827385,0.0002500000118743628,124,9,MLP
0.0006494968547485769,0.018701469525694847,0.003043182659894228,0.04177301004528999,0.0002500000118743628,125,9,MLP
0.0005998459528200328,0.017108231782913208,0.003034308087080717,0.04170887544751167,0.0002500000118743628,126,9,MLP
0.0006192864966578782,0.017763694748282433,0.003032542997971177,0.04171721264719963,0.0002500000118743628,127,9,MLP
0.0006488203653134406,0.018170597031712532,0.00306113762781024,0.041930265724658966,0.0002500000118743628,128,9,MLP
0.0006595335435122252,0.018483201041817665,0.0030672515276819468,0.04195461794734001,0.0002500000118743628,129,9,MLP
0.0005130841163918376,0.016849996522068977,0.0030636691953986883,0.041866451501846313,0.0002500000118743628,130,9,MLP
0.0007275498355738819,0.017672285437583923,0.003086158772930503,0.042025577276945114,0.0002500000118743628,131,9,MLP
0.0005781208164989948,0.017504574730992317,0.0030837461818009615,0.042073458433151245,0.0002500000118743628,132,9,MLP
0.0006854025996290147,0.019163012504577637,0.0030588828958570957,0.04191610962152481,0.0002500000118743628,133,9,MLP
0.00048310545389540493,0.016125284135341644,0.0030297122430056334,0.04170365631580353,0.0002500000118743628,134,9,MLP
0.0005663013434968889,0.01774086430668831,0.0030108513310551643,0.04158971086144447,0.0001250000059371814,135,9,MLP
0.0005008498555980623,0.016086535528302193,0.0030010256450623274,0.0415608175098896,0.0001250000059371814,136,9,MLP
0.0005661974428221583,0.01696387678384781,0.0029737409204244614,0.04139421135187149,0.0001250000059371814,137,9,MLP
0.0005362270749174058,0.017410697415471077,0.0029594572260975838,0.04129420593380928,0.0001250000059371814,138,9,MLP
0.0005428329459391534,0.016593771055340767,0.0029571191407740116,0.04132595285773277,0.0001250000059371814,139,9,MLP
0.0005739979678764939,0.01763123646378517,0.002948544453829527,0.04129995405673981,0.0001250000059371814,140,9,MLP
0.0005132745718583465,0.01662210375070572,0.002938978374004364,0.04121076315641403,0.0001250000059371814,141,9,MLP
0.000497558678034693,0.016668247058987617,0.002922801533713937,0.0410541407763958,0.0001250000059371814,142,9,MLP
0.0005743348738178611,0.01734592765569687,0.0029141241684556007,0.04096052423119545,0.0001250000059371814,143,9,MLP
0.0006246219854801893,0.018445875495672226,0.002914128126576543,0.040969330817461014,0.0001250000059371814,144,9,MLP
0.0004946213448420167,0.016210557892918587,0.002925496781244874,0.041070617735385895,0.0001250000059371814,145,9,MLP
0.000520384986884892,0.017261898145079613,0.002941459883004427,0.041198283433914185,0.0001250000059371814,146,9,MLP
0.0005991861689835787,0.017469139769673347,0.002942787716165185,0.041195809841156006,0.0001250000059371814,147,9,MLP
0.0006658430211246014,0.018252309411764145,0.002958499826490879,0.041277118027210236,0.0001250000059371814,148,9,MLP
0.000657006399706006,0.01751946099102497,0.0029441590886563063,0.04113110899925232,0.0001250000059371814,149,9,MLP
0.0005881323013454676,0.01731059141457081,0.0029308905359357595,0.0410170778632164,0.0001250000059371814,150,9,MLP
