loss,mae,val_loss,val_mae,learning_rate,epoca,seme,modello
0.027414461597800255,0.12076900899410248,0.007960321381688118,0.06591852754354477,0.0010000000474974513,1,0,LSTM
0.012550335377454758,0.08505880832672119,0.002809222089126706,0.04231790080666542,0.0010000000474974513,2,0,LSTM
0.007124659605324268,0.0684855580329895,0.002239071764051914,0.03759247809648514,0.0010000000474974513,3,0,LSTM
0.004787726327776909,0.05238323658704758,0.0017179077258333564,0.03162750229239464,0.0010000000474974513,4,0,LSTM
0.003314889967441559,0.04423978552222252,0.0013089969288557768,0.027780242264270782,0.0010000000474974513,5,0,LSTM
0.0027571660466492176,0.03893221914768219,0.0011838480131700635,0.025984151288866997,0.0010000000474974513,6,0,LSTM
0.00214482587762177,0.036237217485904694,0.0010411026887595654,0.02391647733747959,0.0010000000474974513,7,0,LSTM
0.0016161431558430195,0.03146333992481232,0.001009188941679895,0.02375725470483303,0.0010000000474974513,8,0,LSTM
0.001635264721699059,0.03257470205426216,0.0009260252118110657,0.023182203993201256,0.0010000000474974513,9,0,LSTM
0.00147198885679245,0.029995238408446312,0.0009249760187231004,0.023552602156996727,0.0010000000474974513,10,0,LSTM
0.0012296997010707855,0.027068983763456345,0.0008383531239815056,0.02217971161007881,0.0010000000474974513,11,0,LSTM
0.0011477713705971837,0.025890812277793884,0.0007646661251783371,0.02088869735598564,0.0010000000474974513,12,0,LSTM
0.0010724138701334596,0.025379138067364693,0.0006888268399052322,0.01987268403172493,0.0010000000474974513,13,0,LSTM
0.0012377090752124786,0.026840968057513237,0.0007844410138204694,0.022274864837527275,0.0010000000474974513,14,0,LSTM
0.0010377091821283102,0.023943278938531876,0.0007930115098133683,0.022868532687425613,0.0010000000474974513,15,0,LSTM
0.000958300253842026,0.022575851529836655,0.0006382385035976768,0.019791344180703163,0.0010000000474974513,16,0,LSTM
0.0007812691037543118,0.02177499048411846,0.000733230437617749,0.02151406742632389,0.0010000000474974513,17,0,LSTM
0.0007956538465805352,0.021921943873167038,0.0007034387672320008,0.021028533577919006,0.0010000000474974513,18,0,LSTM
0.0007146396092139184,0.020085087046027184,0.000578913080971688,0.018417226150631905,0.0010000000474974513,19,0,LSTM
0.0006251904997043312,0.019395362585783005,0.0005613176035694778,0.01816064491868019,0.0010000000474974513,20,0,LSTM
0.0006027568015269935,0.019475789740681648,0.0005647600628435612,0.018922928720712662,0.0010000000474974513,21,0,LSTM
0.0005656859138980508,0.018176939338445663,0.0005442225956358016,0.018147915601730347,0.0010000000474974513,22,0,LSTM
0.0004528752469923347,0.016718795523047447,0.0005359147326089442,0.017854519188404083,0.0010000000474974513,23,0,LSTM
0.000540871056728065,0.01701553352177143,0.00045277035678736866,0.016513485461473465,0.0010000000474974513,24,0,LSTM
0.0005377939669415355,0.017570288851857185,0.00046460621524602175,0.0172167606651783,0.0010000000474974513,25,0,LSTM
0.0005066131125204265,0.01701524667441845,0.00047517710481770337,0.017772700637578964,0.0010000000474974513,26,0,LSTM
0.000496267166454345,0.016421398147940636,0.0004426858213264495,0.01718362420797348,0.0010000000474974513,27,0,LSTM
0.000395270501030609,0.014941757544875145,0.0004156634968239814,0.016584882512688637,0.0010000000474974513,28,0,LSTM
0.0004001858760602772,0.01489738468080759,0.00032927922438830137,0.014554942958056927,0.0010000000474974513,29,0,LSTM
0.0004722901794593781,0.016742395237088203,0.0003035016998182982,0.014004809781908989,0.0010000000474974513,30,0,LSTM
0.00042646954534575343,0.015054609626531601,0.0003160015039611608,0.014433636330068111,0.0010000000474974513,31,0,LSTM
0.0003479594015516341,0.013244297355413437,0.00028393272077664733,0.01364072971045971,0.0010000000474974513,32,0,LSTM
0.00034859066363424063,0.013278265483677387,0.0002134291862603277,0.011541323736310005,0.0010000000474974513,33,0,LSTM
0.0004531140439212322,0.015664923936128616,0.00015851926582399756,0.009675723500549793,0.0010000000474974513,34,0,LSTM
0.0003964662319049239,0.014426793903112411,0.00017077586380764842,0.010090726427733898,0.0010000000474974513,35,0,LSTM
0.0003150655538775027,0.012330582365393639,0.00018263791571371257,0.010394259355962276,0.0010000000474974513,36,0,LSTM
0.00029322836780920625,0.012318509630858898,0.00017058243975043297,0.009969818405807018,0.0010000000474974513,37,0,LSTM
0.0002943353320006281,0.01220886129885912,0.00014019609079696238,0.008906767703592777,0.0010000000474974513,38,0,LSTM
0.00027428523753769696,0.01200193166732788,0.00013730410137213767,0.008862917311489582,0.0010000000474974513,39,0,LSTM
0.0002561680448707193,0.011332993395626545,0.0001248843182111159,0.008450290188193321,0.0010000000474974513,40,0,LSTM
0.0002322948566870764,0.010745018720626831,0.00011900388199137524,0.008145185187458992,0.0010000000474974513,41,0,LSTM
0.00028197941719554365,0.011738484725356102,0.00012531506945379078,0.008359423838555813,0.0010000000474974513,42,0,LSTM
0.0002603023312985897,0.011052063666284084,0.00012901771697215736,0.008336138911545277,0.0010000000474974513,43,0,LSTM
0.00021437813120428473,0.009796470403671265,0.0001199440230266191,0.007879135198891163,0.0010000000474974513,44,0,LSTM
0.00021320433006621897,0.009996414184570312,0.0001121777604566887,0.0074964105151593685,0.0005000000237487257,45,0,LSTM
0.000226015763473697,0.010539266280829906,0.0001052397710736841,0.007157330866903067,0.0005000000237487257,46,0,LSTM
0.0002088897890644148,0.009832070209085941,0.00010407366062281653,0.007105851545929909,0.0005000000237487257,47,0,LSTM
0.00024237000616267323,0.010742970742285252,0.00010177839430980384,0.007030206266790628,0.0005000000237487257,48,0,LSTM
0.00022970448480919003,0.010394287295639515,9.457863052375615e-05,0.006775219459086657,0.0005000000237487257,49,0,LSTM
0.0002506873570382595,0.011081033386290073,9.17396173463203e-05,0.00665110582485795,0.0005000000237487257,50,0,LSTM
0.00023874343605712056,0.010789111256599426,9.171588317258283e-05,0.0066018118523061275,0.0005000000237487257,51,0,LSTM
0.00021764024859294295,0.010156720876693726,9.001107537187636e-05,0.006500808522105217,0.0005000000237487257,52,0,LSTM
0.0001839136384660378,0.008863785304129124,8.919147512642667e-05,0.006452656351029873,0.0005000000237487257,53,0,LSTM
0.00019512682047206908,0.00958210602402687,8.808149141259491e-05,0.006350102834403515,0.0005000000237487257,54,0,LSTM
0.00020666614000219852,0.010113431140780449,8.67518101586029e-05,0.006286581978201866,0.0002500000118743628,55,0,LSTM
0.00018157350132241845,0.00880500953644514,8.632153912913054e-05,0.006265167612582445,0.0002500000118743628,56,0,LSTM
0.00021877158724237233,0.010178416967391968,8.661785250296816e-05,0.006260783411562443,0.0002500000118743628,57,0,LSTM
0.00019680534023791552,0.009586311876773834,8.763799996813759e-05,0.006270977668464184,0.0002500000118743628,58,0,LSTM
0.00021334365010261536,0.009867256507277489,8.76432895893231e-05,0.006247128359973431,0.0002500000118743628,59,0,LSTM
0.00023476991918869317,0.010297708213329315,8.540314593119547e-05,0.0061380802653729916,0.0002500000118743628,60,0,LSTM
0.00022012542467564344,0.009820988401770592,8.303721551783383e-05,0.00603656517341733,0.0002500000118743628,61,0,LSTM
0.00020443560788407922,0.009624053724110126,8.162876474671066e-05,0.005973137449473143,0.0002500000118743628,62,0,LSTM
0.0001966184499906376,0.009670066647231579,8.124094892991707e-05,0.005932325962930918,0.0002500000118743628,63,0,LSTM
0.00022462262131739408,0.01017097570002079,8.05473027867265e-05,0.005884171929210424,0.0002500000118743628,64,0,LSTM
0.0001865173107944429,0.009634178131818771,8.050527685554698e-05,0.005865680985152721,0.0001250000059371814,65,0,LSTM
0.0001827335509005934,0.00915996078401804,8.017155778361484e-05,0.005839564371854067,0.0001250000059371814,66,0,LSTM
0.00018801490659825504,0.009194951504468918,7.940294744912535e-05,0.005804946646094322,0.0001250000059371814,67,0,LSTM
0.00019091067952103913,0.008933179080486298,7.954053580760956e-05,0.005803226958960295,0.0001250000059371814,68,0,LSTM
0.00018003591685555875,0.008861399255692959,7.968653517309576e-05,0.005798845086246729,0.0001250000059371814,69,0,LSTM
0.00017664552433416247,0.00909402221441269,7.977856876095757e-05,0.005793520249426365,0.0001250000059371814,70,0,LSTM
0.00017019084771163762,0.008905409835278988,8.007803990039974e-05,0.005803025793284178,0.0001250000059371814,71,0,LSTM
0.00019523581431712955,0.00902553554624319,8.018295920919627e-05,0.00580915343016386,0.0001250000059371814,72,0,LSTM
0.00016450040857307613,0.008763979189097881,8.006588177522644e-05,0.005808845162391663,0.0001250000059371814,73,0,LSTM
0.0001927583070937544,0.009596101008355618,7.994565385160968e-05,0.0057993256486952305,0.0001250000059371814,74,0,LSTM
0.00018370230100117624,0.009409763850271702,7.989553705556318e-05,0.005789149086922407,6.25000029685907e-05,75,0,LSTM
0.00017377134645357728,0.008689026348292828,7.959583308547735e-05,0.005771920084953308,6.25000029685907e-05,76,0,LSTM
0.00017983686120714992,0.008927946910262108,7.933271263027564e-05,0.0057521783746778965,6.25000029685907e-05,77,0,LSTM
0.00017240938905160874,0.008677567355334759,7.90791746112518e-05,0.005737528204917908,6.25000029685907e-05,78,0,LSTM
0.00022691876802127808,0.009578178636729717,7.88400211604312e-05,0.00572785921394825,6.25000029685907e-05,79,0,LSTM
0.0001916344917844981,0.009011016227304935,7.865088991820812e-05,0.005723682232201099,6.25000029685907e-05,80,0,LSTM
0.00021248064876999706,0.009454016573727131,7.864378858357668e-05,0.005721528548747301,6.25000029685907e-05,81,0,LSTM
0.00021463222219608724,0.009430103935301304,7.837406155886129e-05,0.005711150821298361,6.25000029685907e-05,82,0,LSTM
0.00018368096789345145,0.009069560095667839,7.808832015143707e-05,0.0057012420147657394,6.25000029685907e-05,83,0,LSTM
0.0001861384662333876,0.009434914216399193,7.81208073021844e-05,0.005702598951756954,6.25000029685907e-05,84,0,LSTM
0.00020172263612039387,0.009781300090253353,7.818207086529583e-05,0.005702495574951172,3.125000148429535e-05,85,0,LSTM
0.00017441334784962237,0.009091618470847607,7.822245243005455e-05,0.005701669957488775,3.125000148429535e-05,86,0,LSTM
0.00017460290109738708,0.009081064723432064,7.82799834269099e-05,0.0057027582079172134,3.125000148429535e-05,87,0,LSTM
0.00018563198682386428,0.009344344958662987,7.838729652576149e-05,0.005703428294509649,3.125000148429535e-05,88,0,LSTM
0.00017228130309376866,0.008870957419276237,7.840355101507157e-05,0.005705247633159161,3.125000148429535e-05,89,0,LSTM
0.00018778510275296867,0.009255616925656796,7.829667447367683e-05,0.005702745169401169,3.125000148429535e-05,90,0,LSTM
0.00018206966342404485,0.009197646751999855,7.812913099769503e-05,0.0056948475539684296,3.125000148429535e-05,91,0,LSTM
0.0002028976596193388,0.009450995363295078,7.795199053362012e-05,0.005685671232640743,3.125000148429535e-05,92,0,LSTM
0.00020359930931590497,0.009720591828227043,7.794627890689299e-05,0.00568435387685895,3.125000148429535e-05,93,0,LSTM
0.0001900281640700996,0.009240883402526379,7.785958587191999e-05,0.005681442562490702,3.125000148429535e-05,94,0,LSTM
0.000192667095689103,0.009042290039360523,7.779362931614742e-05,0.005679722875356674,1.5625000742147677e-05,95,0,LSTM
0.0001736860431265086,0.00878505315631628,7.774781988700852e-05,0.005677892826497555,1.5625000742147677e-05,96,0,LSTM
0.000202371331397444,0.009644454345107079,7.773417746648192e-05,0.0056762355379760265,1.5625000742147677e-05,97,0,LSTM
0.00017548308824189007,0.008956036530435085,7.772373646730557e-05,0.005674867890775204,1.5625000742147677e-05,98,0,LSTM
0.00018860372074414045,0.009096642024815083,7.772602111799642e-05,0.005674121435731649,1.5625000742147677e-05,99,0,LSTM
0.00018542523321229964,0.00913580134510994,7.768624345771968e-05,0.005672273691743612,1.5625000742147677e-05,100,0,LSTM
0.00017091039626393467,0.008726066909730434,7.77310342527926e-05,0.005674021318554878,1.5625000742147677e-05,101,0,LSTM
0.0001991006574826315,0.009267770685255527,7.771742093609646e-05,0.005670409183949232,1.5625000742147677e-05,102,0,LSTM
0.00018330391321796924,0.009106598794460297,7.766875205561519e-05,0.005664756987243891,1.5625000742147677e-05,103,0,LSTM
0.00018765439745038748,0.00926994439214468,7.766872295178473e-05,0.005663634743541479,1.5625000742147677e-05,104,0,LSTM
0.00016451699775643647,0.008492851629853249,7.761651067994535e-05,0.005662078503519297,9.999999747378752e-06,105,0,LSTM
0.00018135455320589244,0.009164934046566486,7.757236016914248e-05,0.0056598493829369545,9.999999747378752e-06,106,0,LSTM
0.0001877702452475205,0.009431127458810806,7.751169323455542e-05,0.005657128058373928,9.999999747378752e-06,107,0,LSTM
0.00019807314674835652,0.009746021591126919,7.749276119284332e-05,0.005655686371028423,9.999999747378752e-06,108,0,LSTM
0.00022550718858838081,0.0099529679864645,7.748090865788981e-05,0.005653932690620422,9.999999747378752e-06,109,0,LSTM
0.00018429414194542915,0.008563311770558357,7.749924407107756e-05,0.005653792060911655,9.999999747378752e-06,110,0,LSTM
0.0001915112807182595,0.009026001207530499,7.747772906441242e-05,0.005651975050568581,9.999999747378752e-06,111,0,LSTM
0.00021087602362968028,0.009574716910719872,7.747203926555812e-05,0.005651958752423525,9.999999747378752e-06,112,0,LSTM
0.0001804567436920479,0.009000328369438648,7.742086745565757e-05,0.005649725906550884,9.999999747378752e-06,113,0,LSTM
0.00016872699779924005,0.008723083883523941,7.738994463579729e-05,0.005648154299706221,9.999999747378752e-06,114,0,LSTM
0.00018521210586186498,0.00927028525620699,7.73342908360064e-05,0.005645583849400282,9.999999747378752e-06,115,0,LSTM
0.00017192286031786352,0.008844307623803616,7.73062783991918e-05,0.005643663462251425,9.999999747378752e-06,116,0,LSTM
0.00018086870841216296,0.009018771350383759,7.725803880020976e-05,0.0056412192061543465,9.999999747378752e-06,117,0,LSTM
0.00020491312898229808,0.009401570074260235,7.720324356341735e-05,0.0056388829834759235,9.999999747378752e-06,118,0,LSTM
0.00022020834148861468,0.009700331836938858,7.717284461250529e-05,0.005637914873659611,9.999999747378752e-06,119,0,LSTM
0.0001998037041630596,0.009153647348284721,7.717452535871416e-05,0.005638087633997202,9.999999747378752e-06,120,0,LSTM
0.00018210751295555383,0.008944490924477577,7.710860518272966e-05,0.005634322762489319,9.999999747378752e-06,121,0,LSTM
0.00018204559455625713,0.008937773294746876,7.708767952863127e-05,0.005632007960230112,9.999999747378752e-06,122,0,LSTM
0.0001872225693659857,0.00873191561549902,7.70419355831109e-05,0.005628895480185747,9.999999747378752e-06,123,0,LSTM
0.00019464983779471368,0.009395304135978222,7.703091250732541e-05,0.005627413280308247,9.999999747378752e-06,124,0,LSTM
0.00017206862685270607,0.008863896131515503,7.702538277953863e-05,0.005626875441521406,9.999999747378752e-06,125,0,LSTM
0.0001687985350145027,0.008680866099894047,7.700701098656282e-05,0.005625658202916384,9.999999747378752e-06,126,0,LSTM
0.00017882724932860583,0.008876132778823376,7.69771431805566e-05,0.0056229461915791035,9.999999747378752e-06,127,0,LSTM
0.00016990836593322456,0.00868197064846754,7.693276711506769e-05,0.005620582960546017,9.999999747378752e-06,128,0,LSTM
0.0001892179570859298,0.009346322156488895,7.688963523833081e-05,0.005618732888251543,9.999999747378752e-06,129,0,LSTM
0.00018859714327845722,0.00928339920938015,7.68994796089828e-05,0.005616428796201944,9.999999747378752e-06,130,0,LSTM
0.00018504321633372456,0.008665482513606548,7.68984536989592e-05,0.005614937748759985,9.999999747378752e-06,131,0,LSTM
0.00018799214740283787,0.009100651368498802,7.685013406444341e-05,0.005613761022686958,9.999999747378752e-06,132,0,LSTM
0.00016408588271588087,0.00861689168959856,7.683672447456047e-05,0.005613022483885288,9.999999747378752e-06,133,0,LSTM
0.0001931131409946829,0.00897015817463398,7.682436262257397e-05,0.005613408051431179,9.999999747378752e-06,134,0,LSTM
0.0001884022931335494,0.009241282939910889,7.685364107601345e-05,0.0056155058555305,9.999999747378752e-06,135,0,LSTM
0.00019631041504908353,0.009558930061757565,7.690786151215434e-05,0.005616479087620974,9.999999747378752e-06,136,0,LSTM
0.00018901728617493063,0.009178388863801956,7.689386984566227e-05,0.005616101901978254,9.999999747378752e-06,137,0,LSTM
0.00019452972628641874,0.008865101262927055,7.689684571232647e-05,0.005616138223558664,9.999999747378752e-06,138,0,LSTM
0.0001973892649402842,0.00956675037741661,7.692521467106417e-05,0.005616572219878435,9.999999747378752e-06,139,0,LSTM
0.0001721685257507488,0.00839750561863184,7.690120401093736e-05,0.005616247653961182,9.999999747378752e-06,140,0,LSTM
0.00017205151380039752,0.008712418377399445,7.685790478717536e-05,0.005615819711238146,9.999999747378752e-06,141,0,LSTM
0.0001875171292340383,0.00928507000207901,7.678331166971475e-05,0.005613601766526699,9.999999747378752e-06,142,0,LSTM
0.00017551981727592647,0.00886738020926714,7.670565537409857e-05,0.00561142060905695,9.999999747378752e-06,143,0,LSTM
0.00019386300118640065,0.008790005929768085,7.670959894312546e-05,0.005610181950032711,9.999999747378752e-06,144,0,LSTM
0.00016380408487748355,0.008336969651281834,7.66684825066477e-05,0.00560866529121995,9.999999747378752e-06,145,0,LSTM
0.0001853494468377903,0.00926609244197607,7.659514812985435e-05,0.005605002865195274,9.999999747378752e-06,146,0,LSTM
0.00018218124751001596,0.009022400714457035,7.65334625612013e-05,0.005601698067039251,9.999999747378752e-06,147,0,LSTM
0.0001904621603898704,0.008903038688004017,7.64496871852316e-05,0.0055990684777498245,9.999999747378752e-06,148,0,LSTM
0.00019693058857228607,0.009173471480607986,7.63709977036342e-05,0.005598138552159071,9.999999747378752e-06,149,0,LSTM
0.0002115040842909366,0.009539201855659485,7.634257053723559e-05,0.005600302014499903,9.999999747378752e-06,150,0,LSTM
0.02859918586909771,0.12831683456897736,0.015242495574057102,0.10586337745189667,0.0010000000474974513,1,1,LSTM
0.008609404787421227,0.07256064563989639,0.0015710556181147695,0.027353117242455482,0.0010000000474974513,2,1,LSTM
0.006081718951463699,0.060288116335868835,0.005247111897915602,0.04998469725251198,0.0010000000474974513,3,1,LSTM
0.003782212268561125,0.046469900757074356,0.002610823605209589,0.04061683267354965,0.0010000000474974513,4,1,LSTM
0.003157756058499217,0.04399753361940384,0.003231061389669776,0.04582337662577629,0.0010000000474974513,5,1,LSTM
0.0033449099864810705,0.04329312965273857,0.002873699413612485,0.044150177389383316,0.0010000000474974513,6,1,LSTM
0.0025478031020611525,0.03885140269994736,0.0038193361833691597,0.050146300345659256,0.0010000000474974513,7,1,LSTM
0.0029764326754957438,0.04279903694987297,0.0027565574273467064,0.04328586533665657,0.0010000000474974513,8,1,LSTM
0.0021980779711157084,0.035373393446207047,0.0030659870244562626,0.04575334116816521,0.0010000000474974513,9,1,LSTM
0.0018888575723394752,0.03289339691400528,0.0027254302985966206,0.0442826971411705,0.0010000000474974513,10,1,LSTM
0.0013543410459533334,0.028852924704551697,0.0022590255830436945,0.039604440331459045,0.0010000000474974513,11,1,LSTM
0.0014624764444306493,0.02942924201488495,0.0021127667278051376,0.03832072392106056,0.0010000000474974513,12,1,LSTM
0.0015170513652265072,0.03005259856581688,0.0022739821579307318,0.04084806144237518,0.0005000000237487257,13,1,LSTM
0.0013262267457321286,0.028632430359721184,0.0018117354484274983,0.03552830219268799,0.0005000000237487257,14,1,LSTM
0.0012978750746697187,0.02735436148941517,0.0021756344940513372,0.036000050604343414,0.0005000000237487257,15,1,LSTM
0.0013712740037590265,0.028548991307616234,0.0013988751452416182,0.029745617881417274,0.0005000000237487257,16,1,LSTM
0.0011921492405235767,0.026812884956598282,0.0012109794188290834,0.02704908885061741,0.0005000000237487257,17,1,LSTM
0.00110321631655097,0.02476922981441021,0.0014435005141422153,0.028735851868987083,0.0005000000237487257,18,1,LSTM
0.0009734550258144736,0.02473437413573265,0.000997615628875792,0.024186301976442337,0.0005000000237487257,19,1,LSTM
0.0012348094023764133,0.02695862203836441,0.0009474867256358266,0.02345062419772148,0.0005000000237487257,20,1,LSTM
0.0010934567544609308,0.025866517797112465,0.0009690853185020387,0.023754475638270378,0.0005000000237487257,21,1,LSTM
0.0012181148631498218,0.026106003671884537,0.0008673528209328651,0.022295039147138596,0.0005000000237487257,22,1,LSTM
0.0010027908720076084,0.024365823715925217,0.0009458393324166536,0.023191336542367935,0.0005000000237487257,23,1,LSTM
0.000991936307400465,0.024455701932311058,0.0009037578711286187,0.02267511375248432,0.0005000000237487257,24,1,LSTM
0.0010804092744365335,0.024862125515937805,0.0007019157637842,0.020413709804415703,0.0005000000237487257,25,1,LSTM
0.0010494213784113526,0.024035803973674774,0.0008252129191532731,0.022070687264204025,0.0005000000237487257,26,1,LSTM
0.0009073171531781554,0.023087214678525925,0.0008448571898043156,0.0219565462321043,0.0005000000237487257,27,1,LSTM
0.0008052216726355255,0.021581515669822693,0.0007764091133140028,0.021219169721007347,0.0005000000237487257,28,1,LSTM
0.000953878799919039,0.02360079251229763,0.0007654024520888925,0.02147652767598629,0.0005000000237487257,29,1,LSTM
0.0007762843160890043,0.021701062098145485,0.0010556562338024378,0.025090618059039116,0.0005000000237487257,30,1,LSTM
0.0009650596766732633,0.024141866713762283,0.0009414964006282389,0.023241819813847542,0.0005000000237487257,31,1,LSTM
0.0008627321803942323,0.022800585255026817,0.0009427519398741424,0.02345806360244751,0.0005000000237487257,32,1,LSTM
0.0007093449821695685,0.02088901773095131,0.0008740130579099059,0.023160111159086227,0.0005000000237487257,33,1,LSTM
0.0007298184209503233,0.020443346351385117,0.000738834438379854,0.021667759865522385,0.0005000000237487257,34,1,LSTM
0.0007979614310897887,0.020986147224903107,0.0006993369315750897,0.020856458693742752,0.0005000000237487257,35,1,LSTM
0.0006840781425125897,0.0199282243847847,0.0006638557533733547,0.02046031318604946,0.0002500000118743628,36,1,LSTM
0.0006950737442821264,0.02024857886135578,0.0006563823553733528,0.020790692418813705,0.0002500000118743628,37,1,LSTM
0.0006751232431270182,0.020441101863980293,0.000682485697325319,0.02115597389638424,0.0002500000118743628,38,1,LSTM
0.0007490808493457735,0.02091181091964245,0.0006751494947820902,0.02033783122897148,0.0002500000118743628,39,1,LSTM
0.0006770826876163483,0.01965392753481865,0.0007125724223442376,0.020710233598947525,0.0002500000118743628,40,1,LSTM
0.0007030448177829385,0.020568201318383217,0.0007346475613303483,0.021415909752249718,0.0002500000118743628,41,1,LSTM
0.0006028099451214075,0.01911766640841961,0.0007829873356968164,0.022352496162056923,0.0002500000118743628,42,1,LSTM
0.0005856094066984951,0.01898777112364769,0.0008136298856697977,0.022397568449378014,0.0002500000118743628,43,1,LSTM
0.0005634061526507139,0.018324051052331924,0.000692387402523309,0.020787818357348442,0.0002500000118743628,44,1,LSTM
0.0005837930948473513,0.01918092370033264,0.0007001786143518984,0.02116452157497406,0.0002500000118743628,45,1,LSTM
0.0006923371111042798,0.0202484168112278,0.0007652013446204364,0.02199465036392212,0.0001250000059371814,46,1,LSTM
0.0005858629592694342,0.018561208620667458,0.0007925491081550717,0.022377656772732735,0.0001250000059371814,47,1,LSTM
0.0005711897392757237,0.018892332911491394,0.0007321792072616518,0.02154371701180935,0.0001250000059371814,48,1,LSTM
0.000652577611617744,0.01937887817621231,0.000658845528960228,0.02053205482661724,0.0001250000059371814,49,1,LSTM
0.0005892558838240802,0.019110646098852158,0.00063211505766958,0.020197274163365364,0.0001250000059371814,50,1,LSTM
0.0006277443026192486,0.019066739827394485,0.0006943378830328584,0.02121978998184204,0.0001250000059371814,51,1,LSTM
0.0006506633362732828,0.019792091101408005,0.0007522079977206886,0.0219521876424551,0.0001250000059371814,52,1,LSTM
0.0005756107275374234,0.019188089296221733,0.0007397343870252371,0.021614985540509224,0.0001250000059371814,53,1,LSTM
0.0005209546070545912,0.017905471846461296,0.0006341324769891798,0.020072316750884056,0.0001250000059371814,54,1,LSTM
0.0006856279214844108,0.019515981897711754,0.0006616800092160702,0.02024863101541996,0.0001250000059371814,55,1,LSTM
0.0006425749743357301,0.019789133220911026,0.0006897206767462194,0.020582370460033417,6.25000029685907e-05,56,1,LSTM
0.0005678430898115039,0.018320828676223755,0.0006774979410693049,0.020477687940001488,6.25000029685907e-05,57,1,LSTM
0.0005638236179947853,0.018506938591599464,0.0006754692876711488,0.02054056152701378,6.25000029685907e-05,58,1,LSTM
0.0006266230484470725,0.018781669437885284,0.0006357153179123998,0.0199337899684906,6.25000029685907e-05,59,1,LSTM
0.0006448517087846994,0.01935781165957451,0.0006270246813073754,0.019685566425323486,6.25000029685907e-05,60,1,LSTM
0.0006229883874766529,0.018921997398138046,0.000635832897387445,0.019830625504255295,6.25000029685907e-05,61,1,LSTM
0.0005272472044453025,0.017683658748865128,0.000652509683277458,0.020076723769307137,6.25000029685907e-05,62,1,LSTM
0.000582387438043952,0.01777697168290615,0.000659629818983376,0.02022312395274639,6.25000029685907e-05,63,1,LSTM
0.0006819763220846653,0.019755342975258827,0.0006337178638204932,0.019854644313454628,6.25000029685907e-05,64,1,LSTM
0.0005708941607736051,0.018346313387155533,0.0006324705900624394,0.01984258182346821,6.25000029685907e-05,65,1,LSTM
0.000577086117118597,0.018776489421725273,0.0006367337773554027,0.019910257309675217,3.125000148429535e-05,66,1,LSTM
0.0006273866747505963,0.01911253295838833,0.0006466946215368807,0.02003450132906437,3.125000148429535e-05,67,1,LSTM
0.0005419327062554657,0.01829175092279911,0.0006498581496998668,0.02011767216026783,3.125000148429535e-05,68,1,LSTM
0.0004950363654643297,0.017751256003975868,0.0006430121720768511,0.02008448727428913,3.125000148429535e-05,69,1,LSTM
0.0005056494846940041,0.016976715996861458,0.0006286757416091859,0.019918087869882584,3.125000148429535e-05,70,1,LSTM
0.000602471292950213,0.01952360011637211,0.0006297793588601053,0.019957246258854866,3.125000148429535e-05,71,1,LSTM
0.0005943130818195641,0.019253766164183617,0.0006197081529535353,0.019821910187602043,3.125000148429535e-05,72,1,LSTM
0.0005668745725415647,0.018344305455684662,0.0006258064531721175,0.0198737233877182,3.125000148429535e-05,73,1,LSTM
0.000561091466806829,0.01838771067559719,0.0006353233475238085,0.02002868987619877,3.125000148429535e-05,74,1,LSTM
0.0004990400047972798,0.017427900806069374,0.0006475889822468162,0.020211240276694298,3.125000148429535e-05,75,1,LSTM
0.0005615214467979968,0.018209634348750114,0.0006508291116915643,0.020269906148314476,1.5625000742147677e-05,76,1,LSTM
0.0005041403346695006,0.01662648841738701,0.0006476486450992525,0.020235668867826462,1.5625000742147677e-05,77,1,LSTM
0.0005810786387883127,0.01874331757426262,0.0006462752935476601,0.0202159620821476,1.5625000742147677e-05,78,1,LSTM
0.0006450872751884162,0.019004708155989647,0.0006478670984506607,0.020243342965841293,1.5625000742147677e-05,79,1,LSTM
0.0005082200514152646,0.017690861597657204,0.0006533708656206727,0.0203019380569458,1.5625000742147677e-05,80,1,LSTM
0.000569754745811224,0.01819436065852642,0.0006630605203099549,0.020390039309859276,1.5625000742147677e-05,81,1,LSTM
0.0006236006738618016,0.018883904442191124,0.0006733410991728306,0.020475177094340324,1.5625000742147677e-05,82,1,LSTM
0.0006269974401220679,0.019311534240841866,0.0006779765826649964,0.020547857508063316,1.5625000742147677e-05,83,1,LSTM
0.0005096176755614579,0.017438262701034546,0.000679283170029521,0.020608389750123024,1.5625000742147677e-05,84,1,LSTM
0.0005227347719483078,0.018425986170768738,0.0006704666884616017,0.02050003781914711,1.5625000742147677e-05,85,1,LSTM
0.0005516550154425204,0.01889345981180668,0.0006617000326514244,0.020380184054374695,9.999999747378752e-06,86,1,LSTM
0.0006428049528039992,0.01966272108256817,0.000654206145554781,0.020282907411456108,9.999999747378752e-06,87,1,LSTM
0.0006195740425027907,0.019100818783044815,0.0006487147184088826,0.02021067962050438,9.999999747378752e-06,88,1,LSTM
0.000566379283554852,0.01795990951359272,0.000642582424916327,0.020131373777985573,9.999999747378752e-06,89,1,LSTM
0.0005016286741010845,0.01707516983151436,0.0006372830248437822,0.02005474641919136,9.999999747378752e-06,90,1,LSTM
0.0005343338125385344,0.017830990254878998,0.0006343667046166956,0.020008226856589317,9.999999747378752e-06,91,1,LSTM
0.0005855743074789643,0.01840735413134098,0.0006397540564648807,0.020082809031009674,9.999999747378752e-06,92,1,LSTM
0.020115291699767113,0.10941791534423828,0.010923868045210838,0.08891084790229797,0.0010000000474974513,1,2,LSTM
0.008922873064875603,0.07502786070108414,0.011932983063161373,0.0971829891204834,0.0010000000474974513,2,2,LSTM
0.007655823603272438,0.06828149408102036,0.008185897953808308,0.07891581207513809,0.0010000000474974513,3,2,LSTM
0.00455467589199543,0.05304156243801117,0.00784969050437212,0.07388168573379517,0.0010000000474974513,4,2,LSTM
0.004704204387962818,0.05296347290277481,0.004940448794513941,0.059325121343135834,0.0010000000474974513,5,2,LSTM
0.003063905518501997,0.04378402605652809,0.005635158158838749,0.06478002667427063,0.0010000000474974513,6,2,LSTM
0.0024980129674077034,0.039475295692682266,0.004946163855493069,0.05979064106941223,0.0010000000474974513,7,2,LSTM
0.0019151451997458935,0.03526688367128372,0.004607661161571741,0.059306349605321884,0.0010000000474974513,8,2,LSTM
0.001978873275220394,0.03517845645546913,0.0038357144221663475,0.05521433427929878,0.0010000000474974513,9,2,LSTM
0.0017728564562276006,0.03301916643977165,0.0028677782975137234,0.04610336571931839,0.0010000000474974513,10,2,LSTM
0.0015521467430517077,0.030610788613557816,0.003366048913449049,0.0504298061132431,0.0010000000474974513,11,2,LSTM
0.0014671783428639174,0.030029412358999252,0.0024236319586634636,0.04213649407029152,0.0010000000474974513,12,2,LSTM
0.0016299367416650057,0.031624797731637955,0.002848865231499076,0.046906519681215286,0.0010000000474974513,13,2,LSTM
0.0012938936706632376,0.02840684913098812,0.0025019727181643248,0.04341413825750351,0.0010000000474974513,14,2,LSTM
0.0012330301105976105,0.027250899001955986,0.0027409340254962444,0.04631125181913376,0.0010000000474974513,15,2,LSTM
0.0011463204864412546,0.027031831443309784,0.002732601249590516,0.046903301030397415,0.0010000000474974513,16,2,LSTM
0.001043227268382907,0.025165777653455734,0.002136161318048835,0.04005911946296692,0.0010000000474974513,17,2,LSTM
0.0008971826173365116,0.02324880287051201,0.002223928226158023,0.04182866960763931,0.0010000000474974513,18,2,LSTM
0.0008946752641350031,0.023049170151352882,0.002698969328776002,0.04628496617078781,0.0010000000474974513,19,2,LSTM
0.0008739015902392566,0.022809293121099472,0.0024869199842214584,0.043778154999017715,0.0010000000474974513,20,2,LSTM
0.0008620412554591894,0.02299857698380947,0.0024661081843078136,0.04304730147123337,0.0010000000474974513,21,2,LSTM
0.0008110665366984904,0.021951444447040558,0.0023354862350970507,0.04088404029607773,0.0010000000474974513,22,2,LSTM
0.0008465374121442437,0.021831944584846497,0.0023618692066520452,0.04236118122935295,0.0010000000474974513,23,2,LSTM
0.0007119540241546929,0.021303145214915276,0.0023772339336574078,0.04245254397392273,0.0010000000474974513,24,2,LSTM
0.0007224648143164814,0.021156921982765198,0.0018430358031764627,0.0371115505695343,0.0010000000474974513,25,2,LSTM
0.0007992132450453937,0.02176567353308201,0.001954121980816126,0.03840858116745949,0.0010000000474974513,26,2,LSTM
0.0006153090507723391,0.018970491364598274,0.0020125473383814096,0.03929263725876808,0.0010000000474974513,27,2,LSTM
0.0005584235186688602,0.017780877649784088,0.001889066188596189,0.03818630427122116,0.0010000000474974513,28,2,LSTM
0.0005423089605756104,0.017771176993846893,0.0017639404395595193,0.03667835518717766,0.0010000000474974513,29,2,LSTM
0.0006723204278387129,0.01960035413503647,0.0018377391388639808,0.0376402847468853,0.0010000000474974513,30,2,LSTM
0.00043082679621875286,0.016042092815041542,0.0013980313669890165,0.03139837458729744,0.0010000000474974513,31,2,LSTM
0.0004660252889152616,0.016894377768039703,0.001374835497699678,0.03074207715690136,0.0010000000474974513,32,2,LSTM
0.00047912707668729126,0.01739121600985527,0.0011764989467337728,0.02800682559609413,0.0010000000474974513,33,2,LSTM
0.0005573715316131711,0.018093081191182137,0.0011285569053143263,0.02761158160865307,0.0010000000474974513,34,2,LSTM
0.00047102797543630004,0.016360661014914513,0.0012976642465218902,0.03028811328113079,0.0010000000474974513,35,2,LSTM
0.0004921827930957079,0.01690472848713398,0.0012791204499080777,0.030020082369446754,0.0010000000474974513,36,2,LSTM
0.00041292625246569514,0.015964988619089127,0.0014439757214859128,0.03272954002022743,0.0010000000474974513,37,2,LSTM
0.00045752068399451673,0.016516150906682014,0.0014024429256096482,0.03190433979034424,0.0010000000474974513,38,2,LSTM
0.00042645231587812304,0.01593899540603161,0.0011544047156348825,0.027983276173472404,0.0010000000474974513,39,2,LSTM
0.0004132699395995587,0.015931183472275734,0.0010176318464800715,0.026221081614494324,0.0010000000474974513,40,2,LSTM
0.00041243471787311137,0.01568753644824028,0.0010455643059685826,0.026381250470876694,0.0010000000474974513,41,2,LSTM
0.0004650455666705966,0.016478875651955605,0.001005983562208712,0.025943847373127937,0.0010000000474974513,42,2,LSTM
0.00041226515895687044,0.015172332525253296,0.0010102696251124144,0.025778649374842644,0.0010000000474974513,43,2,LSTM
0.0003464921028353274,0.014415621757507324,0.0010463016806170344,0.027004966512322426,0.0010000000474974513,44,2,LSTM
0.0003600480267778039,0.01484427135437727,0.0009418852278031409,0.025021081790328026,0.0010000000474974513,45,2,LSTM
0.00031814747489988804,0.014172549359500408,0.0008544260053895414,0.02313734032213688,0.0010000000474974513,46,2,LSTM
0.0003484385961201042,0.014322969131171703,0.000885741610545665,0.02464577741920948,0.0010000000474974513,47,2,LSTM
0.00033799788798205554,0.014199230819940567,0.0009653175948187709,0.02587631717324257,0.0010000000474974513,48,2,LSTM
0.00034814744140021503,0.014238559640944004,0.000906726869288832,0.024948643520474434,0.0010000000474974513,49,2,LSTM
0.0003269815642852336,0.013442102819681168,0.001037335954606533,0.027298644185066223,0.0010000000474974513,50,2,LSTM
0.00031564789242111146,0.01310233399271965,0.0010873355204239488,0.0277771707624197,0.0010000000474974513,51,2,LSTM
0.00029101985273882747,0.012887583114206791,0.0010916171595454216,0.027797123417258263,0.0010000000474974513,52,2,LSTM
0.00033152892137877643,0.013710384257137775,0.0010589546291157603,0.027478018775582314,0.0010000000474974513,53,2,LSTM
0.0003073996340390295,0.013037987984716892,0.0010165506973862648,0.02703595720231533,0.0010000000474974513,54,2,LSTM
0.0003018607967533171,0.01315256953239441,0.0009082449250854552,0.024779420346021652,0.0010000000474974513,55,2,LSTM
0.00026991585036739707,0.012071509845554829,0.0009363929275423288,0.02498599700629711,0.0010000000474974513,56,2,LSTM
0.00026135158259421587,0.012072354555130005,0.0009344354039058089,0.024982428178191185,0.0005000000237487257,57,2,LSTM
0.00029188752523623407,0.012993484735488892,0.0008961974526755512,0.02436024695634842,0.0005000000237487257,58,2,LSTM
0.0002660434693098068,0.01206249836832285,0.000942606886383146,0.025017788633704185,0.0005000000237487257,59,2,LSTM
0.00027640117332339287,0.012929649092257023,0.0009483341127634048,0.025189364328980446,0.0005000000237487257,60,2,LSTM
0.0002712298010010272,0.012042157351970673,0.0009065195918083191,0.024348169565200806,0.0005000000237487257,61,2,LSTM
0.0002456269576214254,0.012142626568675041,0.0009285970008932054,0.024774158373475075,0.0005000000237487257,62,2,LSTM
0.00026501266984269023,0.012383369728922844,0.0008663994376547635,0.023813247680664062,0.0005000000237487257,63,2,LSTM
0.0003454519610386342,0.013230097480118275,0.000805957242846489,0.02282424457371235,0.0005000000237487257,64,2,LSTM
0.0002641372848302126,0.011679376475512981,0.0008690712857060134,0.023819126188755035,0.0005000000237487257,65,2,LSTM
0.00026634603273123503,0.012151362374424934,0.0008664059569127858,0.023843538016080856,0.0005000000237487257,66,2,LSTM
0.00022947517572902143,0.011142327450215816,0.0008641936001367867,0.023953944444656372,0.0002500000118743628,67,2,LSTM
0.00023866015544626862,0.01139642670750618,0.0008429816807620227,0.023590311408042908,0.0002500000118743628,68,2,LSTM
0.00027357283397577703,0.012335214763879776,0.0008141826838254929,0.023008935153484344,0.0002500000118743628,69,2,LSTM
0.0002519202826078981,0.011498833075165749,0.0008021757239475846,0.022659040987491608,0.0002500000118743628,70,2,LSTM
0.00025306723546236753,0.011887631379067898,0.0007998039945960045,0.022467894479632378,0.0002500000118743628,71,2,LSTM
0.00022558876662515104,0.011713803745806217,0.0007809887174516916,0.021954508498311043,0.0002500000118743628,72,2,LSTM
0.00025525741511955857,0.012172015383839607,0.0007702510920353234,0.021690983325242996,0.0002500000118743628,73,2,LSTM
0.0002488706959411502,0.011655988171696663,0.0007647242746315897,0.021597379818558693,0.0002500000118743628,74,2,LSTM
0.0002556758117862046,0.011909998022019863,0.0007958886562846601,0.02221784181892872,0.0002500000118743628,75,2,LSTM
0.00028053007554262877,0.012475486844778061,0.0007974073523655534,0.02224261499941349,0.0002500000118743628,76,2,LSTM
0.00024572317488491535,0.01175110973417759,0.0007914742454886436,0.02214093506336212,0.0001250000059371814,77,2,LSTM
0.0002509365731384605,0.011520485393702984,0.0007944946410134435,0.022182650864124298,0.0001250000059371814,78,2,LSTM
0.00024196531740017235,0.011990426108241081,0.0007896645693108439,0.022123167291283607,0.0001250000059371814,79,2,LSTM
0.00023898197105154395,0.011635956354439259,0.0007866386440582573,0.022092945873737335,0.0001250000059371814,80,2,LSTM
0.00021323858527466655,0.011024869047105312,0.0007813569391146302,0.022060029208660126,0.0001250000059371814,81,2,LSTM
0.00021992654365021735,0.010810082778334618,0.00078163156285882,0.02210432104766369,0.0001250000059371814,82,2,LSTM
0.00022419732704292983,0.011218423955142498,0.0007768368814140558,0.021997392177581787,0.0001250000059371814,83,2,LSTM
0.00023612804943695664,0.011264166794717312,0.0007688385667279363,0.021739531308412552,0.0001250000059371814,84,2,LSTM
0.00025251947226934135,0.011512096039950848,0.0007633568602614105,0.02157674916088581,0.0001250000059371814,85,2,LSTM
0.00022465348592959344,0.011388999409973621,0.0007605411810800433,0.021558687090873718,0.0001250000059371814,86,2,LSTM
0.00022189109586179256,0.011147056706249714,0.0007645668811164796,0.021686485037207603,6.25000029685907e-05,87,2,LSTM
0.00025557211483828723,0.011772015132009983,0.0007752830861136317,0.0218968503177166,6.25000029685907e-05,88,2,LSTM
0.00021813478088006377,0.011035369709134102,0.0007841894985176623,0.02205897495150566,6.25000029685907e-05,89,2,LSTM
0.00022226746659725904,0.010809005238115788,0.0007868363172747195,0.022104758769273758,6.25000029685907e-05,90,2,LSTM
0.0002133562375092879,0.010745122097432613,0.0007841292535886168,0.0220375657081604,6.25000029685907e-05,91,2,LSTM
0.00026166922179982066,0.012113327160477638,0.0007838646997697651,0.022028926759958267,6.25000029685907e-05,92,2,LSTM
0.00022331751824822277,0.010719151236116886,0.0007737230625934899,0.021855127066373825,6.25000029685907e-05,93,2,LSTM
0.00024841466802172363,0.011520284228026867,0.0007700506248511374,0.021820176392793655,6.25000029685907e-05,94,2,LSTM
0.00022430323588196188,0.011355421505868435,0.0007689188932999969,0.021834542974829674,6.25000029685907e-05,95,2,LSTM
0.00025225040735676885,0.01197259034961462,0.0007680843118578196,0.021824929863214493,6.25000029685907e-05,96,2,LSTM
0.00023421265359502286,0.011429193429648876,0.0007652175263501704,0.021779431030154228,3.125000148429535e-05,97,2,LSTM
0.00022712799545843154,0.010899534448981285,0.0007607240113429725,0.021690310910344124,3.125000148429535e-05,98,2,LSTM
0.00021038953855168074,0.010872402228415012,0.0007577177602797747,0.02165151573717594,3.125000148429535e-05,99,2,LSTM
0.00024169249809347093,0.011482925154268742,0.0007602559053339064,0.0217158030718565,3.125000148429535e-05,100,2,LSTM
0.00022746436297893524,0.010840561240911484,0.0007633747300133109,0.021779408678412437,3.125000148429535e-05,101,2,LSTM
0.0002056468219961971,0.010713761672377586,0.0007647362654097378,0.021781908348202705,3.125000148429535e-05,102,2,LSTM
0.00023844126553740352,0.011622047983109951,0.0007640814874321222,0.02175823040306568,3.125000148429535e-05,103,2,LSTM
0.0002308595139766112,0.011356563307344913,0.0007621849654242396,0.02173205278813839,3.125000148429535e-05,104,2,LSTM
0.0002247241063741967,0.011061097495257854,0.0007592381443828344,0.021668946370482445,3.125000148429535e-05,105,2,LSTM
0.0002423170953989029,0.011155502870678902,0.0007594522321596742,0.021683108061552048,3.125000148429535e-05,106,2,LSTM
0.00023755035363137722,0.011065288446843624,0.0007591189350932837,0.021684160456061363,1.5625000742147677e-05,107,2,LSTM
0.00021680767531506717,0.010822374373674393,0.0007600529934279621,0.021707884967327118,1.5625000742147677e-05,108,2,LSTM
0.00022493359574582428,0.01097441092133522,0.0007630487671121955,0.021778738126158714,1.5625000742147677e-05,109,2,LSTM
0.00019761871953960508,0.010904969647526741,0.0007650111219845712,0.021825045347213745,1.5625000742147677e-05,110,2,LSTM
0.0002226503856945783,0.011325540021061897,0.0007659471011720598,0.021848630160093307,1.5625000742147677e-05,111,2,LSTM
0.00021848153846804053,0.010577993467450142,0.0007679791306145489,0.021891724318265915,1.5625000742147677e-05,112,2,LSTM
0.00025284718140028417,0.011598832905292511,0.0007674405351281166,0.021881287917494774,1.5625000742147677e-05,113,2,LSTM
0.00022431656543631107,0.010583524592220783,0.0007661707932129502,0.021851329132914543,1.5625000742147677e-05,114,2,LSTM
0.0002087135217152536,0.0105711305513978,0.000765175384003669,0.02182975970208645,1.5625000742147677e-05,115,2,LSTM
0.00022494826407637447,0.01109998021274805,0.0007628464372828603,0.021775290369987488,1.5625000742147677e-05,116,2,LSTM
0.0002191535895690322,0.010882738046348095,0.0007627664017491043,0.021766172721982002,9.999999747378752e-06,117,2,LSTM
0.0002236049622297287,0.011057506315410137,0.000763844873290509,0.0217786505818367,9.999999747378752e-06,118,2,LSTM
0.00022170312877278775,0.011257851496338844,0.000764919095672667,0.021804099902510643,9.999999747378752e-06,119,2,LSTM
0.013951447792351246,0.09146580100059509,0.0025194669142365456,0.039517391473054886,0.0010000000474974513,1,3,LSTM
0.006827159784734249,0.06402464956045151,0.0007769410731270909,0.021916385740041733,0.0010000000474974513,2,3,LSTM
0.004023879766464233,0.04950706660747528,0.0007740532164461911,0.02298670820891857,0.0010000000474974513,3,3,LSTM
0.0027817373629659414,0.04115322604775429,0.001199273974634707,0.0273763258010149,0.0010000000474974513,4,3,LSTM
0.0024857809767127037,0.038470447063446045,0.0009400395792908967,0.02459084615111351,0.0010000000474974513,5,3,LSTM
0.00154836883302778,0.03055865503847599,0.0009676506742835045,0.025597630068659782,0.0010000000474974513,6,3,LSTM
0.0017847236013039947,0.03352000191807747,0.001259022974409163,0.029735160991549492,0.0010000000474974513,7,3,LSTM
0.0014635282568633556,0.029437053948640823,0.0010221846168860793,0.025354687124490738,0.0010000000474974513,8,3,LSTM
0.0010476482566446066,0.025226861238479614,0.000861638633068651,0.02201564610004425,0.0010000000474974513,9,3,LSTM
0.0009952534455806017,0.025039661675691605,0.0009896360570564866,0.02382609248161316,0.0010000000474974513,10,3,LSTM
0.0009231889271177351,0.023795250803232193,0.0010528962593525648,0.024871669709682465,0.0010000000474974513,11,3,LSTM
0.0009121858747676015,0.02364043891429901,0.0008972216164693236,0.023307843133807182,0.0010000000474974513,12,3,LSTM
0.0008450510795228183,0.02231856994330883,0.000825985916890204,0.022547343745827675,0.0005000000237487257,13,3,LSTM
0.000776071276050061,0.021635722368955612,0.0007287440239451826,0.021271953359246254,0.0005000000237487257,14,3,LSTM
0.0007794297998771071,0.021451488137245178,0.0007744106114841998,0.022042162716388702,0.0005000000237487257,15,3,LSTM
0.0007097102934494615,0.020123012363910675,0.0009708713623695076,0.024319931864738464,0.0005000000237487257,16,3,LSTM
0.0007661888375878334,0.021393319591879845,0.0009322284604422748,0.023954598233103752,0.0005000000237487257,17,3,LSTM
0.000720115436706692,0.020414523780345917,0.0010155071504414082,0.02590215392410755,0.0005000000237487257,18,3,LSTM
0.0007058512419462204,0.020399099215865135,0.0010362501488998532,0.026020949706435204,0.0005000000237487257,19,3,LSTM
0.0005655153072439134,0.0182087030261755,0.0008734219591133296,0.023557238280773163,0.0005000000237487257,20,3,LSTM
0.0006410077912732959,0.019282672554254532,0.0007668024045415223,0.022300811484456062,0.0005000000237487257,21,3,LSTM
0.0005843373364768922,0.018912028521299362,0.0006899136933498085,0.020954668521881104,0.0005000000237487257,22,3,LSTM
0.0006280820816755295,0.018955398350954056,0.0006789267063140869,0.020487144589424133,0.0002500000118743628,23,3,LSTM
0.0005227926303632557,0.01779666356742382,0.0006694174371659756,0.020296474918723106,0.0002500000118743628,24,3,LSTM
0.0005038704839535058,0.016439814120531082,0.0006539144669659436,0.020109349861741066,0.0002500000118743628,25,3,LSTM
0.000517065345775336,0.01707885041832924,0.0006124152569100261,0.019484106451272964,0.0002500000118743628,26,3,LSTM
0.0004943200037814677,0.01742211915552616,0.0005915574147365987,0.019089968875050545,0.0002500000118743628,27,3,LSTM
0.0005904928548261523,0.018894091248512268,0.0005718084285035729,0.018746457993984222,0.0002500000118743628,28,3,LSTM
0.0004577978979796171,0.017188087105751038,0.0005544560262933373,0.018442384898662567,0.0002500000118743628,29,3,LSTM
0.0004312376258894801,0.015933113172650337,0.0005066736484877765,0.017576372250914574,0.0002500000118743628,30,3,LSTM
0.0004111808957532048,0.015729621052742004,0.00045698267058469355,0.01668357476592064,0.0002500000118743628,31,3,LSTM
0.0005942381103523076,0.01845387928187847,0.000404014193918556,0.015676485374569893,0.0002500000118743628,32,3,LSTM
0.00048022400005720556,0.016904503107070923,0.0003714443009812385,0.014896893873810768,0.0002500000118743628,33,3,LSTM
0.0003861916484311223,0.015086431987583637,0.00036354491021484137,0.014694361947476864,0.0002500000118743628,34,3,LSTM
0.0004179121751803905,0.015454603359103203,0.00035813674912787974,0.01472807489335537,0.0002500000118743628,35,3,LSTM
0.0003510721435304731,0.014146780595183372,0.00035732868127524853,0.014706872403621674,0.0002500000118743628,36,3,LSTM
0.00047515935148112476,0.016099996864795685,0.0003382920112926513,0.014242933131754398,0.0002500000118743628,37,3,LSTM
0.0004182872362434864,0.015797026455402374,0.00033070691279135644,0.01398523710668087,0.0002500000118743628,38,3,LSTM
0.0004315990663599223,0.01590944454073906,0.0003257245116401464,0.01394455973058939,0.0002500000118743628,39,3,LSTM
0.00042433422640897334,0.015098107047379017,0.0003203872765880078,0.013759269379079342,0.0002500000118743628,40,3,LSTM
0.00031491898698732257,0.013796042650938034,0.0003084687632508576,0.013509985990822315,0.0002500000118743628,41,3,LSTM
0.00036847489536739886,0.014797896146774292,0.00030493445228785276,0.013472237624228,0.0002500000118743628,42,3,LSTM
0.0004475641471799463,0.01575626991689205,0.0003083500487264246,0.01343283150345087,0.0001250000059371814,43,3,LSTM
0.00037540015182457864,0.014273704029619694,0.0003053023247048259,0.013312418013811111,0.0001250000059371814,44,3,LSTM
0.0003479126316960901,0.014424254186451435,0.0003044982149731368,0.013242252171039581,0.0001250000059371814,45,3,LSTM
0.00036407689913176,0.01426289789378643,0.0003004360187333077,0.013214069418609142,0.0001250000059371814,46,3,LSTM
0.00039858106174506247,0.015026169829070568,0.00029463524697348475,0.013243366964161396,0.0001250000059371814,47,3,LSTM
0.000338417332386598,0.013747149147093296,0.0002931228082161397,0.013267699629068375,0.0001250000059371814,48,3,LSTM
0.00041970337042585015,0.015445901080965996,0.00029336888110265136,0.013236147351562977,0.0001250000059371814,49,3,LSTM
0.00032199377892538905,0.013294516131281853,0.0002928094763774425,0.01319780945777893,0.0001250000059371814,50,3,LSTM
0.0003565393853932619,0.014194605872035027,0.0002866004651878029,0.013079768046736717,0.0001250000059371814,51,3,LSTM
0.00033840740798041224,0.014348333701491356,0.0002811812446452677,0.013007168658077717,0.0001250000059371814,52,3,LSTM
0.00035744268097914755,0.014174913987517357,0.0002761189534794539,0.012838096357882023,0.0001250000059371814,53,3,LSTM
0.0004012607387267053,0.014727292582392693,0.00027705106185749173,0.012873133644461632,0.0001250000059371814,54,3,LSTM
0.0003689474833663553,0.013955404050648212,0.0002764076925814152,0.012893498875200748,0.0001250000059371814,55,3,LSTM
0.00038949778536334634,0.014497049152851105,0.0002742443175520748,0.012820654548704624,0.0001250000059371814,56,3,LSTM
0.0003861070435959846,0.014513920992612839,0.0002726323145907372,0.0127432681620121,6.25000029685907e-05,57,3,LSTM
0.0003225889813620597,0.013665612787008286,0.00026673084357753396,0.0125707583501935,6.25000029685907e-05,58,3,LSTM
0.0003482986649032682,0.013395532965660095,0.00026253631222061813,0.012451308779418468,6.25000029685907e-05,59,3,LSTM
0.00037230312591418624,0.0141270961612463,0.0002622068568598479,0.012455412186682224,6.25000029685907e-05,60,3,LSTM
0.00037928420351818204,0.014174972660839558,0.0002648157824296504,0.01248575747013092,6.25000029685907e-05,61,3,LSTM
0.00033115808037109673,0.013836103491485119,0.0002676785516086966,0.012500892393290997,6.25000029685907e-05,62,3,LSTM
0.00038919554208405316,0.014456584118306637,0.00027046847390010953,0.012559155002236366,6.25000029685907e-05,63,3,LSTM
0.0003197663463652134,0.013692587614059448,0.0002713389112614095,0.012559291906654835,6.25000029685907e-05,64,3,LSTM
0.0002744960074778646,0.012413982301950455,0.0002713361755013466,0.01255705300718546,6.25000029685907e-05,65,3,LSTM
0.0003598334442358464,0.013423136435449123,0.000269768584985286,0.012509294785559177,6.25000029685907e-05,66,3,LSTM
0.00042051851050928235,0.015094425529241562,0.0002678539021871984,0.012460952624678612,3.125000148429535e-05,67,3,LSTM
0.00037011364474892616,0.01400776021182537,0.00026330703985877335,0.0123659772798419,3.125000148429535e-05,68,3,LSTM
0.00039723486406728625,0.01446473877876997,0.00026131895720027387,0.01230919174849987,3.125000148429535e-05,69,3,LSTM
0.00032956863287836313,0.013258058577775955,0.0002610869414638728,0.012306719087064266,3.125000148429535e-05,70,3,LSTM
0.0003161141648888588,0.012814090587198734,0.00026221093139611185,0.012338731437921524,3.125000148429535e-05,71,3,LSTM
0.0003885108744725585,0.013859501108527184,0.00026096293004229665,0.012329026125371456,3.125000148429535e-05,72,3,LSTM
0.0003229822323191911,0.01331270020455122,0.00025920625193975866,0.012294004671275616,3.125000148429535e-05,73,3,LSTM
0.0003851086657959968,0.014280686154961586,0.0002591355878394097,0.012279887683689594,3.125000148429535e-05,74,3,LSTM
0.00031733090872876346,0.013268701732158661,0.00026043792604468763,0.012296441942453384,3.125000148429535e-05,75,3,LSTM
0.00030468907789327204,0.01352923084050417,0.00026133295614272356,0.012287777848541737,3.125000148429535e-05,76,3,LSTM
0.0003388709737919271,0.013415385968983173,0.0002614867116790265,0.0122747253626585,1.5625000742147677e-05,77,3,LSTM
0.00028494285652413964,0.01276448555290699,0.0002608928189147264,0.012261166237294674,1.5625000742147677e-05,78,3,LSTM
0.00032338706660084426,0.013090233318507671,0.0002599172876216471,0.012247277423739433,1.5625000742147677e-05,79,3,LSTM
0.00031250942265614867,0.013429174199700356,0.000259150518104434,0.01222370658069849,1.5625000742147677e-05,80,3,LSTM
0.000302947562886402,0.01348541397601366,0.0002587499038781971,0.012209215201437473,1.5625000742147677e-05,81,3,LSTM
0.00044665567111223936,0.013814806938171387,0.00025878046290017664,0.012189308181405067,1.5625000742147677e-05,82,3,LSTM
0.0003230147704016417,0.01360473781824112,0.0002586197224445641,0.012182893231511116,1.5625000742147677e-05,83,3,LSTM
0.0003693689068313688,0.014365415088832378,0.00025844579795375466,0.012170274741947651,1.5625000742147677e-05,84,3,LSTM
0.000277140672551468,0.012465225532650948,0.0002572564408183098,0.012140466831624508,1.5625000742147677e-05,85,3,LSTM
0.0003001540317200124,0.012561723589897156,0.0002565620234236121,0.012118011713027954,1.5625000742147677e-05,86,3,LSTM
0.00030677200993523,0.013164790347218513,0.0002559156564529985,0.012103185057640076,9.999999747378752e-06,87,3,LSTM
0.0003286214778199792,0.013526753522455692,0.000255805702181533,0.01210025791078806,9.999999747378752e-06,88,3,LSTM
0.0003220178186893463,0.01359171699732542,0.0002554366074036807,0.012089953757822514,9.999999747378752e-06,89,3,LSTM
0.000327865855069831,0.012903195805847645,0.0002554318052716553,0.012081144377589226,9.999999747378752e-06,90,3,LSTM
0.0003352925123181194,0.013693527318537235,0.000255017657764256,0.012067082338035107,9.999999747378752e-06,91,3,LSTM
0.00028966693207621574,0.013065999373793602,0.00025419145822525024,0.012048210017383099,9.999999747378752e-06,92,3,LSTM
0.0003050922532565892,0.013273494318127632,0.00025360725703649223,0.012033521197736263,9.999999747378752e-06,93,3,LSTM
0.00030381325632333755,0.012612157501280308,0.00025283003924414515,0.012014023959636688,9.999999747378752e-06,94,3,LSTM
0.0003498768201097846,0.013776578940451145,0.00025252977502532303,0.011999751441180706,9.999999747378752e-06,95,3,LSTM
0.0003108586242888123,0.012758199125528336,0.0002525878662709147,0.011995699256658554,9.999999747378752e-06,96,3,LSTM
0.00034050323301926255,0.01339782029390335,0.0002521594287827611,0.011981657706201077,9.999999747378752e-06,97,3,LSTM
0.0003225058608222753,0.013188938610255718,0.00025182170793414116,0.011972172185778618,9.999999747378752e-06,98,3,LSTM
0.0002895219367928803,0.01278530154377222,0.00025117601035162807,0.011952981352806091,9.999999747378752e-06,99,3,LSTM
0.0003215367905795574,0.013014298863708973,0.0002503140131011605,0.011932735331356525,9.999999747378752e-06,100,3,LSTM
0.0003152505960315466,0.013429051265120506,0.0002504302829038352,0.011927285231649876,9.999999747378752e-06,101,3,LSTM
0.00035915206535719335,0.014359697699546814,0.00025041840854100883,0.011919917538762093,9.999999747378752e-06,102,3,LSTM
0.00031263797427527606,0.012810544110834599,0.000250127719482407,0.011908349581062794,9.999999747378752e-06,103,3,LSTM
0.00031276041409000754,0.012742001563310623,0.00025013278354890645,0.011909461580216885,9.999999747378752e-06,104,3,LSTM
0.00034808344207704067,0.01334069762378931,0.00024982605827972293,0.011891303583979607,9.999999747378752e-06,105,3,LSTM
0.0002831730816978961,0.012557024136185646,0.0002491045161150396,0.011872519738972187,9.999999747378752e-06,106,3,LSTM
0.000336337776388973,0.013325078412890434,0.00024845305597409606,0.011860379949212074,9.999999747378752e-06,107,3,LSTM
0.00033461922430433333,0.013089566491544247,0.00024841330014169216,0.011862851679325104,9.999999747378752e-06,108,3,LSTM
0.00033356831409037113,0.013053132221102715,0.000248196825850755,0.011871043592691422,9.999999747378752e-06,109,3,LSTM
0.0002902776759583503,0.012706471607089043,0.00024765674606896937,0.01186749991029501,9.999999747378752e-06,110,3,LSTM
0.00040078480378724635,0.01378645934164524,0.0002471847110427916,0.011853840202093124,9.999999747378752e-06,111,3,LSTM
0.00030218009487725794,0.012623281218111515,0.000247069081524387,0.011844336055219173,9.999999747378752e-06,112,3,LSTM
0.0003386295575182885,0.01393281389027834,0.0002468744933139533,0.011831247247755527,9.999999747378752e-06,113,3,LSTM
0.0003301402321085334,0.01353554055094719,0.00024576473515480757,0.011813106015324593,9.999999747378752e-06,114,3,LSTM
0.0003223302774131298,0.012904184870421886,0.00024448789190500975,0.011789006181061268,9.999999747378752e-06,115,3,LSTM
0.00033670381526462734,0.01335387583822012,0.00024340975505765527,0.011768314056098461,9.999999747378752e-06,116,3,LSTM
0.00035462918458506465,0.013670812360942364,0.00024270464200526476,0.011748924851417542,9.999999747378752e-06,117,3,LSTM
0.00032094662310555577,0.013152869418263435,0.00024243793450295925,0.011737612076103687,9.999999747378752e-06,118,3,LSTM
0.0002969563065562397,0.012797015719115734,0.0002425048005534336,0.011733760125935078,9.999999747378752e-06,119,3,LSTM
0.00036331958835944533,0.01389375515282154,0.0002426877908874303,0.011734647676348686,9.999999747378752e-06,120,3,LSTM
0.00035561536788009107,0.014197858050465584,0.00024318195937667042,0.011740722693502903,9.999999747378752e-06,121,3,LSTM
0.00033862379495985806,0.013952404260635376,0.00024389810278080404,0.01174458023160696,9.999999747378752e-06,122,3,LSTM
0.00030029387562535703,0.012583130970597267,0.0002438305236864835,0.011732582934200764,9.999999747378752e-06,123,3,LSTM
0.0003110107791144401,0.01271518599241972,0.00024327247228939086,0.011713657528162003,9.999999747378752e-06,124,3,LSTM
0.00034840148873627186,0.013785897754132748,0.00024284837127197534,0.01170326303690672,9.999999747378752e-06,125,3,LSTM
0.0002923126157838851,0.012497363612055779,0.0002427738654660061,0.01170005090534687,9.999999747378752e-06,126,3,LSTM
0.000323540618410334,0.013023986481130123,0.00024269567802548409,0.011701822280883789,9.999999747378752e-06,127,3,LSTM
0.0002968971966765821,0.012326334603130817,0.0002426083228783682,0.01169588603079319,9.999999747378752e-06,128,3,LSTM
0.0003156309830956161,0.013445097953081131,0.0002426898863632232,0.011698268353939056,9.999999747378752e-06,129,3,LSTM
0.0003418272244744003,0.013040255755186081,0.00024319437216036022,0.011704771779477596,9.999999747378752e-06,130,3,LSTM
0.0003082469047512859,0.012974841520190239,0.00024417616077698767,0.011720226146280766,9.999999747378752e-06,131,3,LSTM
0.0003241054364480078,0.013491610996425152,0.00024461711291223764,0.011727942153811455,9.999999747378752e-06,132,3,LSTM
0.00025909708347171545,0.011972264386713505,0.0002443258708808571,0.011724601499736309,9.999999747378752e-06,133,3,LSTM
0.00031652121106162667,0.01298707164824009,0.00024253509764093906,0.011681881733238697,9.999999747378752e-06,134,3,LSTM
0.00027126248460263014,0.012515547685325146,0.00024135354033205658,0.01165743824094534,9.999999747378752e-06,135,3,LSTM
0.000296950398478657,0.01286474708467722,0.0002411695895716548,0.011648248881101608,9.999999747378752e-06,136,3,LSTM
0.00025154411559924483,0.012348455376923084,0.0002408628206467256,0.011636543087661266,9.999999747378752e-06,137,3,LSTM
0.0002987068146467209,0.012803807854652405,0.00024048596969805658,0.011621244251728058,9.999999747378752e-06,138,3,LSTM
0.0003240033984184265,0.013978558592498302,0.00024009430489968508,0.011613765731453896,9.999999747378752e-06,139,3,LSTM
0.0003152470162604004,0.012872652150690556,0.0002405490231467411,0.011619554832577705,9.999999747378752e-06,140,3,LSTM
0.00031112798023968935,0.012626081705093384,0.000241512170759961,0.011634103022515774,9.999999747378752e-06,141,3,LSTM
0.00028039742028340697,0.012353326193988323,0.00024173119163606316,0.011639544740319252,9.999999747378752e-06,142,3,LSTM
0.00030232450808398426,0.012477271258831024,0.0002417227515252307,0.011631208471953869,9.999999747378752e-06,143,3,LSTM
0.0002843369438778609,0.01235446147620678,0.0002417371579213068,0.011626798659563065,9.999999747378752e-06,144,3,LSTM
0.0002638713049236685,0.011730971746146679,0.0002408262516837567,0.011614348739385605,9.999999747378752e-06,145,3,LSTM
0.0003319266834296286,0.013019617646932602,0.00024048061459325254,0.011608517728745937,9.999999747378752e-06,146,3,LSTM
0.00028949961415492,0.012788492254912853,0.0002400541998213157,0.011602661572396755,9.999999747378752e-06,147,3,LSTM
0.0003239434736315161,0.013039539568126202,0.00024074973771348596,0.011620989069342613,9.999999747378752e-06,148,3,LSTM
0.00024417409440502524,0.011013864539563656,0.0002405180421192199,0.011623484082520008,9.999999747378752e-06,149,3,LSTM
0.00035757781006395817,0.013867841102182865,0.0002410767920082435,0.01163235679268837,9.999999747378752e-06,150,3,LSTM
0.039199505001306534,0.15462535619735718,0.07050792872905731,0.2584708631038666,0.0010000000474974513,1,4,LSTM
0.014264660887420177,0.09398382157087326,0.008052915334701538,0.0790577381849289,0.0010000000474974513,2,4,LSTM
0.008771955035626888,0.07318112254142761,0.014168145135045052,0.11235556751489639,0.0010000000474974513,3,4,LSTM
0.007467128802090883,0.06837479770183563,0.013032759539783001,0.10728926956653595,0.0010000000474974513,4,4,LSTM
0.005015822593122721,0.055149730294942856,0.006744299549609423,0.07621179521083832,0.0010000000474974513,5,4,LSTM
0.0036178906448185444,0.047159694135189056,0.006760523188859224,0.07704395800828934,0.0010000000474974513,6,4,LSTM
0.0031011365354061127,0.04409884288907051,0.006425824481993914,0.07547281682491302,0.0010000000474974513,7,4,LSTM
0.003630634630098939,0.04620905965566635,0.007991007529199123,0.08356362581253052,0.0010000000474974513,8,4,LSTM
0.0024639740586280823,0.03826166316866875,0.007571301888674498,0.08138234168291092,0.0010000000474974513,9,4,LSTM
0.00236834236420691,0.037163183093070984,0.0076571740210056305,0.08255981653928757,0.0010000000474974513,10,4,LSTM
0.001978750806301832,0.03414248302578926,0.005312600638717413,0.06810373812913895,0.0010000000474974513,11,4,LSTM
0.0018886248581111431,0.031328100711107254,0.0061477795243263245,0.07272513955831528,0.0010000000474974513,12,4,LSTM
0.0016641452675685287,0.030296068638563156,0.006690755020827055,0.07495231926441193,0.0010000000474974513,13,4,LSTM
0.0013900694902986288,0.027654828503727913,0.005720696412026882,0.06891220062971115,0.0010000000474974513,14,4,LSTM
0.0013214098289608955,0.0279916413128376,0.00434448616579175,0.060941919684410095,0.0010000000474974513,15,4,LSTM
0.0015943674370646477,0.029366426169872284,0.0030813654884696007,0.05064214766025543,0.0010000000474974513,16,4,LSTM
0.0013563137035816908,0.02709207870066166,0.006810453720390797,0.0753568783402443,0.0010000000474974513,17,4,LSTM
0.001195657649077475,0.026238732039928436,0.006232598330825567,0.07217376679182053,0.0010000000474974513,18,4,LSTM
0.001062701572664082,0.023808229714632034,0.005425755865871906,0.06831371039152145,0.0010000000474974513,19,4,LSTM
0.0009272840106859803,0.022635523229837418,0.005695035681128502,0.06960676610469818,0.0010000000474974513,20,4,LSTM
0.0009925737977027893,0.024319613352417946,0.0054517826065421104,0.0682356059551239,0.0010000000474974513,21,4,LSTM
0.0010556031484156847,0.024411480873823166,0.0050648474134504795,0.06599492579698563,0.0010000000474974513,22,4,LSTM
0.0009255927288904786,0.023199208080768585,0.004901050589978695,0.06513924151659012,0.0010000000474974513,23,4,LSTM
0.0007077032350935042,0.019519487395882607,0.004448454361408949,0.06177313253283501,0.0010000000474974513,24,4,LSTM
0.0006986168446019292,0.019254231825470924,0.004515670705586672,0.06204211711883545,0.0010000000474974513,25,4,LSTM
0.0007656362140551209,0.020230161026120186,0.005387910176068544,0.06752470135688782,0.0010000000474974513,26,4,LSTM
0.0006624188390560448,0.018756384029984474,0.005469821859151125,0.06812304258346558,0.0005000000237487257,27,4,LSTM
0.0005288016400299966,0.017158370465040207,0.004998627584427595,0.0651065856218338,0.0005000000237487257,28,4,LSTM
0.0007175009232014418,0.019863002002239227,0.005112440325319767,0.06577944755554199,0.0005000000237487257,29,4,LSTM
0.0006304369890131056,0.018872961401939392,0.005174890160560608,0.06618717312812805,0.0005000000237487257,30,4,LSTM
0.0006011156947351992,0.018484817817807198,0.004768613260239363,0.06368184089660645,0.0005000000237487257,31,4,LSTM
0.0007717105909250677,0.01878897100687027,0.00439747329801321,0.061156418174505234,0.0005000000237487257,32,4,LSTM
0.0005732150748372078,0.01801794022321701,0.00441140728071332,0.06090766564011574,0.0005000000237487257,33,4,LSTM
0.000591158983297646,0.01713751256465912,0.005260334350168705,0.06629558652639389,0.0005000000237487257,34,4,LSTM
0.0006877329433336854,0.01831807754933834,0.00554807810112834,0.06817329674959183,0.0005000000237487257,35,4,LSTM
0.0007151741883717477,0.01930360496044159,0.004461362957954407,0.061344340443611145,0.0005000000237487257,36,4,LSTM
0.014986605383455753,0.09648429602384567,0.003394416533410549,0.04330267757177353,0.0010000000474974513,1,5,LSTM
0.006700746715068817,0.06327153742313385,0.014681268483400345,0.10825098305940628,0.0010000000474974513,2,5,LSTM
0.004834479186683893,0.05381828173995018,0.005440713372081518,0.06529158353805542,0.0010000000474974513,3,5,LSTM
0.0030756883788853884,0.04341765493154526,0.008272171020507812,0.08294561505317688,0.0010000000474974513,4,5,LSTM
0.0026381309144198895,0.0394170805811882,0.008181102573871613,0.08318039774894714,0.0010000000474974513,5,5,LSTM
0.0020261870231479406,0.034591443836688995,0.005013333633542061,0.06368391960859299,0.0010000000474974513,6,5,LSTM
0.0018282952951267362,0.032941874116659164,0.010526956059038639,0.09110233187675476,0.0010000000474974513,7,5,LSTM
0.0015438146656379104,0.029676953330636024,0.005084313917905092,0.06333599984645844,0.0010000000474974513,8,5,LSTM
0.0012466945918276906,0.028506599366664886,0.005263199098408222,0.06515071541070938,0.0010000000474974513,9,5,LSTM
0.0013325575273483992,0.028153205290436745,0.005183311179280281,0.06444712728261948,0.0010000000474974513,10,5,LSTM
0.0012209247797727585,0.02637256495654583,0.004568218253552914,0.06214208900928497,0.0010000000474974513,11,5,LSTM
0.0011230520904064178,0.025708703324198723,0.005435975734144449,0.06722482293844223,0.0005000000237487257,12,5,LSTM
0.0008783353841863573,0.022454675287008286,0.005443478934466839,0.06662624329328537,0.0005000000237487257,13,5,LSTM
0.0008340097847394645,0.02192496880888939,0.005286866333335638,0.0657452866435051,0.0005000000237487257,14,5,LSTM
0.0006662076921202242,0.019851811230182648,0.005382123403251171,0.06671401858329773,0.0005000000237487257,15,5,LSTM
0.0009060846059583127,0.022668689489364624,0.004319316707551479,0.05897878110408783,0.0005000000237487257,16,5,LSTM
0.0007818800513632596,0.02107936330139637,0.004409194923937321,0.05965164676308632,0.0005000000237487257,17,5,LSTM
0.0007233443320728838,0.01984531432390213,0.005333016626536846,0.06617534160614014,0.0005000000237487257,18,5,LSTM
0.0007548077846877277,0.020097937434911728,0.004141760990023613,0.058261387050151825,0.0005000000237487257,19,5,LSTM
0.0006472626118920743,0.018640061840415,0.004188925493508577,0.05819109454751015,0.0005000000237487257,20,5,LSTM
0.0006360446568578482,0.0190973449498415,0.0043682861141860485,0.059832073748111725,0.0005000000237487257,21,5,LSTM
0.014370273798704147,0.08994892984628677,0.005441115703433752,0.06134619936347008,0.0010000000474974513,1,6,LSTM
0.005462611094117165,0.057362284511327744,0.006700838450342417,0.06865769624710083,0.0010000000474974513,2,6,LSTM
0.004637036472558975,0.054493505507707596,0.008008557371795177,0.07491785287857056,0.0010000000474974513,3,6,LSTM
0.0033593992702662945,0.046181581914424896,0.005670721642673016,0.06190294027328491,0.0010000000474974513,4,6,LSTM
0.0024119617883116007,0.03783027455210686,0.0037792257498949766,0.049448493868112564,0.0010000000474974513,5,6,LSTM
0.0019713675137609243,0.033465515822172165,0.002704025711864233,0.041213713586330414,0.0010000000474974513,6,6,LSTM
0.0014413836179301143,0.029372259974479675,0.003447554539889097,0.04835236817598343,0.0010000000474974513,7,6,LSTM
0.001572697190567851,0.0309133380651474,0.0016970066353678703,0.033184703439474106,0.0010000000474974513,8,6,LSTM
0.0013838832965120673,0.02937191352248192,0.003881097538396716,0.05407121032476425,0.0010000000474974513,9,6,LSTM
0.0013740556314587593,0.02852105163037777,0.0015180158661678433,0.031384434551000595,0.0010000000474974513,10,6,LSTM
0.0013193198246881366,0.027369240298867226,0.0017126689199358225,0.03412612900137901,0.0010000000474974513,11,6,LSTM
0.0009953232947736979,0.02428915724158287,0.001503837644122541,0.032231464982032776,0.0010000000474974513,12,6,LSTM
0.0011652904795482755,0.02634909190237522,0.0007945740362629294,0.02305843122303486,0.0010000000474974513,13,6,LSTM
0.0009208476985804737,0.023772191256284714,0.0016506158281117678,0.035405706614255905,0.0010000000474974513,14,6,LSTM
0.0008043108391575515,0.02208544872701168,0.0011770679848268628,0.02905300073325634,0.0010000000474974513,15,6,LSTM
0.0007318088319152594,0.021334750577807426,0.0007037419709376991,0.021740281954407692,0.0010000000474974513,16,6,LSTM
0.0008619041182100773,0.022075533866882324,0.0009428750490769744,0.025464972481131554,0.0010000000474974513,17,6,LSTM
0.0006544480565935373,0.01964026317000389,0.0012736929347738624,0.0300288088619709,0.0010000000474974513,18,6,LSTM
0.0007836763397790492,0.020957883447408676,0.001437754021026194,0.032377589493989944,0.0010000000474974513,19,6,LSTM
0.0006412785151042044,0.018922794610261917,0.0013172619510442019,0.030798474326729774,0.0010000000474974513,20,6,LSTM
0.000686003128066659,0.02032080478966236,0.0014142281142994761,0.03192351013422012,0.0010000000474974513,21,6,LSTM
0.0006261151283979416,0.019288327544927597,0.000637743272818625,0.020217478275299072,0.0010000000474974513,22,6,LSTM
0.0006378660909831524,0.019237017259001732,0.0007121075177565217,0.021177256479859352,0.0010000000474974513,23,6,LSTM
0.0005310194101184607,0.01799425669014454,0.0005407603457570076,0.01832798309624195,0.0010000000474974513,24,6,LSTM
0.0006207420374266803,0.01944361999630928,0.0007800719467923045,0.022953754290938377,0.0010000000474974513,25,6,LSTM
0.0005017890362069011,0.017571939155459404,0.0007281254511326551,0.022427374497056007,0.0010000000474974513,26,6,LSTM
0.0005349048878997564,0.016837267205119133,0.0006042954046279192,0.019503677263855934,0.0010000000474974513,27,6,LSTM
0.0005024776328355074,0.017733659595251083,0.0004557796928565949,0.01723150536417961,0.0010000000474974513,28,6,LSTM
0.0004175511421635747,0.015513916499912739,0.000410143518820405,0.01596960984170437,0.0010000000474974513,29,6,LSTM
0.00045634503476321697,0.016462910920381546,0.0005401756498031318,0.0183694027364254,0.0010000000474974513,30,6,LSTM
0.0004739798605442047,0.016890274360775948,0.00047713672393001616,0.01703600399196148,0.0010000000474974513,31,6,LSTM
0.00044523223186843097,0.016241034492850304,0.00028147120610810816,0.01299042347818613,0.0010000000474974513,32,6,LSTM
0.0004415946896187961,0.015589461661875248,0.00027010031044483185,0.012805004604160786,0.0010000000474974513,33,6,LSTM
0.00045256581506691873,0.015931427478790283,0.0002608008508104831,0.012947999872267246,0.0010000000474974513,34,6,LSTM
0.0004319795116316527,0.0156431682407856,0.0002953842922579497,0.013212046585977077,0.0010000000474974513,35,6,LSTM
0.0004341050225775689,0.016098499298095703,0.0002923334250226617,0.013151389546692371,0.0010000000474974513,36,6,LSTM
0.00043131160782650113,0.015772195532917976,0.000269225420197472,0.012478500604629517,0.0010000000474974513,37,6,LSTM
0.0003841301368083805,0.015210076235234737,0.0003094842832069844,0.013754120096564293,0.0010000000474974513,38,6,LSTM
0.0003423225716687739,0.014095347374677658,0.0003246440610382706,0.014489290304481983,0.0010000000474974513,39,6,LSTM
0.000384259270504117,0.01496882364153862,0.0003126777010038495,0.013634159229695797,0.0010000000474974513,40,6,LSTM
0.0003434249956626445,0.014122884720563889,0.0003259458753746003,0.015084100887179375,0.0010000000474974513,41,6,LSTM
0.0003370705235283822,0.0139766875654459,0.0002516670501790941,0.012617980130016804,0.0010000000474974513,42,6,LSTM
0.0002838923246599734,0.01287601888179779,0.00026699734735302627,0.013301934115588665,0.0005000000237487257,43,6,LSTM
0.00028752192156389356,0.013255608268082142,0.00031792305526323617,0.014466466382145882,0.0005000000237487257,44,6,LSTM
0.0003105645882897079,0.01352548785507679,0.00033696216996759176,0.015088804066181183,0.0005000000237487257,45,6,LSTM
0.0002769448619801551,0.01270743552595377,0.00028925976948812604,0.014227485284209251,0.0005000000237487257,46,6,LSTM
0.00031030693207867444,0.013261096552014351,0.0002932082279585302,0.01434268243610859,0.0005000000237487257,47,6,LSTM
0.0003051454550586641,0.013123488053679466,0.0002554864913690835,0.012850289233028889,0.0005000000237487257,48,6,LSTM
0.00031137015321291983,0.013396109454333782,0.0002560387656558305,0.012708603404462337,0.0005000000237487257,49,6,LSTM
0.00028580197249539196,0.013004858046770096,0.0003062289615627378,0.014522669836878777,0.0005000000237487257,50,6,LSTM
0.0002950431953649968,0.012769041582942009,0.0002626105269882828,0.013259326107800007,0.0005000000237487257,51,6,LSTM
0.0002626636705826968,0.012225956656038761,0.0002692870039027184,0.013635140843689442,0.0005000000237487257,52,6,LSTM
0.00027092074742540717,0.012147960253059864,0.00026784525834955275,0.01358838938176632,0.0002500000118743628,53,6,LSTM
0.0002598350984044373,0.012259066104888916,0.00027047822368331254,0.01361085195094347,0.0002500000118743628,54,6,LSTM
0.0003320689429529011,0.013759048655629158,0.0002684897917788476,0.013579295016825199,0.0002500000118743628,55,6,LSTM
0.00028319130069576204,0.012500551529228687,0.0002632960386108607,0.013375264592468739,0.0002500000118743628,56,6,LSTM
0.00026781330234371126,0.01221823412925005,0.0002582661691121757,0.013118410483002663,0.0002500000118743628,57,6,LSTM
0.0002472079358994961,0.011626976542174816,0.0002497430541552603,0.01302984356880188,0.0002500000118743628,58,6,LSTM
0.0002713206922635436,0.012636356987059116,0.0002443799749016762,0.012718682177364826,0.0002500000118743628,59,6,LSTM
0.00024050596402958035,0.01176139060407877,0.00024341224343515933,0.012719633989036083,0.0002500000118743628,60,6,LSTM
0.00025331942015327513,0.01172800175845623,0.00024275279429275542,0.012475584633648396,0.0002500000118743628,61,6,LSTM
0.00027728130226023495,0.012450219132006168,0.0002530177007429302,0.012575806118547916,0.0002500000118743628,62,6,LSTM
0.00024233918520621955,0.011623301543295383,0.00025472097331658006,0.01261903066188097,0.0001250000059371814,63,6,LSTM
0.0002544203889556229,0.011842566542327404,0.00025847385404631495,0.012805348262190819,0.0001250000059371814,64,6,LSTM
0.00022658919624518603,0.011398917064070702,0.00026170790079049766,0.012922360561788082,0.0001250000059371814,65,6,LSTM
0.00022403706680051982,0.011369806714355946,0.00025745859602466226,0.012843277305364609,0.0001250000059371814,66,6,LSTM
0.00026661224546842277,0.01193031296133995,0.00025864181225188076,0.013029629364609718,0.0001250000059371814,67,6,LSTM
0.0002956671523861587,0.012900491245090961,0.00026253971736878157,0.013099179603159428,0.0001250000059371814,68,6,LSTM
0.0002546240284573287,0.011898532509803772,0.0002729192201513797,0.013323305174708366,0.0001250000059371814,69,6,LSTM
0.000237902975641191,0.011792395263910294,0.0002748091355897486,0.013402635231614113,0.0001250000059371814,70,6,LSTM
0.00028741415007971227,0.01250176876783371,0.0002752011641860008,0.013565324246883392,0.0001250000059371814,71,6,LSTM
0.0002587564813438803,0.011826161295175552,0.0002716307935770601,0.01359142828732729,0.0001250000059371814,72,6,LSTM
0.00025641906540840864,0.012347268871963024,0.0002683095808606595,0.013487833552062511,6.25000029685907e-05,73,6,LSTM
0.0002296086895512417,0.011466365307569504,0.00026885533588938415,0.013493433594703674,6.25000029685907e-05,74,6,LSTM
0.00027916740509681404,0.012614875100553036,0.0002712300338316709,0.013560253195464611,6.25000029685907e-05,75,6,LSTM
0.0002901050611399114,0.01241000834852457,0.0002691558329388499,0.013485798612236977,6.25000029685907e-05,76,6,LSTM
0.00024581074831075966,0.011626298539340496,0.00026925443671643734,0.013483093120157719,6.25000029685907e-05,77,6,LSTM
0.0002832782338373363,0.012446407228708267,0.00026794991572387516,0.013472792692482471,6.25000029685907e-05,78,6,LSTM
0.00025259103858843446,0.011381120420992374,0.0002688943350221962,0.013434273190796375,6.25000029685907e-05,79,6,LSTM
0.0002991116780322045,0.012340698391199112,0.0002778824418783188,0.013603531755506992,6.25000029685907e-05,80,6,LSTM
0.00026899954536929727,0.012170650996267796,0.0002871064643841237,0.013876340351998806,6.25000029685907e-05,81,6,LSTM
0.023744385689496994,0.12055784463882446,0.003176905680447817,0.04751307889819145,0.0010000000474974513,1,7,LSTM
0.009226878173649311,0.0772310122847557,0.0017159587005153298,0.03458934649825096,0.0010000000474974513,2,7,LSTM
0.0062900735065341,0.06066179275512695,0.0028483900241553783,0.04429129883646965,0.0010000000474974513,3,7,LSTM
0.004134288523346186,0.04917629808187485,0.002505682408809662,0.037974387407302856,0.0010000000474974513,4,7,LSTM
0.0031208631116896868,0.042910221964120865,0.003804669249802828,0.04831641912460327,0.0010000000474974513,5,7,LSTM
0.002650296548381448,0.040838729590177536,0.0030657697934657335,0.040723126381635666,0.0010000000474974513,6,7,LSTM
0.0024169657845050097,0.03858642652630806,0.002938348101451993,0.039793048053979874,0.0010000000474974513,7,7,LSTM
0.002468866528943181,0.037021078169345856,0.003010123036801815,0.04066400229930878,0.0010000000474974513,8,7,LSTM
0.002131970366463065,0.03462592512369156,0.002378499833866954,0.03461726754903793,0.0010000000474974513,9,7,LSTM
0.0014464609557762742,0.029656730592250824,0.002459995448589325,0.03525422886013985,0.0010000000474974513,10,7,LSTM
0.0018258560448884964,0.03390876576304436,0.001652594655752182,0.029855012893676758,0.0010000000474974513,11,7,LSTM
0.0013681176351383328,0.02916984260082245,0.0016228285385295749,0.030279608443379402,0.0010000000474974513,12,7,LSTM
0.0012467321939766407,0.027398191392421722,0.001566670136526227,0.031432315707206726,0.0005000000237487257,13,7,LSTM
0.0012736634816974401,0.027872037142515182,0.001724075642414391,0.029861699789762497,0.0005000000237487257,14,7,LSTM
0.0011508290190249681,0.026080505922436714,0.0018347681034356356,0.030604299157857895,0.0005000000237487257,15,7,LSTM
0.0010539076756685972,0.02442898601293564,0.001613902160897851,0.028856933116912842,0.0005000000237487257,16,7,LSTM
0.0010838675079867244,0.0252210795879364,0.0014400959480553865,0.028437765315175056,0.0005000000237487257,17,7,LSTM
0.0009166931267827749,0.02266259677708149,0.001551105990074575,0.029899349436163902,0.0005000000237487257,18,7,LSTM
0.0009623029618524015,0.02412201464176178,0.0014849117724224925,0.02924020029604435,0.0005000000237487257,19,7,LSTM
0.0009410458733327687,0.02365470491349697,0.0012516463175415993,0.025816863402724266,0.0005000000237487257,20,7,LSTM
0.0009795400546863675,0.023770606145262718,0.00121111492626369,0.025990378111600876,0.0005000000237487257,21,7,LSTM
0.001065864460542798,0.024799056351184845,0.0011187625350430608,0.025748832151293755,0.0005000000237487257,22,7,LSTM
0.0007349924417212605,0.02075098641216755,0.0010970535222440958,0.025942226871848106,0.0005000000237487257,23,7,LSTM
0.0007178729283623397,0.02125122956931591,0.00099007913377136,0.02397831715643406,0.0005000000237487257,24,7,LSTM
0.0007251794449985027,0.020835841074585915,0.0009878876153379679,0.02368316799402237,0.0005000000237487257,25,7,LSTM
0.0007074312306940556,0.02130906656384468,0.0009997232118621469,0.025808053091168404,0.0005000000237487257,26,7,LSTM
0.0007252992363646626,0.02114822529256344,0.0010563887190073729,0.027086354792118073,0.0005000000237487257,27,7,LSTM
0.0007147540454752743,0.020370887592434883,0.00096483388915658,0.025955701246857643,0.0005000000237487257,28,7,LSTM
0.0006615800666622818,0.020109593868255615,0.0009449704084545374,0.02555820345878601,0.0005000000237487257,29,7,LSTM
0.0007312221569009125,0.02142677642405033,0.0009135911241173744,0.02512942999601364,0.0005000000237487257,30,7,LSTM
0.000663209124468267,0.019554434344172478,0.0009058282012119889,0.02509208954870701,0.0005000000237487257,31,7,LSTM
0.0006627235561609268,0.019677288830280304,0.0008993679075501859,0.02481403946876526,0.0005000000237487257,32,7,LSTM
0.0006135230069048703,0.01943005807697773,0.0009290790767408907,0.025412067770957947,0.0005000000237487257,33,7,LSTM
0.000595351099036634,0.01854679174721241,0.0008888511802069843,0.025056039914488792,0.0005000000237487257,34,7,LSTM
0.0005244886851869524,0.017504235729575157,0.0007873972645029426,0.024151599034667015,0.0005000000237487257,35,7,LSTM
0.000547069008462131,0.01778591237962246,0.000744876975659281,0.023588724434375763,0.0005000000237487257,36,7,LSTM
0.0005603713216260076,0.01796233281493187,0.0007882148493081331,0.024515913799405098,0.0005000000237487257,37,7,LSTM
0.0004892355063930154,0.017110541462898254,0.0007809604867361486,0.024331429973244667,0.0005000000237487257,38,7,LSTM
0.0005663552437908947,0.018096165731549263,0.0007430512341670692,0.02356085367500782,0.0005000000237487257,39,7,LSTM
0.0004704432503785938,0.016753152012825012,0.0007910220883786678,0.024628102779388428,0.0005000000237487257,40,7,LSTM
0.000475177337648347,0.016641732305288315,0.0008443734259344637,0.02567051723599434,0.0005000000237487257,41,7,LSTM
0.0005020796088501811,0.016545699909329414,0.0008176700212061405,0.025146780535578728,0.0005000000237487257,42,7,LSTM
0.000501278496813029,0.01719295233488083,0.0007472541183233261,0.023739097639918327,0.0005000000237487257,43,7,LSTM
0.00045509301708079875,0.016279419884085655,0.000750227365642786,0.023793624714016914,0.0005000000237487257,44,7,LSTM
0.00039597105933353305,0.01470496691763401,0.0007569293375127017,0.023996643722057343,0.0005000000237487257,45,7,LSTM
0.0005135740502737463,0.016904616728425026,0.0007649853941984475,0.024105140939354897,0.0002500000118743628,46,7,LSTM
0.0004744203470181674,0.015986112877726555,0.000794164661783725,0.024641206488013268,0.0002500000118743628,47,7,LSTM
0.00041557871736586094,0.014946541748940945,0.0007758490392006934,0.024247024208307266,0.0002500000118743628,48,7,LSTM
0.0005246729706414044,0.016241203993558884,0.0007582695689052343,0.023884562775492668,0.0002500000118743628,49,7,LSTM
0.00044479797361418605,0.015823567286133766,0.0007877288735471666,0.024413492530584335,0.0002500000118743628,50,7,LSTM
0.0004361661267466843,0.015714310109615326,0.0007434225990436971,0.023472212255001068,0.0002500000118743628,51,7,LSTM
0.00044622752466239035,0.015954744070768356,0.0006949366070330143,0.02245303802192211,0.0002500000118743628,52,7,LSTM
0.00045969331404194236,0.015870030969381332,0.0007002094062045217,0.022569671273231506,0.0002500000118743628,53,7,LSTM
0.0004954502801410854,0.01578051969408989,0.0006974576972424984,0.022618722170591354,0.0002500000118743628,54,7,LSTM
0.0004057031765114516,0.015722237527370453,0.0007117397617548704,0.02304827980697155,0.0002500000118743628,55,7,LSTM
0.0003894866968039423,0.015243231318891048,0.0007153615588322282,0.02311086468398571,0.0001250000059371814,56,7,LSTM
0.0004028118564747274,0.015095013193786144,0.0007199350511655211,0.02316238544881344,0.0001250000059371814,57,7,LSTM
0.00035942508839070797,0.014063793234527111,0.0007307098130695522,0.023371363058686256,0.0001250000059371814,58,7,LSTM
0.0004146150895394385,0.014719994738698006,0.0007384046912193298,0.02351144514977932,0.0001250000059371814,59,7,LSTM
0.0004468430415727198,0.016022976487874985,0.0007262300932779908,0.023271137848496437,0.0001250000059371814,60,7,LSTM
0.0003656160843092948,0.014395222999155521,0.000710430380422622,0.022915875539183617,0.0001250000059371814,61,7,LSTM
0.00043961763731203973,0.015420760028064251,0.0007052283617667854,0.022710317745804787,0.0001250000059371814,62,7,LSTM
0.00040197811904363334,0.015395356342196465,0.000694515067152679,0.022432886064052582,0.0001250000059371814,63,7,LSTM
0.000445363373728469,0.01590549387037754,0.0006816695095039904,0.02212831750512123,0.0001250000059371814,64,7,LSTM
0.00033677491592243314,0.013771763071417809,0.0006697215139865875,0.021847890689969063,0.0001250000059371814,65,7,LSTM
0.00043081288458779454,0.015011286363005638,0.0006767428130842745,0.021978938952088356,0.0001250000059371814,66,7,LSTM
0.0003205536340828985,0.013005932793021202,0.000679065240547061,0.02205069549381733,0.0001250000059371814,67,7,LSTM
0.0004306999617256224,0.015804847702383995,0.000677995674777776,0.022071054205298424,0.0001250000059371814,68,7,LSTM
0.0003415644750930369,0.01370253786444664,0.0006781536503694952,0.022104278206825256,0.0001250000059371814,69,7,LSTM
0.0003936189750675112,0.015048255212605,0.0006872295634821057,0.022296829149127007,0.0001250000059371814,70,7,LSTM
0.00033241495839320123,0.013745683245360851,0.0006702258251607418,0.021933538839221,0.0001250000059371814,71,7,LSTM
0.0003665194963105023,0.014201142825186253,0.0006565616931766272,0.021624213084578514,0.0001250000059371814,72,7,LSTM
0.0002965115709230304,0.01344405859708786,0.0006596933817490935,0.021715018898248672,0.0001250000059371814,73,7,LSTM
0.00038764532655477524,0.014866839163005352,0.0006620557396672666,0.021769559010863304,0.0001250000059371814,74,7,LSTM
0.0004470004641916603,0.015664732083678246,0.0006777846720069647,0.02211339958012104,6.25000029685907e-05,75,7,LSTM
0.00033311694278381765,0.013203728012740612,0.0006893188692629337,0.022362373769283295,6.25000029685907e-05,76,7,LSTM
0.00031843961915001273,0.013802477158606052,0.0006912931567057967,0.022399522364139557,6.25000029685907e-05,77,7,LSTM
0.000433702691225335,0.015756651759147644,0.0006892518140375614,0.022313948720693588,6.25000029685907e-05,78,7,LSTM
0.00036284010275267065,0.014248736202716827,0.0006844318122602999,0.022183403372764587,6.25000029685907e-05,79,7,LSTM
0.0004060608334839344,0.014831301756203175,0.0006758829113095999,0.022014768794178963,6.25000029685907e-05,80,7,LSTM
0.000342622835887596,0.014064829796552658,0.0006659461068920791,0.021799495443701744,6.25000029685907e-05,81,7,LSTM
0.0003488351358100772,0.013623762875795364,0.0006662665400654078,0.021787887439131737,6.25000029685907e-05,82,7,LSTM
0.0003848767082672566,0.014377841725945473,0.0006712291506119072,0.021893035620450974,6.25000029685907e-05,83,7,LSTM
0.00035236775875091553,0.013830331154167652,0.0006785070872865617,0.022021949291229248,6.25000029685907e-05,84,7,LSTM
0.00047498676576651633,0.015106921084225178,0.000679787015542388,0.022050652652978897,3.125000148429535e-05,85,7,LSTM
0.0003834716626442969,0.014506692998111248,0.0006808029138483107,0.022078121080994606,3.125000148429535e-05,86,7,LSTM
0.0003561528865247965,0.014090304262936115,0.0006784421857446432,0.02203470654785633,3.125000148429535e-05,87,7,LSTM
0.0003499955637380481,0.013698865659534931,0.0006745166028849781,0.02194855734705925,3.125000148429535e-05,88,7,LSTM
0.0003716587380040437,0.014045448042452335,0.0006690479349344969,0.021841371431946754,3.125000148429535e-05,89,7,LSTM
0.00034058629535138607,0.013580910861492157,0.0006637155311182141,0.02172872982919216,3.125000148429535e-05,90,7,LSTM
0.000357554032234475,0.013971209526062012,0.0006626280373893678,0.02169717475771904,3.125000148429535e-05,91,7,LSTM
0.00035650195786729455,0.013532012701034546,0.000662171863950789,0.021682707592844963,3.125000148429535e-05,92,7,LSTM
0.029398484155535698,0.1346229910850525,0.002200920367613435,0.03501579910516739,0.0010000000474974513,1,8,LSTM
0.011450239457190037,0.08588111400604248,0.0037739223334938288,0.05075434222817421,0.0010000000474974513,2,8,LSTM
0.00613421481102705,0.06311759352684021,0.003270142013207078,0.04847898334264755,0.0010000000474974513,3,8,LSTM
0.004440000280737877,0.0519876591861248,0.001431314623914659,0.029989374801516533,0.0010000000474974513,4,8,LSTM
0.00443416740745306,0.052418991923332214,0.002495191991329193,0.04165170341730118,0.0010000000474974513,5,8,LSTM
0.003724018344655633,0.04573173448443413,0.0017431925516575575,0.03459160402417183,0.0010000000474974513,6,8,LSTM
0.002984946360811591,0.04259488731622696,0.0010243658907711506,0.024728232994675636,0.0010000000474974513,7,8,LSTM
0.0032244184985756874,0.04423653334379196,0.0011104167206212878,0.02635512687265873,0.0010000000474974513,8,8,LSTM
0.0021735106129199266,0.03650130331516266,0.0015995822614058852,0.03211125731468201,0.0010000000474974513,9,8,LSTM
0.0022566989064216614,0.03498456999659538,0.0013747664634138346,0.030514128506183624,0.0010000000474974513,10,8,LSTM
0.002034408738836646,0.03424853831529617,0.001269059837795794,0.02866392582654953,0.0010000000474974513,11,8,LSTM
0.001405252842232585,0.027888905256986618,0.001294533140026033,0.029107920825481415,0.0010000000474974513,12,8,LSTM
0.001372746890410781,0.02744557522237301,0.001497362507507205,0.03185280039906502,0.0010000000474974513,13,8,LSTM
0.0014454672345891595,0.028791820630431175,0.0012382596032693982,0.02830372005701065,0.0010000000474974513,14,8,LSTM
0.0012486160267144442,0.026424070820212364,0.0012771559413522482,0.02915482595562935,0.0010000000474974513,15,8,LSTM
0.0011626621708273888,0.025839118286967278,0.0015882980078458786,0.0318402536213398,0.0010000000474974513,16,8,LSTM
0.0012462121667340398,0.026262253522872925,0.0008451050380244851,0.023279499262571335,0.0010000000474974513,17,8,LSTM
0.0009848386980593204,0.02373395301401615,0.0005867820582352579,0.01832726038992405,0.0010000000474974513,18,8,LSTM
0.0010016808519139886,0.02301105670630932,0.0008424754487350583,0.023113470524549484,0.0010000000474974513,19,8,LSTM
0.0009551940602250397,0.023413479328155518,0.0007975294138304889,0.023096546530723572,0.0010000000474974513,20,8,LSTM
0.0009273095638491213,0.02230014093220234,0.0006835361127741635,0.021345576271414757,0.0010000000474974513,21,8,LSTM
0.0007703229784965515,0.020692404359579086,0.0008349273120984435,0.024100759997963905,0.0010000000474974513,22,8,LSTM
0.0007661386043764651,0.020744089037179947,0.0010679870611056685,0.02638779953122139,0.0010000000474974513,23,8,LSTM
0.0006333956262096763,0.018555322661995888,0.0007159332744777203,0.0219718087464571,0.0010000000474974513,24,8,LSTM
0.0008095052326098084,0.02015228569507599,0.000615160446614027,0.020166641101241112,0.0010000000474974513,25,8,LSTM
0.0006693116156384349,0.018589286133646965,0.0005201896419748664,0.018249792978167534,0.0010000000474974513,26,8,LSTM
0.0005387337296269834,0.017160244286060333,0.0005316738970577717,0.018384985625743866,0.0010000000474974513,27,8,LSTM
0.0006578307365998626,0.018477922305464745,0.0004993283655494452,0.01767563447356224,0.0010000000474974513,28,8,LSTM
0.0005261630867607892,0.017010239884257317,0.0005360600771382451,0.0185413658618927,0.0005000000237487257,29,8,LSTM
0.0005720925400964916,0.017488988116383553,0.0005388139397837222,0.01852383278310299,0.0005000000237487257,30,8,LSTM
0.0005300483317114413,0.016580522060394287,0.0004925850662402809,0.017576243728399277,0.0005000000237487257,31,8,LSTM
0.0005129658966325223,0.0164170041680336,0.0005341369542293251,0.018343379721045494,0.0005000000237487257,32,8,LSTM
0.000588423281442374,0.017443697899580002,0.0006836206885054708,0.02082238905131817,0.0005000000237487257,33,8,LSTM
0.0005068315076641738,0.017095064744353294,0.0006129311514087021,0.01963539980351925,0.0005000000237487257,34,8,LSTM
0.0004185519355814904,0.015152917243540287,0.000579859537538141,0.019061990082263947,0.0005000000237487257,35,8,LSTM
0.0005170947406440973,0.01618773490190506,0.0007051377324387431,0.020898688584566116,0.0005000000237487257,36,8,LSTM
0.0005030145985074341,0.016227727755904198,0.0007523306412622333,0.02146456204354763,0.0005000000237487257,37,8,LSTM
0.0004996536881662905,0.016632329672574997,0.0006819059490226209,0.020430268719792366,0.0005000000237487257,38,8,LSTM
0.00042283901711925864,0.01472471747547388,0.0007150008459575474,0.020816020667552948,0.0002500000118743628,39,8,LSTM
0.0004171795444563031,0.014542042277753353,0.000751107232645154,0.021130181849002838,0.0002500000118743628,40,8,LSTM
0.0004900203202851117,0.0161295123398304,0.0006563037168234587,0.01984724961221218,0.0002500000118743628,41,8,LSTM
0.00040107598761096597,0.014878674410283566,0.0005701227928511798,0.018604028970003128,0.0002500000118743628,42,8,LSTM
0.00048042196431197226,0.016027906909585,0.0005292845307849348,0.01795337162911892,0.0002500000118743628,43,8,LSTM
0.0004408303939271718,0.015464100986719131,0.0004958139616064727,0.017383985221385956,0.0002500000118743628,44,8,LSTM
0.0005082617281004786,0.0159376859664917,0.0005348421400412917,0.018008561804890633,0.0002500000118743628,45,8,LSTM
0.00042592809768393636,0.01533968560397625,0.000504399708006531,0.01749766431748867,0.0002500000118743628,46,8,LSTM
0.00038899711216799915,0.013672973960638046,0.0005069415783509612,0.017499959096312523,0.0002500000118743628,47,8,LSTM
0.0003652053128462285,0.014078431762754917,0.0004596809740178287,0.016680261120200157,0.0002500000118743628,48,8,LSTM
0.00046874649706296623,0.014478947967290878,0.00042293532169424,0.016011010855436325,0.0002500000118743628,49,8,LSTM
0.00041638195398263633,0.014572384767234325,0.0004472832370083779,0.016426067799329758,0.0002500000118743628,50,8,LSTM
0.00043642515083774924,0.014503113925457,0.0004118938813917339,0.01574208028614521,0.0002500000118743628,51,8,LSTM
0.00042400919483043253,0.014525101520121098,0.00041839838377200067,0.015827201306819916,0.0002500000118743628,52,8,LSTM
0.0004625854780897498,0.014941704459488392,0.0004507945559453219,0.016420384868979454,0.0002500000118743628,53,8,LSTM
0.0003904097538907081,0.014386815018951893,0.00041331982356496155,0.015703991055488586,0.0002500000118743628,54,8,LSTM
0.0004191671614535153,0.014764628373086452,0.0004735579714179039,0.016711754724383354,0.0002500000118743628,55,8,LSTM
0.00040540381451137364,0.014356871135532856,0.0004967331187799573,0.017061905935406685,0.0002500000118743628,56,8,LSTM
0.00039265959640033543,0.014588137157261372,0.0004700804711319506,0.01661335490643978,0.0002500000118743628,57,8,LSTM
0.00036316175828687847,0.013763739727437496,0.00042146671330556273,0.015802575275301933,0.0002500000118743628,58,8,LSTM
0.00033713175798766315,0.01304370816797018,0.00042241415940225124,0.015823598951101303,0.0001250000059371814,59,8,LSTM
0.0003289253218099475,0.013080453500151634,0.0004411880508996546,0.016139067709445953,0.0001250000059371814,60,8,LSTM
0.0003830520436167717,0.013902170583605766,0.00043120107147842646,0.015965601429343224,0.0001250000059371814,61,8,LSTM
0.00035206321626901627,0.013487073592841625,0.0004299885767977685,0.015902655199170113,0.0001250000059371814,62,8,LSTM
0.0004052587610203773,0.014211360365152359,0.0004159053787589073,0.015648173168301582,0.0001250000059371814,63,8,LSTM
0.0003522555052768439,0.013302615843713284,0.00042905143345706165,0.015863502398133278,0.0001250000059371814,64,8,LSTM
0.0003878524585161358,0.013525809161365032,0.00043786459718830884,0.015986192971467972,0.0001250000059371814,65,8,LSTM
0.00035817481693811715,0.013614942319691181,0.0004297005361877382,0.01586184650659561,0.0001250000059371814,66,8,LSTM
0.00038790161488577724,0.0139591284096241,0.0004043896042276174,0.015479065477848053,0.0001250000059371814,67,8,LSTM
0.00033651944249868393,0.013025890104472637,0.0003792204661294818,0.015041319653391838,0.0001250000059371814,68,8,LSTM
0.0003588289546314627,0.013955614529550076,0.0003776885860133916,0.015015683136880398,6.25000029685907e-05,69,8,LSTM
0.00037518489989452064,0.013603908941149712,0.0003732582554221153,0.01492699608206749,6.25000029685907e-05,70,8,LSTM
0.0003618897753767669,0.014098137617111206,0.00037208638968877494,0.014913355000317097,6.25000029685907e-05,71,8,LSTM
0.00043033628026023507,0.0144948810338974,0.0003654611064121127,0.014783794060349464,6.25000029685907e-05,72,8,LSTM
0.0003209709539078176,0.013183350674808025,0.00035637689870782197,0.01459199283272028,6.25000029685907e-05,73,8,LSTM
0.00043196993647143245,0.014520317316055298,0.0003490691597107798,0.01443034503608942,6.25000029685907e-05,74,8,LSTM
0.00045570117072202265,0.014956277795135975,0.0003529376699589193,0.014496808871626854,6.25000029685907e-05,75,8,LSTM
0.0003452938690315932,0.012832880020141602,0.00035624660085886717,0.014544830657541752,6.25000029685907e-05,76,8,LSTM
0.00033421258558519185,0.012973573990166187,0.0003531065594870597,0.014466782100498676,6.25000029685907e-05,77,8,LSTM
0.0003527818771544844,0.013489759527146816,0.0003450182848609984,0.014306537806987762,6.25000029685907e-05,78,8,LSTM
0.0005063723656348884,0.015690432861447334,0.0003396904212422669,0.014210382476449013,6.25000029685907e-05,79,8,LSTM
0.0003236855554860085,0.013065695762634277,0.00033591268584132195,0.01414236519485712,6.25000029685907e-05,80,8,LSTM
0.00038416628376580775,0.014137758873403072,0.00033446939778514206,0.014108830131590366,6.25000029685907e-05,81,8,LSTM
0.00037305773003026843,0.01370649877935648,0.0003455091791693121,0.014321067370474339,6.25000029685907e-05,82,8,LSTM
0.0003885358164552599,0.01407806295901537,0.00036689991247840226,0.014722247608006,6.25000029685907e-05,83,8,LSTM
0.00035936495987698436,0.013405077159404755,0.00037793806404806674,0.014929567463696003,3.125000148429535e-05,84,8,LSTM
0.00035492528695613146,0.013463002629578114,0.0003815556119661778,0.015007252804934978,3.125000148429535e-05,85,8,LSTM
0.00043420164729468524,0.014096124097704887,0.0003718193038366735,0.014835148118436337,3.125000148429535e-05,86,8,LSTM
0.0003768365422729403,0.013904601335525513,0.000364849460311234,0.014710885472595692,3.125000148429535e-05,87,8,LSTM
0.0003816027019638568,0.01390079129487276,0.00035656054387800395,0.01456199400126934,3.125000148429535e-05,88,8,LSTM
0.0003345018776599318,0.013004645705223083,0.000352307572029531,0.014478146098554134,3.125000148429535e-05,89,8,LSTM
0.0004480250063352287,0.014234906062483788,0.00034724941360764205,0.014378922060132027,3.125000148429535e-05,90,8,LSTM
0.0003660979273263365,0.013159552589058876,0.0003422515874262899,0.014278694055974483,3.125000148429535e-05,91,8,LSTM
0.0003654278116300702,0.013731416314840317,0.0003424057795200497,0.01427930686622858,3.125000148429535e-05,92,8,LSTM
0.0003853200760204345,0.014076083898544312,0.0003443497989792377,0.01431325078010559,3.125000148429535e-05,93,8,LSTM
0.0004121872771065682,0.014071907848119736,0.0003447966300882399,0.014318150468170643,1.5625000742147677e-05,94,8,LSTM
0.00029169232584536076,0.011943119578063488,0.0003422773734200746,0.014270477928221226,1.5625000742147677e-05,95,8,LSTM
0.00032449030550196767,0.012972638942301273,0.00034172277082689106,0.01425942312926054,1.5625000742147677e-05,96,8,LSTM
0.0003738286904990673,0.013822575099766254,0.00034295592922717333,0.01428244262933731,1.5625000742147677e-05,97,8,LSTM
0.0003764913708437234,0.013505619019269943,0.00034508545650169253,0.014323204755783081,1.5625000742147677e-05,98,8,LSTM
0.0004179702082183212,0.014391081407666206,0.00034340491401962936,0.01428889948874712,1.5625000742147677e-05,99,8,LSTM
0.0004446124075911939,0.014789498411118984,0.0003394904197193682,0.01421694178134203,1.5625000742147677e-05,100,8,LSTM
0.0003586490929592401,0.013255031779408455,0.000338139187078923,0.01419510692358017,1.5625000742147677e-05,101,8,LSTM
0.02789134345948696,0.12071064859628677,0.0034941015765070915,0.05200663208961487,0.0010000000474974513,1,9,LSTM
0.011497902683913708,0.08411145210266113,0.002091623144224286,0.03875044360756874,0.0010000000474974513,2,9,LSTM
0.0074140955694019794,0.06875847280025482,0.003795502008870244,0.051206883043050766,0.0010000000474974513,3,9,LSTM
0.005158435087651014,0.05662700906395912,0.003894481109455228,0.05449041351675987,0.0010000000474974513,4,9,LSTM
0.004972969647496939,0.055321626365184784,0.0025239523965865374,0.04151163995265961,0.0010000000474974513,5,9,LSTM
0.0038135305512696505,0.04814746230840683,0.001312052714638412,0.02750522643327713,0.0010000000474974513,6,9,LSTM
0.0033979471772909164,0.04382976144552231,0.0010550590232014656,0.024359017610549927,0.0010000000474974513,7,9,LSTM
0.0030163798946887255,0.04347991570830345,0.00285689951851964,0.04222263768315315,0.0010000000474974513,8,9,LSTM
0.002581310225650668,0.040099963545799255,0.0004798271111212671,0.017143195495009422,0.0010000000474974513,9,9,LSTM
0.0025537440087646246,0.040113307535648346,0.0009341686964035034,0.02351933717727661,0.0010000000474974513,10,9,LSTM
0.0020993647631257772,0.035765498876571655,0.0014980979030951858,0.029970992356538773,0.0010000000474974513,11,9,LSTM
0.00209885579533875,0.036238785833120346,0.0005980132264085114,0.01897861622273922,0.0010000000474974513,12,9,LSTM
0.001966451993212104,0.03470239415764809,0.0007311083609238267,0.021901587024331093,0.0010000000474974513,13,9,LSTM
0.0017069261521100998,0.03274386376142502,0.0011881939135491848,0.029258567839860916,0.0010000000474974513,14,9,LSTM
0.0014939307002350688,0.030262421816587448,0.00046732748160138726,0.016036707907915115,0.0010000000474974513,15,9,LSTM
0.0012744084233418107,0.027540363371372223,0.0008954424411058426,0.025284722447395325,0.0010000000474974513,16,9,LSTM
0.0013270669151097536,0.028846491128206253,0.0005806669360026717,0.018532849848270416,0.0010000000474974513,17,9,LSTM
0.0012028184719383717,0.026569800451397896,0.0007684115553274751,0.02206283248960972,0.0010000000474974513,18,9,LSTM
0.001277968636713922,0.027074793353676796,0.0008424242259934545,0.022973036393523216,0.0010000000474974513,19,9,LSTM
0.0011329891858622432,0.024963503703475,0.0006205985555425286,0.01962375082075596,0.0005000000237487257,20,9,LSTM
0.0009401270071975887,0.024016475304961205,0.0005940136034041643,0.019706567749381065,0.0005000000237487257,21,9,LSTM
0.0010569150326773524,0.02516152523458004,0.0007264240412041545,0.022501908242702484,0.0005000000237487257,22,9,LSTM
0.0008468790329061449,0.023604456335306168,0.0006053633405826986,0.019744260236620903,0.0005000000237487257,23,9,LSTM
0.0008797105401754379,0.023364439606666565,0.0005744211375713348,0.019459763541817665,0.0005000000237487257,24,9,LSTM
0.000953117327298969,0.024120543152093887,0.0005784322274848819,0.019550781697034836,0.0005000000237487257,25,9,LSTM
0.0008884599665179849,0.02319711446762085,0.0005963567527942359,0.020057009533047676,0.0005000000237487257,26,9,LSTM
0.0008497241069562733,0.021795006468892097,0.0005508188041858375,0.019097143784165382,0.0005000000237487257,27,9,LSTM
0.0009549742098897696,0.023987004533410072,0.000559029052965343,0.019226359203457832,0.0005000000237487257,28,9,LSTM
0.000773554784245789,0.021494749933481216,0.0005656929570250213,0.019425177946686745,0.0005000000237487257,29,9,LSTM
0.0008716584998182952,0.023300673812627792,0.0005935271037742496,0.01995987445116043,0.0002500000118743628,30,9,LSTM
0.000808420532848686,0.022157905623316765,0.0006193135632202029,0.020493296906352043,0.0002500000118743628,31,9,LSTM
0.000796270149294287,0.022284293547272682,0.0005720077897422016,0.019567716866731644,0.0002500000118743628,32,9,LSTM
0.0008569816127419472,0.022546876221895218,0.0005523995496332645,0.019152631983160973,0.0002500000118743628,33,9,LSTM
0.0007947746780700982,0.022028138861060143,0.0005220895982347429,0.01848560944199562,0.0002500000118743628,34,9,LSTM
0.0007054729503579438,0.02110208012163639,0.0005067307502031326,0.018285423517227173,0.0002500000118743628,35,9,LSTM
