loss,mae,val_loss,val_mae,learning_rate,epoca,seme,modello
0.1154443547129631,0.2681812345981598,0.11572615802288055,0.2868587374687195,0.0010000000474974513,1,0,SimpleRNN
0.074119433760643,0.21199265122413635,0.048657625913619995,0.17491532862186432,0.0010000000474974513,2,0,SimpleRNN
0.055746663361787796,0.18597760796546936,0.053412582725286484,0.1902250498533249,0.0010000000474974513,3,0,SimpleRNN
0.0447988361120224,0.16699473559856415,0.032565776258707047,0.1371786743402481,0.0010000000474974513,4,0,SimpleRNN
0.0392049141228199,0.15447720885276794,0.0321560762822628,0.14118872582912445,0.0010000000474974513,5,0,SimpleRNN
0.031653981655836105,0.1396983116865158,0.031163331121206284,0.1436288058757782,0.0010000000474974513,6,0,SimpleRNN
0.028471814468503,0.13231079280376434,0.03593689203262329,0.1620039939880371,0.0010000000474974513,7,0,SimpleRNN
0.02515999600291252,0.12459219247102737,0.02042832039296627,0.11666722595691681,0.0010000000474974513,8,0,SimpleRNN
0.023575453087687492,0.11888943612575531,0.016968166455626488,0.10170064866542816,0.0010000000474974513,9,0,SimpleRNN
0.02332562394440174,0.11739233136177063,0.016411717981100082,0.10256418585777283,0.0010000000474974513,10,0,SimpleRNN
0.021293995901942253,0.1130908876657486,0.013432750478386879,0.08865868300199509,0.0010000000474974513,11,0,SimpleRNN
0.015891915187239647,0.09599272906780243,0.014533999375998974,0.09379565715789795,0.0010000000474974513,12,0,SimpleRNN
0.015195763669908047,0.09251587092876434,0.014761936850845814,0.09645441174507141,0.0010000000474974513,13,0,SimpleRNN
0.01492263376712799,0.09435437619686127,0.01314186118543148,0.0851559191942215,0.0010000000474974513,14,0,SimpleRNN
0.013943856582045555,0.09267810732126236,0.013117332942783833,0.08845461159944534,0.0010000000474974513,15,0,SimpleRNN
0.012705284170806408,0.087100088596344,0.011359271593391895,0.07917552441358566,0.0010000000474974513,16,0,SimpleRNN
0.011723600327968597,0.08415418863296509,0.01013751607388258,0.0741172581911087,0.0010000000474974513,17,0,SimpleRNN
0.012118106707930565,0.08339208364486694,0.010590609163045883,0.08193410187959671,0.0010000000474974513,18,0,SimpleRNN
0.010488674975931644,0.07910667359828949,0.008241931907832623,0.06660235673189163,0.0010000000474974513,19,0,SimpleRNN
0.008637606166303158,0.07087282836437225,0.008555984124541283,0.07264253497123718,0.0010000000474974513,20,0,SimpleRNN
0.008528799749910831,0.07252933084964752,0.008370548486709595,0.07311058789491653,0.0010000000474974513,21,0,SimpleRNN
0.00732075423002243,0.06517832726240158,0.007531445939093828,0.06741099059581757,0.0010000000474974513,22,0,SimpleRNN
0.00791074987500906,0.06675898283720016,0.007616647984832525,0.0674336850643158,0.0010000000474974513,23,0,SimpleRNN
0.0068040392361581326,0.06338648498058319,0.0075348722748458385,0.0704902783036232,0.0010000000474974513,24,0,SimpleRNN
0.006881728768348694,0.06241656094789505,0.00640385365113616,0.06394582986831665,0.0010000000474974513,25,0,SimpleRNN
0.007072305306792259,0.060718245804309845,0.005895521957427263,0.05977848544716835,0.0010000000474974513,26,0,SimpleRNN
0.005722341127693653,0.05734071880578995,0.006988502573221922,0.06764493137598038,0.0010000000474974513,27,0,SimpleRNN
0.005854619666934013,0.055542003363370895,0.007833399809896946,0.07237569242715836,0.0010000000474974513,28,0,SimpleRNN
0.005688322242349386,0.054031409323215485,0.005215716548264027,0.05853648856282234,0.0010000000474974513,29,0,SimpleRNN
0.004583682864904404,0.05156973376870155,0.005215832497924566,0.05868237465620041,0.0010000000474974513,30,0,SimpleRNN
0.0048989648930728436,0.04904371127486229,0.006974930875003338,0.06828497350215912,0.0010000000474974513,31,0,SimpleRNN
0.0037067518569529057,0.043746765702962875,0.0056106108240783215,0.061026524752378464,0.0010000000474974513,32,0,SimpleRNN
0.0034514672588557005,0.04220444709062576,0.004651634953916073,0.05531339347362518,0.0010000000474974513,33,0,SimpleRNN
0.0032127907034009695,0.04224879667162895,0.004164773505181074,0.05143003165721893,0.0010000000474974513,34,0,SimpleRNN
0.0030505117028951645,0.04036505147814751,0.0047347089275717735,0.053742360323667526,0.0010000000474974513,35,0,SimpleRNN
0.003070566803216934,0.03788101300597191,0.005283977370709181,0.05722321569919586,0.0010000000474974513,36,0,SimpleRNN
0.0037159696221351624,0.040137674659490585,0.004639743827283382,0.05165240168571472,0.0010000000474974513,37,0,SimpleRNN
0.0028722870629280806,0.03730949014425278,0.004069998860359192,0.048765525221824646,0.0010000000474974513,38,0,SimpleRNN
0.0019816223066300154,0.030505923554301262,0.003445326816290617,0.04316095635294914,0.0010000000474974513,39,0,SimpleRNN
0.002624699380248785,0.03534090518951416,0.00307686859741807,0.041093260049819946,0.0010000000474974513,40,0,SimpleRNN
0.002729079220443964,0.0340983010828495,0.00292761973105371,0.04015353322029114,0.0010000000474974513,41,0,SimpleRNN
0.0021788543090224266,0.030235080048441887,0.003453969256952405,0.04379213973879814,0.0010000000474974513,42,0,SimpleRNN
0.0021778051741421223,0.030545229092240334,0.0031348946504294872,0.04116474464535713,0.0010000000474974513,43,0,SimpleRNN
0.0022449519019573927,0.028750605881214142,0.002805326832458377,0.038826633244752884,0.0010000000474974513,44,0,SimpleRNN
0.0018965575145557523,0.02923787385225296,0.002776356413960457,0.03865940496325493,0.0010000000474974513,45,0,SimpleRNN
0.0016483268700540066,0.02732238359749317,0.0032063412945717573,0.042389314621686935,0.0010000000474974513,46,0,SimpleRNN
0.0020265511702746153,0.026497047394514084,0.002732010092586279,0.038797833025455475,0.0010000000474974513,47,0,SimpleRNN
0.0014500536490231752,0.02685478888452053,0.002445296850055456,0.03723226860165596,0.0010000000474974513,48,0,SimpleRNN
0.001722034066915512,0.026928994804620743,0.002092300681397319,0.03376851975917816,0.0010000000474974513,49,0,SimpleRNN
0.001693208352662623,0.026108533143997192,0.0021575738210231066,0.034320976585149765,0.0010000000474974513,50,0,SimpleRNN
0.0016685958253219724,0.02560756728053093,0.002326579298824072,0.03661634773015976,0.0010000000474974513,51,0,SimpleRNN
0.0011629461077973247,0.021710999310016632,0.0022724485024809837,0.035882577300071716,0.0010000000474974513,52,0,SimpleRNN
0.0011547149624675512,0.02157309465110302,0.002075502648949623,0.03374172002077103,0.0010000000474974513,53,0,SimpleRNN
0.0013648353051394224,0.02311793528497219,0.002106592757627368,0.03467213362455368,0.0010000000474974513,54,0,SimpleRNN
0.0010586424032226205,0.020351121202111244,0.002370362402871251,0.037166427820920944,0.0010000000474974513,55,0,SimpleRNN
0.0013428945094347,0.022588197141885757,0.002327600261196494,0.03412771224975586,0.0010000000474974513,56,0,SimpleRNN
0.0013522737426683307,0.022902818396687508,0.002076853532344103,0.03351641818881035,0.0010000000474974513,57,0,SimpleRNN
0.0010531384032219648,0.02043888345360756,0.0016988402931019664,0.029749812558293343,0.0010000000474974513,58,0,SimpleRNN
0.0009862246224656701,0.01870020106434822,0.0018072024686262012,0.031076304614543915,0.0010000000474974513,59,0,SimpleRNN
0.0012823852011933923,0.020648406818509102,0.0020475315395742655,0.03393280506134033,0.0010000000474974513,60,0,SimpleRNN
0.0012527309590950608,0.019457686692476273,0.0019390035886317492,0.03341654688119888,0.0010000000474974513,61,0,SimpleRNN
0.0012653789017349482,0.021101558580994606,0.0018046415643766522,0.032390158623456955,0.0010000000474974513,62,0,SimpleRNN
0.0011789973359555006,0.01916566491127014,0.0017740692710503936,0.03207094222307205,0.0010000000474974513,63,0,SimpleRNN
0.00110409886110574,0.019106635823845863,0.0016642091795802116,0.03120543621480465,0.0010000000474974513,64,0,SimpleRNN
0.0008281894843094051,0.01712227426469326,0.0015402890276163816,0.030891913920640945,0.0010000000474974513,65,0,SimpleRNN
0.001045305747538805,0.017392870038747787,0.0013791879173368216,0.028490085154771805,0.0010000000474974513,66,0,SimpleRNN
0.0007785583729855716,0.016152968630194664,0.0012481104349717498,0.026582928374409676,0.0010000000474974513,67,0,SimpleRNN
0.0007077277987264097,0.015161563642323017,0.0011893989285454154,0.024964293465018272,0.0010000000474974513,68,0,SimpleRNN
0.0006599872140213847,0.015173699706792831,0.0012201182544231415,0.024862634018063545,0.0010000000474974513,69,0,SimpleRNN
0.0005949154146946967,0.013607705943286419,0.0013186491560190916,0.025574911385774612,0.0010000000474974513,70,0,SimpleRNN
0.0008506557787768543,0.01533955242484808,0.0013476783642545342,0.025837367400527,0.0010000000474974513,71,0,SimpleRNN
0.0009739352972246706,0.01593671180307865,0.0011497456580400467,0.024254223331809044,0.0010000000474974513,72,0,SimpleRNN
0.0006178866606205702,0.01375361904501915,0.0010131696471944451,0.022506918758153915,0.0010000000474974513,73,0,SimpleRNN
0.000718605937436223,0.014660504646599293,0.0010687316535040736,0.021945958957076073,0.0010000000474974513,74,0,SimpleRNN
0.0007294749957509339,0.014317130669951439,0.0010057751787826419,0.021522793918848038,0.0010000000474974513,75,0,SimpleRNN
0.0006270443554967642,0.01471650879830122,0.0010047209216281772,0.02125397138297558,0.0010000000474974513,76,0,SimpleRNN
0.0007616118527948856,0.015053581446409225,0.0009648727136664093,0.020747710019350052,0.0010000000474974513,77,0,SimpleRNN
0.0005786098772659898,0.013464480638504028,0.0009025800973176956,0.019816042855381966,0.0010000000474974513,78,0,SimpleRNN
0.00047170554171316326,0.01247322652488947,0.0008538113324902952,0.01902289316058159,0.0010000000474974513,79,0,SimpleRNN
0.0004778709844686091,0.011632966808974743,0.0009057166171260178,0.01918737217783928,0.0010000000474974513,80,0,SimpleRNN
0.0004473127773962915,0.011987932026386261,0.0009624077938497066,0.01942201517522335,0.0010000000474974513,81,0,SimpleRNN
0.00047081330558285117,0.011686673387885094,0.0009261964005418122,0.01893274299800396,0.0010000000474974513,82,0,SimpleRNN
0.0003836978867184371,0.011134196072816849,0.000852059165481478,0.018041808158159256,0.0010000000474974513,83,0,SimpleRNN
0.0005073509528301656,0.012453050352633,0.0007815718417987227,0.01633041352033615,0.0010000000474974513,84,0,SimpleRNN
0.00042151790694333613,0.011253589764237404,0.0008376094629056752,0.016258930787444115,0.0010000000474974513,85,0,SimpleRNN
0.0004704810562543571,0.011554770171642303,0.0008387331035919487,0.01622087135910988,0.0010000000474974513,86,0,SimpleRNN
0.00043974246364086866,0.011195099912583828,0.0009374982328154147,0.016288870945572853,0.0010000000474974513,87,0,SimpleRNN
0.00038543788832612336,0.010547811165452003,0.0009046042105183005,0.01571829617023468,0.0010000000474974513,88,0,SimpleRNN
0.0002859298256225884,0.009894061833620071,0.0008252418483607471,0.014889712445437908,0.0010000000474974513,89,0,SimpleRNN
0.000235256040468812,0.008800988085567951,0.0007910074782557786,0.014322096481919289,0.0010000000474974513,90,0,SimpleRNN
0.00026581736165098846,0.009326089173555374,0.0007199136889539659,0.013480152934789658,0.0010000000474974513,91,0,SimpleRNN
0.00023922517721075565,0.008688599802553654,0.0006877837586216629,0.013210871256887913,0.0010000000474974513,92,0,SimpleRNN
0.0002176819834858179,0.00833578035235405,0.0007130138692446053,0.013270368799567223,0.0010000000474974513,93,0,SimpleRNN
0.00034105335362255573,0.009275819174945354,0.0007193761994130909,0.013249818235635757,0.0010000000474974513,94,0,SimpleRNN
0.00026642053853720427,0.008889960125088692,0.0006892100791446865,0.013100633397698402,0.0005000000237487257,95,0,SimpleRNN
0.00017232986283488572,0.0077590337023139,0.0006698952638544142,0.013030054979026318,0.0005000000237487257,96,0,SimpleRNN
0.0003936585853807628,0.009643523022532463,0.0006659350474365056,0.012871840037405491,0.0005000000237487257,97,0,SimpleRNN
0.0001638873654883355,0.007809264585375786,0.0006337507511489093,0.012642229907214642,0.0005000000237487257,98,0,SimpleRNN
0.0002573345263954252,0.00886109471321106,0.0006073566037230194,0.012452362105250359,0.0005000000237487257,99,0,SimpleRNN
0.00014903617557138205,0.007416022941470146,0.0005837297649122775,0.01227074395865202,0.0005000000237487257,100,0,SimpleRNN
0.00021970640227664262,0.008121846243739128,0.0005696630687452853,0.01205670740455389,0.0005000000237487257,101,0,SimpleRNN
0.00021926443150732666,0.008383971638977528,0.0005433603655546904,0.011791876517236233,0.0005000000237487257,102,0,SimpleRNN
0.0005226829671300948,0.00957913976162672,0.0005520414561033249,0.011739146895706654,0.0005000000237487257,103,0,SimpleRNN
0.000304447632515803,0.008847096003592014,0.0005336875910870731,0.011663041077554226,0.0005000000237487257,104,0,SimpleRNN
0.000179328941158019,0.0074722073040902615,0.0005079569527879357,0.011522910557687283,0.0005000000237487257,105,0,SimpleRNN
0.00014665692287962884,0.0069582099094986916,0.0004906637477688491,0.011380763724446297,0.0005000000237487257,106,0,SimpleRNN
0.00017423964163754135,0.007170126307755709,0.00048180168960243464,0.011259375140070915,0.0005000000237487257,107,0,SimpleRNN
0.0002719992189668119,0.008172037079930305,0.00047386923688463867,0.01112404465675354,0.0005000000237487257,108,0,SimpleRNN
0.00028600491350516677,0.007634686306118965,0.00045898999087512493,0.010928875766694546,0.0005000000237487257,109,0,SimpleRNN
0.00019032176351174712,0.0069335890002548695,0.00044888927368447185,0.010831329971551895,0.0005000000237487257,110,0,SimpleRNN
0.0001786499487934634,0.007014248985797167,0.00042807936551980674,0.010765107348561287,0.0005000000237487257,111,0,SimpleRNN
0.00033516017720103264,0.008173448033630848,0.00041015923488885164,0.010578126646578312,0.0005000000237487257,112,0,SimpleRNN
0.00022017974697519094,0.007864780724048615,0.0003990511177107692,0.01036163978278637,0.0005000000237487257,113,0,SimpleRNN
0.00013141939416527748,0.006460627540946007,0.0003890877705998719,0.010229891166090965,0.0005000000237487257,114,0,SimpleRNN
0.00013906443200539798,0.006581495050340891,0.0003776741505134851,0.010099771432578564,0.0005000000237487257,115,0,SimpleRNN
0.00017384567763656378,0.007296715397387743,0.0003672803286463022,0.009960099123418331,0.0005000000237487257,116,0,SimpleRNN
0.0001859026961028576,0.006505128927528858,0.00035388785181567073,0.009799597784876823,0.0005000000237487257,117,0,SimpleRNN
0.00017459240916650742,0.007035109680145979,0.0003408535267226398,0.00966021977365017,0.0005000000237487257,118,0,SimpleRNN
0.00012215635797474533,0.006209542043507099,0.0003293931658845395,0.00951839704066515,0.0005000000237487257,119,0,SimpleRNN
0.000231131911277771,0.007583571597933769,0.0003249896108172834,0.009394156746566296,0.0005000000237487257,120,0,SimpleRNN
0.0004043665830977261,0.008182131685316563,0.0003127363452222198,0.009284479543566704,0.0005000000237487257,121,0,SimpleRNN
0.0001575442438479513,0.006778769660741091,0.00030062394216656685,0.009188276715576649,0.0005000000237487257,122,0,SimpleRNN
0.00020501729159150273,0.007508224342018366,0.00029641183209605515,0.009083518758416176,0.0005000000237487257,123,0,SimpleRNN
0.00012440286809578538,0.006209106184542179,0.00029202387668192387,0.0089524881914258,0.0005000000237487257,124,0,SimpleRNN
0.00012493353278841823,0.006200034637004137,0.00028521972126327455,0.008845522068440914,0.0005000000237487257,125,0,SimpleRNN
0.00016480428166687489,0.006783920805901289,0.00028188974829390645,0.008771722204983234,0.0005000000237487257,126,0,SimpleRNN
0.00017467122233938426,0.007266629487276077,0.00027573699480853975,0.008735890500247478,0.0005000000237487257,127,0,SimpleRNN
0.00013744064199272543,0.0068145026452839375,0.0002703566278796643,0.008698922581970692,0.0002500000118743628,128,0,SimpleRNN
0.00011134742817375809,0.006175297312438488,0.00026933601475320756,0.008650596253573895,0.0002500000118743628,129,0,SimpleRNN
0.00022750510834157467,0.0072122304700315,0.0002686947409529239,0.008612720295786858,0.0002500000118743628,130,0,SimpleRNN
0.00013868953101336956,0.006371040362864733,0.0002650406677275896,0.008553087711334229,0.0002500000118743628,131,0,SimpleRNN
0.00016605466953478754,0.006817780900746584,0.000260297761997208,0.008491907268762589,0.0002500000118743628,132,0,SimpleRNN
0.00016642743139527738,0.006967144086956978,0.0002529366174712777,0.008374162018299103,0.0002500000118743628,133,0,SimpleRNN
0.00022679423273075372,0.0071053896099328995,0.00024768870207481086,0.008283385075628757,0.0002500000118743628,134,0,SimpleRNN
0.00012206211977172643,0.006001671776175499,0.00024370485334657133,0.008210587315261364,0.0002500000118743628,135,0,SimpleRNN
0.00016587568097747862,0.00678228447213769,0.00023899490770418197,0.008146816864609718,0.0002500000118743628,136,0,SimpleRNN
0.0001349586818832904,0.006218935828655958,0.00023600897111464292,0.008096511475741863,0.0002500000118743628,137,0,SimpleRNN
0.00011918783275177702,0.005979067180305719,0.00023189593048300594,0.0079985735937953,0.0002500000118743628,138,0,SimpleRNN
0.00011086610174970701,0.005649080034345388,0.00022760745196137577,0.007922307588160038,0.0002500000118743628,139,0,SimpleRNN
0.00013270632189232856,0.006120549514889717,0.00022511181305162609,0.0078898249194026,0.0002500000118743628,140,0,SimpleRNN
0.00022561452351510525,0.006893307436257601,0.00022241742408368737,0.007824490778148174,0.0002500000118743628,141,0,SimpleRNN
0.00011772495054174215,0.005879051983356476,0.00022201157116796821,0.007782223634421825,0.0002500000118743628,142,0,SimpleRNN
0.0001362352486466989,0.005817636847496033,0.0002207089273724705,0.007756357546895742,0.0002500000118743628,143,0,SimpleRNN
0.00014400467625819147,0.006097414996474981,0.0002196848945459351,0.007742722053080797,0.0001250000059371814,144,0,SimpleRNN
0.00016108159616123885,0.006493513472378254,0.00021870988712180406,0.007738902699202299,0.0001250000059371814,145,0,SimpleRNN
0.00012369379692245275,0.006085285451263189,0.00021776252833660692,0.0077402726747095585,0.0001250000059371814,146,0,SimpleRNN
0.00016046088421717286,0.006195408757776022,0.00021695105533581227,0.00773289380595088,0.0001250000059371814,147,0,SimpleRNN
0.0001693308149697259,0.006513406988233328,0.00021715728507842869,0.007739602122455835,0.0001250000059371814,148,0,SimpleRNN
0.00014342107169795781,0.0061448742635548115,0.00021674465097021312,0.007730486802756786,0.0001250000059371814,149,0,SimpleRNN
0.00023723907361272722,0.006634220480918884,0.00021594598365481943,0.007708840072154999,0.0001250000059371814,150,0,SimpleRNN
0.14629261195659637,0.29080480337142944,0.09172563254833221,0.2502463757991791,0.0010000000474974513,1,1,SimpleRNN
0.09733913093805313,0.2436356395483017,0.06248585134744644,0.20547069609165192,0.0010000000474974513,2,1,SimpleRNN
0.05479246377944946,0.17919710278511047,0.04447844997048378,0.17344622313976288,0.0010000000474974513,3,1,SimpleRNN
0.03782280161976814,0.15520308911800385,0.027493273839354515,0.13118325173854828,0.0010000000474974513,4,1,SimpleRNN
0.03351579234004021,0.14666840434074402,0.017890924587845802,0.10886324197053909,0.0010000000474974513,5,1,SimpleRNN
0.02650122158229351,0.12644332647323608,0.025075413286685944,0.12727800011634827,0.0010000000474974513,6,1,SimpleRNN
0.02348896488547325,0.11862745136022568,0.020790591835975647,0.11643726378679276,0.0010000000474974513,7,1,SimpleRNN
0.021073171868920326,0.11370285600423813,0.014648135751485825,0.10014504939317703,0.0010000000474974513,8,1,SimpleRNN
0.02144281193614006,0.10881725698709488,0.016123123466968536,0.10754003375768661,0.0010000000474974513,9,1,SimpleRNN
0.020326735451817513,0.10904652625322342,0.015599817968904972,0.10227587074041367,0.0010000000474974513,10,1,SimpleRNN
0.02217055857181549,0.11154793202877045,0.01616920344531536,0.10377427935600281,0.0010000000474974513,11,1,SimpleRNN
0.016142189502716064,0.09602520614862442,0.02016761712729931,0.11315779387950897,0.0010000000474974513,12,1,SimpleRNN
0.018648387864232063,0.10258450359106064,0.015253128483891487,0.10126995295286179,0.0010000000474974513,13,1,SimpleRNN
0.014861438423395157,0.09521743655204773,0.013941710814833641,0.0928954929113388,0.0010000000474974513,14,1,SimpleRNN
0.013704805634915829,0.09081724286079407,0.013608730398118496,0.09432145953178406,0.0010000000474974513,15,1,SimpleRNN
0.01109369657933712,0.0804717168211937,0.012990222312510014,0.0944206491112709,0.0010000000474974513,16,1,SimpleRNN
0.012624834664165974,0.0900852233171463,0.014169296249747276,0.1002286747097969,0.0010000000474974513,17,1,SimpleRNN
0.010607216507196426,0.08043300360441208,0.01237183716148138,0.09316633641719818,0.0010000000474974513,18,1,SimpleRNN
0.012073597870767117,0.08631584048271179,0.01578892581164837,0.09951087087392807,0.0010000000474974513,19,1,SimpleRNN
0.011609004810452461,0.08349445462226868,0.013312957249581814,0.09156565368175507,0.0010000000474974513,20,1,SimpleRNN
0.008899124339222908,0.0726470798254013,0.011176208034157753,0.08855324238538742,0.0010000000474974513,21,1,SimpleRNN
0.01013194303959608,0.07793305814266205,0.012029334902763367,0.09056098014116287,0.0010000000474974513,22,1,SimpleRNN
0.00847084354609251,0.07071579247713089,0.010449720546603203,0.08503995090723038,0.0010000000474974513,23,1,SimpleRNN
0.00791671872138977,0.06927024573087692,0.009661522693932056,0.08118361234664917,0.0010000000474974513,24,1,SimpleRNN
0.0066300081089138985,0.06314428895711899,0.011854629032313824,0.08800216019153595,0.0010000000474974513,25,1,SimpleRNN
0.00835491344332695,0.07126530259847641,0.009332983754575253,0.08108951151371002,0.0010000000474974513,26,1,SimpleRNN
0.008293574675917625,0.06667564809322357,0.01121557503938675,0.08397521078586578,0.0010000000474974513,27,1,SimpleRNN
0.007032488007098436,0.06513399630784988,0.011037991382181644,0.08902580291032791,0.0010000000474974513,28,1,SimpleRNN
0.007351999171078205,0.0649280995130539,0.009531289339065552,0.08080486953258514,0.0010000000474974513,29,1,SimpleRNN
0.006616918370127678,0.06306293606758118,0.008347823284566402,0.07422646880149841,0.0010000000474974513,30,1,SimpleRNN
0.006267206277698278,0.060670893639326096,0.0077206757850945,0.07316187024116516,0.0010000000474974513,31,1,SimpleRNN
0.0066076782532036304,0.06383849680423737,0.008398362435400486,0.07445354759693146,0.0010000000474974513,32,1,SimpleRNN
0.005530409514904022,0.05855027958750725,0.009287946857511997,0.0755273848772049,0.0010000000474974513,33,1,SimpleRNN
0.005191672593355179,0.056129563599824905,0.008531437255442142,0.07605013996362686,0.0010000000474974513,34,1,SimpleRNN
0.006612909026443958,0.05815507844090462,0.008505024947226048,0.0752006396651268,0.0010000000474974513,35,1,SimpleRNN
0.0057318550534546375,0.05671488493680954,0.007335561793297529,0.0717434212565422,0.0010000000474974513,36,1,SimpleRNN
0.004919196013361216,0.05299961194396019,0.0070288702845573425,0.07046987861394882,0.0010000000474974513,37,1,SimpleRNN
0.005605337209999561,0.05569859966635704,0.00705702556297183,0.07001052051782608,0.0010000000474974513,38,1,SimpleRNN
0.004716916009783745,0.052997153252363205,0.00662199454382062,0.068203404545784,0.0010000000474974513,39,1,SimpleRNN
0.004767628852277994,0.05338621884584427,0.005923517979681492,0.06597492098808289,0.0010000000474974513,40,1,SimpleRNN
0.0038499729707837105,0.04785387963056564,0.005436895880848169,0.06347215920686722,0.0010000000474974513,41,1,SimpleRNN
0.004428987856954336,0.05079851299524307,0.005064693279564381,0.06119309365749359,0.0010000000474974513,42,1,SimpleRNN
0.00447139423340559,0.05139610916376114,0.005751829128712416,0.064815953373909,0.0010000000474974513,43,1,SimpleRNN
0.004264128860086203,0.05050365626811981,0.006073581054806709,0.0672931969165802,0.0010000000474974513,44,1,SimpleRNN
0.003323459532111883,0.0446077398955822,0.005348254926502705,0.0636737272143364,0.0010000000474974513,45,1,SimpleRNN
0.003916744142770767,0.047276437282562256,0.005551768932491541,0.06351019442081451,0.0010000000474974513,46,1,SimpleRNN
0.004188369028270245,0.04836878925561905,0.005488862749189138,0.06219160556793213,0.0010000000474974513,47,1,SimpleRNN
0.0035588035825639963,0.04534522444009781,0.004484996199607849,0.056708190590143204,0.0010000000474974513,48,1,SimpleRNN
0.003659049281850457,0.04546951502561569,0.004741983488202095,0.058954861015081406,0.0010000000474974513,49,1,SimpleRNN
0.0034255075734108686,0.04535992071032524,0.004793406464159489,0.05879845842719078,0.0010000000474974513,50,1,SimpleRNN
0.0033852476626634598,0.0448809377849102,0.004772538784891367,0.057351160794496536,0.0010000000474974513,51,1,SimpleRNN
0.0036639461759477854,0.047590263187885284,0.004493177402764559,0.05680549144744873,0.0010000000474974513,52,1,SimpleRNN
0.0033923492301255465,0.043968476355075836,0.004466646816581488,0.05616475269198418,0.0010000000474974513,53,1,SimpleRNN
0.0033685595262795687,0.04582059010863304,0.005363240838050842,0.06029222160577774,0.0010000000474974513,54,1,SimpleRNN
0.0033063858281821012,0.04458482563495636,0.004952287767082453,0.059000834822654724,0.0010000000474974513,55,1,SimpleRNN
0.0030305299442261457,0.042562566697597504,0.0044057718478143215,0.05621568486094475,0.0010000000474974513,56,1,SimpleRNN
0.0029795204754918814,0.04230246692895889,0.0044705746695399284,0.05706997215747833,0.0010000000474974513,57,1,SimpleRNN
0.0023800614289939404,0.03606985881924629,0.003990208264440298,0.054015181958675385,0.0010000000474974513,58,1,SimpleRNN
0.002515739295631647,0.039079975336790085,0.003996994346380234,0.054265331476926804,0.0010000000474974513,59,1,SimpleRNN
0.0030571352690458298,0.041690777987241745,0.004586437251418829,0.057951077818870544,0.0010000000474974513,60,1,SimpleRNN
0.0026115458458662033,0.038534313440322876,0.004499447997659445,0.057958584278821945,0.0010000000474974513,61,1,SimpleRNN
0.002958768280223012,0.04252055659890175,0.005598350428044796,0.059848714619874954,0.0010000000474974513,62,1,SimpleRNN
0.0023266130592674017,0.03742879629135132,0.005231214687228203,0.05971921980381012,0.0010000000474974513,63,1,SimpleRNN
0.0026402983348816633,0.03997645154595375,0.004847017116844654,0.05849302187561989,0.0010000000474974513,64,1,SimpleRNN
0.0023957991506904364,0.03855079412460327,0.004389971029013395,0.055256251245737076,0.0010000000474974513,65,1,SimpleRNN
0.002205286407843232,0.03589215502142906,0.0044457330368459225,0.05557198449969292,0.0010000000474974513,66,1,SimpleRNN
0.0029159490950405598,0.03971267491579056,0.004323276225477457,0.05301077291369438,0.0010000000474974513,67,1,SimpleRNN
0.0023580670822411776,0.036471158266067505,0.00431516719982028,0.05532855540513992,0.0010000000474974513,68,1,SimpleRNN
0.002358750207349658,0.03764095902442932,0.003873262321576476,0.05155437812209129,0.0005000000237487257,69,1,SimpleRNN
0.002420566277578473,0.03533859923481941,0.003849518485367298,0.05046071112155914,0.0005000000237487257,70,1,SimpleRNN
0.0021988258231431246,0.036010269075632095,0.003979660104960203,0.05211756378412247,0.0005000000237487257,71,1,SimpleRNN
0.0022998559288680553,0.03696253150701523,0.003835137467831373,0.052191317081451416,0.0005000000237487257,72,1,SimpleRNN
0.0019886994268745184,0.035124290734529495,0.00378495454788208,0.050839707255363464,0.0005000000237487257,73,1,SimpleRNN
0.0020750935655087233,0.034349773079156876,0.004191846586763859,0.053299251943826675,0.0005000000237487257,74,1,SimpleRNN
0.002343210158869624,0.03600660711526871,0.004187317099422216,0.05396873876452446,0.0005000000237487257,75,1,SimpleRNN
0.002065176609903574,0.03516494482755661,0.003849415574222803,0.05204616114497185,0.0005000000237487257,76,1,SimpleRNN
0.002064864384010434,0.03479636088013649,0.003648367477580905,0.05123410001397133,0.0005000000237487257,77,1,SimpleRNN
0.002017854480072856,0.033677034080028534,0.0035200142301619053,0.0500466413795948,0.0005000000237487257,78,1,SimpleRNN
0.0019356970442458987,0.034053780138492584,0.003350643441081047,0.04824328050017357,0.0005000000237487257,79,1,SimpleRNN
0.002274748869240284,0.035003144294023514,0.0033721551299095154,0.04870321601629257,0.0005000000237487257,80,1,SimpleRNN
0.0023410667199641466,0.034376077353954315,0.003369787475094199,0.04899922385811806,0.0005000000237487257,81,1,SimpleRNN
0.0016683819703757763,0.03208763897418976,0.00347897969186306,0.04763370379805565,0.0005000000237487257,82,1,SimpleRNN
0.0018337104702368379,0.03206964209675789,0.0034284298308193684,0.048108577728271484,0.0005000000237487257,83,1,SimpleRNN
0.001612464664503932,0.03135315701365471,0.0035174801014363766,0.049232035875320435,0.0005000000237487257,84,1,SimpleRNN
0.0018424525624141097,0.03328721597790718,0.0032249882351607084,0.046626586467027664,0.0005000000237487257,85,1,SimpleRNN
0.0018964336486533284,0.03250211477279663,0.003162883222103119,0.046660080552101135,0.0005000000237487257,86,1,SimpleRNN
0.001596053596585989,0.031254611909389496,0.0032382947392761707,0.0473598875105381,0.0005000000237487257,87,1,SimpleRNN
0.0019344292813912034,0.032545305788517,0.003531777299940586,0.047346655279397964,0.0005000000237487257,88,1,SimpleRNN
0.0016697709215804935,0.03026619181036949,0.0035891635343432426,0.04880812391638756,0.0005000000237487257,89,1,SimpleRNN
0.0018517165444791317,0.03301423788070679,0.003304003970697522,0.04812619835138321,0.0005000000237487257,90,1,SimpleRNN
0.0020496705546975136,0.03321358188986778,0.003234115894883871,0.04610586166381836,0.0005000000237487257,91,1,SimpleRNN
0.0020369633566588163,0.034762538969516754,0.003318678354844451,0.04714249446988106,0.0005000000237487257,92,1,SimpleRNN
0.0018352336483076215,0.03230314329266548,0.0034221604000777006,0.04958045482635498,0.0005000000237487257,93,1,SimpleRNN
0.001658900873735547,0.030806824564933777,0.003357366658747196,0.04800046980381012,0.0005000000237487257,94,1,SimpleRNN
0.0017492412589490414,0.03140154108405113,0.0032148282043635845,0.04710249975323677,0.0005000000237487257,95,1,SimpleRNN
0.0016020098701119423,0.031247485429048538,0.0031866366043686867,0.0474022701382637,0.0002500000118743628,96,1,SimpleRNN
0.0015942801255732775,0.03058779425919056,0.003218266414478421,0.047656089067459106,0.0002500000118743628,97,1,SimpleRNN
0.0016185048734769225,0.03085838444530964,0.0031769440975040197,0.04752024635672569,0.0002500000118743628,98,1,SimpleRNN
0.0014547663740813732,0.029843714088201523,0.0030654568690806627,0.04619229584932327,0.0002500000118743628,99,1,SimpleRNN
0.001613738015294075,0.030696388334035873,0.0030678855255246162,0.04565298929810524,0.0002500000118743628,100,1,SimpleRNN
0.001797253149561584,0.031112564727663994,0.003155064769089222,0.04660433903336525,0.0002500000118743628,101,1,SimpleRNN
0.001628051046282053,0.03025881014764309,0.0031794272363185883,0.046595945954322815,0.0002500000118743628,102,1,SimpleRNN
0.0015281580854207277,0.030054116621613503,0.003152210032567382,0.0460377112030983,0.0002500000118743628,103,1,SimpleRNN
0.0016595589695498347,0.03016851469874382,0.003069617785513401,0.045710526406764984,0.0002500000118743628,104,1,SimpleRNN
0.0016492538852617145,0.03072260320186615,0.003074547043070197,0.04585446044802666,0.0002500000118743628,105,1,SimpleRNN
0.0014763979706913233,0.029754580929875374,0.0030915464740246534,0.04575508087873459,0.0002500000118743628,106,1,SimpleRNN
0.0015163794159889221,0.029355857521295547,0.0030705267563462257,0.045555125921964645,0.0002500000118743628,107,1,SimpleRNN
0.001567026716656983,0.03097515180706978,0.0030442571733146906,0.044938553124666214,0.0002500000118743628,108,1,SimpleRNN
0.0015753996558487415,0.029585959389805794,0.0029706694185733795,0.04442420229315758,0.0002500000118743628,109,1,SimpleRNN
0.0013509209966287017,0.028811931610107422,0.0028937028255313635,0.044320639222860336,0.0001250000059371814,110,1,SimpleRNN
0.0012332857586443424,0.02711639553308487,0.0028957603499293327,0.04468032717704773,0.0001250000059371814,111,1,SimpleRNN
0.0014412814052775502,0.028186272829771042,0.0029218371491879225,0.04521579295396805,0.0001250000059371814,112,1,SimpleRNN
0.001734131365083158,0.03112071007490158,0.0029769481625407934,0.045723702758550644,0.0001250000059371814,113,1,SimpleRNN
0.0015131211839616299,0.029186243191361427,0.003032292937859893,0.04597550258040428,0.0001250000059371814,114,1,SimpleRNN
0.0013486032839864492,0.028179114684462547,0.0030425682198256254,0.04601826146245003,0.0001250000059371814,115,1,SimpleRNN
0.0013582808896899223,0.028520384803414345,0.0030288833659142256,0.04620793089270592,0.0001250000059371814,116,1,SimpleRNN
0.0015495814150199294,0.02954225242137909,0.002973529975861311,0.04573163017630577,0.0001250000059371814,117,1,SimpleRNN
0.0013175115454941988,0.02758912183344364,0.0029232387896627188,0.04509836062788963,0.0001250000059371814,118,1,SimpleRNN
0.0012577458983287215,0.02704445645213127,0.002922263229265809,0.04476860910654068,0.0001250000059371814,119,1,SimpleRNN
0.0012484664330258965,0.02781030535697937,0.0029989914037287235,0.044918984174728394,0.0001250000059371814,120,1,SimpleRNN
0.0015281102387234569,0.02978302538394928,0.002982107223942876,0.04502248764038086,6.25000029685907e-05,121,1,SimpleRNN
0.0013404610799625516,0.027169227600097656,0.0029542441479861736,0.045098595321178436,6.25000029685907e-05,122,1,SimpleRNN
0.0014414580073207617,0.02877494879066944,0.002961317542940378,0.04524100199341774,6.25000029685907e-05,123,1,SimpleRNN
0.0016535468166694045,0.030980810523033142,0.0029781502671539783,0.045288629829883575,6.25000029685907e-05,124,1,SimpleRNN
0.0016818472649902105,0.029248500242829323,0.0030181442853063345,0.04541245475411415,6.25000029685907e-05,125,1,SimpleRNN
0.0015442600706592202,0.03008490800857544,0.003083934308961034,0.04543371498584747,6.25000029685907e-05,126,1,SimpleRNN
0.0012911143712699413,0.028799425810575485,0.0031283090356737375,0.045948874205350876,6.25000029685907e-05,127,1,SimpleRNN
0.00125224853400141,0.02748378925025463,0.0030940338037908077,0.04612193629145622,6.25000029685907e-05,128,1,SimpleRNN
0.0013301231665536761,0.02755761705338955,0.0030879671685397625,0.04629683494567871,6.25000029685907e-05,129,1,SimpleRNN
0.0014951504999771714,0.028271665796637535,0.00308235757984221,0.046430718153715134,6.25000029685907e-05,130,1,SimpleRNN
0.2316521257162094,0.3744047284126282,0.18425314128398895,0.35610222816467285,0.0010000000474974513,1,2,SimpleRNN
0.14549079537391663,0.2961711287498474,0.21422860026359558,0.38953614234924316,0.0010000000474974513,2,2,SimpleRNN
0.0927545353770256,0.2412414252758026,0.14459370076656342,0.3028940260410309,0.0010000000474974513,3,2,SimpleRNN
0.06966592371463776,0.20797640085220337,0.19830675423145294,0.37185102701187134,0.0010000000474974513,4,2,SimpleRNN
0.06779883056879044,0.20267662405967712,0.1355350762605667,0.29591119289398193,0.0010000000474974513,5,2,SimpleRNN
0.049243975430727005,0.16867192089557648,0.09529952704906464,0.24346710741519928,0.0010000000474974513,6,2,SimpleRNN
0.04829896241426468,0.17329815030097961,0.10300286114215851,0.25652217864990234,0.0010000000474974513,7,2,SimpleRNN
0.03384517505764961,0.1437593400478363,0.09360219538211823,0.24177898466587067,0.0010000000474974513,8,2,SimpleRNN
0.034549228847026825,0.14516036212444305,0.0796734020113945,0.2214023768901825,0.0010000000474974513,9,2,SimpleRNN
0.03164765238761902,0.13753606379032135,0.08125168085098267,0.22835637629032135,0.0010000000474974513,10,2,SimpleRNN
0.028956996276974678,0.13541436195373535,0.060116175562143326,0.19393892586231232,0.0010000000474974513,11,2,SimpleRNN
0.021665949374437332,0.11605966836214066,0.055012255907058716,0.18602623045444489,0.0010000000474974513,12,2,SimpleRNN
0.022030850872397423,0.11807980388402939,0.05532260984182358,0.18402819335460663,0.0010000000474974513,13,2,SimpleRNN
0.026161078363656998,0.1277087926864624,0.050741661339998245,0.1742803007364273,0.0010000000474974513,14,2,SimpleRNN
0.02123507298529148,0.11335472017526627,0.05252236872911453,0.17752932012081146,0.0010000000474974513,15,2,SimpleRNN
0.020813677459955215,0.11095264554023743,0.051560934633016586,0.1747230887413025,0.0010000000474974513,16,2,SimpleRNN
0.018094120547175407,0.10621140897274017,0.043555304408073425,0.15923769772052765,0.0010000000474974513,17,2,SimpleRNN
0.02039835788309574,0.11113210022449493,0.04635746777057648,0.1635233759880066,0.0010000000474974513,18,2,SimpleRNN
0.01891709864139557,0.10493525117635727,0.04765404388308525,0.16864170134067535,0.0010000000474974513,19,2,SimpleRNN
0.016324596479535103,0.09770404547452927,0.039078935980796814,0.15358826518058777,0.0010000000474974513,20,2,SimpleRNN
0.014597982168197632,0.09302707016468048,0.04841478541493416,0.17167335748672485,0.0010000000474974513,21,2,SimpleRNN
0.01718537136912346,0.09922244399785995,0.041506633162498474,0.15546193718910217,0.0010000000474974513,22,2,SimpleRNN
0.014461755752563477,0.09262283891439438,0.04467087611556053,0.16235223412513733,0.0010000000474974513,23,2,SimpleRNN
0.013013646937906742,0.08916081488132477,0.044673774391412735,0.16422760486602783,0.0010000000474974513,24,2,SimpleRNN
0.013113608583807945,0.08657364547252655,0.033841583877801895,0.14083465933799744,0.0010000000474974513,25,2,SimpleRNN
0.012727559544146061,0.088675357401371,0.03769102320075035,0.15013666450977325,0.0010000000474974513,26,2,SimpleRNN
0.012665790505707264,0.08427005261182785,0.033167555928230286,0.14014774560928345,0.0010000000474974513,27,2,SimpleRNN
0.012653214856982231,0.08832245320081711,0.03428468853235245,0.14381945133209229,0.0010000000474974513,28,2,SimpleRNN
0.011200491338968277,0.07815326750278473,0.03840886428952217,0.15326713025569916,0.0010000000474974513,29,2,SimpleRNN
0.008851242251694202,0.07359620928764343,0.037185993045568466,0.1515081524848938,0.0010000000474974513,30,2,SimpleRNN
0.009963070042431355,0.07795538008213043,0.03123859129846096,0.1376815140247345,0.0010000000474974513,31,2,SimpleRNN
0.008590263314545155,0.07255787402391434,0.03176826611161232,0.1385481357574463,0.0010000000474974513,32,2,SimpleRNN
0.008086325600743294,0.06997167319059372,0.033469025045633316,0.14204995334148407,0.0010000000474974513,33,2,SimpleRNN
0.0071413260884583,0.06449538469314575,0.026720091700553894,0.12626858055591583,0.0010000000474974513,34,2,SimpleRNN
0.009388057515025139,0.07194212824106216,0.026212692260742188,0.12465959787368774,0.0010000000474974513,35,2,SimpleRNN
0.007560286205261946,0.068035788834095,0.02614685520529747,0.1249418705701828,0.0010000000474974513,36,2,SimpleRNN
0.007248456124216318,0.06410057097673416,0.024233337491750717,0.1201554462313652,0.0010000000474974513,37,2,SimpleRNN
0.0066378493793308735,0.06238839775323868,0.022206183522939682,0.1146748960018158,0.0010000000474974513,38,2,SimpleRNN
0.007117250468581915,0.06396067887544632,0.023383190855383873,0.1173468828201294,0.0010000000474974513,39,2,SimpleRNN
0.006834818050265312,0.06186702102422714,0.02678840421140194,0.12849542498588562,0.0010000000474974513,40,2,SimpleRNN
0.0067176539450883865,0.0626855418086052,0.023242540657520294,0.11936076730489731,0.0010000000474974513,41,2,SimpleRNN
0.00630149757489562,0.06114846095442772,0.023724880069494247,0.12126167118549347,0.0010000000474974513,42,2,SimpleRNN
0.006406605243682861,0.061381157487630844,0.024423357099294662,0.12420506775379181,0.0010000000474974513,43,2,SimpleRNN
0.006105399690568447,0.059935327619314194,0.020242558792233467,0.11293459683656693,0.0010000000474974513,44,2,SimpleRNN
0.006350540556013584,0.05958937481045723,0.020634735003113747,0.11387623101472855,0.0010000000474974513,45,2,SimpleRNN
0.0059612286277115345,0.056675929576158524,0.019022762775421143,0.10802734643220901,0.0010000000474974513,46,2,SimpleRNN
0.00561267277225852,0.055414773523807526,0.020652659237384796,0.11320913583040237,0.0010000000474974513,47,2,SimpleRNN
0.006072194315493107,0.05855996161699295,0.019862424582242966,0.11099716275930405,0.0010000000474974513,48,2,SimpleRNN
0.004902083892375231,0.054129064083099365,0.01936722919344902,0.10970453917980194,0.0010000000474974513,49,2,SimpleRNN
0.005095707252621651,0.05266498774290085,0.02191718854010105,0.11813677847385406,0.0010000000474974513,50,2,SimpleRNN
0.00484372116625309,0.05330493301153183,0.016972973942756653,0.10205825418233871,0.0010000000474974513,51,2,SimpleRNN
0.005805776454508305,0.056952230632305145,0.016842611134052277,0.10196557641029358,0.0010000000474974513,52,2,SimpleRNN
0.004643159918487072,0.052590757608413696,0.020037531852722168,0.11183832585811615,0.0010000000474974513,53,2,SimpleRNN
0.0049733445048332214,0.05310956761240959,0.019572973251342773,0.10982806980609894,0.0010000000474974513,54,2,SimpleRNN
0.004802965093404055,0.05148785188794136,0.018994180485606194,0.10944915562868118,0.0010000000474974513,55,2,SimpleRNN
0.004491083789616823,0.0513102263212204,0.017649495974183083,0.10627400130033493,0.0010000000474974513,56,2,SimpleRNN
0.004014096222817898,0.04714075103402138,0.017136475071310997,0.10476705431938171,0.0010000000474974513,57,2,SimpleRNN
0.004419752396643162,0.04768375679850578,0.018025308847427368,0.10800127685070038,0.0010000000474974513,58,2,SimpleRNN
0.003160869935527444,0.04322275146842003,0.0197414793074131,0.11387380957603455,0.0010000000474974513,59,2,SimpleRNN
0.004055425059050322,0.049052491784095764,0.017488716170191765,0.10649741441011429,0.0010000000474974513,60,2,SimpleRNN
0.003630721941590309,0.04390482231974602,0.02057180553674698,0.11565377563238144,0.0010000000474974513,61,2,SimpleRNN
0.003841012017801404,0.04690027981996536,0.020410597324371338,0.11478021740913391,0.0010000000474974513,62,2,SimpleRNN
0.0036006297450512648,0.04521096870303154,0.018087517470121384,0.1078021377325058,0.0005000000237487257,63,2,SimpleRNN
0.003179047955200076,0.04311453178524971,0.016259746626019478,0.10169044882059097,0.0005000000237487257,64,2,SimpleRNN
0.0033045094460248947,0.043614715337753296,0.015161893330514431,0.09777985513210297,0.0005000000237487257,65,2,SimpleRNN
0.004589084070175886,0.04877815023064613,0.015837110579013824,0.10032909363508224,0.0005000000237487257,66,2,SimpleRNN
0.003112708916887641,0.04223300889134407,0.016444532200694084,0.1026359274983406,0.0005000000237487257,67,2,SimpleRNN
0.003006833605468273,0.04133566468954086,0.015366505831480026,0.09901544451713562,0.0005000000237487257,68,2,SimpleRNN
0.003214239375665784,0.041819073259830475,0.014166834764182568,0.09465071558952332,0.0005000000237487257,69,2,SimpleRNN
0.0034464336931705475,0.04212971031665802,0.015392953529953957,0.09909158200025558,0.0005000000237487257,70,2,SimpleRNN
0.0027639195322990417,0.039734940975904465,0.01687569171190262,0.10359302908182144,0.0005000000237487257,71,2,SimpleRNN
0.0030305469408631325,0.041816290467977524,0.014671782962977886,0.09579811245203018,0.0005000000237487257,72,2,SimpleRNN
0.0034766080789268017,0.04315168038010597,0.013015951961278915,0.08943460136651993,0.0005000000237487257,73,2,SimpleRNN
0.0030826604925096035,0.03978709131479263,0.01524926908314228,0.09816209226846695,0.0005000000237487257,74,2,SimpleRNN
0.003498211968690157,0.04357392340898514,0.01564725488424301,0.09938248246908188,0.0005000000237487257,75,2,SimpleRNN
0.0027176623698323965,0.0373619943857193,0.0140345748513937,0.09329977631568909,0.0005000000237487257,76,2,SimpleRNN
0.0025380945298820734,0.03726031258702278,0.013788760639727116,0.09230565279722214,0.0005000000237487257,77,2,SimpleRNN
0.0029161819256842136,0.040703967213630676,0.01387866958975792,0.09274685382843018,0.0005000000237487257,78,2,SimpleRNN
0.0031137773767113686,0.04162919521331787,0.014971903525292873,0.09694770723581314,0.0005000000237487257,79,2,SimpleRNN
0.0025779851712286472,0.0378599539399147,0.014039316214621067,0.09362201392650604,0.0005000000237487257,80,2,SimpleRNN
0.0033048198092728853,0.04354507848620415,0.01406798604875803,0.09367440640926361,0.0005000000237487257,81,2,SimpleRNN
0.002592571312561631,0.038406483829021454,0.013587206602096558,0.09200442582368851,0.0005000000237487257,82,2,SimpleRNN
0.002937571844086051,0.03943560644984245,0.014806460589170456,0.0962228775024414,0.0005000000237487257,83,2,SimpleRNN
0.0022703867871314287,0.036320485174655914,0.015121438540518284,0.09722382575273514,0.0002500000118743628,84,2,SimpleRNN
0.003347372403368354,0.040172092616558075,0.014955629594624043,0.09646002948284149,0.0002500000118743628,85,2,SimpleRNN
0.002738275798037648,0.03912058472633362,0.01542119774967432,0.0979226753115654,0.0002500000118743628,86,2,SimpleRNN
0.0021905258763581514,0.03518062084913254,0.015282700769603252,0.09728428721427917,0.0002500000118743628,87,2,SimpleRNN
0.002163947792723775,0.035752084106206894,0.01480297464877367,0.09559687972068787,0.0002500000118743628,88,2,SimpleRNN
0.0024074192624539137,0.037253282964229584,0.01442752592265606,0.09396695345640182,0.0002500000118743628,89,2,SimpleRNN
0.0021070672664791346,0.033755701035261154,0.014367278665304184,0.09336724132299423,0.0002500000118743628,90,2,SimpleRNN
0.0019416209543123841,0.03386655077338219,0.01473486889153719,0.09441688656806946,0.0002500000118743628,91,2,SimpleRNN
0.0027659996412694454,0.039275139570236206,0.015326239168643951,0.09649951756000519,0.0002500000118743628,92,2,SimpleRNN
0.002866636496037245,0.03771504759788513,0.015143000520765781,0.09572212398052216,0.0002500000118743628,93,2,SimpleRNN
0.11559785902500153,0.2650212049484253,0.10746722668409348,0.27545425295829773,0.0010000000474974513,1,3,SimpleRNN
0.057354722172021866,0.18509306013584137,0.038773804903030396,0.15470589697360992,0.0010000000474974513,2,3,SimpleRNN
0.05393895506858826,0.1772768795490265,0.06882403790950775,0.21937517821788788,0.0010000000474974513,3,3,SimpleRNN
0.0302747655659914,0.1367913782596588,0.028571119531989098,0.13207638263702393,0.0010000000474974513,4,3,SimpleRNN
0.030544338747859,0.13400375843048096,0.030839618295431137,0.1412331908941269,0.0010000000474974513,5,3,SimpleRNN
0.02507784031331539,0.12190858274698257,0.02304428070783615,0.11931216716766357,0.0010000000474974513,6,3,SimpleRNN
0.023243848234415054,0.11939140409231186,0.02176065929234028,0.1133686974644661,0.0010000000474974513,7,3,SimpleRNN
0.021895697340369225,0.11082293093204498,0.015143774449825287,0.09482596814632416,0.0010000000474974513,8,3,SimpleRNN
0.01926802285015583,0.11113516986370087,0.014875231310725212,0.09571073949337006,0.0010000000474974513,9,3,SimpleRNN
0.01580268144607544,0.09618565440177917,0.022354789078235626,0.12322331964969635,0.0010000000474974513,10,3,SimpleRNN
0.016609743237495422,0.09762778133153915,0.01640167459845543,0.10307985544204712,0.0010000000474974513,11,3,SimpleRNN
0.01233766321092844,0.08509561419487,0.014888899400830269,0.09760333597660065,0.0010000000474974513,12,3,SimpleRNN
0.014263208955526352,0.09207708388566971,0.00989390816539526,0.0753002017736435,0.0010000000474974513,13,3,SimpleRNN
0.0116480877622962,0.08474332839250565,0.008011585101485252,0.0677327886223793,0.0010000000474974513,14,3,SimpleRNN
0.012352651916444302,0.08369838446378708,0.0077487691305577755,0.06751300394535065,0.0010000000474974513,15,3,SimpleRNN
0.00888742320239544,0.07287085801362991,0.0076225739903748035,0.06728671491146088,0.0010000000474974513,16,3,SimpleRNN
0.008233809843659401,0.06771937757730484,0.007066321559250355,0.06502315402030945,0.0010000000474974513,17,3,SimpleRNN
0.01088141929358244,0.07575158774852753,0.007502531632781029,0.0678628459572792,0.0010000000474974513,18,3,SimpleRNN
0.00804744940251112,0.06748716533184052,0.007903147488832474,0.07074005156755447,0.0010000000474974513,19,3,SimpleRNN
0.007604407146573067,0.06634800136089325,0.007583115715533495,0.06917210668325424,0.0010000000474974513,20,3,SimpleRNN
0.006763160228729248,0.062228523194789886,0.008067246526479721,0.06940368562936783,0.0010000000474974513,21,3,SimpleRNN
0.00633645337074995,0.05951562151312828,0.008469018153846264,0.07109753042459488,0.0010000000474974513,22,3,SimpleRNN
0.005742664448916912,0.057971708476543427,0.010072845034301281,0.07845719158649445,0.0010000000474974513,23,3,SimpleRNN
0.005649641156196594,0.05548536777496338,0.006443907972425222,0.060983188450336456,0.0010000000474974513,24,3,SimpleRNN
0.00454950425773859,0.05210074409842491,0.005162969697266817,0.05569515377283096,0.0010000000474974513,25,3,SimpleRNN
0.005499139428138733,0.05407517030835152,0.004469847306609154,0.051719799637794495,0.0010000000474974513,26,3,SimpleRNN
0.004545072093605995,0.05036669969558716,0.004667515866458416,0.05314251035451889,0.0010000000474974513,27,3,SimpleRNN
0.0035778137389570475,0.04500062018632889,0.004077908117324114,0.049418192356824875,0.0010000000474974513,28,3,SimpleRNN
0.004373571369796991,0.04872764274477959,0.0041397432796657085,0.049547888338565826,0.0010000000474974513,29,3,SimpleRNN
0.004012961406260729,0.04721060395240784,0.0048761204816401005,0.05212092772126198,0.0010000000474974513,30,3,SimpleRNN
0.0038205976597964764,0.04497194662690163,0.004386215470731258,0.050528641790151596,0.0010000000474974513,31,3,SimpleRNN
0.0032625733874738216,0.04324180632829666,0.0037401446606963873,0.04520692303776741,0.0010000000474974513,32,3,SimpleRNN
0.0033310391008853912,0.04445810988545418,0.003623913275077939,0.044462546706199646,0.0010000000474974513,33,3,SimpleRNN
0.003237517084926367,0.0426618829369545,0.004265543073415756,0.04831397533416748,0.0010000000474974513,34,3,SimpleRNN
0.0029645657632499933,0.040553029626607895,0.004152622073888779,0.04735066741704941,0.0010000000474974513,35,3,SimpleRNN
0.002571103163063526,0.03798748180270195,0.003920949995517731,0.04527882859110832,0.0010000000474974513,36,3,SimpleRNN
0.002327975118532777,0.03606361895799637,0.0037384124007076025,0.04561232030391693,0.0010000000474974513,37,3,SimpleRNN
0.002450426807627082,0.03568459674715996,0.003310657339170575,0.04402703419327736,0.0010000000474974513,38,3,SimpleRNN
0.0022714559454470873,0.035801611840724945,0.0030188432428985834,0.04238598421216011,0.0010000000474974513,39,3,SimpleRNN
0.0025188063737004995,0.036314669996500015,0.003162264358252287,0.043261926621198654,0.0010000000474974513,40,3,SimpleRNN
0.0024721405934542418,0.03539392724633217,0.0037294640205800533,0.04626956209540367,0.0010000000474974513,41,3,SimpleRNN
0.0023788893595337868,0.034141506999731064,0.0031801536679267883,0.042926765978336334,0.0010000000474974513,42,3,SimpleRNN
0.0017299128230661154,0.029276950284838676,0.0029581186827272177,0.04151264578104019,0.0010000000474974513,43,3,SimpleRNN
0.002154269255697727,0.03327697515487671,0.0030298030469566584,0.041547153145074844,0.0010000000474974513,44,3,SimpleRNN
0.001847720006480813,0.030564406886696815,0.0029581310227513313,0.04075133427977562,0.0010000000474974513,45,3,SimpleRNN
0.0016481408383697271,0.03050863929092884,0.0029573277570307255,0.040956463664770126,0.0010000000474974513,46,3,SimpleRNN
0.0019807745702564716,0.031336527317762375,0.0031272871419787407,0.04162891209125519,0.0010000000474974513,47,3,SimpleRNN
0.001403798465617001,0.027491549029946327,0.003148116171360016,0.04138505831360817,0.0010000000474974513,48,3,SimpleRNN
0.001638089888729155,0.02909945510327816,0.0029614318627864122,0.040204327553510666,0.0010000000474974513,49,3,SimpleRNN
0.001352351508103311,0.02619471400976181,0.0028956816531717777,0.03984988480806351,0.0005000000237487257,50,3,SimpleRNN
0.0012973137199878693,0.025947941467165947,0.0027862712740898132,0.03846647962927818,0.0005000000237487257,51,3,SimpleRNN
0.0016231384361162782,0.027799008414149284,0.002646076725795865,0.03690063953399658,0.0005000000237487257,52,3,SimpleRNN
0.0017318105092272162,0.029104061424732208,0.0025891833938658237,0.036116261035203934,0.0005000000237487257,53,3,SimpleRNN
0.0013443767093122005,0.026822907850146294,0.002589804818853736,0.03572547435760498,0.0005000000237487257,54,3,SimpleRNN
0.00147907598875463,0.02760881371796131,0.002561611821874976,0.03513437137007713,0.0005000000237487257,55,3,SimpleRNN
0.0013671719934791327,0.026180019602179527,0.0025563661474734545,0.03481568396091461,0.0005000000237487257,56,3,SimpleRNN
0.0012203049845993519,0.024901892989873886,0.002599388360977173,0.03541871905326843,0.0005000000237487257,57,3,SimpleRNN
0.0011888151057064533,0.024966005235910416,0.002613617805764079,0.03557616099715233,0.0005000000237487257,58,3,SimpleRNN
0.0012524353805929422,0.02363000251352787,0.0025373920798301697,0.03492975980043411,0.0005000000237487257,59,3,SimpleRNN
0.0010771033121272922,0.02413354068994522,0.0024983829353004694,0.034772783517837524,0.0005000000237487257,60,3,SimpleRNN
0.001522838487289846,0.026852253824472427,0.0024725282564759254,0.03460349142551422,0.0005000000237487257,61,3,SimpleRNN
0.001030097366310656,0.023223113268613815,0.002467511920258403,0.033991001546382904,0.0005000000237487257,62,3,SimpleRNN
0.0010032914578914642,0.022881630808115005,0.0024798272643238306,0.03384441137313843,0.0005000000237487257,63,3,SimpleRNN
0.0011716637527570128,0.0240315031260252,0.0024508845526725054,0.033280905336141586,0.0005000000237487257,64,3,SimpleRNN
0.0008595435065217316,0.021907730028033257,0.002388840774074197,0.03309287130832672,0.0005000000237487257,65,3,SimpleRNN
0.0012942967005074024,0.02580728381872177,0.0023679747246205807,0.03301483765244484,0.0005000000237487257,66,3,SimpleRNN
0.0008256497676484287,0.021804720163345337,0.002327877562493086,0.03245304152369499,0.0005000000237487257,67,3,SimpleRNN
0.0012417113175615668,0.023417754098773003,0.0022820988669991493,0.031969599425792694,0.0005000000237487257,68,3,SimpleRNN
0.0008086300804279745,0.020132698118686676,0.0022499063052237034,0.03172095865011215,0.0005000000237487257,69,3,SimpleRNN
0.0009400546550750732,0.02105044387280941,0.0022345518227666616,0.0309834536164999,0.0005000000237487257,70,3,SimpleRNN
0.0010189213789999485,0.02192801795899868,0.0023386592511087656,0.031185798346996307,0.0005000000237487257,71,3,SimpleRNN
0.0009645082172937691,0.022536110132932663,0.002281489549204707,0.030972924083471298,0.0005000000237487257,72,3,SimpleRNN
0.0009167917887680233,0.021140137687325478,0.002226038835942745,0.030643541365861893,0.0005000000237487257,73,3,SimpleRNN
0.0010603818809613585,0.023555481806397438,0.0022032116539776325,0.02981012687087059,0.0005000000237487257,74,3,SimpleRNN
0.0007782517350278795,0.01966353878378868,0.0021803295239806175,0.029424495995044708,0.0005000000237487257,75,3,SimpleRNN
0.000887793255969882,0.02047569490969181,0.0021661058999598026,0.029419275000691414,0.0005000000237487257,76,3,SimpleRNN
0.0009000555146485567,0.020527157932519913,0.002211415208876133,0.029063785448670387,0.0005000000237487257,77,3,SimpleRNN
0.000794199004303664,0.02080439403653145,0.0022333834785968065,0.028954584151506424,0.0005000000237487257,78,3,SimpleRNN
0.0005801310762763023,0.017581408843398094,0.0021510364022105932,0.028348717838525772,0.0005000000237487257,79,3,SimpleRNN
0.0007048335974104702,0.018126098439097404,0.0021228278055787086,0.027867082506418228,0.0005000000237487257,80,3,SimpleRNN
0.0007865196675993502,0.018942374736070633,0.002085732063278556,0.027679238468408585,0.0005000000237487257,81,3,SimpleRNN
0.0006682719103991985,0.01884668506681919,0.002119355835020542,0.027510302141308784,0.0005000000237487257,82,3,SimpleRNN
0.000638156954664737,0.01819760352373123,0.0021086682099848986,0.027343209832906723,0.0005000000237487257,83,3,SimpleRNN
0.0009586159139871597,0.01924491487443447,0.0021588976960629225,0.027652055025100708,0.0005000000237487257,84,3,SimpleRNN
0.000658866367302835,0.018397977575659752,0.0021551758982241154,0.02770874835550785,0.0005000000237487257,85,3,SimpleRNN
0.0007766883354634047,0.0190957672894001,0.002113013295456767,0.027488522231578827,0.0002500000118743628,86,3,SimpleRNN
0.0005958773544989526,0.017585936933755875,0.002067416673526168,0.027277708053588867,0.0002500000118743628,87,3,SimpleRNN
0.0006168241379782557,0.01719273254275322,0.002034182660281658,0.026930036023259163,0.0002500000118743628,88,3,SimpleRNN
0.0005356971523724496,0.015977701172232628,0.0019996068440377712,0.02652774564921856,0.0002500000118743628,89,3,SimpleRNN
0.0006679099751636386,0.01777547225356102,0.0019561436492949724,0.026187172159552574,0.0002500000118743628,90,3,SimpleRNN
0.0007054643356241286,0.017920823767781258,0.0019205957651138306,0.025827718898653984,0.0002500000118743628,91,3,SimpleRNN
0.0005768846604041755,0.01748237945139408,0.00193398620467633,0.02576499432325363,0.0002500000118743628,92,3,SimpleRNN
0.0005881576798856258,0.017807601019740105,0.0019288889598101377,0.025676142424345016,0.0002500000118743628,93,3,SimpleRNN
0.0006364124128594995,0.01787213794887066,0.0019084977684542537,0.025525765493512154,0.0002500000118743628,94,3,SimpleRNN
0.0006710454472340643,0.01790914125740528,0.0018772315233945847,0.025327973067760468,0.0002500000118743628,95,3,SimpleRNN
0.0007166543509811163,0.01810767687857151,0.001864718273282051,0.02524789236485958,0.0002500000118743628,96,3,SimpleRNN
0.0006708033033646643,0.018206965178251266,0.001833612797781825,0.02497275359928608,0.0002500000118743628,97,3,SimpleRNN
0.00044761828030459583,0.01518051978200674,0.001824657549150288,0.024849409237504005,0.0002500000118743628,98,3,SimpleRNN
0.0006332200136967003,0.01781746745109558,0.0018107332289218903,0.02469288371503353,0.0002500000118743628,99,3,SimpleRNN
0.0005437218933366239,0.0158957839012146,0.001820281846448779,0.024703731760382652,0.0002500000118743628,100,3,SimpleRNN
0.0004391587572172284,0.015452202409505844,0.0018091220408678055,0.02460094727575779,0.0002500000118743628,101,3,SimpleRNN
0.000543867121450603,0.017046064138412476,0.001805029110983014,0.02456091344356537,0.0002500000118743628,102,3,SimpleRNN
0.0005387462442740798,0.016190100461244583,0.0017909158486872911,0.024444814771413803,0.0002500000118743628,103,3,SimpleRNN
0.0005995858227834105,0.0166173093020916,0.0017939870012924075,0.02441432885825634,0.0002500000118743628,104,3,SimpleRNN
0.0004982328391633928,0.01516787614673376,0.0017606171313673258,0.02411009557545185,0.0002500000118743628,105,3,SimpleRNN
0.0005839935038238764,0.016319260001182556,0.0017341709462925792,0.023926902562379837,0.0002500000118743628,106,3,SimpleRNN
0.0005199547158554196,0.0164854247123003,0.0017337542958557606,0.023866647854447365,0.0002500000118743628,107,3,SimpleRNN
0.0005008869920857251,0.015798669308423996,0.0017401151126250625,0.02390599250793457,0.0001250000059371814,108,3,SimpleRNN
0.0005369958817027509,0.015907254070043564,0.0017538206884637475,0.024006523191928864,0.0001250000059371814,109,3,SimpleRNN
0.0005261172773316503,0.015570392832159996,0.001770894741639495,0.024103788658976555,0.0001250000059371814,110,3,SimpleRNN
0.00046760993427596986,0.015303383581340313,0.0017716933507472277,0.024011608213186264,0.0001250000059371814,111,3,SimpleRNN
0.0004214300133753568,0.014613273553550243,0.0017630152869969606,0.02390083111822605,0.0001250000059371814,112,3,SimpleRNN
0.0004888544208370149,0.015687111765146255,0.001749654533341527,0.02377939783036709,0.0001250000059371814,113,3,SimpleRNN
0.00045281852362677455,0.015374424867331982,0.0017448721919208765,0.023723261430859566,0.0001250000059371814,114,3,SimpleRNN
0.0005128207267262042,0.01517445407807827,0.0017234260449185967,0.02351967990398407,0.0001250000059371814,115,3,SimpleRNN
0.0004079459758941084,0.014320652931928635,0.001705419272184372,0.023307623341679573,0.0001250000059371814,116,3,SimpleRNN
0.00044698509736917913,0.015378882177174091,0.001699501764960587,0.02318897657096386,0.0001250000059371814,117,3,SimpleRNN
0.0005987248150631785,0.015883687883615494,0.0016905841184780002,0.023061279207468033,0.0001250000059371814,118,3,SimpleRNN
0.0004693647497333586,0.01456447783857584,0.0016945141833275557,0.023066876456141472,0.0001250000059371814,119,3,SimpleRNN
0.00050572823965922,0.015527630224823952,0.0016825634520500898,0.022937895730137825,0.0001250000059371814,120,3,SimpleRNN
0.0004141521640121937,0.014600284397602081,0.0016382656758651137,0.022589372470974922,0.0001250000059371814,121,3,SimpleRNN
0.000390677887480706,0.01450569462031126,0.001629454200156033,0.02250521630048752,0.0001250000059371814,122,3,SimpleRNN
0.0004653063078876585,0.01437352318316698,0.0016233728965744376,0.022448662668466568,0.0001250000059371814,123,3,SimpleRNN
0.000414789654314518,0.015093808993697166,0.0016216817311942577,0.022399745881557465,0.0001250000059371814,124,3,SimpleRNN
0.0005062523996457458,0.015766343101859093,0.001616015681065619,0.02236005663871765,0.0001250000059371814,125,3,SimpleRNN
0.0004504043026827276,0.013837266713380814,0.0016282029682770371,0.022429706528782845,0.0001250000059371814,126,3,SimpleRNN
0.0004432791902218014,0.014256616123020649,0.0016317494446411729,0.02242640219628811,0.0001250000059371814,127,3,SimpleRNN
0.0004984030383639038,0.015069407410919666,0.0016214019851759076,0.02234579622745514,0.0001250000059371814,128,3,SimpleRNN
0.0003939642629120499,0.014331689104437828,0.0015914470423012972,0.022160135209560394,0.0001250000059371814,129,3,SimpleRNN
0.0003572417190298438,0.013634302653372288,0.0015804029535502195,0.022101564332842827,0.0001250000059371814,130,3,SimpleRNN
0.00037355063250288367,0.013295993208885193,0.0015650015557184815,0.021999362856149673,0.0001250000059371814,131,3,SimpleRNN
0.00047764508053660393,0.015245284885168076,0.001532600843347609,0.021769870072603226,0.0001250000059371814,132,3,SimpleRNN
0.00046535101137124,0.014920630492269993,0.0015048544155433774,0.021554701030254364,0.0001250000059371814,133,3,SimpleRNN
0.0004891110584139824,0.014789710752665997,0.0014717914164066315,0.021325577050447464,0.0001250000059371814,134,3,SimpleRNN
0.0004177816736046225,0.014212466776371002,0.0014600417343899608,0.021250896155834198,0.0001250000059371814,135,3,SimpleRNN
0.00043581592035479844,0.013432762585580349,0.0014494751812890172,0.021141985431313515,0.0001250000059371814,136,3,SimpleRNN
0.0003876288828905672,0.013323409482836723,0.001445512636564672,0.021102730184793472,0.0001250000059371814,137,3,SimpleRNN
0.0004259029228705913,0.014317291788756847,0.0014444396365433931,0.02112351730465889,0.0001250000059371814,138,3,SimpleRNN
0.0004798876470886171,0.015007342211902142,0.0014168107882142067,0.02098190225660801,0.0001250000059371814,139,3,SimpleRNN
0.0003557702584657818,0.01330349687486887,0.0014160913415253162,0.020925413817167282,0.0001250000059371814,140,3,SimpleRNN
0.0004281235160306096,0.013615528121590614,0.0014112514909356833,0.02089685946702957,0.0001250000059371814,141,3,SimpleRNN
0.00044003024231642485,0.0139775350689888,0.0013950001448392868,0.020768295973539352,0.0001250000059371814,142,3,SimpleRNN
0.0003933780826628208,0.013570429757237434,0.0013882373459637165,0.02071174420416355,0.0001250000059371814,143,3,SimpleRNN
0.0003975141735281795,0.013156142085790634,0.0013745835749432445,0.020604757592082024,0.0001250000059371814,144,3,SimpleRNN
0.0003873434034176171,0.013616729527711868,0.001366057200357318,0.020539086312055588,0.0001250000059371814,145,3,SimpleRNN
0.00043100063339807093,0.013589209876954556,0.0013558282516896725,0.020479237660765648,0.0001250000059371814,146,3,SimpleRNN
0.00039610397652722895,0.013923421502113342,0.0013506753602996469,0.02043153904378414,0.0001250000059371814,147,3,SimpleRNN
0.0003956250147894025,0.013239264488220215,0.0013416571309790015,0.02033856511116028,0.0001250000059371814,148,3,SimpleRNN
0.0005421872483566403,0.014811819419264793,0.0013535534963011742,0.0203785989433527,0.0001250000059371814,149,3,SimpleRNN
0.0004005115188192576,0.013443131931126118,0.0013614414492622018,0.020367002114653587,0.0001250000059371814,150,3,SimpleRNN
0.20316845178604126,0.3318434953689575,0.05581416189670563,0.19195812940597534,0.0010000000474974513,1,4,SimpleRNN
0.0862075537443161,0.22754517197608948,0.05243455991148949,0.19206015765666962,0.0010000000474974513,2,4,SimpleRNN
0.05509580671787262,0.1818636953830719,0.03329140320420265,0.1542307734489441,0.0010000000474974513,3,4,SimpleRNN
0.039352260529994965,0.15757399797439575,0.03300873935222626,0.14982296526432037,0.0010000000474974513,4,4,SimpleRNN
0.03606054186820984,0.1502428948879242,0.030629731714725494,0.14724726974964142,0.0010000000474974513,5,4,SimpleRNN
0.028550414368510246,0.12893450260162354,0.03441472351551056,0.15444011986255646,0.0010000000474974513,6,4,SimpleRNN
0.02910807728767395,0.1300741285085678,0.02901182882487774,0.13853445649147034,0.0010000000474974513,7,4,SimpleRNN
0.01977100595831871,0.111244335770607,0.030596626922488213,0.14038363099098206,0.0010000000474974513,8,4,SimpleRNN
0.023700552061200142,0.1174386516213417,0.021720292046666145,0.11778727918863297,0.0010000000474974513,9,4,SimpleRNN
0.018996113911271095,0.10748591274023056,0.019893625751137733,0.11278240382671356,0.0010000000474974513,10,4,SimpleRNN
0.01879415102303028,0.10251215100288391,0.020512137562036514,0.11505858600139618,0.0010000000474974513,11,4,SimpleRNN
0.016584118828177452,0.09807737171649933,0.01798929087817669,0.10673791170120239,0.0010000000474974513,12,4,SimpleRNN
0.01865318790078163,0.10248076915740967,0.016055744141340256,0.10041789710521698,0.0010000000474974513,13,4,SimpleRNN
0.01695188693702221,0.09892676025629044,0.02088874764740467,0.11228736490011215,0.0010000000474974513,14,4,SimpleRNN
0.014976236037909985,0.08981192111968994,0.01982790417969227,0.10852586477994919,0.0010000000474974513,15,4,SimpleRNN
0.015169350430369377,0.09282239526510239,0.018772609531879425,0.10603530704975128,0.0010000000474974513,16,4,SimpleRNN
0.012594223022460938,0.08616014569997787,0.01781761460006237,0.103463314473629,0.0010000000474974513,17,4,SimpleRNN
0.013839513063430786,0.09034409373998642,0.014155437238514423,0.09253180772066116,0.0010000000474974513,18,4,SimpleRNN
0.01045115664601326,0.07921416312456131,0.013438496738672256,0.08961701393127441,0.0010000000474974513,19,4,SimpleRNN
0.01002113614231348,0.07600460946559906,0.013282238505780697,0.08897057920694351,0.0010000000474974513,20,4,SimpleRNN
0.01008397713303566,0.07704804092645645,0.01008766982704401,0.07691577821969986,0.0010000000474974513,21,4,SimpleRNN
0.010392536409199238,0.07485456764698029,0.009289328940212727,0.07289732247591019,0.0010000000474974513,22,4,SimpleRNN
0.007997055537998676,0.06826873868703842,0.00963103398680687,0.07432939112186432,0.0010000000474974513,23,4,SimpleRNN
0.009402663446962833,0.07414615154266357,0.009600130841135979,0.07377079129219055,0.0010000000474974513,24,4,SimpleRNN
0.00881228968501091,0.07098750025033951,0.008864105679094791,0.0720638707280159,0.0010000000474974513,25,4,SimpleRNN
0.009705564938485622,0.07182272523641586,0.007799205835908651,0.0680079460144043,0.0010000000474974513,26,4,SimpleRNN
0.007330126594752073,0.06588997691869736,0.007126765325665474,0.06500087678432465,0.0010000000474974513,27,4,SimpleRNN
0.008786152116954327,0.07084521651268005,0.006634795106947422,0.06207078695297241,0.0010000000474974513,28,4,SimpleRNN
0.007769624702632427,0.06644441187381744,0.006130789872258902,0.05972068011760712,0.0010000000474974513,29,4,SimpleRNN
0.006565250921994448,0.05940653383731842,0.005970839411020279,0.05996017903089523,0.0010000000474974513,30,4,SimpleRNN
0.00638737715780735,0.05975157767534256,0.00554402731359005,0.057205259799957275,0.0010000000474974513,31,4,SimpleRNN
0.006289216689765453,0.06058141216635704,0.0055977459996938705,0.05715417116880417,0.0010000000474974513,32,4,SimpleRNN
0.006894633639603853,0.06121031194925308,0.0056093730963766575,0.057491037994623184,0.0010000000474974513,33,4,SimpleRNN
0.006227090489119291,0.05970374867320061,0.0052724797278642654,0.05497826635837555,0.0010000000474974513,34,4,SimpleRNN
0.006275007035583258,0.05897374823689461,0.005875191185623407,0.056262705475091934,0.0010000000474974513,35,4,SimpleRNN
0.005886738654226065,0.05879794433712959,0.00568459602072835,0.056941479444503784,0.0010000000474974513,36,4,SimpleRNN
0.004753181245177984,0.05321172624826431,0.005286795552819967,0.05565710365772247,0.0010000000474974513,37,4,SimpleRNN
0.004579469561576843,0.050165995955467224,0.0050354814156889915,0.05385458096861839,0.0010000000474974513,38,4,SimpleRNN
0.0049803792499005795,0.05188402906060219,0.004656224511563778,0.05153718963265419,0.0010000000474974513,39,4,SimpleRNN
0.004262101836502552,0.05097189545631409,0.004369077272713184,0.049359455704689026,0.0010000000474974513,40,4,SimpleRNN
0.0036268229596316814,0.04573093354701996,0.003934056498110294,0.04634978622198105,0.0010000000474974513,41,4,SimpleRNN
0.004191935993731022,0.049370791763067245,0.0035724644549191,0.04346545413136482,0.0010000000474974513,42,4,SimpleRNN
0.00485823443159461,0.05034773424267769,0.0036595878191292286,0.04263849928975105,0.0010000000474974513,43,4,SimpleRNN
0.004091435112059116,0.0458637960255146,0.0034401363227516413,0.04067843779921532,0.0010000000474974513,44,4,SimpleRNN
0.0035844275262206793,0.04436787590384483,0.003472479758784175,0.04052410647273064,0.0010000000474974513,45,4,SimpleRNN
0.0036814017221331596,0.04487137123942375,0.0037543214857578278,0.04102456569671631,0.0010000000474974513,46,4,SimpleRNN
0.0035703922621905804,0.044220175594091415,0.0033251431304961443,0.038163941353559494,0.0010000000474974513,47,4,SimpleRNN
0.0038886801339685917,0.043250177055597305,0.0028788994532078505,0.035682059824466705,0.0010000000474974513,48,4,SimpleRNN
0.003257051343098283,0.039666201919317245,0.0028821961022913456,0.03599853068590164,0.0010000000474974513,49,4,SimpleRNN
0.0030103465542197227,0.04056793451309204,0.0029625112656503916,0.035731248557567596,0.0010000000474974513,50,4,SimpleRNN
0.0027920007705688477,0.03830442950129509,0.0029299312736839056,0.034836769104003906,0.0010000000474974513,51,4,SimpleRNN
0.003565132152289152,0.04311833158135414,0.0026719903107732534,0.0328935869038105,0.0010000000474974513,52,4,SimpleRNN
0.002887875307351351,0.037568919360637665,0.0025671476032584906,0.032019853591918945,0.0010000000474974513,53,4,SimpleRNN
0.002446777420118451,0.03605424240231514,0.002072713803499937,0.028770675882697105,0.0010000000474974513,54,4,SimpleRNN
0.002722807927057147,0.03599674627184868,0.001812610076740384,0.027073871344327927,0.0010000000474974513,55,4,SimpleRNN
0.0033554816618561745,0.03965674340724945,0.0016598035581409931,0.025800524279475212,0.0010000000474974513,56,4,SimpleRNN
0.00236524292267859,0.03534676134586334,0.0015931488014757633,0.025016481056809425,0.0010000000474974513,57,4,SimpleRNN
0.00210792594589293,0.0315014123916626,0.0014960280386731029,0.024066278710961342,0.0010000000474974513,58,4,SimpleRNN
0.0025044542271643877,0.03575114533305168,0.001486276276409626,0.023936908692121506,0.0010000000474974513,59,4,SimpleRNN
0.002002158435061574,0.03150896355509758,0.0013523692032322288,0.022567056119441986,0.0010000000474974513,60,4,SimpleRNN
0.0016757347621023655,0.028752021491527557,0.0011414356995373964,0.020576123148202896,0.0010000000474974513,61,4,SimpleRNN
0.0021201425697654486,0.03287729620933533,0.0010487757390365005,0.019706422463059425,0.0010000000474974513,62,4,SimpleRNN
0.0019168382277712226,0.030424054712057114,0.000928764115087688,0.018279926851391792,0.0010000000474974513,63,4,SimpleRNN
0.001479324302636087,0.027555016800761223,0.0008410600130446255,0.017115343362092972,0.0010000000474974513,64,4,SimpleRNN
0.0014457771321758628,0.0268595851957798,0.0007978861685842276,0.016532642766833305,0.0010000000474974513,65,4,SimpleRNN
0.0018121085595339537,0.030281757935881615,0.0007818376761861145,0.01630404032766819,0.0010000000474974513,66,4,SimpleRNN
0.0015408853068947792,0.02777765691280365,0.0006710590096190572,0.014559521339833736,0.0010000000474974513,67,4,SimpleRNN
0.0017130071064457297,0.0280812606215477,0.0005971536738798022,0.013368271291255951,0.0010000000474974513,68,4,SimpleRNN
0.0016952055739238858,0.02742769382894039,0.0005387024721130729,0.012503769248723984,0.0010000000474974513,69,4,SimpleRNN
0.0012114961864426732,0.02383645996451378,0.0004835021391045302,0.011697297915816307,0.0010000000474974513,70,4,SimpleRNN
0.0012060082517564297,0.024088747799396515,0.00045295502059161663,0.01126458402723074,0.0010000000474974513,71,4,SimpleRNN
0.0011899973032996058,0.022900186479091644,0.0004329147923272103,0.010923650115728378,0.0010000000474974513,72,4,SimpleRNN
0.0014775177696719766,0.02492349036037922,0.00042408963781781495,0.01075418759137392,0.0010000000474974513,73,4,SimpleRNN
0.0011728373356163502,0.022461585700511932,0.0004347639624029398,0.01084850262850523,0.0010000000474974513,74,4,SimpleRNN
0.000896748504601419,0.020469969138503075,0.00041041767690330744,0.01026633009314537,0.0010000000474974513,75,4,SimpleRNN
0.0007176747894845903,0.017906848341226578,0.0003957202716264874,0.010039792396128178,0.0010000000474974513,76,4,SimpleRNN
0.0011414744658395648,0.020764091983437538,0.00037329268525354564,0.009579941630363464,0.0010000000474974513,77,4,SimpleRNN
0.001026024459861219,0.020646432414650917,0.00035790333640761673,0.009374141693115234,0.0010000000474974513,78,4,SimpleRNN
0.0009199351770803332,0.01960749551653862,0.00036147155333310366,0.009237558580935001,0.0010000000474974513,79,4,SimpleRNN
0.0008148689521476626,0.018630610778927803,0.00036601148894988,0.009258495643734932,0.0010000000474974513,80,4,SimpleRNN
0.000872140983119607,0.018551379442214966,0.00033948459895327687,0.00875102449208498,0.0010000000474974513,81,4,SimpleRNN
0.0009307487052865326,0.01949402131140232,0.00030659849289804697,0.008155581541359425,0.0010000000474974513,82,4,SimpleRNN
0.000750608800444752,0.016644533723592758,0.00025929766707122326,0.00764742586761713,0.0010000000474974513,83,4,SimpleRNN
0.0007221606210805476,0.017144721001386642,0.00022207997972145677,0.007102384697645903,0.0010000000474974513,84,4,SimpleRNN
0.000534876948222518,0.014066813513636589,0.0002022626285906881,0.006597605533897877,0.0010000000474974513,85,4,SimpleRNN
0.0004570864257402718,0.013805988244712353,0.00019022304331883788,0.006394149269908667,0.0010000000474974513,86,4,SimpleRNN
0.0005109780468046665,0.013719957321882248,0.00017885937995743006,0.006200492847710848,0.0010000000474974513,87,4,SimpleRNN
0.0003947725344914943,0.012145677581429482,0.00016627450531814247,0.006073022726923227,0.0010000000474974513,88,4,SimpleRNN
0.0004512399318628013,0.012953672558069229,0.00015705502300988883,0.0059340535663068295,0.0010000000474974513,89,4,SimpleRNN
0.0003991829289589077,0.012344693765044212,0.0001513478346168995,0.0057266224175691605,0.0010000000474974513,90,4,SimpleRNN
0.0005651534884236753,0.013655777089297771,0.00014095906226430088,0.005543834529817104,0.0010000000474974513,91,4,SimpleRNN
0.00044644082663580775,0.012144191190600395,0.00013478673645295203,0.005547923967242241,0.0010000000474974513,92,4,SimpleRNN
0.00037444449844770133,0.011418861337006092,0.00012667813280131668,0.005549704190343618,0.0010000000474974513,93,4,SimpleRNN
0.0003971775295212865,0.010986185632646084,0.00012625336239580065,0.00538511760532856,0.0010000000474974513,94,4,SimpleRNN
0.000313027499942109,0.009852089919149876,0.00013241109263617545,0.00529621122404933,0.0010000000474974513,95,4,SimpleRNN
0.00024488416966050863,0.008957277052104473,0.00013241892156656832,0.005282747559249401,0.0005000000237487257,96,4,SimpleRNN
0.00029237038688734174,0.00970916636288166,0.0001311045343754813,0.005212019197642803,0.0005000000237487257,97,4,SimpleRNN
0.0002834063780028373,0.009751597419381142,0.0001297038688790053,0.005101510789245367,0.0005000000237487257,98,4,SimpleRNN
0.00036132842069491744,0.009201032109558582,0.00012898693967144936,0.005035001784563065,0.0005000000237487257,99,4,SimpleRNN
0.0002382557577220723,0.008744833990931511,0.00012771604815497994,0.0050551313906908035,0.0005000000237487257,100,4,SimpleRNN
0.0003360833215992898,0.010123755782842636,0.0001240055134985596,0.005033740308135748,0.0005000000237487257,101,4,SimpleRNN
0.00025873497361317277,0.008822103962302208,0.00012113382399547845,0.005001057870686054,0.0005000000237487257,102,4,SimpleRNN
0.00026977554080076516,0.008431795984506607,0.00011956298840232193,0.005045781377702951,0.0005000000237487257,103,4,SimpleRNN
0.00024358088558074087,0.009476575069129467,0.00011801910295616835,0.00505023030564189,0.0005000000237487257,104,4,SimpleRNN
0.0002473132044542581,0.008705577813088894,0.00011706289660651237,0.005021926946938038,0.0005000000237487257,105,4,SimpleRNN
0.0002025179855991155,0.008262415416538715,0.00011656407150439918,0.004991273861378431,0.0002500000118743628,106,4,SimpleRNN
0.00019705077284015715,0.008181669749319553,0.0001165270441561006,0.004957340192049742,0.0002500000118743628,107,4,SimpleRNN
0.00035264150938019156,0.009016748517751694,0.00011741293565137312,0.0049086702056229115,0.0002500000118743628,108,4,SimpleRNN
0.00021783923148177564,0.007980677299201488,0.00011700772301992401,0.0048682508058846,0.0002500000118743628,109,4,SimpleRNN
0.0002876379294320941,0.008205153979361057,0.00011598136188695207,0.004848441109061241,0.0002500000118743628,110,4,SimpleRNN
0.00022463013010565192,0.008201315067708492,0.0001148999435827136,0.0048367176204919815,0.0002500000118743628,111,4,SimpleRNN
0.00018459917919244617,0.0074966661632061005,0.00011369690037099645,0.004834039136767387,0.0002500000118743628,112,4,SimpleRNN
0.0002573600213509053,0.00798225961625576,0.00011354992602718994,0.0048370203003287315,0.0002500000118743628,113,4,SimpleRNN
0.00019815399718936533,0.007862864062190056,0.00011226651258766651,0.004832057747989893,0.0002500000118743628,114,4,SimpleRNN
0.00024074784596450627,0.008586021140217781,0.00011144049494760111,0.004779119044542313,0.0002500000118743628,115,4,SimpleRNN
0.0002225609205197543,0.008083627559244633,0.0001112275494961068,0.004759834613651037,0.0001250000059371814,116,4,SimpleRNN
0.00028400501469150186,0.008497060276567936,0.00011061327677452937,0.004765247460454702,0.0001250000059371814,117,4,SimpleRNN
0.00021029329218436033,0.007762530352920294,0.00011013120820280164,0.004774893168359995,0.0001250000059371814,118,4,SimpleRNN
0.00018183659994974732,0.0076702372170984745,0.00010971714073093608,0.004773864056915045,0.0001250000059371814,119,4,SimpleRNN
0.00018878340779338032,0.007722283247858286,0.00010967689740937203,0.004759242292493582,0.0001250000059371814,120,4,SimpleRNN
0.00023836751643102616,0.008267798461019993,0.00010949171701213345,0.004754971247166395,0.0001250000059371814,121,4,SimpleRNN
0.0002134196402039379,0.008093598298728466,0.00010931598808383569,0.004762457683682442,0.0001250000059371814,122,4,SimpleRNN
0.00019445951329544187,0.007655333261936903,0.0001087152268155478,0.0047687659971416,0.0001250000059371814,123,4,SimpleRNN
0.00018108738004229963,0.007391163147985935,0.00010818026203196496,0.004771724343299866,0.0001250000059371814,124,4,SimpleRNN
0.0002772053412627429,0.008985179476439953,0.00010742467566160485,0.004794518928974867,0.0001250000059371814,125,4,SimpleRNN
0.0001635581866139546,0.007089129649102688,0.0001072392042260617,0.00479908287525177,6.25000029685907e-05,126,4,SimpleRNN
0.00024335876514669508,0.008391395211219788,0.00010717009718064219,0.004794396460056305,6.25000029685907e-05,127,4,SimpleRNN
0.0002349650749238208,0.008107402361929417,0.0001071059305104427,0.004790064878761768,6.25000029685907e-05,128,4,SimpleRNN
0.00019983395759481937,0.007830341346561909,0.00010678358376026154,0.004781648050993681,6.25000029685907e-05,129,4,SimpleRNN
0.00023726427752990276,0.008841373957693577,0.00010642599227139726,0.004781171679496765,6.25000029685907e-05,130,4,SimpleRNN
0.00015719947987236083,0.007185617461800575,0.00010615796782076359,0.004777184687554836,6.25000029685907e-05,131,4,SimpleRNN
0.00016990394215099514,0.007512353826314211,0.00010586094140307978,0.004774995613843203,6.25000029685907e-05,132,4,SimpleRNN
0.00014921638648957014,0.006959625985473394,0.00010556067718425766,0.004774188622832298,6.25000029685907e-05,133,4,SimpleRNN
0.0001878212788142264,0.0075871446169912815,0.00010539009235799313,0.004765903577208519,6.25000029685907e-05,134,4,SimpleRNN
0.00044142204569652677,0.00900269579142332,0.00010512299922993407,0.004761193413287401,6.25000029685907e-05,135,4,SimpleRNN
0.00023639597930014133,0.008134997449815273,0.00010504463716642931,0.004753397777676582,3.125000148429535e-05,136,4,SimpleRNN
0.0002824277034960687,0.008809017017483711,0.00010507005936233327,0.0047453539445996284,3.125000148429535e-05,137,4,SimpleRNN
0.00021988282969687134,0.008241844363510609,0.00010496640607016161,0.0047410218976438046,3.125000148429535e-05,138,4,SimpleRNN
0.00020425632828846574,0.007859301753342152,0.00010489307896932587,0.004738933872431517,3.125000148429535e-05,139,4,SimpleRNN
0.00024971869424916804,0.00791997741907835,0.00010468240361660719,0.004737455863505602,3.125000148429535e-05,140,4,SimpleRNN
0.00021256862964946777,0.007907342165708542,0.00010484027734491974,0.004736002534627914,3.125000148429535e-05,141,4,SimpleRNN
0.00018932933744508773,0.0077413818798959255,0.0001047979312716052,0.004736465867608786,3.125000148429535e-05,142,4,SimpleRNN
0.00021890827338211238,0.007802289444953203,0.00010463424405315891,0.004737253300845623,3.125000148429535e-05,143,4,SimpleRNN
0.0002624558110255748,0.008884415030479431,0.00010453631693962961,0.004736788105219603,3.125000148429535e-05,144,4,SimpleRNN
0.00020087879966013134,0.008080110885202885,0.00010440855839988217,0.004733544308692217,3.125000148429535e-05,145,4,SimpleRNN
0.0003250056179240346,0.008442603051662445,0.0001044363816617988,0.004733539652079344,1.5625000742147677e-05,146,4,SimpleRNN
0.00025220573297701776,0.008270271122455597,0.00010452881542732939,0.0047350008971989155,1.5625000742147677e-05,147,4,SimpleRNN
0.00023895247431937605,0.008092869073152542,0.00010444752115290612,0.004735230002552271,1.5625000742147677e-05,148,4,SimpleRNN
0.00022402452304959297,0.007869075052440166,0.00010439282050356269,0.0047338614240288734,1.5625000742147677e-05,149,4,SimpleRNN
0.0002519771514926106,0.008089671842753887,0.00010436541197123006,0.004730460233986378,1.5625000742147677e-05,150,4,SimpleRNN
0.23586015403270721,0.35809704661369324,0.04506450891494751,0.1741345226764679,0.0010000000474974513,1,5,SimpleRNN
0.07998757064342499,0.22440360486507416,0.037250835448503494,0.15480665862560272,0.0010000000474974513,2,5,SimpleRNN
0.06686212122440338,0.20208902657032013,0.030237387865781784,0.13906380534172058,0.0010000000474974513,3,5,SimpleRNN
0.05033975467085838,0.18040992319583893,0.024537282064557076,0.11919445544481277,0.0010000000474974513,4,5,SimpleRNN
0.04145577549934387,0.15931379795074463,0.024247989058494568,0.11675827205181122,0.0010000000474974513,5,5,SimpleRNN
0.0351082943379879,0.14462020993232727,0.02155221998691559,0.11459850519895554,0.0010000000474974513,6,5,SimpleRNN
0.034317564219236374,0.13997401297092438,0.02093268558382988,0.11873414367437363,0.0010000000474974513,7,5,SimpleRNN
0.02844647876918316,0.13312947750091553,0.02240205928683281,0.12268171459436417,0.0010000000474974513,8,5,SimpleRNN
0.02866002544760704,0.13748788833618164,0.026609456166625023,0.13338930904865265,0.0010000000474974513,9,5,SimpleRNN
0.025172168388962746,0.12490786612033844,0.03650761395692825,0.1596488654613495,0.0010000000474974513,10,5,SimpleRNN
0.025399958714842796,0.12352439016103745,0.027471838518977165,0.13624359667301178,0.0010000000474974513,11,5,SimpleRNN
0.02194206975400448,0.1173466220498085,0.02963523007929325,0.1427684873342514,0.0010000000474974513,12,5,SimpleRNN
0.02185020036995411,0.11451180279254913,0.032219164073467255,0.15018971264362335,0.0010000000474974513,13,5,SimpleRNN
0.017108552157878876,0.10355235636234283,0.025329960510134697,0.13166971504688263,0.0010000000474974513,14,5,SimpleRNN
0.018864912912249565,0.10972032696008682,0.02269846200942993,0.12294602394104004,0.0010000000474974513,15,5,SimpleRNN
0.017108289524912834,0.1026415005326271,0.024557990953326225,0.1276359111070633,0.0010000000474974513,16,5,SimpleRNN
0.01814490742981434,0.10364904254674911,0.023151539266109467,0.12235715240240097,0.0010000000474974513,17,5,SimpleRNN
0.01805550418794155,0.1026243045926094,0.02293476276099682,0.12211698293685913,0.0005000000237487257,18,5,SimpleRNN
0.014985199086368084,0.09656526148319244,0.022639330476522446,0.12290707230567932,0.0005000000237487257,19,5,SimpleRNN
0.013473776169121265,0.09238777309656143,0.022062070667743683,0.12150657176971436,0.0005000000237487257,20,5,SimpleRNN
0.011034796014428139,0.08487620204687119,0.021212078630924225,0.11806245148181915,0.0005000000237487257,21,5,SimpleRNN
0.011775960214436054,0.08510826528072357,0.021914515644311905,0.11957424134016037,0.0005000000237487257,22,5,SimpleRNN
0.013425338082015514,0.08913228660821915,0.017760716378688812,0.10635687410831451,0.0005000000237487257,23,5,SimpleRNN
0.011581609025597572,0.08560885488986969,0.016181746497750282,0.10068242996931076,0.0005000000237487257,24,5,SimpleRNN
0.013478551059961319,0.08926458656787872,0.015604782849550247,0.0988069400191307,0.0005000000237487257,25,5,SimpleRNN
0.010638701729476452,0.07922498136758804,0.01428071316331625,0.09570517390966415,0.0005000000237487257,26,5,SimpleRNN
0.011393334716558456,0.08512818813323975,0.015149642713367939,0.09796911478042603,0.0005000000237487257,27,5,SimpleRNN
0.01230066828429699,0.08746641874313354,0.01401909813284874,0.09431306272745132,0.0005000000237487257,28,5,SimpleRNN
0.010132239200174809,0.08207419514656067,0.015614723786711693,0.09963898360729218,0.0005000000237487257,29,5,SimpleRNN
0.010437170043587685,0.07861185073852539,0.015364136546850204,0.09787525981664658,0.0005000000237487257,30,5,SimpleRNN
0.009904551319777966,0.07565241307020187,0.015407290309667587,0.09777958691120148,0.0005000000237487257,31,5,SimpleRNN
0.01086924597620964,0.0821072906255722,0.01764979399740696,0.10653392970561981,0.0005000000237487257,32,5,SimpleRNN
0.012178199365735054,0.08313819766044617,0.016933325678110123,0.10465718805789948,0.0005000000237487257,33,5,SimpleRNN
0.009373300708830357,0.07655620574951172,0.015449807979166508,0.10027502477169037,0.0005000000237487257,34,5,SimpleRNN
0.010527116246521473,0.07842490822076797,0.012620103545486927,0.08861513435840607,0.0005000000237487257,35,5,SimpleRNN
0.0094350790604949,0.07640519738197327,0.01357902493327856,0.09201210737228394,0.0005000000237487257,36,5,SimpleRNN
0.008309911005198956,0.07016301900148392,0.015098041854798794,0.09840064495801926,0.0005000000237487257,37,5,SimpleRNN
0.00881748553365469,0.07381701469421387,0.014169720001518726,0.09435130655765533,0.0005000000237487257,38,5,SimpleRNN
0.009254327975213528,0.07339239120483398,0.012014362029731274,0.08518911898136139,0.0005000000237487257,39,5,SimpleRNN
0.009248938411474228,0.07391835004091263,0.012980403378605843,0.08991673588752747,0.0005000000237487257,40,5,SimpleRNN
0.007265538442879915,0.06454639136791229,0.013665582984685898,0.09344064444303513,0.0005000000237487257,41,5,SimpleRNN
0.006644301116466522,0.06265769153833389,0.012739857658743858,0.0895150676369667,0.0005000000237487257,42,5,SimpleRNN
0.007087853737175465,0.06488338112831116,0.011869964189827442,0.08561806380748749,0.0005000000237487257,43,5,SimpleRNN
0.008082002401351929,0.0686250701546669,0.011694447137415409,0.084862120449543,0.0005000000237487257,44,5,SimpleRNN
0.008815142326056957,0.07164721190929413,0.00953103881329298,0.07650531828403473,0.0005000000237487257,45,5,SimpleRNN
0.006682069972157478,0.06327986717224121,0.008807675912976265,0.07278818637132645,0.0005000000237487257,46,5,SimpleRNN
0.007738497573882341,0.06754686683416367,0.008997800759971142,0.07291053235530853,0.0005000000237487257,47,5,SimpleRNN
0.007223015185445547,0.06670763343572617,0.008697726763784885,0.07153140753507614,0.0005000000237487257,48,5,SimpleRNN
0.006829986814409494,0.0642482191324234,0.008575123734772205,0.07071806490421295,0.0005000000237487257,49,5,SimpleRNN
0.006044446956366301,0.06099403277039528,0.00825480092316866,0.06916985660791397,0.0005000000237487257,50,5,SimpleRNN
0.006530797109007835,0.06442230939865112,0.008286867290735245,0.06932641565799713,0.0005000000237487257,51,5,SimpleRNN
0.0069786603562533855,0.06522952020168304,0.008693009614944458,0.0712461844086647,0.0005000000237487257,52,5,SimpleRNN
0.006819519679993391,0.0646684318780899,0.008689487352967262,0.07153366506099701,0.0005000000237487257,53,5,SimpleRNN
0.005994769744575024,0.05912458896636963,0.008219127543270588,0.06987600773572922,0.0005000000237487257,54,5,SimpleRNN
0.00603800592944026,0.06020842492580414,0.006637672893702984,0.06325713545084,0.0005000000237487257,55,5,SimpleRNN
0.0065381224267184734,0.06264191120862961,0.0068631661124527454,0.06506816297769547,0.0005000000237487257,56,5,SimpleRNN
0.006076013669371605,0.06189582869410515,0.0064392355270683765,0.06344537436962128,0.0005000000237487257,57,5,SimpleRNN
0.006476592272520065,0.06301528960466385,0.005950819235295057,0.06106702610850334,0.0005000000237487257,58,5,SimpleRNN
0.005690355319529772,0.05872475355863571,0.005677610170096159,0.058714285492897034,0.0005000000237487257,59,5,SimpleRNN
0.006139436736702919,0.061198893934488297,0.005800242535769939,0.06037548556923866,0.0005000000237487257,60,5,SimpleRNN
0.005521799437701702,0.05843584984540939,0.005443983245640993,0.057812418788671494,0.0005000000237487257,61,5,SimpleRNN
0.004394467454403639,0.05279723182320595,0.005522339139133692,0.0581430122256279,0.0005000000237487257,62,5,SimpleRNN
0.004942776635289192,0.056415099650621414,0.005571619141846895,0.058299094438552856,0.0005000000237487257,63,5,SimpleRNN
0.004573707934468985,0.05184627324342728,0.005673968233168125,0.05890380218625069,0.0005000000237487257,64,5,SimpleRNN
0.004794234409928322,0.05234554037451744,0.0052462387830019,0.055342867970466614,0.0005000000237487257,65,5,SimpleRNN
0.005329611711204052,0.057067032903432846,0.004994659684598446,0.05399782583117485,0.0005000000237487257,66,5,SimpleRNN
0.004486217629164457,0.052134983241558075,0.005036070942878723,0.05448606237769127,0.0005000000237487257,67,5,SimpleRNN
0.005921731702983379,0.0575173944234848,0.004928778391331434,0.054122086614370346,0.0005000000237487257,68,5,SimpleRNN
0.004713055677711964,0.052999455481767654,0.0047292560338974,0.05304965376853943,0.0005000000237487257,69,5,SimpleRNN
0.004884267691522837,0.05487912893295288,0.004846441093832254,0.054021239280700684,0.0005000000237487257,70,5,SimpleRNN
0.004169838968664408,0.04936307668685913,0.005167729686945677,0.05610659718513489,0.0005000000237487257,71,5,SimpleRNN
0.003831434529274702,0.04825960099697113,0.005565351340919733,0.058394867926836014,0.0005000000237487257,72,5,SimpleRNN
0.004324815701693296,0.0501667857170105,0.005492687691003084,0.05780908092856407,0.0005000000237487257,73,5,SimpleRNN
0.004200145602226257,0.05028095841407776,0.005133727099746466,0.05547507107257843,0.0005000000237487257,74,5,SimpleRNN
0.0035406136885285378,0.04747921973466873,0.00493576331064105,0.0544201023876667,0.0005000000237487257,75,5,SimpleRNN
0.004160542506724596,0.051213644444942474,0.005004628095775843,0.054846227169036865,0.0005000000237487257,76,5,SimpleRNN
0.004101189784705639,0.05044402554631233,0.005165729206055403,0.05548594146966934,0.0005000000237487257,77,5,SimpleRNN
0.004019229207187891,0.04885685816407204,0.005396178457885981,0.0572342686355114,0.0005000000237487257,78,5,SimpleRNN
0.004261799156665802,0.05094721168279648,0.00504639744758606,0.0555034764111042,0.0005000000237487257,79,5,SimpleRNN
0.0044096107594668865,0.05098247528076172,0.004470724146813154,0.05203522741794586,0.0002500000118743628,80,5,SimpleRNN
0.0033869475591927767,0.04517204686999321,0.00416034460067749,0.05012807250022888,0.0002500000118743628,81,5,SimpleRNN
0.0034717991948127747,0.047521159052848816,0.0041525340639054775,0.05010303109884262,0.0002500000118743628,82,5,SimpleRNN
0.004020629450678825,0.0479610376060009,0.004306150134652853,0.05113043263554573,0.0002500000118743628,83,5,SimpleRNN
0.003179153660312295,0.04316556453704834,0.0038907453417778015,0.04797728359699249,0.0002500000118743628,84,5,SimpleRNN
0.003735841019079089,0.04654033109545708,0.0038969472516328096,0.04814409837126732,0.0002500000118743628,85,5,SimpleRNN
0.0037935199216008186,0.04689678177237511,0.003922055475413799,0.04845033586025238,0.0002500000118743628,86,5,SimpleRNN
0.0034843378234654665,0.043846383690834045,0.0038509233854711056,0.04797585308551788,0.0002500000118743628,87,5,SimpleRNN
0.0033165235072374344,0.04556744545698166,0.0037681430112570524,0.047345105558633804,0.0002500000118743628,88,5,SimpleRNN
0.004393914248794317,0.0483979731798172,0.0039418707601726055,0.048514802008867264,0.0002500000118743628,89,5,SimpleRNN
0.0033068377524614334,0.04506353288888931,0.003986152820289135,0.04877651855349541,0.0002500000118743628,90,5,SimpleRNN
0.0033277764450758696,0.045723941177129745,0.003739833366125822,0.04709984362125397,0.0002500000118743628,91,5,SimpleRNN
0.002983714919537306,0.043342333287000656,0.003682428039610386,0.04684978350996971,0.0002500000118743628,92,5,SimpleRNN
0.0031897977460175753,0.043670136481523514,0.0037314409855753183,0.04738396778702736,0.0002500000118743628,93,5,SimpleRNN
0.003004953032359481,0.041875194758176804,0.0037633029278367758,0.047527290880680084,0.0002500000118743628,94,5,SimpleRNN
0.0035829299595206976,0.04500366002321243,0.0036780068185180426,0.04693029820919037,0.0002500000118743628,95,5,SimpleRNN
0.0029123390559107065,0.04148125275969505,0.003814347553998232,0.04789067059755325,0.0002500000118743628,96,5,SimpleRNN
0.0034337863326072693,0.04476289078593254,0.0037522092461586,0.047284748405218124,0.0002500000118743628,97,5,SimpleRNN
0.00255306763574481,0.03849003091454506,0.003574926173314452,0.045889049768447876,0.0002500000118743628,98,5,SimpleRNN
0.003381668357178569,0.045880693942308426,0.0035045596305280924,0.045584920793771744,0.0002500000118743628,99,5,SimpleRNN
0.003196145873516798,0.0436011478304863,0.00339535903185606,0.04487153887748718,0.0002500000118743628,100,5,SimpleRNN
0.003218924393877387,0.04277857393026352,0.0033976510167121887,0.04488567262887955,0.0002500000118743628,101,5,SimpleRNN
0.0029789702966809273,0.042235150933265686,0.0033266092650592327,0.044505469501018524,0.0002500000118743628,102,5,SimpleRNN
0.0033045404125005007,0.04320342093706131,0.003236860502511263,0.0438297837972641,0.0002500000118743628,103,5,SimpleRNN
0.0028059377800673246,0.0421963632106781,0.003122203052043915,0.04329732060432434,0.0002500000118743628,104,5,SimpleRNN
0.002890653908252716,0.04152974113821983,0.003350022016093135,0.044828277081251144,0.0002500000118743628,105,5,SimpleRNN
0.0028345913160592318,0.04106444492936134,0.0034611134324222803,0.04573073610663414,0.0002500000118743628,106,5,SimpleRNN
0.0028477883897721767,0.0417935810983181,0.0034664468839764595,0.04590615630149841,0.0002500000118743628,107,5,SimpleRNN
0.0031119361519813538,0.042902715504169464,0.0033817049115896225,0.04538307338953018,0.0002500000118743628,108,5,SimpleRNN
0.0029935354832559824,0.04211099445819855,0.003241432597860694,0.04430475831031799,0.0002500000118743628,109,5,SimpleRNN
0.0029493069741874933,0.04142986238002777,0.003218524158000946,0.044340573251247406,0.0002500000118743628,110,5,SimpleRNN
0.002576578874140978,0.038918863981962204,0.003367192344740033,0.04559582844376564,0.0002500000118743628,111,5,SimpleRNN
0.003051255363970995,0.042539555579423904,0.003102655056864023,0.043470606207847595,0.0002500000118743628,112,5,SimpleRNN
0.0030433956999331713,0.041584402322769165,0.0030438737012445927,0.04316769912838936,0.0002500000118743628,113,5,SimpleRNN
0.0027843371499329805,0.04049605503678322,0.0031242994591593742,0.04393085464835167,0.0002500000118743628,114,5,SimpleRNN
0.0028238629456609488,0.04104851186275482,0.0030564197804778814,0.04321350157260895,0.0001250000059371814,115,5,SimpleRNN
0.0030927439220249653,0.0400363989174366,0.0029655799735337496,0.04224424809217453,0.0001250000059371814,116,5,SimpleRNN
0.002401606412604451,0.038063399493694305,0.0028964863158762455,0.041733525693416595,0.0001250000059371814,117,5,SimpleRNN
0.0021405972074717283,0.03657756745815277,0.002875059610232711,0.041624411940574646,0.0001250000059371814,118,5,SimpleRNN
0.0024461252614855766,0.03798758238554001,0.00291583058424294,0.041937924921512604,0.0001250000059371814,119,5,SimpleRNN
0.002562181558459997,0.03747616708278656,0.002911073388531804,0.04183482378721237,0.0001250000059371814,120,5,SimpleRNN
0.0024353160988539457,0.03908456861972809,0.002866218565031886,0.04139869660139084,0.0001250000059371814,121,5,SimpleRNN
0.002826633397489786,0.03977949544787407,0.002893370809033513,0.0415676049888134,0.0001250000059371814,122,5,SimpleRNN
0.002824727911502123,0.03959614038467407,0.0029832327272742987,0.04254734516143799,0.0001250000059371814,123,5,SimpleRNN
0.0028937284369021654,0.04196945205330849,0.0029496492352336645,0.04236443713307381,0.0001250000059371814,124,5,SimpleRNN
0.0028201115783303976,0.04060741141438484,0.002890059957280755,0.04179592430591583,0.0001250000059371814,125,5,SimpleRNN
0.0026093143969774246,0.03915964066982269,0.002856125822290778,0.041282135993242264,0.0001250000059371814,126,5,SimpleRNN
0.0028867144137620926,0.04151429980993271,0.0028199052903801203,0.04125768318772316,0.0001250000059371814,127,5,SimpleRNN
0.0024624827783554792,0.03931896388530731,0.0029265638440847397,0.04222817346453667,0.0001250000059371814,128,5,SimpleRNN
0.0026773924473673105,0.03984551504254341,0.00302576064132154,0.04332145303487778,0.0001250000059371814,129,5,SimpleRNN
0.003047442529350519,0.0417051836848259,0.003002520650625229,0.04291711002588272,0.0001250000059371814,130,5,SimpleRNN
0.002362946281209588,0.03720174357295036,0.0029773961286991835,0.04262595996260643,0.0001250000059371814,131,5,SimpleRNN
0.0030372634064406157,0.04169492796063423,0.002982314908877015,0.04280611127614975,0.0001250000059371814,132,5,SimpleRNN
0.0024371021427214146,0.03780362755060196,0.0028750651981681585,0.04211920499801636,0.0001250000059371814,133,5,SimpleRNN
0.0024010748602449894,0.037786904722452164,0.002865067683160305,0.04228870943188667,0.0001250000059371814,134,5,SimpleRNN
0.002817171160131693,0.04131602123379707,0.002902715001255274,0.04259278625249863,0.0001250000059371814,135,5,SimpleRNN
0.0020342646166682243,0.034991368651390076,0.0028821106534451246,0.04223001003265381,0.0001250000059371814,136,5,SimpleRNN
0.003086976706981659,0.041431330144405365,0.002877436578273773,0.042185839265584946,6.25000029685907e-05,137,5,SimpleRNN
0.002418902702629566,0.03700172156095505,0.0028621149249374866,0.04216751828789711,6.25000029685907e-05,138,5,SimpleRNN
0.0026198457926511765,0.03778693825006485,0.0028428896330296993,0.04200876131653786,6.25000029685907e-05,139,5,SimpleRNN
0.0024947647470980883,0.03783152252435684,0.0028508310206234455,0.042123690247535706,6.25000029685907e-05,140,5,SimpleRNN
0.0026647469494491816,0.03796800971031189,0.0028149064164608717,0.04171036556363106,6.25000029685907e-05,141,5,SimpleRNN
0.002378984587267041,0.03807388246059418,0.002771581057459116,0.04111707955598831,6.25000029685907e-05,142,5,SimpleRNN
0.002612740034237504,0.03972729295492172,0.0027462858706712723,0.040762368589639664,6.25000029685907e-05,143,5,SimpleRNN
0.002418115735054016,0.03840295597910881,0.0027363651897758245,0.0407785102725029,6.25000029685907e-05,144,5,SimpleRNN
0.002457892755046487,0.038229215890169144,0.0027108201757073402,0.040583349764347076,6.25000029685907e-05,145,5,SimpleRNN
0.002806474221870303,0.03996061161160469,0.0026952812913805246,0.04047642648220062,6.25000029685907e-05,146,5,SimpleRNN
0.0024530007503926754,0.03827103599905968,0.002694346709176898,0.040588464587926865,6.25000029685907e-05,147,5,SimpleRNN
0.00268384488299489,0.0379595048725605,0.002709709107875824,0.040841590613126755,6.25000029685907e-05,148,5,SimpleRNN
0.0022185849957168102,0.03632921725511551,0.002699311124160886,0.0406435951590538,6.25000029685907e-05,149,5,SimpleRNN
0.00300247292034328,0.04048844426870346,0.0027277865447103977,0.04087866097688675,6.25000029685907e-05,150,5,SimpleRNN
0.16058270633220673,0.30681297183036804,0.08279302716255188,0.23067668080329895,0.0010000000474974513,1,6,SimpleRNN
0.08499260991811752,0.23391681909561157,0.06692152470350266,0.21610286831855774,0.0010000000474974513,2,6,SimpleRNN
0.04299347475171089,0.16380685567855835,0.06716209650039673,0.21254660189151764,0.0010000000474974513,3,6,SimpleRNN
0.03862497955560684,0.15301315486431122,0.05442733317613602,0.19210094213485718,0.0010000000474974513,4,6,SimpleRNN
0.031222600489854813,0.13731588423252106,0.03600240498781204,0.15393595397472382,0.0010000000474974513,5,6,SimpleRNN
0.02999144047498703,0.13155558705329895,0.05113934725522995,0.18038161098957062,0.0010000000474974513,6,6,SimpleRNN
0.019784290343523026,0.11051508784294128,0.03446486219763756,0.14575935900211334,0.0010000000474974513,7,6,SimpleRNN
0.017770040780305862,0.09967157244682312,0.04871424660086632,0.16999106109142303,0.0010000000474974513,8,6,SimpleRNN
0.015366286970674992,0.09326572716236115,0.034254249185323715,0.1450628787279129,0.0010000000474974513,9,6,SimpleRNN
0.01272505708038807,0.0866154208779335,0.035213932394981384,0.1452646702528,0.0010000000474974513,10,6,SimpleRNN
0.013958532363176346,0.08489958941936493,0.03306055814027786,0.1388539969921112,0.0010000000474974513,11,6,SimpleRNN
0.011084531433880329,0.07682900130748749,0.02946425974369049,0.12928801774978638,0.0010000000474974513,12,6,SimpleRNN
0.011180470697581768,0.07606791704893112,0.031092537567019463,0.13102219998836517,0.0010000000474974513,13,6,SimpleRNN
0.010547402314841747,0.07087065279483795,0.030352000147104263,0.13054266571998596,0.0010000000474974513,14,6,SimpleRNN
0.008671373128890991,0.06390681117773056,0.032534461468458176,0.13315051794052124,0.0010000000474974513,15,6,SimpleRNN
0.008314679376780987,0.06328752636909485,0.027555519714951515,0.12095943838357925,0.0010000000474974513,16,6,SimpleRNN
0.006995109841227531,0.0602792426943779,0.02298767864704132,0.11177327483892441,0.0010000000474974513,17,6,SimpleRNN
0.00601409375667572,0.0550045408308506,0.021090414375066757,0.1069183498620987,0.0010000000474974513,18,6,SimpleRNN
0.006627276074141264,0.054959092289209366,0.018338870257139206,0.09683787822723389,0.0010000000474974513,19,6,SimpleRNN
0.005267032887786627,0.050507836043834686,0.02260640822350979,0.10591836273670197,0.0010000000474974513,20,6,SimpleRNN
0.005368534475564957,0.05296947807073593,0.02335328422486782,0.10425791144371033,0.0010000000474974513,21,6,SimpleRNN
0.004717615433037281,0.046041522175073624,0.021042363718152046,0.09745261073112488,0.0010000000474974513,22,6,SimpleRNN
0.004762865137308836,0.04622870683670044,0.017415372654795647,0.09052276611328125,0.0010000000474974513,23,6,SimpleRNN
0.0038725375197827816,0.042940616607666016,0.01416720449924469,0.0828181579709053,0.0010000000474974513,24,6,SimpleRNN
0.003248553490266204,0.039190396666526794,0.014662271365523338,0.08292443305253983,0.0010000000474974513,25,6,SimpleRNN
0.003157650353386998,0.03820987045764923,0.01093685906380415,0.0719909518957138,0.0010000000474974513,26,6,SimpleRNN
0.003237555967643857,0.0349411815404892,0.008946238085627556,0.06350414454936981,0.0010000000474974513,27,6,SimpleRNN
0.0031703212298452854,0.03503381833434105,0.007559190038591623,0.05700507387518883,0.0010000000474974513,28,6,SimpleRNN
0.002861901419237256,0.03271332010626793,0.006420728750526905,0.05317011475563049,0.0010000000474974513,29,6,SimpleRNN
0.0025318353436887264,0.03051791526377201,0.00636659748852253,0.053837355226278305,0.0010000000474974513,30,6,SimpleRNN
0.0017334350850433111,0.02797248400747776,0.005942940711975098,0.051491931080818176,0.0010000000474974513,31,6,SimpleRNN
0.0015690362779423594,0.02601671777665615,0.005337973590940237,0.04735992103815079,0.0010000000474974513,32,6,SimpleRNN
0.0013398576993495226,0.023221330717206,0.0053726243786513805,0.04769914969801903,0.0010000000474974513,33,6,SimpleRNN
0.0013225041329860687,0.02319437451660633,0.005412229802459478,0.04717479646205902,0.0010000000474974513,34,6,SimpleRNN
0.001277865027077496,0.022318247705698013,0.004989930894225836,0.043680641800165176,0.0010000000474974513,35,6,SimpleRNN
0.0012227946426719427,0.022000420838594437,0.004447391722351313,0.040343984961509705,0.0010000000474974513,36,6,SimpleRNN
0.0008040718385018408,0.018210671842098236,0.004003384616225958,0.03791028633713722,0.0010000000474974513,37,6,SimpleRNN
0.0009741299436427653,0.01951240561902523,0.0037432617973536253,0.03654654324054718,0.0010000000474974513,38,6,SimpleRNN
0.0008489796309731901,0.01726233772933483,0.0036260471679270267,0.035668425261974335,0.0010000000474974513,39,6,SimpleRNN
0.0007741075241938233,0.01637236587703228,0.0036047787871211767,0.0351545475423336,0.0010000000474974513,40,6,SimpleRNN
0.0009715532651171088,0.017484763637185097,0.0033692060969769955,0.0337095744907856,0.0010000000474974513,41,6,SimpleRNN
0.00073468335904181,0.015226409770548344,0.0033365313429385424,0.033647321164608,0.0010000000474974513,42,6,SimpleRNN
0.0005744826048612595,0.01491706445813179,0.003228186396881938,0.03325633332133293,0.0010000000474974513,43,6,SimpleRNN
0.0006142185302451253,0.013541615568101406,0.0031128160189837217,0.032658834010362625,0.0010000000474974513,44,6,SimpleRNN
0.0007383893826045096,0.01526222936809063,0.0033021136187016964,0.033265501260757446,0.0010000000474974513,45,6,SimpleRNN
0.0005753401201218367,0.013941873796284199,0.003192952834069729,0.03191353380680084,0.0010000000474974513,46,6,SimpleRNN
0.0007675010710954666,0.013789279386401176,0.0030925015453249216,0.030681615695357323,0.0010000000474974513,47,6,SimpleRNN
0.0004619198152795434,0.01220152247697115,0.0029597782995551825,0.02990853600203991,0.0010000000474974513,48,6,SimpleRNN
0.0006665380205959082,0.01184162124991417,0.0028692460618913174,0.02917018160223961,0.0010000000474974513,49,6,SimpleRNN
0.0006888218340463936,0.012884718365967274,0.00271993619389832,0.028822576627135277,0.0010000000474974513,50,6,SimpleRNN
0.0004103130486328155,0.011503900401294231,0.002572488971054554,0.028392037376761436,0.0010000000474974513,51,6,SimpleRNN
0.0005081783747300506,0.012072231620550156,0.0023379086051136255,0.02671155519783497,0.0010000000474974513,52,6,SimpleRNN
0.00036328143323771656,0.0104050999507308,0.0021186943631619215,0.02508658356964588,0.0010000000474974513,53,6,SimpleRNN
0.00032938309595920146,0.00964902900159359,0.0019410984823480248,0.023526780307292938,0.0010000000474974513,54,6,SimpleRNN
0.00041546550346538424,0.010721762664616108,0.0017356827156618237,0.02195320464670658,0.0010000000474974513,55,6,SimpleRNN
0.0005360615323297679,0.010996379889547825,0.0014768667751923203,0.019731858745217323,0.0010000000474974513,56,6,SimpleRNN
0.00036625360371544957,0.009668892249464989,0.001405250863172114,0.01911807619035244,0.0010000000474974513,57,6,SimpleRNN
0.0004663954896386713,0.009125234559178352,0.001460605300962925,0.019578509032726288,0.0010000000474974513,58,6,SimpleRNN
0.00039188761729747057,0.009649350307881832,0.0014494244242087007,0.019490813836455345,0.0010000000474974513,59,6,SimpleRNN
0.00024732420570217073,0.008041308261454105,0.0014150207862257957,0.019181562587618828,0.0010000000474974513,60,6,SimpleRNN
0.00027846317971125245,0.008784581907093525,0.001338717876933515,0.01859738491475582,0.0010000000474974513,61,6,SimpleRNN
0.00024703150847926736,0.00872687716037035,0.0013164365664124489,0.018197335302829742,0.0010000000474974513,62,6,SimpleRNN
0.0002444370184093714,0.007887361571192741,0.0013259364059194922,0.01811980828642845,0.0010000000474974513,63,6,SimpleRNN
0.00027319698710925877,0.008110813796520233,0.0013441808987408876,0.018092328682541847,0.0010000000474974513,64,6,SimpleRNN
0.0003018291899934411,0.00775092002004385,0.001357344095595181,0.01798873394727707,0.0010000000474974513,65,6,SimpleRNN
0.00022641873511020094,0.007770971395075321,0.0013058471959084272,0.01760414056479931,0.0010000000474974513,66,6,SimpleRNN
0.00024021345598157495,0.007324627134948969,0.0012210775166749954,0.017126167193055153,0.0010000000474974513,67,6,SimpleRNN
0.0002010201569646597,0.007244519889354706,0.001185329630970955,0.01689819246530533,0.0010000000474974513,68,6,SimpleRNN
0.0002513985091354698,0.007493447046726942,0.0011629166547209024,0.016795240342617035,0.0010000000474974513,69,6,SimpleRNN
0.0003006838960573077,0.007447933778166771,0.0011532240314409137,0.016575545072555542,0.0010000000474974513,70,6,SimpleRNN
0.0001978429063456133,0.006810201331973076,0.001111110090278089,0.016400497406721115,0.0010000000474974513,71,6,SimpleRNN
0.00023556995438411832,0.0076092444360256195,0.0010769563959911466,0.016224833205342293,0.0010000000474974513,72,6,SimpleRNN
0.0001785643835319206,0.0070201680064201355,0.001065797172486782,0.016003364697098732,0.0010000000474974513,73,6,SimpleRNN
0.00020079861860722303,0.007383482530713081,0.0010859824251383543,0.01587710715830326,0.0010000000474974513,74,6,SimpleRNN
0.0002852348843589425,0.008133195340633392,0.001108224387280643,0.015929587185382843,0.0010000000474974513,75,6,SimpleRNN
0.0001406544033670798,0.006400976795703173,0.0010831862455233932,0.015978841111063957,0.0010000000474974513,76,6,SimpleRNN
0.00014372864097822458,0.006535245571285486,0.0010798099683597684,0.015843525528907776,0.0010000000474974513,77,6,SimpleRNN
0.000167899823281914,0.006872544530779123,0.001089925761334598,0.015843357890844345,0.0010000000474974513,78,6,SimpleRNN
0.0002012337645282969,0.0067644487135112286,0.00109692825935781,0.0159444697201252,0.0010000000474974513,79,6,SimpleRNN
0.00018285024270880967,0.006945099215954542,0.0011104496661573648,0.01617414690554142,0.0010000000474974513,80,6,SimpleRNN
0.00016431738913524896,0.006465802434831858,0.001065850374288857,0.015802068635821342,0.0010000000474974513,81,6,SimpleRNN
0.0001841800840338692,0.006455555558204651,0.0010400579776614904,0.015628090128302574,0.0005000000237487257,82,6,SimpleRNN
0.0001723606401355937,0.0065414151176810265,0.0010224186116829515,0.01544125284999609,0.0005000000237487257,83,6,SimpleRNN
0.00013337601558305323,0.00611245259642601,0.0010199658572673798,0.015318892896175385,0.0005000000237487257,84,6,SimpleRNN
0.00020165531896054745,0.007151878904551268,0.0009968020021915436,0.015090560540556908,0.0005000000237487257,85,6,SimpleRNN
0.00014978878607507795,0.006247308105230331,0.0009810314513742924,0.014872926287353039,0.0005000000237487257,86,6,SimpleRNN
0.00013790531374979764,0.006276178173720837,0.0009770410833880305,0.01468907855451107,0.0005000000237487257,87,6,SimpleRNN
0.00021600241598207504,0.0071252863854169846,0.0009653010056354105,0.014600366353988647,0.0005000000237487257,88,6,SimpleRNN
0.0001969773875316605,0.006948438473045826,0.0009527195361442864,0.014506038278341293,0.0005000000237487257,89,6,SimpleRNN
0.00014880324306432158,0.006108470726758242,0.0009414558298885822,0.014350730925798416,0.0005000000237487257,90,6,SimpleRNN
0.0005315228481777012,0.007364129181951284,0.0009058356517925858,0.014232760295271873,0.0005000000237487257,91,6,SimpleRNN
0.0002863692934624851,0.0073754568584263325,0.0008425075211562216,0.014000524766743183,0.0005000000237487257,92,6,SimpleRNN
0.00020746153313666582,0.006373679265379906,0.0008200338925234973,0.013785733841359615,0.0005000000237487257,93,6,SimpleRNN
0.00014378422929439694,0.006242407951503992,0.0008103222935460508,0.013683631084859371,0.0005000000237487257,94,6,SimpleRNN
0.00024387336452491581,0.006982164923101664,0.0008128051413223147,0.013609836809337139,0.0005000000237487257,95,6,SimpleRNN
0.00010963215754600242,0.005652966909110546,0.0008168307249434292,0.013572086580097675,0.0005000000237487257,96,6,SimpleRNN
0.00029220490250736475,0.006621892563998699,0.0008125619497150183,0.013550074771046638,0.0005000000237487257,97,6,SimpleRNN
0.00015858732513152063,0.006332422140985727,0.0008136419928632677,0.013460409827530384,0.0005000000237487257,98,6,SimpleRNN
0.0001042737130774185,0.005530828610062599,0.0008111594361253083,0.013312682509422302,0.0005000000237487257,99,6,SimpleRNN
0.00013221061090007424,0.005878917872905731,0.0008142836741171777,0.0132643086835742,0.0005000000237487257,100,6,SimpleRNN
0.00046564562944695354,0.0073827407322824,0.0007973239989951253,0.012966074980795383,0.0005000000237487257,101,6,SimpleRNN
0.00012919561413582414,0.005783272907137871,0.0007672163774259388,0.012748251669108868,0.0005000000237487257,102,6,SimpleRNN
0.00011374029418220744,0.005542415659874678,0.0007632185006514192,0.012707645073533058,0.0002500000118743628,103,6,SimpleRNN
0.00010577794455457479,0.005450849421322346,0.0007615713984705508,0.012718680314719677,0.0002500000118743628,104,6,SimpleRNN
0.00017814185412134975,0.006442371755838394,0.000761910923756659,0.012742946855723858,0.0002500000118743628,105,6,SimpleRNN
0.00017551719793118536,0.006693555042147636,0.0007594606140628457,0.012827827595174313,0.0002500000118743628,106,6,SimpleRNN
0.0001790140668163076,0.0063659935258328915,0.0007509667775593698,0.01280530821532011,0.0002500000118743628,107,6,SimpleRNN
0.0001784447522368282,0.006338014733046293,0.000745049153920263,0.012755566276609898,0.0002500000118743628,108,6,SimpleRNN
0.00023545401927549392,0.0067879981361329556,0.0007418873719871044,0.012775857001543045,0.0002500000118743628,109,6,SimpleRNN
0.0001397118321619928,0.006050466559827328,0.0007423466886393726,0.012823489494621754,0.0002500000118743628,110,6,SimpleRNN
0.0001673293299973011,0.006666508037596941,0.0007376550347544253,0.01279295515269041,0.0002500000118743628,111,6,SimpleRNN
0.00016678481188137084,0.006406896281987429,0.0007364115444943309,0.012676798738539219,0.0002500000118743628,112,6,SimpleRNN
0.00016842327022459358,0.0062031918205320835,0.0007335792179219425,0.01250140368938446,0.0002500000118743628,113,6,SimpleRNN
0.00022493443975690752,0.006568188313394785,0.000734161410946399,0.012518875300884247,0.0002500000118743628,114,6,SimpleRNN
0.00011867478315252811,0.005699074361473322,0.0007346724160015583,0.012587894685566425,0.0002500000118743628,115,6,SimpleRNN
0.0001162269472843036,0.005851247813552618,0.0007338214782066643,0.012648878619074821,0.0002500000118743628,116,6,SimpleRNN
0.00010070790449390188,0.005420588422566652,0.0007336065755225718,0.012657847255468369,0.0002500000118743628,117,6,SimpleRNN
0.0001958856882993132,0.0060058701783418655,0.0007353805121965706,0.012638070620596409,0.0002500000118743628,118,6,SimpleRNN
0.00018419617845211178,0.006653354968875647,0.0007396047585643828,0.012618185952305794,0.0002500000118743628,119,6,SimpleRNN
0.00025966865359805524,0.007107716519385576,0.0007417974411509931,0.012608764693140984,0.0001250000059371814,120,6,SimpleRNN
0.00015195355808828026,0.006086219102144241,0.000744619348552078,0.012570272199809551,0.0001250000059371814,121,6,SimpleRNN
0.00016322593728546053,0.006218256428837776,0.0007461237255483866,0.012574872002005577,0.0001250000059371814,122,6,SimpleRNN
0.00014810591528657824,0.0062148612923920155,0.0007461499772034585,0.012607362121343613,0.0001250000059371814,123,6,SimpleRNN
0.00022468669340014458,0.006672472693026066,0.0007467461982741952,0.012606956996023655,0.0001250000059371814,124,6,SimpleRNN
0.00010781848686747253,0.0053945123217999935,0.0007483031949959695,0.0125802643597126,0.0001250000059371814,125,6,SimpleRNN
0.0001580664684297517,0.006299735978245735,0.0007514609606005251,0.012545622885227203,0.0001250000059371814,126,6,SimpleRNN
0.0002073426148854196,0.006426144391298294,0.0007510773139074445,0.012531937099993229,0.0001250000059371814,127,6,SimpleRNN
0.001103948918171227,0.007786274887621403,0.0007465602247975767,0.012641523033380508,0.0001250000059371814,128,6,SimpleRNN
0.0001246573228854686,0.005950691644102335,0.0007450528792105615,0.012743804603815079,0.0001250000059371814,129,6,SimpleRNN
0.00018596630252432078,0.006554897874593735,0.0007434235303662717,0.012746558524668217,6.25000029685907e-05,130,6,SimpleRNN
0.0001223254221258685,0.005707634147256613,0.000742538773920387,0.012717877514660358,6.25000029685907e-05,131,6,SimpleRNN
0.00013677262177225202,0.006082271691411734,0.0007417710730805993,0.012683963403105736,6.25000029685907e-05,132,6,SimpleRNN
0.00017165900499094278,0.006512935273349285,0.0007412682753056288,0.012649359181523323,6.25000029685907e-05,133,6,SimpleRNN
0.2598816752433777,0.3851177990436554,0.22304776310920715,0.4193269610404968,0.0010000000474974513,1,7,SimpleRNN
0.1181853786110878,0.2596966624259949,0.10832016170024872,0.2715080976486206,0.0010000000474974513,2,7,SimpleRNN
0.07029799371957779,0.2058049738407135,0.07909352332353592,0.23996980488300323,0.0010000000474974513,3,7,SimpleRNN
0.050724584609270096,0.1734306961297989,0.06125008314847946,0.20931120216846466,0.0010000000474974513,4,7,SimpleRNN
0.03999999165534973,0.15855325758457184,0.05221695825457573,0.1940750926733017,0.0010000000474974513,5,7,SimpleRNN
0.04282386973500252,0.1576366126537323,0.04962950199842453,0.18972961604595184,0.0010000000474974513,6,7,SimpleRNN
0.025984004139900208,0.12343402951955795,0.051509156823158264,0.18935678899288177,0.0010000000474974513,7,7,SimpleRNN
0.027445059269666672,0.1278778463602066,0.03290395066142082,0.14925508201122284,0.0010000000474974513,8,7,SimpleRNN
0.0219766516238451,0.11292620748281479,0.02506430633366108,0.12729080021381378,0.0010000000474974513,9,7,SimpleRNN
0.02346426248550415,0.11650074273347855,0.019234200939536095,0.11093048006296158,0.0010000000474974513,10,7,SimpleRNN
0.01704389788210392,0.09946899116039276,0.016775110736489296,0.10056182742118835,0.0010000000474974513,11,7,SimpleRNN
0.016727374866604805,0.1020280122756958,0.015955355018377304,0.09753435850143433,0.0010000000474974513,12,7,SimpleRNN
0.016145503148436546,0.0942794680595398,0.015046750195324421,0.09462675452232361,0.0010000000474974513,13,7,SimpleRNN
0.016253886744379997,0.09477683156728745,0.014698675833642483,0.09330563992261887,0.0010000000474974513,14,7,SimpleRNN
0.013969306834042072,0.09140708297491074,0.012761629186570644,0.08719851821660995,0.0010000000474974513,15,7,SimpleRNN
0.011776936240494251,0.08747807890176773,0.012640034779906273,0.08695131540298462,0.0010000000474974513,16,7,SimpleRNN
0.011415007524192333,0.08215564489364624,0.01361936703324318,0.09147507697343826,0.0010000000474974513,17,7,SimpleRNN
0.011454812251031399,0.08353698998689651,0.013132876716554165,0.09042183309793472,0.0010000000474974513,18,7,SimpleRNN
0.008930305950343609,0.07356585562229156,0.012821203097701073,0.08857868611812592,0.0010000000474974513,19,7,SimpleRNN
0.008664106018841267,0.07256648689508438,0.011589599773287773,0.08416605740785599,0.0010000000474974513,20,7,SimpleRNN
0.00903516449034214,0.07390127331018448,0.010527659207582474,0.07937518507242203,0.0010000000474974513,21,7,SimpleRNN
0.009483766742050648,0.07447934150695801,0.009313642047345638,0.07381659746170044,0.0010000000474974513,22,7,SimpleRNN
0.00805487111210823,0.06697719544172287,0.009721619077026844,0.07520776987075806,0.0010000000474974513,23,7,SimpleRNN
0.008286074735224247,0.07053281366825104,0.010471483692526817,0.07754449546337128,0.0010000000474974513,24,7,SimpleRNN
0.006670937407761812,0.06194010749459267,0.009487477131187916,0.07383417338132858,0.0010000000474974513,25,7,SimpleRNN
0.0055550383403897285,0.05764186382293701,0.008880076929926872,0.07153725624084473,0.0010000000474974513,26,7,SimpleRNN
0.005568277556449175,0.055424340069293976,0.008248462341725826,0.06856917589902878,0.0010000000474974513,27,7,SimpleRNN
0.005849780514836311,0.05800026282668114,0.007956849411129951,0.06631554663181305,0.0010000000474974513,28,7,SimpleRNN
0.005604444071650505,0.05664358288049698,0.007223638705909252,0.06277494877576828,0.0010000000474974513,29,7,SimpleRNN
0.004438364878296852,0.05095061659812927,0.00835404358804226,0.06658948212862015,0.0010000000474974513,30,7,SimpleRNN
0.00406762445345521,0.04770076274871826,0.007540285587310791,0.06302403658628464,0.0010000000474974513,31,7,SimpleRNN
0.004617731086909771,0.0514533556997776,0.006605926901102066,0.0580710768699646,0.0010000000474974513,32,7,SimpleRNN
0.0038364543579518795,0.046910610049963,0.006221764255315065,0.05529453232884407,0.0010000000474974513,33,7,SimpleRNN
0.0049934410490095615,0.05183245986700058,0.005348809063434601,0.05132090300321579,0.0010000000474974513,34,7,SimpleRNN
0.004084197338670492,0.04940556734800339,0.004584562033414841,0.04851611703634262,0.0010000000474974513,35,7,SimpleRNN
0.003348593134433031,0.045131657272577286,0.003835198236629367,0.044476620852947235,0.0010000000474974513,36,7,SimpleRNN
0.003697972511872649,0.04421110823750496,0.003144476329907775,0.04053632169961929,0.0010000000474974513,37,7,SimpleRNN
0.0027547082863748074,0.04013057425618172,0.002866641851142049,0.03835560381412506,0.0010000000474974513,38,7,SimpleRNN
0.0033882921561598778,0.04196574166417122,0.002545701339840889,0.036454591900110245,0.0010000000474974513,39,7,SimpleRNN
0.0027361914981156588,0.03988677263259888,0.002675984986126423,0.03673882782459259,0.0010000000474974513,40,7,SimpleRNN
0.0026687607169151306,0.03931364417076111,0.0028650080785155296,0.03756444901227951,0.0010000000474974513,41,7,SimpleRNN
0.0028564552776515484,0.04213613271713257,0.002623404609039426,0.03616602346301079,0.0010000000474974513,42,7,SimpleRNN
0.002834742423146963,0.03958765044808388,0.0023476756177842617,0.0349108912050724,0.0010000000474974513,43,7,SimpleRNN
0.002428076695650816,0.039192281663417816,0.002267975127324462,0.03434211388230324,0.0010000000474974513,44,7,SimpleRNN
0.0027579443994909525,0.04070809483528137,0.0022792299278080463,0.03467002883553505,0.0010000000474974513,45,7,SimpleRNN
0.0022205873392522335,0.036002229899168015,0.0020915749482810497,0.03344282507896423,0.0010000000474974513,46,7,SimpleRNN
0.0021130170207470655,0.03433268517255783,0.0020630275830626488,0.03301326185464859,0.0010000000474974513,47,7,SimpleRNN
0.002106274478137493,0.03419798985123634,0.0018795139621943235,0.03144724294543266,0.0010000000474974513,48,7,SimpleRNN
0.0020059451926499605,0.033311549574136734,0.0017357030883431435,0.030490802600979805,0.0010000000474974513,49,7,SimpleRNN
0.0017895579803735018,0.033148132264614105,0.0016938018379732966,0.02999441884458065,0.0010000000474974513,50,7,SimpleRNN
0.001758515601977706,0.03142249584197998,0.0016955593600869179,0.029574792832136154,0.0010000000474974513,51,7,SimpleRNN
0.0019004441564902663,0.031519316136837006,0.0016175623750314116,0.02943786419928074,0.0010000000474974513,52,7,SimpleRNN
0.0015346717555075884,0.0297776497900486,0.001550613553263247,0.02919757179915905,0.0010000000474974513,53,7,SimpleRNN
0.0018455589888617396,0.031878676265478134,0.0016525554237887263,0.029500408098101616,0.0010000000474974513,54,7,SimpleRNN
0.0014784765662625432,0.0294073224067688,0.001580103999003768,0.02879324182868004,0.0010000000474974513,55,7,SimpleRNN
0.0013478553155437112,0.027585972100496292,0.0016186246648430824,0.02879815176129341,0.0010000000474974513,56,7,SimpleRNN
0.0013346788473427296,0.027770213782787323,0.0014884257689118385,0.02805459313094616,0.0010000000474974513,57,7,SimpleRNN
0.0013159337686374784,0.027676904574036598,0.001424060552380979,0.02733520232141018,0.0010000000474974513,58,7,SimpleRNN
0.001868436229415238,0.030748886987566948,0.0014592381194233894,0.027385741472244263,0.0010000000474974513,59,7,SimpleRNN
0.0014118695398792624,0.02787921018898487,0.0013188642915338278,0.026426611468195915,0.0010000000474974513,60,7,SimpleRNN
0.001114826649427414,0.02487371116876602,0.0010928347473964095,0.02472803182899952,0.0010000000474974513,61,7,SimpleRNN
0.0012391089694574475,0.025385700166225433,0.0010217230301350355,0.02379699796438217,0.0010000000474974513,62,7,SimpleRNN
0.001285994309000671,0.026202451437711716,0.0009856953984126449,0.023208217695355415,0.0010000000474974513,63,7,SimpleRNN
0.0010944652603939176,0.02404118701815605,0.0009152709972113371,0.022567784413695335,0.0010000000474974513,64,7,SimpleRNN
0.0012146455701440573,0.026323309168219566,0.0009065579506568611,0.022725358605384827,0.0010000000474974513,65,7,SimpleRNN
0.0012753312475979328,0.025929590687155724,0.0008664301130920649,0.022171225398778915,0.0010000000474974513,66,7,SimpleRNN
0.0009359883260913193,0.02215201035141945,0.0007943320670165122,0.021594563499093056,0.0010000000474974513,67,7,SimpleRNN
0.0007917328621260822,0.020916689187288284,0.0007812833064235747,0.02147393487393856,0.0010000000474974513,68,7,SimpleRNN
0.0008253870182670653,0.02120230160653591,0.0007735694525763392,0.021333318203687668,0.0010000000474974513,69,7,SimpleRNN
0.001013401779346168,0.023085979744791985,0.00080167839769274,0.021708650514483452,0.0010000000474974513,70,7,SimpleRNN
0.0008829834987409413,0.021497929468750954,0.0007766967755742371,0.021463332697749138,0.0010000000474974513,71,7,SimpleRNN
0.00065992382587865,0.0199163556098938,0.0007479983032681048,0.021065423265099525,0.0010000000474974513,72,7,SimpleRNN
0.000896693323738873,0.021515747532248497,0.0007100250804796815,0.020607564598321915,0.0010000000474974513,73,7,SimpleRNN
0.0007886692183092237,0.02084800787270069,0.000690474349539727,0.020371243357658386,0.0010000000474974513,74,7,SimpleRNN
0.0007848822278901935,0.02013389579951763,0.0007052684668451548,0.02069159410893917,0.0010000000474974513,75,7,SimpleRNN
0.0007994568441063166,0.019832709804177284,0.0006590514094568789,0.02006140537559986,0.0010000000474974513,76,7,SimpleRNN
0.000931789050810039,0.019995076581835747,0.0006198043120093644,0.0194608885794878,0.0010000000474974513,77,7,SimpleRNN
0.0005871211178600788,0.01812688447535038,0.0006294051418080926,0.019358491525053978,0.0010000000474974513,78,7,SimpleRNN
0.000532721693161875,0.017353203147649765,0.0006500199669972062,0.019447624683380127,0.0010000000474974513,79,7,SimpleRNN
0.0005447652074508369,0.016312086954712868,0.0006262179231271148,0.019010556861758232,0.0010000000474974513,80,7,SimpleRNN
0.0008780125644989312,0.018627887591719627,0.0005981659051030874,0.018663065508008003,0.0010000000474974513,81,7,SimpleRNN
0.000668282329570502,0.018598012626171112,0.0005593972164206207,0.018078045919537544,0.0010000000474974513,82,7,SimpleRNN
0.0005983738228678703,0.018003642559051514,0.0005725327064283192,0.01843278296291828,0.0010000000474974513,83,7,SimpleRNN
0.0004093646421097219,0.01559562049806118,0.0005633027758449316,0.018358560279011726,0.0010000000474974513,84,7,SimpleRNN
0.0005755079328082502,0.017571715638041496,0.0005490942276082933,0.01819063350558281,0.0010000000474974513,85,7,SimpleRNN
0.0007147944415919483,0.01726725324988365,0.0005127940094098449,0.017695140093564987,0.0010000000474974513,86,7,SimpleRNN
0.00039251637645065784,0.014474787749350071,0.00048585914191789925,0.017268868163228035,0.0010000000474974513,87,7,SimpleRNN
0.00041334223351441324,0.015108320862054825,0.00048353380407206714,0.01733681932091713,0.0010000000474974513,88,7,SimpleRNN
0.0004951819428242743,0.015344361774623394,0.0005019960808567703,0.01779138296842575,0.0010000000474974513,89,7,SimpleRNN
0.0004943400854244828,0.014805433340370655,0.0004725456237792969,0.017207657918334007,0.0010000000474974513,90,7,SimpleRNN
0.0004670738708227873,0.014671802520751953,0.0004676051321439445,0.017263289541006088,0.0010000000474974513,91,7,SimpleRNN
0.00045119886635802686,0.014493071474134922,0.0004622936248779297,0.01721273362636566,0.0010000000474974513,92,7,SimpleRNN
0.00043268167064525187,0.013749893754720688,0.00044380713370628655,0.016758888959884644,0.0010000000474974513,93,7,SimpleRNN
0.00035031206789426506,0.013498502783477306,0.00043872842798009515,0.016625333577394485,0.0010000000474974513,94,7,SimpleRNN
0.0004013465659227222,0.013583511114120483,0.0004109083965886384,0.015909530222415924,0.0010000000474974513,95,7,SimpleRNN
0.00041023900848813355,0.013834002427756786,0.0004092268063686788,0.01586669310927391,0.0010000000474974513,96,7,SimpleRNN
0.0003134479629807174,0.01287549827247858,0.00039752069278620183,0.015623372979462147,0.0010000000474974513,97,7,SimpleRNN
0.0003128110838588327,0.011891685426235199,0.0003832743095699698,0.01524360291659832,0.0010000000474974513,98,7,SimpleRNN
0.0002613276010379195,0.011651050299406052,0.00037304256693460047,0.014990701340138912,0.0010000000474974513,99,7,SimpleRNN
0.0012187015963718295,0.015094159170985222,0.0003940314636565745,0.01541085820645094,0.0010000000474974513,100,7,SimpleRNN
0.000414170790463686,0.013064303435385227,0.00040394440293312073,0.015322310850024223,0.0010000000474974513,101,7,SimpleRNN
0.00044707307824864984,0.012685904279351234,0.0003713989572133869,0.014278227463364601,0.0010000000474974513,102,7,SimpleRNN
0.0003458022838458419,0.01222157385200262,0.00036513476516120136,0.014317554421722889,0.0010000000474974513,103,7,SimpleRNN
0.0003495510609354824,0.01271909847855568,0.00036742116208188236,0.014499491080641747,0.0010000000474974513,104,7,SimpleRNN
0.0004110886075068265,0.012676335871219635,0.0003435711550991982,0.013802051544189453,0.0010000000474974513,105,7,SimpleRNN
0.00037089380202814937,0.012043305672705173,0.0003393014776520431,0.013685622252523899,0.0005000000237487257,106,7,SimpleRNN
0.0002885662252083421,0.011630234308540821,0.0003446269838605076,0.013943159021437168,0.0005000000237487257,107,7,SimpleRNN
0.00027015653904527426,0.010968045331537724,0.00034622446401044726,0.014003683812916279,0.0005000000237487257,108,7,SimpleRNN
0.00032924217521212995,0.011883528903126717,0.00032739367452450097,0.013518184423446655,0.0005000000237487257,109,7,SimpleRNN
0.00028727168682962656,0.011331239715218544,0.0003140873450320214,0.013350646942853928,0.0005000000237487257,110,7,SimpleRNN
0.00045564817264676094,0.012348787859082222,0.00030581114697270095,0.013396362774074078,0.0005000000237487257,111,7,SimpleRNN
0.00025546218967065215,0.010636093094944954,0.00029314603307284415,0.013188084587454796,0.0005000000237487257,112,7,SimpleRNN
0.00028485420625656843,0.011431155726313591,0.00027215268346481025,0.012609954923391342,0.0005000000237487257,113,7,SimpleRNN
0.0002944564330391586,0.011185293085873127,0.0002597039856482297,0.012308856472373009,0.0005000000237487257,114,7,SimpleRNN
0.0003889930376317352,0.011561430990695953,0.00025095787714235485,0.012107307091355324,0.0005000000237487257,115,7,SimpleRNN
0.00034433286054991186,0.012007308192551136,0.0002521354763302952,0.01230443175882101,0.0005000000237487257,116,7,SimpleRNN
0.000242944952333346,0.01074039377272129,0.00025139242643490434,0.012351537123322487,0.0005000000237487257,117,7,SimpleRNN
0.00025124475359916687,0.010393803007900715,0.0002480322145856917,0.012161467224359512,0.0005000000237487257,118,7,SimpleRNN
0.0002703676000237465,0.010659057646989822,0.00024608231615275145,0.012108680792152882,0.0005000000237487257,119,7,SimpleRNN
0.0002565263712313026,0.010016840882599354,0.00024189412943087518,0.012006407603621483,0.0005000000237487257,120,7,SimpleRNN
0.0002452575135976076,0.010292579419910908,0.00023972836788743734,0.011849700473248959,0.0005000000237487257,121,7,SimpleRNN
0.00027163195773027837,0.010322330519557,0.0002395389456069097,0.01181802712380886,0.0002500000118743628,122,7,SimpleRNN
0.00023529204190708697,0.010328708216547966,0.0002392791211605072,0.011844832450151443,0.0002500000118743628,123,7,SimpleRNN
0.00023720132594462484,0.010080737061798573,0.00024014385417103767,0.011902115307748318,0.0002500000118743628,124,7,SimpleRNN
0.0003128630924038589,0.010321666486561298,0.00023900870291981846,0.011820218525826931,0.0002500000118743628,125,7,SimpleRNN
0.00022679388348478824,0.010574445128440857,0.00023806038370821625,0.011775481514632702,0.0002500000118743628,126,7,SimpleRNN
0.00021049470524303615,0.010048571042716503,0.00023788100224919617,0.011780897155404091,0.0002500000118743628,127,7,SimpleRNN
0.00023427662381436676,0.010159468278288841,0.00023792726278770715,0.011825460940599442,0.0002500000118743628,128,7,SimpleRNN
0.00024069054052233696,0.010052062571048737,0.00023780942137818784,0.011883125640451908,0.0002500000118743628,129,7,SimpleRNN
0.00023429119028151035,0.00985898356884718,0.00023474548652302474,0.011838734149932861,0.0002500000118743628,130,7,SimpleRNN
0.00032818870386108756,0.011080187745392323,0.0002294048317708075,0.011659153737127781,0.0002500000118743628,131,7,SimpleRNN
0.00031517361639998853,0.011411717161536217,0.00022757121769245714,0.011625492013990879,0.0001250000059371814,132,7,SimpleRNN
0.0003284272097516805,0.011140694841742516,0.00022569994325749576,0.011595473624765873,0.0001250000059371814,133,7,SimpleRNN
0.00023479346418753266,0.009772786870598793,0.00022177406935952604,0.011467646807432175,0.0001250000059371814,134,7,SimpleRNN
0.00023277361469808966,0.010092368349432945,0.00021989716333337128,0.011390001513063908,0.0001250000059371814,135,7,SimpleRNN
0.00028829468647018075,0.010955888777971268,0.00022013358830008656,0.011426044628024101,0.0001250000059371814,136,7,SimpleRNN
0.0002832620812114328,0.010579602792859077,0.00022016630100551993,0.011472823098301888,0.0001250000059371814,137,7,SimpleRNN
0.00019363830506335944,0.00929612759500742,0.00021944186300970614,0.011445974931120872,0.0001250000059371814,138,7,SimpleRNN
0.00025708324392326176,0.010378541424870491,0.00021905892936047167,0.011429543606936932,0.0001250000059371814,139,7,SimpleRNN
0.00019760259601753205,0.00956549309194088,0.00021857947285752743,0.01141191553324461,0.0001250000059371814,140,7,SimpleRNN
0.000237570347962901,0.009822794236242771,0.00021842357818968594,0.011399085633456707,0.0001250000059371814,141,7,SimpleRNN
0.00019781640730798244,0.009833971969783306,0.0002182894677389413,0.01139281690120697,6.25000029685907e-05,142,7,SimpleRNN
0.0002004963025683537,0.010031532496213913,0.00021784185082651675,0.011372633278369904,6.25000029685907e-05,143,7,SimpleRNN
0.000225286596105434,0.009716666303575039,0.00021774895139969885,0.011353514157235622,6.25000029685907e-05,144,7,SimpleRNN
0.00024216598831117153,0.009666990488767624,0.0002176154957851395,0.01134708896279335,6.25000029685907e-05,145,7,SimpleRNN
0.00019098944903817028,0.008996979333460331,0.00021732116874773055,0.011344685219228268,6.25000029685907e-05,146,7,SimpleRNN
0.00037445296766236424,0.010204139165580273,0.00021730500156991184,0.011352000758051872,6.25000029685907e-05,147,7,SimpleRNN
0.00019463054195512086,0.009071627631783485,0.000217619861359708,0.011367175728082657,6.25000029685907e-05,148,7,SimpleRNN
0.00023671460803598166,0.01026146300137043,0.0002180501469410956,0.011393360793590546,6.25000029685907e-05,149,7,SimpleRNN
0.0002701353805605322,0.010118945501744747,0.00021725273109041154,0.011357016861438751,6.25000029685907e-05,150,7,SimpleRNN
0.1099475771188736,0.2604580819606781,0.11458425968885422,0.29739147424697876,0.0010000000474974513,1,8,SimpleRNN
0.07529734075069427,0.21843041479587555,0.06444194912910461,0.22194884717464447,0.0010000000474974513,2,8,SimpleRNN
0.049572065472602844,0.1700121909379959,0.05674624815583229,0.20182575285434723,0.0010000000474974513,3,8,SimpleRNN
0.04350396618247032,0.15812817215919495,0.022417010739445686,0.11934398859739304,0.0010000000474974513,4,8,SimpleRNN
0.02952730283141136,0.13309472799301147,0.03668852150440216,0.15535326302051544,0.0010000000474974513,5,8,SimpleRNN
0.024554478004574776,0.11479202657938004,0.03131381422281265,0.14187733829021454,0.0010000000474974513,6,8,SimpleRNN
0.020959898829460144,0.11053558439016342,0.023104820400476456,0.12158335745334625,0.0010000000474974513,7,8,SimpleRNN
0.018332699313759804,0.10488452017307281,0.0277689378708601,0.1338963657617569,0.0010000000474974513,8,8,SimpleRNN
0.014690559357404709,0.09259136766195297,0.02127135917544365,0.11878200620412827,0.0010000000474974513,9,8,SimpleRNN
0.014556050300598145,0.09403397887945175,0.018969666212797165,0.11220943182706833,0.0010000000474974513,10,8,SimpleRNN
0.012375953607261181,0.08709988743066788,0.022411450743675232,0.12136533856391907,0.0010000000474974513,11,8,SimpleRNN
0.010868472047150135,0.08021235466003418,0.01811983808875084,0.11162958294153214,0.0010000000474974513,12,8,SimpleRNN
0.01169145293533802,0.08222551643848419,0.01578027941286564,0.10075519979000092,0.0010000000474974513,13,8,SimpleRNN
0.010996430180966854,0.07471342384815216,0.019047996029257774,0.11187028139829636,0.0010000000474974513,14,8,SimpleRNN
0.008347056806087494,0.0686848908662796,0.023709023371338844,0.1244586780667305,0.0010000000474974513,15,8,SimpleRNN
0.008371880277991295,0.06880803406238556,0.01869068294763565,0.11547939479351044,0.0010000000474974513,16,8,SimpleRNN
0.007929734885692596,0.06805219501256943,0.016382256522774696,0.1115117147564888,0.0010000000474974513,17,8,SimpleRNN
0.008668642491102219,0.06804964691400528,0.018605299293994904,0.12005704641342163,0.0010000000474974513,18,8,SimpleRNN
0.00615806644782424,0.05752066150307655,0.018969343975186348,0.11564508080482483,0.0010000000474974513,19,8,SimpleRNN
0.005190995521843433,0.05559074878692627,0.014890247955918312,0.10524840652942657,0.0010000000474974513,20,8,SimpleRNN
0.004533429630100727,0.050785861909389496,0.013161693699657917,0.09914390742778778,0.0010000000474974513,21,8,SimpleRNN
0.006112216506153345,0.05600331723690033,0.01293089147657156,0.09856297075748444,0.0010000000474974513,22,8,SimpleRNN
0.004491280764341354,0.051331527531147,0.011731642298400402,0.09346924722194672,0.0010000000474974513,23,8,SimpleRNN
0.004931471776217222,0.05088140442967415,0.010111055336892605,0.08633065968751907,0.0010000000474974513,24,8,SimpleRNN
0.003606290789321065,0.044486887753009796,0.0086167948320508,0.07983486354351044,0.0010000000474974513,25,8,SimpleRNN
0.0037137691397219896,0.04574080556631088,0.008203858509659767,0.0780576542019844,0.0010000000474974513,26,8,SimpleRNN
0.003350186161696911,0.04394368454813957,0.007456233259290457,0.07300549000501633,0.0010000000474974513,27,8,SimpleRNN
0.003398932283744216,0.045122962445020676,0.008249961771070957,0.07636158913373947,0.0010000000474974513,28,8,SimpleRNN
0.0030853694770485163,0.04376847296953201,0.008794811554253101,0.07724124938249588,0.0010000000474974513,29,8,SimpleRNN
0.002765391720458865,0.03920607268810272,0.008792534470558167,0.07776933908462524,0.0010000000474974513,30,8,SimpleRNN
0.003431806806474924,0.041792433708906174,0.007792152930051088,0.07177691161632538,0.0010000000474974513,31,8,SimpleRNN
0.0021877430845052004,0.03515126183629036,0.007044417783617973,0.06767129898071289,0.0010000000474974513,32,8,SimpleRNN
0.0026524649001657963,0.03973374888300896,0.006905475631356239,0.0680251345038414,0.0010000000474974513,33,8,SimpleRNN
0.002396928844973445,0.0377497598528862,0.00574033847078681,0.05999842286109924,0.0010000000474974513,34,8,SimpleRNN
0.0017518671229481697,0.03180486708879471,0.00544938538223505,0.06037008762359619,0.0010000000474974513,35,8,SimpleRNN
0.0022699113469570875,0.03596938028931618,0.005194158758968115,0.0597107969224453,0.0010000000474974513,36,8,SimpleRNN
0.0016260499833151698,0.029435623437166214,0.004316133912652731,0.05242624133825302,0.0010000000474974513,37,8,SimpleRNN
0.002128741703927517,0.03160710260272026,0.003895381698384881,0.049250368028879166,0.0010000000474974513,38,8,SimpleRNN
0.001830896595492959,0.032050348818302155,0.004019289743155241,0.050964657217264175,0.0010000000474974513,39,8,SimpleRNN
0.0017103817081078887,0.031584594398736954,0.0037272342015057802,0.0483550950884819,0.0010000000474974513,40,8,SimpleRNN
0.0017098155803978443,0.03157396242022514,0.0038887171540409327,0.049108631908893585,0.0010000000474974513,41,8,SimpleRNN
0.0015220742207020521,0.02970094233751297,0.003915833309292793,0.049420423805713654,0.0010000000474974513,42,8,SimpleRNN
0.0015679108910262585,0.030706511810421944,0.003948293160647154,0.05078214406967163,0.0010000000474974513,43,8,SimpleRNN
0.001719946856610477,0.030894070863723755,0.003572804154828191,0.04749709367752075,0.0010000000474974513,44,8,SimpleRNN
0.001256345771253109,0.026632064953446388,0.003502071602270007,0.04636303335428238,0.0010000000474974513,45,8,SimpleRNN
0.0012480121804401278,0.02618671953678131,0.0035328378435224295,0.04697086662054062,0.0010000000474974513,46,8,SimpleRNN
0.001644817879423499,0.02777801640331745,0.003810279769822955,0.05083255097270012,0.0010000000474974513,47,8,SimpleRNN
0.0013976875925436616,0.02755451761186123,0.0033319101203233004,0.044627152383327484,0.0010000000474974513,48,8,SimpleRNN
0.0018492495873942971,0.028508014976978302,0.003052767599001527,0.04359346628189087,0.0010000000474974513,49,8,SimpleRNN
0.0015943370526656508,0.02834348753094673,0.002864027163013816,0.04344026371836662,0.0010000000474974513,50,8,SimpleRNN
0.001116553321480751,0.024792807176709175,0.0024516195990145206,0.038438960909843445,0.0010000000474974513,51,8,SimpleRNN
0.0011095183435827494,0.024417975917458534,0.0023193543311208487,0.03721429780125618,0.0010000000474974513,52,8,SimpleRNN
0.0008535037050023675,0.022042008116841316,0.0021931170485913754,0.03602752834558487,0.0010000000474974513,53,8,SimpleRNN
0.001104933675378561,0.0230749249458313,0.0020855802576988935,0.034814588725566864,0.0010000000474974513,54,8,SimpleRNN
0.0010075686732307076,0.023402458056807518,0.001969315577298403,0.033461764454841614,0.0010000000474974513,55,8,SimpleRNN
0.0008589882054366171,0.023030271753668785,0.0019292812794446945,0.03377862647175789,0.0010000000474974513,56,8,SimpleRNN
0.0008067219168879092,0.020390914753079414,0.0017640379955992103,0.031443580985069275,0.0010000000474974513,57,8,SimpleRNN
0.0009340266697108746,0.022622734308242798,0.0017368766712024808,0.03086269274353981,0.0010000000474974513,58,8,SimpleRNN
0.0008934777579270303,0.0218857042491436,0.0019117407500743866,0.03361539542675018,0.0010000000474974513,59,8,SimpleRNN
0.000800353183876723,0.02072792872786522,0.0019401604076847434,0.03381321579217911,0.0010000000474974513,60,8,SimpleRNN
0.0009271461749449372,0.02172173745930195,0.00181181903462857,0.03312652185559273,0.0010000000474974513,61,8,SimpleRNN
0.0007636252557858825,0.020021045580506325,0.0017186208860948682,0.03212611377239227,0.0010000000474974513,62,8,SimpleRNN
0.0006254835170693696,0.018255390226840973,0.0016591382445767522,0.03138827532529831,0.0010000000474974513,63,8,SimpleRNN
0.0009392930078320205,0.020565172657370567,0.001506913104094565,0.029832957312464714,0.0010000000474974513,64,8,SimpleRNN
0.0007255981909111142,0.019236065447330475,0.0014231695095077157,0.029245460405945778,0.0010000000474974513,65,8,SimpleRNN
0.0005844092811457813,0.017773976549506187,0.001478140358813107,0.030530136078596115,0.0010000000474974513,66,8,SimpleRNN
0.0007429122924804688,0.018863292410969734,0.0014088761527091265,0.028679847717285156,0.0010000000474974513,67,8,SimpleRNN
0.000591343326959759,0.01800648681819439,0.0014335050946101546,0.028615741059184074,0.0010000000474974513,68,8,SimpleRNN
0.0005340694333426654,0.017833959311246872,0.0014637548010796309,0.029009727761149406,0.0010000000474974513,69,8,SimpleRNN
0.0007455338491126895,0.018018605187535286,0.0013757983688265085,0.027811497449874878,0.0010000000474974513,70,8,SimpleRNN
0.0004908907576464117,0.016104478389024734,0.0013100487412884831,0.027164336293935776,0.0010000000474974513,71,8,SimpleRNN
0.000594191369600594,0.01755218766629696,0.0014052771730348468,0.029649049043655396,0.0010000000474974513,72,8,SimpleRNN
0.000568844610825181,0.015609726309776306,0.001231823000125587,0.026524290442466736,0.0010000000474974513,73,8,SimpleRNN
0.0005273472634144127,0.016524992883205414,0.0011553162476047873,0.02615749090909958,0.0010000000474974513,74,8,SimpleRNN
0.00047240848653018475,0.0159799512475729,0.001178839709609747,0.027333224192261696,0.0010000000474974513,75,8,SimpleRNN
0.0004661154525820166,0.016097310930490494,0.0010053535224869847,0.02393827773630619,0.0010000000474974513,76,8,SimpleRNN
0.0004935921751894057,0.01632796786725521,0.0010084150126203895,0.024921080097556114,0.0010000000474974513,77,8,SimpleRNN
0.0004330691590439528,0.01440137717872858,0.0009685038239695132,0.02432294934988022,0.0010000000474974513,78,8,SimpleRNN
0.0004185535362921655,0.014486069791018963,0.0008983762818388641,0.023071108385920525,0.0010000000474974513,79,8,SimpleRNN
0.00047532544704154134,0.013945463113486767,0.0008456114446744323,0.02249908074736595,0.0010000000474974513,80,8,SimpleRNN
0.00040246936259791255,0.014125753194093704,0.0008392711170017719,0.022778520360589027,0.0010000000474974513,81,8,SimpleRNN
0.0003262751270085573,0.01314485538750887,0.0007597679505124688,0.021685590967535973,0.0010000000474974513,82,8,SimpleRNN
0.0005386815755628049,0.01535824779421091,0.0006551824626512825,0.01986739970743656,0.0010000000474974513,83,8,SimpleRNN
0.00037301194970496,0.014121484011411667,0.0006248406716622412,0.019699392840266228,0.0010000000474974513,84,8,SimpleRNN
0.0003158524341415614,0.012580672279000282,0.0005988542689010501,0.019347408786416054,0.0010000000474974513,85,8,SimpleRNN
0.00033110141521319747,0.01293209195137024,0.0005696138832718134,0.018910108134150505,0.0010000000474974513,86,8,SimpleRNN
0.0003685108677018434,0.01281224936246872,0.0005271791596896946,0.01775198057293892,0.0010000000474974513,87,8,SimpleRNN
0.0003368944744579494,0.013339594937860966,0.000536493316758424,0.01839021034538746,0.0010000000474974513,88,8,SimpleRNN
0.00041214682278223336,0.013883831910789013,0.0004951625014655292,0.01752970553934574,0.0010000000474974513,89,8,SimpleRNN
0.00037932457053102553,0.0139485914260149,0.0004700184508692473,0.01671343855559826,0.0010000000474974513,90,8,SimpleRNN
0.00033696164609864354,0.012657808139920235,0.0004898715997114778,0.01727522537112236,0.0010000000474974513,91,8,SimpleRNN
0.0002758371701929718,0.012162315659224987,0.00046754637151025236,0.01670365035533905,0.0010000000474974513,92,8,SimpleRNN
0.0002923266147263348,0.011707402765750885,0.000464925222331658,0.017208022996783257,0.0010000000474974513,93,8,SimpleRNN
0.0002378233039053157,0.011358276009559631,0.00040971642010845244,0.015535860322415829,0.0010000000474974513,94,8,SimpleRNN
0.00027097907150164247,0.01139860413968563,0.0003982452326454222,0.01540481299161911,0.0010000000474974513,95,8,SimpleRNN
0.0002684874343685806,0.01147223636507988,0.0004075411125086248,0.016050394624471664,0.0010000000474974513,96,8,SimpleRNN
0.00022728327894583344,0.010292775928974152,0.0003641846706159413,0.014865787699818611,0.0010000000474974513,97,8,SimpleRNN
0.0002151407243218273,0.010028036311268806,0.0003708779695443809,0.015234265476465225,0.0010000000474974513,98,8,SimpleRNN
0.00031493909773416817,0.011173886246979237,0.0003375518717803061,0.014532478526234627,0.0010000000474974513,99,8,SimpleRNN
0.00040003700996749103,0.01164193730801344,0.0002782724623102695,0.012709377333521843,0.0010000000474974513,100,8,SimpleRNN
0.00022581535449717194,0.010616002604365349,0.0003127010422758758,0.014096583239734173,0.0010000000474974513,101,8,SimpleRNN
0.00019116484327241778,0.009508786723017693,0.00030544830951839685,0.013960312120616436,0.0010000000474974513,102,8,SimpleRNN
0.00022247912420425564,0.009566242806613445,0.0002972843067254871,0.01384680438786745,0.0010000000474974513,103,8,SimpleRNN
0.00019837968284264207,0.008892089128494263,0.0002613178512547165,0.012563328258693218,0.0010000000474974513,104,8,SimpleRNN
0.0003876250993926078,0.01110154204070568,0.0002902745909523219,0.013715189881622791,0.0010000000474974513,105,8,SimpleRNN
0.00021206974633969367,0.00969245657324791,0.0002572051889728755,0.01272024679929018,0.0010000000474974513,106,8,SimpleRNN
0.00016675236111041158,0.008718341588973999,0.00023431848967447877,0.011960397474467754,0.0010000000474974513,107,8,SimpleRNN
0.00019210705067962408,0.009366821497678757,0.00024953146930783987,0.012590656988322735,0.0010000000474974513,108,8,SimpleRNN
0.00017535590450279415,0.008769252337515354,0.00022541616635862738,0.011732215993106365,0.0010000000474974513,109,8,SimpleRNN
0.00015583765343762934,0.008480364456772804,0.0002333360753254965,0.012080548331141472,0.0010000000474974513,110,8,SimpleRNN
0.00019161112140864134,0.008592534810304642,0.0002229598758276552,0.011681041680276394,0.0005000000237487257,111,8,SimpleRNN
0.00020309249521233141,0.009224762208759785,0.00020997930550947785,0.011196599341928959,0.0005000000237487257,112,8,SimpleRNN
0.00016894777945708483,0.008435716852545738,0.00022015036665834486,0.011640124022960663,0.0005000000237487257,113,8,SimpleRNN
0.0001592546614119783,0.008069015108048916,0.00021602270135190338,0.011526982299983501,0.0005000000237487257,114,8,SimpleRNN
0.00015675337635912,0.008242963813245296,0.00020498763478826731,0.011106622405350208,0.0005000000237487257,115,8,SimpleRNN
0.0001755496923578903,0.008186827413737774,0.00020088731253053993,0.010977250523865223,0.0005000000237487257,116,8,SimpleRNN
0.00018221842765342444,0.008154592476785183,0.00019949665875174105,0.010945417918264866,0.0005000000237487257,117,8,SimpleRNN
0.00014841258234810084,0.007490195799618959,0.00019388188957236707,0.010733842849731445,0.0005000000237487257,118,8,SimpleRNN
0.0001560263044666499,0.007875089533627033,0.00019227454322390258,0.010702044703066349,0.0005000000237487257,119,8,SimpleRNN
0.0002041087718680501,0.008394835516810417,0.00019643400446511805,0.010881409980356693,0.0005000000237487257,120,8,SimpleRNN
0.0001858346222434193,0.007645176723599434,0.00019792660896200687,0.010952651500701904,0.0002500000118743628,121,8,SimpleRNN
0.00016265903832390904,0.007720306050032377,0.0001938282512128353,0.010784453712403774,0.0002500000118743628,122,8,SimpleRNN
0.00015230622375383973,0.007842709310352802,0.00018848128092940897,0.010568828321993351,0.0002500000118743628,123,8,SimpleRNN
0.0001876110618468374,0.008001902140676975,0.00018008741608355194,0.010208114981651306,0.0002500000118743628,124,8,SimpleRNN
0.00015700820949859917,0.007939268834888935,0.00018434719822835177,0.010417701676487923,0.0002500000118743628,125,8,SimpleRNN
0.00015660705685149878,0.00782507099211216,0.0001866198581410572,0.01055067591369152,0.0002500000118743628,126,8,SimpleRNN
0.00011373305460438132,0.006893916986882687,0.00018323033873457462,0.010420424863696098,0.0002500000118743628,127,8,SimpleRNN
0.00018181874474976212,0.008250727318227291,0.0001770781382219866,0.010153495706617832,0.0002500000118743628,128,8,SimpleRNN
0.00011927341984119266,0.007000252604484558,0.00017357968317810446,0.010004531592130661,0.0002500000118743628,129,8,SimpleRNN
0.0001353565021418035,0.007375363260507584,0.00016932010476011783,0.009816007688641548,0.0002500000118743628,130,8,SimpleRNN
0.0001549005974084139,0.007647761143743992,0.0001712730445433408,0.009908689185976982,0.0002500000118743628,131,8,SimpleRNN
0.0001387272495776415,0.007531695533543825,0.00017095533257815987,0.009895382449030876,0.0002500000118743628,132,8,SimpleRNN
0.00015234603779390454,0.008089412935078144,0.00017422919336240739,0.010041564702987671,0.0002500000118743628,133,8,SimpleRNN
0.00014412157179322094,0.007277738302946091,0.00017500898684374988,0.010090773925185204,0.0002500000118743628,134,8,SimpleRNN
0.00015117597649805248,0.007337835151702166,0.00017289155221078545,0.009995677508413792,0.0002500000118743628,135,8,SimpleRNN
0.00014846501289866865,0.007538669276982546,0.0001713742531137541,0.009928511455655098,0.0002500000118743628,136,8,SimpleRNN
0.00015757267829030752,0.007512672804296017,0.000172048166859895,0.009962782263755798,0.0002500000118743628,137,8,SimpleRNN
0.0001271233195438981,0.007479386869817972,0.00016685207083355635,0.009717364795506,0.0002500000118743628,138,8,SimpleRNN
0.00015801639528945088,0.007328771986067295,0.00016608253645244986,0.009689136408269405,0.0001250000059371814,139,8,SimpleRNN
0.00028907813248224556,0.008377833291888237,0.00016822879842948169,0.009788676165044308,0.0001250000059371814,140,8,SimpleRNN
0.0002016255893977359,0.007673540618270636,0.00016609688464086503,0.009694588370621204,0.0001250000059371814,141,8,SimpleRNN
0.00013642733392771333,0.007048452273011208,0.00016430235700681806,0.009616321884095669,0.0001250000059371814,142,8,SimpleRNN
0.00015249112038873136,0.0073051718063652515,0.00016378224245272577,0.009589999914169312,0.0001250000059371814,143,8,SimpleRNN
0.00019819145381916314,0.007783511187881231,0.00016394196427427232,0.009602096863090992,0.0001250000059371814,144,8,SimpleRNN
0.00020538133685477078,0.00780339865013957,0.00016311164654325694,0.009579706005752087,0.0001250000059371814,145,8,SimpleRNN
0.0001925325341289863,0.007220354862511158,0.00016421325562987477,0.009637699462473392,0.0001250000059371814,146,8,SimpleRNN
0.00012255307228770107,0.006741642951965332,0.00016416706785093993,0.009641454555094242,0.0001250000059371814,147,8,SimpleRNN
0.00014291111438069493,0.007116541266441345,0.00016238357056863606,0.009557371027767658,0.0001250000059371814,148,8,SimpleRNN
0.00015842277207411826,0.007189544849097729,0.00016060651978477836,0.009481318295001984,6.25000029685907e-05,149,8,SimpleRNN
0.00015605957014486194,0.007249563466757536,0.00015931697271298617,0.0094291465356946,6.25000029685907e-05,150,8,SimpleRNN
0.40075400471687317,0.4822854995727539,0.06949663162231445,0.21194466948509216,0.0010000000474974513,1,9,SimpleRNN
0.1016942486166954,0.25096702575683594,0.09790614992380142,0.25590184330940247,0.0010000000474974513,2,9,SimpleRNN
0.07202810049057007,0.21255551278591156,0.0601457841694355,0.1963461935520172,0.0010000000474974513,3,9,SimpleRNN
0.048541825264692307,0.1666078269481659,0.0512201227247715,0.18186666071414948,0.0010000000474974513,4,9,SimpleRNN
0.04647965729236603,0.1624724268913269,0.04377102106809616,0.1681470274925232,0.0010000000474974513,5,9,SimpleRNN
0.034050505608320236,0.13690418004989624,0.029216231778264046,0.13937638700008392,0.0010000000474974513,6,9,SimpleRNN
0.031163789331912994,0.13643386960029602,0.025602851063013077,0.13254760205745697,0.0010000000474974513,7,9,SimpleRNN
0.026928367093205452,0.12360666692256927,0.024664845317602158,0.1312900185585022,0.0010000000474974513,8,9,SimpleRNN
0.024834442883729935,0.12144795060157776,0.023361722007393837,0.1277610957622528,0.0010000000474974513,9,9,SimpleRNN
0.022064782679080963,0.11731365323066711,0.022204270586371422,0.12419676780700684,0.0010000000474974513,10,9,SimpleRNN
0.0216292105615139,0.1100919246673584,0.022054195404052734,0.12263046950101852,0.0010000000474974513,11,9,SimpleRNN
0.018720725551247597,0.10490763932466507,0.023013941943645477,0.12791013717651367,0.0010000000474974513,12,9,SimpleRNN
0.017710505053400993,0.10261751711368561,0.026380617171525955,0.13461081683635712,0.0010000000474974513,13,9,SimpleRNN
0.016482584178447723,0.09513424336910248,0.03186362609267235,0.14587534964084625,0.0010000000474974513,14,9,SimpleRNN
0.01646518148481846,0.09736842662096024,0.03326796740293503,0.1499987691640854,0.0010000000474974513,15,9,SimpleRNN
0.01286175288259983,0.08749886602163315,0.03076454997062683,0.14526872336864471,0.0010000000474974513,16,9,SimpleRNN
0.013314278796315193,0.08982795476913452,0.03494495525956154,0.15416663885116577,0.0010000000474974513,17,9,SimpleRNN
0.012474309653043747,0.08489493280649185,0.03212917596101761,0.14675591886043549,0.0010000000474974513,18,9,SimpleRNN
0.010733830742537975,0.08144677430391312,0.028212254866957664,0.13539983332157135,0.0010000000474974513,19,9,SimpleRNN
0.010026213712990284,0.0777897983789444,0.03143849968910217,0.14301620423793793,0.0010000000474974513,20,9,SimpleRNN
0.009927374310791492,0.07406526803970337,0.030064616352319717,0.13864010572433472,0.0010000000474974513,21,9,SimpleRNN
0.00920518022030592,0.0750756785273552,0.026284070685505867,0.12672463059425354,0.0005000000237487257,22,9,SimpleRNN
0.008179775439202785,0.06779416650533676,0.024857081472873688,0.12213883548974991,0.0005000000237487257,23,9,SimpleRNN
0.009921631775796413,0.07584398239850998,0.02720276266336441,0.12839218974113464,0.0005000000237487257,24,9,SimpleRNN
0.008018819615244865,0.07086391746997833,0.028812209144234657,0.1330580711364746,0.0005000000237487257,25,9,SimpleRNN
0.00783389713615179,0.06904147565364838,0.028045181185007095,0.1307685673236847,0.0005000000237487257,26,9,SimpleRNN
0.008358843624591827,0.07079629600048065,0.030397146940231323,0.13836751878261566,0.0005000000237487257,27,9,SimpleRNN
0.006555807776749134,0.0621919222176075,0.030896786600351334,0.14009635150432587,0.0005000000237487257,28,9,SimpleRNN
0.007638768292963505,0.06654471904039383,0.029280783608555794,0.1352388709783554,0.0005000000237487257,29,9,SimpleRNN
0.006802268326282501,0.06346167623996735,0.03041571006178856,0.13825590908527374,0.0005000000237487257,30,9,SimpleRNN
0.0070961047895252705,0.06348129361867905,0.028850289061665535,0.13320392370224,0.0005000000237487257,31,9,SimpleRNN
