modello,insieme,protocol_block,battery_id,target_cycle,soh_vero,soh_previsto,soh_baseline,errore
MLP,train,B0005_p1,B0005,10,0.9941539,0.9715118,0.99415046,-0.022642136
MLP,train,B0005_p1,B0005,11,0.9884778,0.9778547,0.9941539,-0.010623097
MLP,train,B0005_p1,B0005,12,0.98823273,1.0018373,0.9884778,0.013604522
MLP,train,B0005_p1,B0005,13,0.9880629,0.99193597,0.98823273,0.0038730502
MLP,train,B0005_p1,B0005,14,0.9821553,0.94846874,0.9880629,-0.03368658
MLP,train,B0005_p1,B0005,15,0.98188776,0.98018765,0.9821553,-0.0017001033
MLP,train,B0005_p1,B0005,16,0.98214525,0.9745353,0.98188776,-0.0076099634
MLP,train,B0005_p1,B0005,17,0.98241156,0.9654394,0.98214525,-0.016972184
MLP,train,B0005_p1,B0005,18,0.9822532,0.9691461,0.98241156,-0.013107121
MLP,train,B0005_p1,B0005,19,1.0063622,1.0018989,0.9822532,-0.004463315
MLP,train,B0005_p1,B0005,20,1.0065753,1.0025343,1.0063622,-0.0040410757
MLP,train,B0005_p1,B0005,21,1.0004512,0.9936119,1.0065753,-0.006839335
MLP,train,B0005_p1,B0005,22,0.99478656,0.98113716,1.0004512,-0.013649404
MLP,train,B0005_p1,B0005,23,0.9944231,0.99763787,0.99478656,0.0032147765
MLP,train,B0005_p1,B0005,24,0.994678,0.9881314,0.9944231,-0.0065466166
MLP,train,B0005_p1,B0005,25,0.9883847,0.9843326,0.994678,-0.0040521026
MLP,train,B0005_p1,B0005,26,0.9887869,0.99008405,0.9883847,0.0012971759
MLP,train,B0005_p1,B0005,27,0.9883511,1.0069877,0.9887869,0.018636584
MLP,train,B0005_p1,B0005,28,0.9822467,1.0029975,0.9883511,0.02075082
MLP,train,B0005_p1,B0005,29,0.9829612,0.96723866,0.9822467,-0.015722513
MLP,train,B0005_p1,B0005,30,1.0089647,0.9855846,0.9829612,-0.023380041
MLP,train,B0005_p1,B0005,31,0.99746895,1.01666,1.0089647,0.019191027
MLP,train,B0005_p1,B0005,32,0.99158466,1.0000118,0.99746895,0.008427143
MLP,train,B0005_p1,B0005,33,0.9858113,0.9564341,0.99158466,-0.029377222
MLP,train,B0005_p1,B0005,34,0.9832515,0.96859455,0.9858113,-0.014656961
MLP,train,B0005_p1,B0005,35,0.9804004,0.98577285,0.9832515,0.0053724647
MLP,train,B0005_p1,B0005,36,0.974443,0.97463316,0.9804004,0.00019013882
MLP,train,B0005_p1,B0005,37,0.9714353,0.9628093,0.974443,-0.008625984
MLP,train,B0005_p1,B0005,38,0.96604705,0.9659274,0.9714353,-0.00011962652
MLP,train,B0005_p1,B0005,39,0.96604925,0.968817,0.96604705,0.0027677417
MLP,train,B0005_p1,B0005,40,0.9632347,0.963114,0.96604925,-0.000120699406
MLP,train,B0005_p1,B0005,41,0.960207,0.9592336,0.9632347,-0.00097340345
MLP,train,B0005_p1,B0005,42,0.9630959,0.9498904,0.960207,-0.013205528
MLP,train,B0005_p1,B0005,43,0.96039945,0.969264,0.9630959,0.008864522
MLP,train,B0005_p1,B0005,44,0.9544399,0.96200323,0.96039945,0.0075633526
MLP,train,B0005_p1,B0005,45,0.94905627,0.9436777,0.9544399,-0.0053785443
MLP,train,B0005_p1,B0005,46,0.9459188,0.95331633,0.94905627,0.0073975325
MLP,train,B0005_p1,B0005,47,0.97726583,0.9784049,0.9459188,0.0011390448
MLP,train,B0005_p1,B0005,48,0.97158027,0.9652472,0.97726583,-0.006333053
MLP,train,B0005_p1,B0005,49,0.96295804,0.9609812,0.97158027,-0.0019768476
MLP,train,B0005_p1,B0005,50,0.9573207,0.9555409,0.96295804,-0.0017797947
MLP,train,B0005_p1,B0005,51,0.95179194,0.9680727,0.9573207,0.01628077
MLP,train,B0005_p1,B0005,52,0.94898415,0.92596245,0.95179194,-0.023021698
MLP,train,B0005_p1,B0005,53,0.9460993,0.9542175,0.94898415,0.008118212
MLP,train,B0005_p1,B0005,54,0.9405958,0.9311888,0.9460993,-0.009406984
MLP,train,B0005_p1,B0005,55,0.93486655,0.94985896,0.9405958,0.014992416
MLP,train,B0005_p1,B0005,56,0.9319934,0.9346405,0.93486655,0.0026471019
MLP,train,B0005_p1,B0005,57,0.9295313,0.9364445,0.9319934,0.0069132447
MLP,train,B0005_p1,B0005,58,0.9264237,0.92985946,0.9295313,0.003435731
MLP,train,B0005_p1,B0005,59,0.92330104,0.9260584,0.9264237,0.0027573705
MLP,train,B0005_p1,B0005,60,0.91802853,0.9161295,0.92330104,-0.001899004
MLP,train,B0005_p1,B0005,61,0.91234636,0.91532165,0.91802853,0.002975285
MLP,train,B0005_p1,B0005,62,0.91239816,0.90866596,0.91234636,-0.0037322044
MLP,train,B0005_p1,B0005,63,0.9064849,0.908905,0.91239816,0.0024201274
MLP,train,B0005_p1,B0005,64,0.90392274,0.91471654,0.9064849,0.010793805
MLP,train,B0005_p1,B0005,65,0.90111136,0.9028818,0.90392274,0.0017704368
MLP,train,B0005_p1,B0005,66,0.89500886,0.8976812,0.90111136,0.0026723146
MLP,train,B0005_p1,B0005,67,0.89239573,0.8951946,0.89500886,0.0027988553
MLP,train,B0005_p1,B0005,68,0.88960457,0.8821906,0.89239573,-0.0074139833
MLP,train,B0005_p1,B0005,69,0.88689005,0.88649315,0.88960457,-0.00039690733
MLP,train,B0005_p1,B0005,70,0.88382393,0.8905431,0.88689005,0.006719172
MLP,train,B0005_p1,B0005,71,0.8779396,0.88185537,0.88382393,0.0039157867
MLP,train,B0005_p1,B0005,72,0.8753447,0.87919873,0.8779396,0.0038540363
MLP,train,B0005_p1,B0005,73,0.87259376,0.8743256,0.8753447,0.001731813
MLP,train,B0005_p1,B0005,74,0.86652136,0.8819518,0.87259376,0.01543045
MLP,train,B0005_p1,B0005,75,0.8640258,0.87593,0.86652136,0.01190424
MLP,train,B0005_p1,B0005,76,0.86356485,0.86032337,0.8640258,-0.0032414794
MLP,train,B0005_p1,B0005,77,0.86933124,0.87029874,0.86356485,0.0009675026
MLP,train,B0005_p1,B0005,78,0.85800034,0.8760985,0.86933124,0.018098176
MLP,train,B0005_p1,B0005,79,0.8526454,0.8509921,0.85800034,-0.0016533136
MLP,train,B0005_p1,B0005,80,0.84984696,0.8647162,0.8526454,0.014869213
MLP,train,B0005_p1,B0005,81,0.84969205,0.839138,0.84984696,-0.010554075
MLP,train,B0005_p1,B0005,82,0.84708095,0.84933364,0.84969205,0.002252698
MLP,train,B0005_p1,B0005,83,0.8439125,0.8548055,0.84708095,0.010893047
MLP,train,B0005_p1,B0005,84,0.8381166,0.84630376,0.8439125,0.008187175
MLP,train,B0005_p1,B0005,85,0.8324924,0.84097123,0.8381166,0.00847882
MLP,train,B0005_p1,B0005,86,0.8328253,0.8283922,0.8324924,-0.0044330955
MLP,train,B0005_p1,B0005,87,0.8296227,0.83555174,0.8328253,0.005929053
MLP,train,B0005_p1,B0005,88,0.8268105,0.83510774,0.8296227,0.008297265
MLP,train,B0005_p1,B0005,89,0.87493914,0.84273344,0.8268105,-0.0322057
MLP,train,B0005_p1,B0005,90,0.8520717,0.8767031,0.87493914,0.024631381
MLP,train,B0005_p1,B0005,91,0.8434861,0.8303787,0.8520717,-0.013107359
MLP,train,B0005_p1,B0005,92,0.83492315,0.8340586,0.8434861,-0.0008645654
MLP,train,B0005_p1,B0005,93,0.83196855,0.823127,0.83492315,-0.008841574
MLP,train,B0005_p1,B0005,94,0.82652247,0.823281,0.83196855,-0.0032414794
MLP,train,B0005_p1,B0005,95,0.82376564,0.8195454,0.82652247,-0.0042202473
MLP,train,B0005_p1,B0005,96,0.82085955,0.815065,0.82376564,-0.005794525
MLP,train,B0005_p1,B0005,97,0.8181252,0.8244956,0.82085955,0.006370425
MLP,train,B0005_p1,B0005,98,0.81229466,0.8193113,0.8181252,0.007016659
MLP,train,B0005_p1,B0005,99,0.8095835,0.825796,0.81229466,0.016212523
MLP,train,B0005_p1,B0005,100,0.8066115,0.80155253,0.8095835,-0.005058944
MLP,train,B0005_p1,B0005,101,0.80377597,0.81179684,0.8066115,0.008020878
MLP,train,B0005_p1,B0005,102,0.8096027,0.81016946,0.80377597,0.00056678057
MLP,train,B0005_p1,B0005,103,0.8151538,0.8083712,0.8096027,-0.0067825913
MLP,train,B0005_p1,B0005,104,0.80682224,0.81389546,0.8151538,0.0070732236
MLP,train,B0005_p1,B0005,105,0.80080366,0.80581254,0.80682224,0.0050088763
MLP,train,B0005_p1,B0005,106,0.792166,0.8028598,0.80080366,0.0106937885
MLP,train,B0005_p1,B0005,107,0.79229945,0.79363155,0.792166,0.0013321042
MLP,train,B0005_p1,B0005,108,0.7927776,0.8060962,0.79229945,0.013318598
MLP,train,B0005_p1,B0005,109,0.78951854,0.7970852,0.7927776,0.0075666904
MLP,train,B0005_p1,B0005,110,0.7838677,0.7906551,0.78951854,0.0067873597
MLP,train,B0005_p1,B0005,111,0.7810205,0.787446,0.7838677,0.0064255
MLP,train,B0005_p1,B0005,112,0.7809936,0.77907866,0.7810205,-0.0019149184
MLP,train,B0005_p1,B0005,113,0.7780889,0.7749689,0.7809936,-0.0031200051
MLP,train,B0005_p1,B0005,114,0.7752859,0.7668645,0.7780889,-0.008421421
MLP,train,B0005_p1,B0005,115,0.7722939,0.7729998,0.7752859,0.0007058978
MLP,train,B0005_p1,B0005,116,0.76955885,0.7842505,0.7722939,0.014691651
MLP,train,B0005_p1,B0005,117,0.76965123,0.76354295,0.76955885,-0.006108284
MLP,train,B0005_p1,B0005,118,0.7669376,0.75308466,0.76965123,-0.013852954
MLP,train,B0005_p1,B0005,119,0.78099144,0.7660489,0.7669376,-0.014942527
MLP,train,B0005_p1,B0005,120,0.7836411,0.78100324,0.78099144,-0.0026378632
MLP,train,B0005_p1,B0005,121,0.77225345,0.79310924,0.7836411,0.020855784
MLP,train,B0005_p1,B0005,122,0.7666016,0.7680288,0.77225345,0.0014271736
MLP,train,B0005_p1,B0005,123,0.7634535,0.7673986,0.7666016,0.003945112
MLP,train,B0005_p1,B0005,124,0.76100004,0.7632188,0.7634535,0.002218783
MLP,train,B0005_p1,B0005,125,0.7580491,0.7650755,0.76100004,0.007026434
MLP,train,B0005_p1,B0005,126,0.75529426,0.76296616,0.7580491,0.0076718926
MLP,train,B0005_p1,B0005,127,0.75213844,0.76739234,0.75529426,0.0152539015
MLP,train,B0005_p1,B0005,128,0.74930507,0.7624056,0.75213844,0.013100505
MLP,train,B0005_p1,B0005,129,0.74673134,0.7320015,0.74930507,-0.014729857
MLP,train,B0005_p1,B0005,130,0.7467291,0.74605,0.74673134,-0.0006790757
MLP,train,B0005_p1,B0005,131,0.74358356,0.7450631,0.7467291,0.0014795661
MLP,train,B0005_p1,B0005,132,0.7493898,0.7442667,0.74358356,-0.0051231384
MLP,train,B0005_p1,B0005,133,0.7552304,0.7474457,0.7493898,-0.0077847242
MLP,train,B0005_p1,B0005,134,0.74637026,0.74816805,0.7552304,0.0017977953
MLP,train,B0005_p1,B0005,135,0.7436093,0.7307006,0.74637026,-0.012908697
MLP,train,B0005_p1,B0005,136,0.73790973,0.73897004,0.7436093,0.001060307
MLP,train,B0005_p1,B0005,137,0.7380839,0.7314955,0.73790973,-0.0065883994
MLP,train,B0005_p1,B0005,138,0.7381178,0.7410201,0.7380839,0.0029022694
MLP,train,B0005_p1,B0005,139,0.7351816,0.73763204,0.7381178,0.0024504066
MLP,train,B0005_p1,B0005,140,0.7323888,0.7152796,0.7351816,-0.017109215
MLP,train,B0005_p1,B0005,141,0.72955674,0.74497694,0.7323888,0.015420198
MLP,train,B0005_p1,B0005,142,0.72951484,0.73466873,0.72955674,0.0051538944
MLP,train,B0005_p1,B0005,143,0.7268408,0.7242723,0.72951484,-0.0025684834
MLP,train,B0005_p1,B0005,144,0.72391915,0.71884596,0.7268408,-0.0050731897
MLP,train,B0005_p1,B0005,145,0.7209369,0.72803557,0.72391915,0.007098675
MLP,train,B0005_p1,B0005,146,0.71821165,0.71901786,0.7209369,0.0008062124
MLP,train,B0005_p1,B0005,147,0.7183736,0.7189249,0.71821165,0.00055128336
MLP,train,B0005_p1,B0005,148,0.7182791,0.7230607,0.7183736,0.004781604
MLP,train,B0005_p1,B0005,149,0.7213191,0.7203704,0.7182791,-0.0009486675
MLP,train,B0005_p1,B0005,150,0.7410697,0.71814317,0.7213191,-0.02292651
MLP,train,B0005_p1,B0005,151,0.7298506,0.71560204,0.7410697,-0.01424855
MLP,train,B0005_p1,B0005,152,0.7241285,0.7235339,0.7298506,-0.00059455633
MLP,train,B0005_p1,B0005,153,0.7212111,0.7240791,0.7241285,0.0028679967
MLP,train,B0005_p1,B0005,154,0.71846485,0.73699677,0.7212111,0.018531919
MLP,train,B0005_p1,B0005,155,0.7156541,0.7015675,0.71846485,-0.014086604
MLP,train,B0005_p1,B0005,156,0.7155053,0.7066721,0.7156541,-0.00883323
MLP,train,B0005_p1,B0005,157,0.71255976,0.7236554,0.7155053,0.011095643
MLP,train,B0005_p1,B0005,158,0.7099646,0.71770084,0.71255976,0.0077362657
MLP,train,B0005_p1,B0005,159,0.71014136,0.6950336,0.7099646,-0.015107751
MLP,train,B0005_p1,B0005,160,0.71017003,0.712544,0.71014136,0.0023739934
MLP,train,B0005_p1,B0005,161,0.70716083,0.7028961,0.71017003,-0.0042647123
MLP,train,B0005_p1,B0005,162,0.7072624,0.69538605,0.70716083,-0.011876345
MLP,train,B0005_p1,B0005,163,0.7047507,0.70781994,0.7072624,0.003069222
MLP,train,B0005_p1,B0005,164,0.70177567,0.6980726,0.7047507,-0.0037030578
MLP,train,B0005_p1,B0005,165,0.7014755,0.7101343,0.70177567,0.008658826
MLP,train,B0005_p1,B0005,166,0.7132242,0.7042957,0.7014755,-0.008928478
MLP,train,B0005_p1,B0005,167,0.7219767,0.71174055,0.7132242,-0.010236144
MLP,train,B0006_p1,B0006,10,0.9663605,0.97627544,0.97213787,0.009914935
MLP,train,B0006_p1,B0006,11,0.96097213,0.9365805,0.9663605,-0.024391651
MLP,train,B0006_p1,B0006,12,0.9552748,0.9771173,0.96097213,0.02184248
MLP,train,B0006_p1,B0006,13,0.9496175,0.93660825,0.9552748,-0.01300925
MLP,train,B0006_p1,B0006,14,0.9442417,0.9559566,0.9496175,0.011714876
MLP,train,B0006_p1,B0006,15,0.9383471,0.950688,0.9442417,0.012340903
MLP,train,B0006_p1,B0006,16,0.93292296,0.9662995,0.9383471,0.033376515
MLP,train,B0006_p1,B0006,17,0.9276041,0.88021106,0.93292296,-0.047393024
MLP,train,B0006_p1,B0006,18,0.9276138,0.9335599,0.9276041,0.0059460998
MLP,train,B0006_p1,B0006,19,0.98326164,0.96220493,0.9276138,-0.021056712
MLP,train,B0006_p1,B0006,20,0.97229636,0.9625327,0.98326164,-0.009763658
MLP,train,B0006_p1,B0006,21,0.96646774,0.9742641,0.97229636,0.007796347
MLP,train,B0006_p1,B0006,22,0.9557547,0.9339675,0.96646774,-0.021787226
MLP,train,B0006_p1,B0006,23,0.9665503,0.9458138,0.9557547,-0.020736516
MLP,train,B0006_p1,B0006,24,0.94441116,0.9644089,0.9665503,0.019997716
MLP,train,B0006_p1,B0006,25,0.93311954,0.9135309,0.94441116,-0.01958865
MLP,train,B0006_p1,B0006,26,0.9279698,0.9363446,0.93311954,0.00837481
MLP,train,B0006_p1,B0006,27,0.92186964,0.8955335,0.9279698,-0.026336133
MLP,train,B0006_p1,B0006,28,0.9164931,0.9060939,0.92186964,-0.010399222
MLP,train,B0006_p1,B0006,29,0.9224679,0.8920229,0.9164931,-0.03044498
MLP,train,B0006_p1,B0006,30,0.9560179,0.9456836,0.9224679,-0.010334313
MLP,train,B0006_p1,B0006,31,0.9348866,0.93486255,0.9560179,-2.4020672e-05
MLP,train,B0006_p1,B0006,32,0.92149824,0.9377004,0.9348866,0.016202152
MLP,train,B0006_p1,B0006,33,0.9135384,0.8966577,0.92149824,-0.016880691
MLP,train,B0006_p1,B0006,34,0.9032513,0.90204406,0.9135384,-0.0012072325
MLP,train,B0006_p1,B0006,35,0.90073675,0.8754927,0.9032513,-0.025244057
MLP,train,B0006_p1,B0006,36,0.89260334,0.8799386,0.90073675,-0.012664735
MLP,train,B0006_p1,B0006,37,0.88460803,0.87286246,0.89260334,-0.011745572
MLP,train,B0006_p1,B0006,38,0.8796453,0.8827873,0.88460803,0.0031419992
MLP,train,B0006_p1,B0006,39,0.87440926,0.8714206,0.8796453,-0.0029886365
MLP,train,B0006_p1,B0006,40,0.86935306,0.8476332,0.87440926,-0.021719873
MLP,train,B0006_p1,B0006,41,0.86398935,0.85035247,0.86935306,-0.013636887
MLP,train,B0006_p1,B0006,42,0.8715311,0.87004906,0.86398935,-0.0014820695
MLP,train,B0006_p1,B0006,43,0.8771251,0.87605506,0.8715311,-0.0010700226
MLP,train,B0006_p1,B0006,44,0.86115634,0.86706054,0.8771251,0.0059041977
MLP,train,B0006_p1,B0006,45,0.8509926,0.84843665,0.86115634,-0.0025559664
MLP,train,B0006_p1,B0006,46,0.84556973,0.84675515,0.8509926,0.0011854172
MLP,train,B0006_p1,B0006,47,0.90582407,0.87995565,0.84556973,-0.025868416
MLP,train,B0006_p1,B0006,48,0.8980801,0.8968547,0.90582407,-0.0012254119
MLP,train,B0006_p1,B0006,49,0.8820036,0.8733768,0.8980801,-0.008626819
MLP,train,B0006_p1,B0006,50,0.8665962,0.8836856,0.8820036,0.017089367
MLP,train,B0006_p1,B0006,51,0.85888064,0.8701056,0.8665962,0.011224985
MLP,train,B0006_p1,B0006,52,0.84840125,0.8628983,0.85888064,0.014497042
MLP,train,B0006_p1,B0006,53,0.84317946,0.8603645,0.84840125,0.017185032
MLP,train,B0006_p1,B0006,54,0.8354649,0.816053,0.84317946,-0.019411922
MLP,train,B0006_p1,B0006,55,0.8302066,0.8166532,0.8354649,-0.013553381
MLP,train,B0006_p1,B0006,56,0.8248832,0.8098979,0.8302066,-0.014985323
MLP,train,B0006_p1,B0006,57,0.8200961,0.8404621,0.8248832,0.020366013
MLP,train,B0006_p1,B0006,58,0.8146394,0.8262875,0.8200961,0.0116481185
MLP,train,B0006_p1,B0006,59,0.8092081,0.80569464,0.8146394,-0.0035134554
MLP,train,B0006_p1,B0006,60,0.7991003,0.80154735,0.8092081,0.0024470687
MLP,train,B0006_p1,B0006,61,0.7964553,0.8020894,0.7991003,0.0056340694
MLP,train,B0006_p1,B0006,62,0.79419374,0.80488616,0.7964553,0.010692418
MLP,train,B0006_p1,B0006,63,0.7885593,0.7930193,0.79419374,0.004459977
MLP,train,B0006_p1,B0006,64,0.7862471,0.79563636,0.7885593,0.009389281
MLP,train,B0006_p1,B0006,65,0.7783823,0.7615214,0.7862471,-0.016860902
MLP,train,B0006_p1,B0006,66,0.77550495,0.7783539,0.7783823,0.0028489828
MLP,train,B0006_p1,B0006,67,0.7704519,0.79301524,0.77550495,0.022563338
MLP,train,B0006_p1,B0006,68,0.76523817,0.76990503,0.7704519,0.004666865
MLP,train,B0006_p1,B0006,69,0.75760883,0.7562531,0.76523817,-0.0013557076
MLP,train,B0006_p1,B0006,70,0.7600144,0.76116145,0.75760883,0.0011470318
MLP,train,B0006_p1,B0006,71,0.75728244,0.7687554,0.7600144,0.01147294
MLP,train,B0006_p1,B0006,72,0.7522622,0.7693184,0.75728244,0.017056227
MLP,train,B0006_p1,B0006,73,0.74970037,0.7499622,0.7522622,0.0002618432
MLP,train,B0006_p1,B0006,74,0.7470212,0.7392634,0.74970037,-0.007757783
MLP,train,B0006_p1,B0006,75,0.74181724,0.75104284,0.7470212,0.009225607
MLP,train,B0006_p1,B0006,76,0.7388928,0.73234105,0.74181724,-0.0065517426
MLP,train,B0006_p1,B0006,77,0.76007926,0.7571513,0.7388928,-0.002927959
MLP,train,B0006_p1,B0006,78,0.7470602,0.75776917,0.76007926,0.010708988
MLP,train,B0006_p1,B0006,79,0.73945254,0.75488734,0.7470602,0.015434802
MLP,train,B0006_p1,B0006,80,0.73424655,0.7408908,0.73945254,0.006644249
MLP,train,B0006_p1,B0006,81,0.734337,0.7355148,0.73424655,0.0011778474
MLP,train,B0006_p1,B0006,82,0.7317318,0.7394517,0.734337,0.007719934
MLP,train,B0006_p1,B0006,83,0.72890145,0.7401136,0.7317318,0.01121217
MLP,train,B0006_p1,B0006,84,0.7210104,0.74135953,0.72890145,0.020349145
MLP,train,B0006_p1,B0006,85,0.72115666,0.7311375,0.7210104,0.009980857
MLP,train,B0006_p1,B0006,86,0.7187848,0.71510804,0.72115666,-0.0036767721
MLP,train,B0006_p1,B0006,87,0.7186385,0.72708946,0.7187848,0.008450985
MLP,train,B0006_p1,B0006,88,0.7160658,0.7188251,0.7186385,0.0027592778
MLP,train,B0006_p1,B0006,89,0.7915193,0.7589445,0.7160658,-0.032574773
MLP,train,B0006_p1,B0006,90,0.76807725,0.77071327,0.7915193,0.0026360154
MLP,train,B0006_p1,B0006,91,0.75233984,0.73486114,0.76807725,-0.017478704
MLP,train,B0006_p1,B0006,92,0.74452835,0.7645983,0.75233984,0.020069957
MLP,train,B0006_p1,B0006,93,0.7366471,0.7566619,0.74452835,0.020014763
MLP,train,B0006_p1,B0006,94,0.7316084,0.7276088,0.7366471,-0.003999591
MLP,train,B0006_p1,B0006,95,0.72653913,0.70646614,0.7316084,-0.020072997
MLP,train,B0006_p1,B0006,96,0.7211133,0.71339303,0.72653913,-0.0077202916
MLP,train,B0006_p1,B0006,97,0.7186451,0.721366,0.7211133,0.0027208924
MLP,train,B0006_p1,B0006,98,0.7159199,0.7257179,0.7186451,0.00979799
MLP,train,B0006_p1,B0006,99,0.7108687,0.7093329,0.7159199,-0.0015358329
MLP,train,B0006_p1,B0006,100,0.7082929,0.7163002,0.7108687,0.008007288
MLP,train,B0006_p1,B0006,101,0.7055427,0.7172744,0.7082929,0.011731744
MLP,train,B0006_p1,B0006,102,0.7056484,0.7187025,0.7055427,0.013054073
MLP,train,B0006_p1,B0006,103,0.7213216,0.71731293,0.7056484,-0.004008651
MLP,train,B0006_p1,B0006,104,0.71104103,0.73573375,0.7213216,0.024692714
MLP,train,B0006_p1,B0006,105,0.70282483,0.71984607,0.71104103,0.017021239
MLP,train,B0006_p1,B0006,106,0.7002,0.7073814,0.70282483,0.007181406
MLP,train,B0006_p1,B0006,107,0.69780904,0.6909351,0.7002,-0.0068739653
MLP,train,B0006_p1,B0006,108,0.6929648,0.6837931,0.69780904,-0.009171665
MLP,train,B0006_p1,B0006,109,0.6926519,0.6965817,0.6929648,0.003929794
MLP,train,B0006_p1,B0006,110,0.69006056,0.7010017,0.6926519,0.010941148
MLP,train,B0006_p1,B0006,111,0.6873391,0.68848777,0.69006056,0.0011486411
MLP,train,B0006_p1,B0006,112,0.6822944,0.6879816,0.6873391,0.005687177
MLP,train,B0006_p1,B0006,113,0.6847404,0.6741056,0.6822944,-0.01063484
MLP,train,B0006_p1,B0006,114,0.6823335,0.6788532,0.6847404,-0.0034803152
MLP,train,B0006_p1,B0006,115,0.6796007,0.6780624,0.6823335,-0.0015383363
MLP,train,B0006_p1,B0006,116,0.6771393,0.68052965,0.6796007,0.0033903718
MLP,train,B0006_p1,B0006,117,0.67455363,0.6703536,0.6771393,-0.0042000413
MLP,train,B0006_p1,B0006,118,0.67215586,0.68181705,0.67455363,0.009661198
MLP,train,B0006_p1,B0006,119,0.68749934,0.6765835,0.67215586,-0.010915816
MLP,train,B0006_p1,B0006,120,0.697923,0.70191884,0.68749934,0.003995836
MLP,train,B0006_p1,B0006,121,0.6847966,0.68735266,0.697923,0.0025560856
MLP,train,B0006_p1,B0006,122,0.67960453,0.67115504,0.6847966,-0.008449495
MLP,train,B0006_p1,B0006,123,0.6741655,0.68819636,0.67960453,0.014030874
MLP,train,B0006_p1,B0006,124,0.6717706,0.69265676,0.6741655,0.020886183
MLP,train,B0006_p1,B0006,125,0.66924566,0.6595102,0.6717706,-0.009735465
MLP,train,B0006_p1,B0006,126,0.6640789,0.6653004,0.66924566,0.0012215376
MLP,train,B0006_p1,B0006,127,0.66121185,0.65787643,0.6640789,-0.0033354163
MLP,train,B0006_p1,B0006,128,0.65857697,0.67964166,0.66121185,0.021064699
MLP,train,B0006_p1,B0006,129,0.6564156,0.6682308,0.65857697,0.01181519
MLP,train,B0006_p1,B0006,130,0.65623987,0.67314446,0.6564156,0.016904593
MLP,train,B0006_p1,B0006,131,0.6534701,0.6653685,0.65623987,0.011898398
MLP,train,B0006_p1,B0006,132,0.6560797,0.64944386,0.6534701,-0.0066358447
MLP,train,B0006_p1,B0006,133,0.66925704,0.6789715,0.6560797,0.009714484
MLP,train,B0006_p1,B0006,134,0.6586179,0.6564151,0.66925704,-0.0022028089
MLP,train,B0006_p1,B0006,135,0.65072346,0.64896375,0.6586179,-0.0017597079
MLP,train,B0006_p1,B0006,136,0.6482884,0.6504806,0.65072346,0.0021921992
MLP,train,B0006_p1,B0006,137,0.64589936,0.6640974,0.6482884,0.018198073
MLP,train,B0006_p1,B0006,138,0.64581466,0.64438176,0.64589936,-0.0014328957
MLP,train,B0006_p1,B0006,139,0.64048564,0.6576504,0.64581466,0.017164767
MLP,train,B0006_p1,B0006,140,0.6353928,0.6286236,0.64048564,-0.0067691803
MLP,train,B0006_p1,B0006,141,0.6353703,0.6301279,0.6353928,-0.0052424073
MLP,train,B0006_p1,B0006,142,0.6328019,0.63579506,0.6353703,0.0029931664
MLP,train,B0006_p1,B0006,143,0.6328469,0.61974794,0.6328019,-0.013098955
MLP,train,B0006_p1,B0006,144,0.6276995,0.63163275,0.6328469,0.003933251
MLP,train,B0006_p1,B0006,145,0.6249048,0.63433963,0.6276995,0.009434819
MLP,train,B0006_p1,B0006,146,0.62248224,0.61007804,0.6249048,-0.012404203
MLP,train,B0006_p1,B0006,147,0.62246805,0.616247,0.62248224,-0.006221056
MLP,train,B0006_p1,B0006,148,0.61991316,0.62550247,0.62246805,0.0055893064
MLP,train,B0006_p1,B0006,149,0.62256944,0.63259983,0.61991316,0.010030389
MLP,train,B0006_p1,B0006,150,0.64063376,0.64791554,0.62256944,0.0072817802
MLP,train,B0006_p1,B0006,151,0.6275884,0.62939227,0.64063376,0.001803875
MLP,train,B0006_p1,B0006,152,0.61985785,0.60839444,0.6275884,-0.011463404
MLP,train,B0006_p1,B0006,153,0.6119824,0.59666526,0.61985785,-0.015317142
MLP,train,B0006_p1,B0006,154,0.6094957,0.61701065,0.6119824,0.0075149536
MLP,train,B0006_p1,B0006,155,0.6068265,0.60467935,0.6094957,-0.0021471381
MLP,train,B0006_p1,B0006,156,0.6015431,0.5940897,0.6068265,-0.0074534416
MLP,train,B0006_p1,B0006,157,0.59881794,0.5907468,0.6015431,-0.008071125
MLP,train,B0006_p1,B0006,158,0.5964724,0.6196939,0.59881794,0.023221493
MLP,train,B0006_p1,B0006,159,0.5913549,0.5838748,0.5964724,-0.007480085
MLP,train,B0006_p1,B0006,160,0.5886672,0.6070374,0.5913549,0.018370211
MLP,train,B0006_p1,B0006,161,0.5859312,0.5917802,0.5886672,0.005849004
MLP,train,B0006_p1,B0006,162,0.58341026,0.57740855,0.5859312,-0.006001711
MLP,train,B0006_p1,B0006,163,0.57309055,0.5834739,0.58341026,0.010383368
MLP,train,B0006_p1,B0006,164,0.57834685,0.58170176,0.57309055,0.003354907
MLP,train,B0006_p1,B0006,165,0.57556367,0.58420295,0.57834685,0.008639276
MLP,train,B0006_p1,B0006,166,0.5835988,0.6016046,0.57556367,0.018005788
MLP,train,B0006_p1,B0006,167,0.58891356,0.57641506,0.5835988,-0.012498498
MLP,validation,B0007_p1,B0007,10,0.9943539,1.0146465,0.99435824,0.02029264
MLP,validation,B0007_p1,B0007,11,0.988828,0.93852323,0.9943539,-0.05030477
MLP,validation,B0007_p1,B0007,12,0.98852104,0.94217235,0.988828,-0.04634869
MLP,validation,B0007_p1,B0007,13,0.9884859,1.032432,0.98852104,0.043946087
MLP,validation,B0007_p1,B0007,14,0.988674,1.1221509,0.9884859,0.13347691
MLP,validation,B0007_p1,B0007,15,0.98834074,0.973616,0.988674,-0.014724731
MLP,validation,B0007_p1,B0007,16,0.9825352,1.019674,0.98834074,0.03713876
MLP,validation,B0007_p1,B0007,17,0.98291165,0.94957936,0.9825352,-0.03333229
MLP,validation,B0007_p1,B0007,18,0.98283386,1.038835,0.98291165,0.056001186
MLP,validation,B0007_p1,B0007,19,1.0000627,1.086202,0.98283386,0.08613932
MLP,validation,B0007_p1,B0007,20,1.0004305,1.037724,1.0000627,0.037293553
MLP,validation,B0007_p1,B0007,21,1.0002301,1.009242,1.0004305,0.009011984
MLP,validation,B0007_p1,B0007,22,0.99486685,1.0277448,1.0002301,0.032877922
MLP,validation,B0007_p1,B0007,23,0.99443644,1.0453888,0.99486685,0.050952375
MLP,validation,B0007_p1,B0007,24,0.99468744,1.1375989,0.99443644,0.14291143
MLP,validation,B0007_p1,B0007,25,0.988807,0.9835238,0.99468744,-0.0052832365
MLP,validation,B0007_p1,B0007,26,0.98903114,1.1453558,0.988807,0.15632468
MLP,validation,B0007_p1,B0007,27,0.98856926,0.95407397,0.98903114,-0.034495294
MLP,validation,B0007_p1,B0007,28,0.9827067,1.0551678,0.98856926,0.07246107
MLP,validation,B0007_p1,B0007,29,0.98327136,1.0022357,0.9827067,0.01896429
MLP,validation,B0007_p1,B0007,30,1.0014915,0.95930594,0.98327136,-0.042185605
MLP,validation,B0007_p1,B0007,31,0.99051315,1.109673,1.0014915,0.11915988
MLP,validation,B0007_p1,B0007,32,0.9848045,0.97866887,0.99051315,-0.0061356425
MLP,validation,B0007_p1,B0007,33,0.9820743,0.97289026,0.9848045,-0.0091840625
MLP,validation,B0007_p1,B0007,34,0.97669214,1.0243715,0.9820743,0.047679365
MLP,validation,B0007_p1,B0007,35,0.97686946,0.9008508,0.97669214,-0.07601869
MLP,validation,B0007_p1,B0007,36,0.97395045,0.9919221,0.97686946,0.017971635
MLP,validation,B0007_p1,B0007,37,0.9683539,0.8760046,0.97395045,-0.09234935
MLP,validation,B0007_p1,B0007,38,0.9658862,1.0034419,0.9683539,0.037555754
MLP,validation,B0007_p1,B0007,39,0.96316135,1.0836813,0.9658862,0.120519996
MLP,validation,B0007_p1,B0007,40,0.9632805,0.95362204,0.96316135,-0.009658456
MLP,validation,B0007_p1,B0007,41,0.960329,0.9423965,0.9632805,-0.017932475
MLP,validation,B0007_p1,B0007,42,0.96413046,0.98513544,0.960329,0.021004975
MLP,validation,B0007_p1,B0007,43,0.9604403,0.9549151,0.96413046,-0.0055251718
MLP,validation,B0007_p1,B0007,44,0.9548927,1.004135,0.9604403,0.049242318
MLP,validation,B0007_p1,B0007,45,0.9496043,0.916964,0.9548927,-0.03264028
MLP,validation,B0007_p1,B0007,46,0.9466487,0.9860453,0.9496043,0.039396584
MLP,validation,B0007_p1,B0007,47,0.9651256,0.9051776,0.9466487,-0.059948027
MLP,validation,B0007_p1,B0007,48,0.9654589,1.0256011,0.9651256,0.06014222
MLP,validation,B0007_p1,B0007,49,0.9572388,0.9023876,0.9654589,-0.054851174
MLP,validation,B0007_p1,B0007,50,0.9520302,0.7942255,0.9572388,-0.15780467
MLP,validation,B0007_p1,B0007,51,0.9466573,0.9794212,0.9520302,0.0327639
MLP,validation,B0007_p1,B0007,52,0.94399107,0.89706683,0.9466573,-0.046924233
MLP,validation,B0007_p1,B0007,53,0.9412975,0.98953366,0.94399107,0.04823619
MLP,validation,B0007_p1,B0007,54,0.93588346,0.92460805,0.9412975,-0.011275411
MLP,validation,B0007_p1,B0007,55,0.9303357,0.8312503,0.93588346,-0.09908539
MLP,validation,B0007_p1,B0007,56,0.930337,0.9834084,0.9303357,0.05307138
MLP,validation,B0007_p1,B0007,57,0.9278797,0.9502435,0.930337,0.022363782
MLP,validation,B0007_p1,B0007,58,0.9250174,0.9265201,0.9278797,0.0015026927
MLP,validation,B0007_p1,B0007,59,0.9191251,0.9036956,0.9250174,-0.015429497
MLP,validation,B0007_p1,B0007,60,0.91664517,0.86871123,0.9191251,-0.047933936
MLP,validation,B0007_p1,B0007,61,0.9113696,0.83771336,0.91664517,-0.07365626
MLP,validation,B0007_p1,B0007,62,0.91136503,0.9184038,0.9113696,0.007038772
MLP,validation,B0007_p1,B0007,63,0.9058786,0.86232215,0.91136503,-0.04355645
MLP,validation,B0007_p1,B0007,64,0.9060709,0.83269334,0.9058786,-0.07337755
MLP,validation,B0007_p1,B0007,65,0.90051854,0.8935776,0.9060709,-0.006940961
MLP,validation,B0007_p1,B0007,66,0.897374,0.8965912,0.90051854,-0.0007827878
MLP,validation,B0007_p1,B0007,67,0.8949369,0.9484283,0.897374,0.053491354
MLP,validation,B0007_p1,B0007,68,0.8921999,0.8485586,0.8949369,-0.04364127
MLP,validation,B0007_p1,B0007,69,0.8896896,0.90379107,0.8921999,0.014101446
MLP,validation,B0007_p1,B0007,70,0.8866219,0.8513804,0.8896896,-0.035241485
MLP,validation,B0007_p1,B0007,71,0.8838726,0.85805076,0.8866219,-0.025821865
MLP,validation,B0007_p1,B0007,72,0.881298,0.8858523,0.8838726,0.0045542717
MLP,validation,B0007_p1,B0007,73,0.8787002,0.9029082,0.881298,0.02420801
MLP,validation,B0007_p1,B0007,74,0.87587076,0.8348249,0.8787002,-0.041045845
MLP,validation,B0007_p1,B0007,75,0.8701261,0.8348093,0.87587076,-0.035316825
MLP,validation,B0007_p1,B0007,76,0.87004197,0.8639479,0.8701261,-0.0060940385
MLP,validation,B0007_p1,B0007,77,0.87262815,0.8014249,0.87004197,-0.07120323
MLP,validation,B0007_p1,B0007,78,0.8675506,0.8499341,0.87262815,-0.01761651
MLP,validation,B0007_p1,B0007,79,0.8620436,0.8461093,0.8675506,-0.015934348
MLP,validation,B0007_p1,B0007,80,0.8594988,0.85627824,0.8620436,-0.0032205582
MLP,validation,B0007_p1,B0007,81,0.85917777,0.8189815,0.8594988,-0.04019624
MLP,validation,B0007_p1,B0007,82,0.85965663,0.82961625,0.85917777,-0.030040383
MLP,validation,B0007_p1,B0007,83,0.85654145,0.8314488,0.85965663,-0.025092661
MLP,validation,B0007_p1,B0007,84,0.85111505,0.8294327,0.85654145,-0.021682322
MLP,validation,B0007_p1,B0007,85,0.8485931,0.85451996,0.85111505,0.0059268475
MLP,validation,B0007_p1,B0007,86,0.8487529,0.81195253,0.8485931,-0.036800385
MLP,validation,B0007_p1,B0007,87,0.84853417,0.8441703,0.8487529,-0.0043638945
MLP,validation,B0007_p1,B0007,88,0.8457927,0.87058985,0.84853417,0.024797142
MLP,validation,B0007_p1,B0007,89,0.89799255,0.7495543,0.8457927,-0.14843827
MLP,validation,B0007_p1,B0007,90,0.8645856,0.8761388,0.89799255,0.011553228
MLP,validation,B0007_p1,B0007,91,0.85913515,0.8953895,0.8645856,0.036254346
MLP,validation,B0007_p1,B0007,92,0.85377496,0.8290407,0.85913515,-0.024734259
MLP,validation,B0007_p1,B0007,93,0.84809184,0.83165294,0.85377496,-0.016438901
MLP,validation,B0007_p1,B0007,94,0.8456648,0.88801473,0.84809184,0.042349935
MLP,validation,B0007_p1,B0007,95,0.842975,0.89831805,0.8456648,0.055343032
MLP,validation,B0007_p1,B0007,96,0.8401154,0.8782469,0.842975,0.038131475
MLP,validation,B0007_p1,B0007,97,0.83758694,0.8852486,0.8401154,0.047661662
MLP,validation,B0007_p1,B0007,98,0.834705,0.78594214,0.83758694,-0.048762858
MLP,validation,B0007_p1,B0007,99,0.83494854,0.8230307,0.834705,-0.0119178295
MLP,validation,B0007_p1,B0007,100,0.83228636,0.83712816,0.83494854,0.0048418045
MLP,validation,B0007_p1,B0007,101,0.8293002,0.8225028,0.83228636,-0.006797433
MLP,validation,B0007_p1,B0007,102,0.83214396,0.7673489,0.8293002,-0.06479508
MLP,validation,B0007_p1,B0007,103,0.83745986,0.82079244,0.83214396,-0.016667426
MLP,validation,B0007_p1,B0007,104,0.832303,0.83892995,0.83745986,0.0066269636
MLP,validation,B0007_p1,B0007,105,0.82936484,0.78836226,0.832303,-0.04100257
MLP,validation,B0007_p1,B0007,106,0.82412314,0.83470285,0.82936484,0.010579705
MLP,validation,B0007_p1,B0007,107,0.8209219,0.84413546,0.82412314,0.023213565
MLP,validation,B0007_p1,B0007,108,0.8215289,0.75151896,0.8209219,-0.07000995
MLP,validation,B0007_p1,B0007,109,0.82130307,0.8319351,0.8215289,0.010632038
MLP,validation,B0007_p1,B0007,110,0.81583405,0.84777063,0.82130307,0.031936586
MLP,validation,B0007_p1,B0007,111,0.8128839,0.8132692,0.81583405,0.00038528442
MLP,validation,B0007_p1,B0007,112,0.81297195,0.7948638,0.8128839,-0.01810813
MLP,validation,B0007_p1,B0007,113,0.81306005,0.7684779,0.81297195,-0.04458213
MLP,validation,B0007_p1,B0007,114,0.8103026,0.7936482,0.81306005,-0.016654432
MLP,validation,B0007_p1,B0007,115,0.80751723,0.70005584,0.8103026,-0.10746139
MLP,validation,B0007_p1,B0007,116,0.8048483,0.8207787,0.80751723,0.015930414
MLP,validation,B0007_p1,B0007,117,0.80482537,0.77424747,0.8048483,-0.030577898
MLP,validation,B0007_p1,B0007,118,0.8050072,0.8116609,0.80482537,0.0066536665
MLP,validation,B0007_p1,B0007,119,0.8156486,0.7905654,0.8050072,-0.025083244
MLP,validation,B0007_p1,B0007,120,0.8184016,0.71986884,0.8156486,-0.09853274
MLP,validation,B0007_p1,B0007,121,0.8101531,0.8110503,0.8184016,0.0008971691
MLP,validation,B0007_p1,B0007,122,0.8048127,0.81260526,0.8101531,0.0077925324
MLP,validation,B0007_p1,B0007,123,0.80173075,0.7422898,0.8048127,-0.05944097
MLP,validation,B0007_p1,B0007,124,0.79929066,0.7979754,0.80173075,-0.0013152361
MLP,validation,B0007_p1,B0007,125,0.79643315,0.7976222,0.79929066,0.0011890531
MLP,validation,B0007_p1,B0007,126,0.79378855,0.76386315,0.79643315,-0.029925406
MLP,validation,B0007_p1,B0007,127,0.7935577,0.7865626,0.79378855,-0.006995082
MLP,validation,B0007_p1,B0007,128,0.79093546,0.7458177,0.7935577,-0.045117736
MLP,validation,B0007_p1,B0007,129,0.7883047,0.7911425,0.79093546,0.0028378367
MLP,validation,B0007_p1,B0007,130,0.7884388,0.71115094,0.7883047,-0.07728785
MLP,validation,B0007_p1,B0007,131,0.78534615,0.7636429,0.7884388,-0.021703243
MLP,validation,B0007_p1,B0007,132,0.78796774,0.79643357,0.78534615,0.0084658265
MLP,validation,B0007_p1,B0007,133,0.7966004,0.7126175,0.78796774,-0.083982885
MLP,validation,B0007_p1,B0007,134,0.7880613,0.707119,0.7966004,-0.08094233
MLP,validation,B0007_p1,B0007,135,0.7854229,0.7750648,0.7880613,-0.010358095
MLP,validation,B0007_p1,B0007,136,0.78274393,0.81188947,0.7854229,0.029145539
MLP,validation,B0007_p1,B0007,137,0.7828347,0.6972713,0.78274393,-0.08556342
MLP,validation,B0007_p1,B0007,138,0.78004986,0.77095085,0.7828347,-0.009099007
MLP,validation,B0007_p1,B0007,139,0.7772618,0.7693,0.78004986,-0.00796181
MLP,validation,B0007_p1,B0007,140,0.77456486,0.67286867,0.7772618,-0.10169619
MLP,validation,B0007_p1,B0007,141,0.7717253,0.74817556,0.77456486,-0.023549736
MLP,validation,B0007_p1,B0007,142,0.77186406,0.77555066,0.7717253,0.003686607
MLP,validation,B0007_p1,B0007,143,0.7693119,0.7445574,0.77186406,-0.024754524
MLP,validation,B0007_p1,B0007,144,0.7692805,0.75805855,0.7693119,-0.011221945
MLP,validation,B0007_p1,B0007,145,0.7664212,0.69244426,0.7692805,-0.073976934
MLP,validation,B0007_p1,B0007,146,0.76369125,0.70954907,0.7664212,-0.054142177
MLP,validation,B0007_p1,B0007,147,0.7639942,0.7100863,0.76369125,-0.05390793
MLP,validation,B0007_p1,B0007,148,0.76371723,0.7698849,0.7639942,0.00616765
MLP,validation,B0007_p1,B0007,149,0.76667523,0.71239436,0.76371723,-0.054280877
MLP,validation,B0007_p1,B0007,150,0.78015393,0.65908206,0.76667523,-0.121071875
MLP,validation,B0007_p1,B0007,151,0.77199596,0.7453754,0.78015393,-0.026620567
MLP,validation,B0007_p1,B0007,152,0.76948303,0.76399,0.77199596,-0.005493045
MLP,validation,B0007_p1,B0007,153,0.76663965,0.7555485,0.76948303,-0.011091173
MLP,validation,B0007_p1,B0007,154,0.7612375,0.71673197,0.76663965,-0.044505537
MLP,validation,B0007_p1,B0007,155,0.76133186,0.8370981,0.7612375,0.075766265
MLP,validation,B0007_p1,B0007,156,0.75837964,0.7305349,0.76133186,-0.027844727
MLP,validation,B0007_p1,B0007,157,0.75829005,0.86590266,0.75837964,0.10761261
MLP,validation,B0007_p1,B0007,158,0.7557248,0.6699843,0.75829005,-0.08574051
MLP,validation,B0007_p1,B0007,159,0.7531001,0.6988616,0.7557248,-0.0542385
MLP,validation,B0007_p1,B0007,160,0.75323355,0.660661,0.7531001,-0.09257257
MLP,validation,B0007_p1,B0007,161,0.75018245,0.6958838,0.75323355,-0.05429864
MLP,validation,B0007_p1,B0007,162,0.75026476,0.77217907,0.75018245,0.021914303
MLP,validation,B0007_p1,B0007,163,0.7477,0.6808346,0.75026476,-0.066865385
MLP,validation,B0007_p1,B0007,164,0.7477874,0.76936984,0.7477,0.021582425
MLP,validation,B0007_p1,B0007,165,0.7446605,0.64175725,0.7477874,-0.10290325
MLP,validation,B0007_p1,B0007,166,0.75600296,0.7704917,0.7446605,0.014488757
MLP,validation,B0007_p1,B0007,167,0.76167583,0.65810484,0.75600296,-0.103571
MLP,test_id,B0018_p1,B0018,10,0.9850639,0.9809575,0.9910298,-0.0041064024
MLP,test_id,B0018_p1,B0018,11,0.98102295,0.9767047,0.9850639,-0.0043182373
MLP,test_id,B0018_p1,B0018,12,0.9734956,0.9575002,0.98102295,-0.015995383
MLP,test_id,B0018_p1,B0018,13,0.96948737,0.9811812,0.9734956,0.011693835
MLP,test_id,B0018_p1,B0018,14,0.9681109,0.9644582,0.96948737,-0.0036526918
MLP,test_id,B0018_p1,B0018,15,0.96282196,0.9567025,0.9681109,-0.0061194897
MLP,test_id,B0018_p1,B0018,16,0.96142024,0.9537065,0.96282196,-0.007713735
MLP,test_id,B0018_p1,B0018,17,0.9532663,0.94199663,0.96142024,-0.011269689
MLP,test_id,B0018_p1,B0018,18,0.9492379,0.9455266,0.9532663,-0.0037112832
MLP,test_id,B0018_p1,B0018,19,0.9445874,0.94634086,0.9492379,0.0017534494
MLP,test_id,B0018_p1,B0018,20,0.9412453,0.89868957,0.9445874,-0.04255575
MLP,test_id,B0018_p1,B0018,21,0.9287852,0.9280435,0.9412453,-0.0007417202
MLP,test_id,B0018_p1,B0018,22,0.93034804,0.9102673,0.9287852,-0.020080745
MLP,test_id,B0018_p1,B0018,23,0.9281911,0.8662334,0.93034804,-0.061957717
MLP,test_id,B0018_p1,B0018,24,0.9508787,0.93136847,0.9281911,-0.01951021
MLP,test_id,B0018_p1,B0018,25,0.9419265,0.92254275,0.9508787,-0.019383729
MLP,test_id,B0018_p1,B0018,26,0.9361979,0.9190031,0.9419265,-0.017194748
MLP,test_id,B0018_p1,B0018,27,0.9305526,0.8941687,0.9361979,-0.036383927
MLP,test_id,B0018_p1,B0018,28,0.923715,0.9282306,0.9305526,0.0045155883
MLP,test_id,B0018_p1,B0018,29,0.9208714,0.9005357,0.923715,-0.020335674
MLP,test_id,B0018_p1,B0018,30,0.9142754,0.89808947,0.9208714,-0.01618594
MLP,test_id,B0018_p1,B0018,31,0.91159785,0.8720176,0.9142754,-0.039580226
MLP,test_id,B0018_p1,B0018,32,0.9053714,0.94538754,0.91159785,0.040016115
MLP,test_id,B0018_p1,B0018,33,0.900843,0.8745668,0.9053714,-0.02627623
MLP,test_id,B0018_p1,B0018,34,0.8959679,0.8753589,0.900843,-0.020609021
MLP,test_id,B0018_p1,B0018,35,0.8908287,0.88415736,0.8959679,-0.006671369
MLP,test_id,B0018_p1,B0018,36,0.88478315,0.8684667,0.8908287,-0.016316473
MLP,test_id,B0018_p1,B0018,37,0.88179606,0.8870902,0.88478315,0.005294144
MLP,test_id,B0018_p1,B0018,38,0.8773674,0.8803357,0.88179606,0.0029683113
MLP,test_id,B0018_p1,B0018,39,0.9110948,0.92532724,0.8773674,0.014232457
MLP,test_id,B0018_p1,B0018,40,0.89655304,0.85946274,0.9110948,-0.0370903
MLP,test_id,B0018_p1,B0018,41,0.8873567,0.8941597,0.89655304,0.006802976
MLP,test_id,B0018_p1,B0018,42,0.87867707,0.8897447,0.8873567,0.011067629
MLP,test_id,B0018_p1,B0018,43,0.87568015,0.8637555,0.87867707,-0.011924624
MLP,test_id,B0018_p1,B0018,44,0.8672876,0.87948734,0.87568015,0.0121997595
MLP,test_id,B0018_p1,B0018,45,0.93863106,0.8828117,0.8672876,-0.055819333
MLP,test_id,B0018_p1,B0018,46,0.933119,0.95392436,0.93863106,0.020805359
MLP,test_id,B0018_p1,B0018,47,0.9218427,0.870838,0.933119,-0.051004708
MLP,test_id,B0018_p1,B0018,48,0.9120334,0.92338115,0.9218427,0.011347771
MLP,test_id,B0018_p1,B0018,49,0.90272725,0.89208454,0.9120334,-0.010642707
MLP,test_id,B0018_p1,B0018,50,0.9058541,0.92297214,0.90272725,0.017118037
MLP,test_id,B0018_p1,B0018,51,0.895212,0.87426716,0.9058541,-0.020944834
MLP,test_id,B0018_p1,B0018,52,0.8837586,0.8913606,0.895212,0.0076019764
MLP,test_id,B0018_p1,B0018,53,0.8763623,0.8504546,0.8837586,-0.025907695
MLP,test_id,B0018_p1,B0018,54,0.8728719,0.8606796,0.8763623,-0.012192249
MLP,test_id,B0018_p1,B0018,55,0.9097867,0.8713117,0.8728719,-0.038474977
MLP,test_id,B0018_p1,B0018,56,0.89173365,0.908821,0.9097867,0.01708734
MLP,test_id,B0018_p1,B0018,57,0.8769644,0.91226107,0.89173365,0.03529668
MLP,test_id,B0018_p1,B0018,58,0.86545706,0.8525792,0.8769644,-0.0128778815
MLP,test_id,B0018_p1,B0018,59,0.86246985,0.8272639,0.86545706,-0.03520596
MLP,test_id,B0018_p1,B0018,60,0.8589232,0.8868581,0.86246985,0.027934909
MLP,test_id,B0018_p1,B0018,61,0.8502782,0.8312815,0.8589232,-0.018996716
MLP,test_id,B0018_p1,B0018,62,0.8456277,0.863309,0.8502782,0.0176813
MLP,test_id,B0018_p1,B0018,63,0.83724886,0.797866,0.8456277,-0.039382875
MLP,test_id,B0018_p1,B0018,64,0.83287656,0.79977643,0.83724886,-0.03310013
MLP,test_id,B0018_p1,B0018,65,0.8325841,0.84964037,0.83287656,0.017056286
MLP,test_id,B0018_p1,B0018,66,0.8274941,0.8148169,0.8325841,-0.012677193
MLP,test_id,B0018_p1,B0018,67,0.8189417,0.8402946,0.8274941,0.021352887
MLP,test_id,B0018_p1,B0018,68,0.8161668,0.8273181,0.8189417,0.011151254
MLP,test_id,B0018_p1,B0018,69,0.8134116,0.81642175,0.8161668,0.0030101538
MLP,test_id,B0018_p1,B0018,70,0.83356416,0.9205378,0.8134116,0.08697367
MLP,test_id,B0018_p1,B0018,71,0.828356,0.83380294,0.83356416,0.005446911
MLP,test_id,B0018_p1,B0018,72,0.8160418,0.78559536,0.828356,-0.03044647
MLP,test_id,B0018_p1,B0018,73,0.8112721,0.807079,0.8160418,-0.0041930676
MLP,test_id,B0018_p1,B0018,74,0.8063288,0.8114675,0.8112721,0.005138755
MLP,test_id,B0018_p1,B0018,75,0.80492294,0.7998701,0.8063288,-0.0050528646
MLP,test_id,B0018_p1,B0018,76,0.8009928,0.8282824,0.80492294,0.027289629
MLP,test_id,B0018_p1,B0018,77,0.7980093,0.75109994,0.8009928,-0.046909332
MLP,test_id,B0018_p1,B0018,78,0.792613,0.8759204,0.7980093,0.083307385
MLP,test_id,B0018_p1,B0018,79,0.78705406,0.81849277,0.792613,0.03143871
MLP,test_id,B0018_p1,B0018,80,0.7897257,0.85227895,0.78705406,0.06255323
MLP,test_id,B0018_p1,B0018,81,0.78415644,0.7647764,0.7897257,-0.019380033
MLP,test_id,B0018_p1,B0018,82,0.78238195,0.735104,0.78415644,-0.047277927
MLP,test_id,B0018_p1,B0018,83,0.7766069,0.73634195,0.78238195,-0.040264964
MLP,test_id,B0018_p1,B0018,84,0.77457124,0.77823704,0.7766069,0.0036658049
MLP,test_id,B0018_p1,B0018,85,0.7989835,0.85671896,0.77457124,0.057735443
MLP,test_id,B0018_p1,B0018,86,0.7896176,0.93960136,0.7989835,0.14998376
MLP,test_id,B0018_p1,B0018,87,0.78431875,0.9764481,0.7896176,0.19212937
MLP,test_id,B0018_p1,B0018,88,0.77645934,0.803295,0.78431875,0.02683568
MLP,test_id,B0018_p1,B0018,89,0.7694354,0.8125834,0.77645934,0.04314798
MLP,test_id,B0018_p1,B0018,90,0.7907019,0.7155705,0.7694354,-0.07513142
MLP,test_id,B0018_p1,B0018,91,0.77642775,0.7407231,0.7907019,-0.035704672
MLP,test_id,B0018_p1,B0018,92,0.77174455,0.79801005,0.77642775,0.026265502
MLP,test_id,B0018_p1,B0018,93,0.769493,0.89080906,0.77174455,0.121316075
MLP,test_id,B0018_p1,B0018,94,0.7641219,0.7729082,0.769493,0.008786321
MLP,test_id,B0018_p1,B0018,95,0.76562554,0.8507693,0.7641219,0.085143745
MLP,test_id,B0018_p1,B0018,96,0.7593245,0.7514074,0.76562554,-0.007917106
MLP,test_id,B0018_p1,B0018,97,0.7575373,0.79120684,0.7593245,0.03366953
MLP,test_id,B0018_p1,B0018,98,0.7552528,0.63689417,0.7575373,-0.11835861
MLP,test_id,B0018_p1,B0018,99,0.7493823,0.6862829,0.7552528,-0.063099444
MLP,test_id,B0018_p1,B0018,100,0.7528266,0.7810512,0.7493823,0.028224647
MLP,test_id,B0018_p1,B0018,101,0.74490315,0.8508152,0.7528266,0.10591203
MLP,test_id,B0018_p1,B0018,102,0.7465455,0.93682647,0.74490315,0.19028097
MLP,test_id,B0018_p1,B0018,103,0.74361134,0.8621492,0.7465455,0.11853784
MLP,test_id,B0018_p1,B0018,104,0.7375042,0.83072084,0.74361134,0.09321666
MLP,test_id,B0018_p1,B0018,105,0.7938843,0.70809615,0.7375042,-0.08578813
MLP,test_id,B0018_p1,B0018,106,0.7882683,0.7499511,0.7938843,-0.038317204
MLP,test_id,B0018_p1,B0018,107,0.78176737,0.9150299,0.7882683,0.13326252
MLP,test_id,B0018_p1,B0018,108,0.7764551,0.74799526,0.78176737,-0.028459847
MLP,test_id,B0018_p1,B0018,109,0.76907265,0.80162436,0.7764551,0.032551706
MLP,test_id,B0018_p1,B0018,110,0.7685843,0.79478204,0.76907265,0.026197731
MLP,test_id,B0018_p1,B0018,111,0.7604543,0.8187451,0.7685843,0.05829078
MLP,test_id,B0018_p1,B0018,112,0.7584969,0.7976691,0.7604543,0.039172232
MLP,test_id,B0018_p1,B0018,113,0.75562334,0.83912075,0.7584969,0.083497405
MLP,test_id,B0018_p1,B0018,114,0.75343865,0.7905504,0.75562334,0.03711176
MLP,test_id,B0018_p1,B0018,115,0.7546281,0.76024085,0.75343865,0.005612731
MLP,test_id,B0018_p1,B0018,116,0.7480872,0.66724336,0.7546281,-0.080843866
MLP,test_id,B0018_p1,B0018,117,0.7418545,0.77118266,0.7480872,0.029328167
MLP,test_id,B0018_p1,B0018,118,0.7387389,0.7797497,0.7418545,0.041010797
MLP,test_id,B0018_p1,B0018,119,0.73180556,0.75326735,0.7387389,0.021461785
MLP,test_id,B0018_p1,B0018,120,0.7756259,0.82709587,0.73180556,0.05146998
MLP,test_id,B0018_p1,B0018,121,0.7645394,0.79594326,0.7756259,0.03140384
MLP,test_id,B0018_p1,B0018,122,0.7574958,0.8147979,0.7645394,0.057302058
MLP,test_id,B0018_p1,B0018,123,0.75464666,0.74668676,0.7574958,-0.007959902
MLP,test_id,B0018_p1,B0018,124,0.74482846,0.8705263,0.75464666,0.12569785
MLP,test_id,B0018_p1,B0018,125,0.7499966,0.82544434,0.74482846,0.07544774
MLP,test_id,B0018_p1,B0018,126,0.7439972,0.83579487,0.7499966,0.09179765
MLP,test_id,B0018_p1,B0018,127,0.7407783,0.8815722,0.7439972,0.14079386
MLP,test_id,B0018_p1,B0018,128,0.74114144,0.7966528,0.7407783,0.055511355
MLP,test_id,B0018_p1,B0018,129,0.73486805,0.72173,0.74114144,-0.013138056
MLP,test_id,B0018_p1,B0018,130,0.73646206,0.6973079,0.73486805,-0.039154172
MLP,test_id,B0018_p1,B0018,131,0.7289901,0.6873817,0.73646206,-0.041608393
MLP,test_id,B0042_p1,B0042,16,0.96157336,0.9352674,0.9697696,-0.026305974
MLP,test_id,B0042_p1,B0042,17,0.9609058,0.94989985,0.96157336,-0.011005938
MLP,test_id,B0042_p1,B0042,18,0.95650446,0.91692007,0.9609058,-0.0395844
MLP,test_id,B0042_p1,B0042,19,0.95470464,0.932984,0.95650446,-0.021720648
MLP,test_id,B0042_p1,B0042,20,0.97284096,0.9152564,0.95470464,-0.057584584
MLP,test_id,B0042_p1,B0042,21,0.96633387,0.9404342,0.97284096,-0.025899649
MLP,test_id,B0042_p1,B0042,22,0.9646731,0.92895883,0.96633387,-0.03571427
MLP,test_id,B0042_p1,B0042,23,0.958716,0.9477164,0.9646731,-0.01099956
MLP,test_id,B0042_p1,B0042,24,0.9518277,0.85051215,0.958716,-0.10131556
MLP,test_id,B0042_p1,B0042,25,0.94849056,0.91450804,0.9518277,-0.033982515
MLP,test_id,B0042_p1,B0042,26,0.9495583,0.9555803,0.94849056,0.0060219765
MLP,test_id,B0042_p1,B0042,27,0.9508369,0.9010741,0.9495583,-0.049762785
MLP,test_id,B0042_p1,B0042,28,0.943082,0.8871339,0.9508369,-0.05594808
MLP,test_id,B0042_p1,B0042,29,0.9396023,0.9223139,0.943082,-0.017288387
MLP,test_id,B0042_p1,B0042,30,0.9365803,0.9306249,0.9396023,-0.005955398
MLP,test_id,B0042_p1,B0042,31,0.93699163,0.9412245,0.9365803,0.0042328835
MLP,test_id,B0042_p1,B0042,32,0.93424404,0.8534753,0.93699163,-0.080768764
MLP,test_id,B0042_p1,B0042,33,0.9299685,0.8871063,0.93424404,-0.042862177
MLP,test_id,B0042_p1,B0042,34,0.92653275,0.8627192,0.9299685,-0.06381357
MLP,test_id,B0042_p1,B0042,35,0.92235184,0.9720739,0.92653275,0.049722075
MLP,test_id,B0042_p1,B0042,36,0.9227268,0.94604605,0.92235184,0.023319244
MLP,test_id,B0042_p1,B0042,37,0.9189781,0.8771271,0.9227268,-0.041850984
MLP,test_id,B0042_p1,B0042,38,0.91884816,0.93882513,0.9189781,0.019976974
MLP,test_id,B0042_p1,B0042,39,0.9141792,0.9044161,0.91884816,-0.009763122
MLP,test_id,B0042_p1,B0042,40,0.9058922,0.90279615,0.9141792,-0.003096044
MLP,test_id,B0043_p1,B0043,16,0.94864297,0.9295281,0.9535306,-0.019114852
MLP,test_id,B0043_p1,B0043,17,0.94428927,0.9521683,0.94864297,0.007879019
MLP,test_id,B0043_p1,B0043,18,0.93967825,0.9304145,0.94428927,-0.009263754
MLP,test_id,B0043_p1,B0043,19,0.937005,0.9175839,0.93967825,-0.0194211
MLP,test_id,B0043_p1,B0043,20,0.9485732,0.92324114,0.937005,-0.025332034
MLP,test_id,B0043_p1,B0043,21,0.9454751,0.90282065,0.9485732,-0.042654455
MLP,test_id,B0043_p1,B0043,22,0.94011545,0.8986728,0.9454751,-0.041442633
MLP,test_id,B0043_p1,B0043,23,0.93395305,0.90989244,0.94011545,-0.024060607
MLP,test_id,B0043_p1,B0043,24,0.9303274,0.9106076,0.93395305,-0.01971984
MLP,test_id,B0043_p1,B0043,25,0.9267414,0.8847499,0.9303274,-0.04199153
MLP,test_id,B0043_p1,B0043,26,0.92401046,0.8822757,0.9267414,-0.041734755
MLP,test_id,B0043_p1,B0043,27,0.9215206,0.903662,0.92401046,-0.017858565
MLP,test_id,B0043_p1,B0043,28,0.91730696,0.9147804,0.9215206,-0.0025265813
MLP,test_id,B0043_p1,B0043,29,0.9173778,0.9509309,0.91730696,0.033553064
MLP,test_id,B0043_p1,B0043,30,0.9104634,0.91596246,0.9173778,0.005499065
MLP,test_id,B0043_p1,B0043,31,0.9067986,0.85098314,0.9104634,-0.05581546
MLP,test_id,B0043_p1,B0043,32,0.9037661,0.86355007,0.9067986,-0.04021603
MLP,test_id,B0043_p1,B0043,33,0.899422,0.9147443,0.9037661,0.015322328
MLP,test_id,B0043_p1,B0043,34,0.89201474,0.90482706,0.899422,0.012812316
MLP,test_id,B0043_p1,B0043,35,0.88755214,0.89688927,0.89201474,0.009337127
MLP,test_id,B0043_p1,B0043,36,0.88767964,0.8722224,0.88755214,-0.015457213
MLP,test_id,B0043_p1,B0043,37,0.88754725,0.8632044,0.88767964,-0.024342835
MLP,test_id,B0043_p1,B0043,38,0.88332456,0.8877934,0.88754725,0.0044688582
MLP,test_id,B0043_p1,B0043,39,0.8785111,0.83745235,0.88332456,-0.04105872
MLP,test_id,B0043_p1,B0043,40,0.8739114,0.89676815,0.8785111,0.022856772
MLP,test_ood,B0029_p1,B0029,10,0.9832192,0.9572815,0.9781473,-0.025937736
MLP,test_ood,B0029_p1,B0029,11,0.97469985,0.94779694,0.9832192,-0.026902914
MLP,test_ood,B0029_p1,B0029,12,0.96738136,0.97396445,0.97469985,0.0065830946
MLP,test_ood,B0029_p1,B0029,13,0.9661798,0.95841545,0.96738136,-0.0077643394
MLP,test_ood,B0029_p1,B0029,14,0.9578891,0.96839756,0.9661798,0.010508478
MLP,test_ood,B0029_p1,B0029,15,0.98019224,0.97699153,0.9578891,-0.0032007098
MLP,test_ood,B0029_p1,B0029,16,0.9724403,1.0446967,0.98019224,0.07225639
MLP,test_ood,B0029_p1,B0029,17,0.9651074,0.95566374,0.9724403,-0.009443641
MLP,test_ood,B0029_p1,B0029,18,0.9571905,0.9713033,0.9651074,0.014112771
MLP,test_ood,B0029_p1,B0029,19,0.9534468,0.93256134,0.9571905,-0.020885468
MLP,test_ood,B0029_p1,B0029,20,0.95713204,0.8946344,0.9534468,-0.062497616
MLP,test_ood,B0029_p1,B0029,21,0.9486034,0.9260824,0.95713204,-0.022521019
MLP,test_ood,B0029_p1,B0029,22,0.94639736,0.97233486,0.9486034,0.025937498
MLP,test_ood,B0029_p1,B0029,23,0.9368149,0.9202174,0.94639736,-0.01659751
MLP,test_ood,B0029_p1,B0029,24,0.9327817,0.9378777,0.9368149,0.0050960183
MLP,test_ood,B0029_p1,B0029,25,0.94345164,0.9021503,0.9327817,-0.04130137
MLP,test_ood,B0029_p1,B0029,26,0.9349838,0.9514024,0.94345164,0.016418636
MLP,test_ood,B0029_p1,B0029,27,0.93070686,0.9724378,0.9349838,0.04173094
MLP,test_ood,B0029_p1,B0029,28,0.92800397,0.8615074,0.93070686,-0.06649655
MLP,test_ood,B0029_p1,B0029,29,0.92435056,0.89518374,0.92800397,-0.029166818
MLP,test_ood,B0029_p1,B0029,30,0.9218198,0.96496344,0.92435056,0.04314363
MLP,test_ood,B0029_p1,B0029,31,0.91906345,1.0000734,0.9218198,0.081009984
MLP,test_ood,B0029_p1,B0029,32,0.90830576,0.9596098,0.91906345,0.051304042
MLP,test_ood,B0029_p1,B0029,33,0.90374076,0.8709258,0.90830576,-0.03281498
MLP,test_ood,B0029_p1,B0029,34,0.9063118,0.8835063,0.90374076,-0.022805512
MLP,test_ood,B0029_p1,B0029,35,0.9112198,0.95822865,0.9063118,0.047008872
MLP,test_ood,B0029_p1,B0029,36,0.9065784,0.86736834,0.9112198,-0.03921008
MLP,test_ood,B0029_p1,B0029,37,0.8963302,0.8844995,0.9065784,-0.0118306875
MLP,test_ood,B0029_p1,B0029,38,0.89222234,0.89501035,0.8963302,0.0027880073
MLP,test_ood,B0029_p1,B0029,39,0.88783115,0.87095237,0.89222234,-0.016878784
MLP,test_ood,B0030_p1,B0030,10,0.98106015,0.9895526,0.96990836,0.00849247
MLP,test_ood,B0030_p1,B0030,11,0.97230905,0.96702635,0.98106015,-0.0052827
MLP,test_ood,B0030_p1,B0030,12,0.96443737,0.9753731,0.97230905,0.010935724
MLP,test_ood,B0030_p1,B0030,13,0.9565342,0.9702751,0.96443737,0.013740897
MLP,test_ood,B0030_p1,B0030,14,0.95438045,0.97639334,0.9565342,0.02201289
MLP,test_ood,B0030_p1,B0030,15,0.9837595,0.92606264,0.95438045,-0.05769688
MLP,test_ood,B0030_p1,B0030,16,0.97571135,0.9397075,0.9837595,-0.036003828
MLP,test_ood,B0030_p1,B0030,17,0.9613226,0.96851164,0.97571135,0.0071890354
MLP,test_ood,B0030_p1,B0030,18,0.95275134,0.9905744,0.9613226,0.03782308
MLP,test_ood,B0030_p1,B0030,19,0.9488022,0.9524915,0.95275134,0.0036893487
MLP,test_ood,B0030_p1,B0030,20,0.95259035,0.9583139,0.9488022,0.005723536
MLP,test_ood,B0030_p1,B0030,21,0.9434893,0.9394492,0.95259035,-0.004040122
MLP,test_ood,B0030_p1,B0030,22,0.9410456,0.8481159,0.9434893,-0.09292966
MLP,test_ood,B0030_p1,B0030,23,0.9309182,0.93307656,0.9410456,0.0021583438
MLP,test_ood,B0030_p1,B0030,24,0.92663085,0.9586954,0.9309182,0.032064557
MLP,test_ood,B0030_p1,B0030,25,0.94430476,0.925315,0.92663085,-0.018989742
MLP,test_ood,B0030_p1,B0030,26,0.9353559,0.9209715,0.94430476,-0.014384389
MLP,test_ood,B0030_p1,B0030,27,0.924129,0.9747608,0.9353559,0.05063176
MLP,test_ood,B0030_p1,B0030,28,0.9210313,0.87400484,0.924129,-0.047026455
MLP,test_ood,B0030_p1,B0030,29,0.9171627,0.9453849,0.9210313,0.028222203
MLP,test_ood,B0030_p1,B0030,30,0.92126966,0.8692027,0.9171627,-0.05206698
MLP,test_ood,B0030_p1,B0030,31,0.9112744,0.91669935,0.92126966,0.0054249763
MLP,test_ood,B0030_p1,B0030,32,0.9071352,0.94714445,0.9112744,0.04000926
MLP,test_ood,B0030_p1,B0030,33,0.9022655,0.9041084,0.9071352,0.001842916
MLP,test_ood,B0030_p1,B0030,34,0.904586,0.9028856,0.9022655,-0.0017004013
MLP,test_ood,B0030_p1,B0030,35,0.90975344,0.9592386,0.904586,0.049485147
MLP,test_ood,B0030_p1,B0030,36,0.9047997,0.9101508,0.90975344,0.005351126
MLP,test_ood,B0030_p1,B0030,37,0.9012142,0.9001458,0.9047997,-0.0010683537
MLP,test_ood,B0030_p1,B0030,38,0.8966468,0.8709715,0.9012142,-0.025675297
MLP,test_ood,B0030_p1,B0030,39,0.8921227,0.89832896,0.8966468,0.006206274
MLP,test_ood,B0031_p1,B0031,10,0.9895714,1.041169,0.9845389,0.051597655
MLP,test_ood,B0031_p1,B0031,11,0.9872119,0.95867926,0.9895714,-0.028532624
MLP,test_ood,B0031_p1,B0031,12,0.9800775,1.002879,0.9872119,0.022801518
MLP,test_ood,B0031_p1,B0031,13,0.9789777,0.9528686,0.9800775,-0.0261091
MLP,test_ood,B0031_p1,B0031,14,0.9707952,0.99465436,0.9789777,0.023859143
MLP,test_ood,B0031_p1,B0031,15,0.96164805,0.92351115,0.9707952,-0.0381369
MLP,test_ood,B0031_p1,B0031,16,0.9855019,0.9273495,0.96164805,-0.058152378
MLP,test_ood,B0031_p1,B0031,17,0.9781377,0.94817156,0.9855019,-0.029966116
MLP,test_ood,B0031_p1,B0031,18,0.9768086,0.94251823,0.9781377,-0.034290373
MLP,test_ood,B0031_p1,B0031,19,0.9666799,0.9959864,0.9768086,0.029306531
MLP,test_ood,B0031_p1,B0031,20,0.976945,0.8795145,0.9666799,-0.09743047
MLP,test_ood,B0031_p1,B0031,21,0.96864355,0.9359651,0.976945,-0.032678425
MLP,test_ood,B0031_p1,B0031,22,0.9665702,0.9300608,0.96864355,-0.036509395
MLP,test_ood,B0031_p1,B0031,23,0.9569969,0.9460252,0.9665702,-0.010971725
MLP,test_ood,B0031_p1,B0031,24,0.9533764,0.9774878,0.9569969,0.02411139
MLP,test_ood,B0031_p1,B0031,25,0.9639699,0.9315363,0.9533764,-0.03243357
MLP,test_ood,B0031_p1,B0031,26,0.96248126,0.92262554,0.9639699,-0.03985572
MLP,test_ood,B0031_p1,B0031,27,0.9515222,0.93984115,0.96248126,-0.01168102
MLP,test_ood,B0031_p1,B0031,28,0.9492023,0.9303269,0.9515222,-0.01887542
MLP,test_ood,B0031_p1,B0031,29,0.9455064,0.93836856,0.9492023,-0.007137835
MLP,test_ood,B0031_p1,B0031,30,0.9497317,0.9208962,0.9455064,-0.028835535
MLP,test_ood,B0031_p1,B0031,31,0.9473015,0.9269192,0.9497317,-0.020382285
MLP,test_ood,B0031_p1,B0031,32,0.9366348,0.92764276,0.9473015,-0.008992016
MLP,test_ood,B0031_p1,B0031,33,0.9391775,0.89603865,0.9366348,-0.04313886
MLP,test_ood,B0031_p1,B0031,34,0.9349228,0.93233365,0.9391775,-0.0025891662
MLP,test_ood,B0031_p1,B0031,35,0.939742,0.87933767,0.9349228,-0.06040436
MLP,test_ood,B0031_p1,B0031,36,0.935303,0.90033984,0.939742,-0.03496313
MLP,test_ood,B0031_p1,B0031,37,0.9321246,0.9508146,0.935303,0.01868999
MLP,test_ood,B0031_p1,B0031,38,0.9282684,0.9225022,0.9321246,-0.0057661533
MLP,test_ood,B0031_p1,B0031,39,0.92399853,0.9218739,0.9282684,-0.0021246076
MLP,test_ood,B0032_p1,B0032,10,0.97292316,1.0006132,0.96800023,0.027690053
MLP,test_ood,B0032_p1,B0032,11,0.96463156,0.97116065,0.97292316,0.006529093
MLP,test_ood,B0032_p1,B0032,12,0.95773613,0.9879147,0.96463156,0.030178547
MLP,test_ood,B0032_p1,B0032,13,0.95071566,0.9364781,0.95773613,-0.014237583
MLP,test_ood,B0032_p1,B0032,14,0.9488075,0.9491008,0.95071566,0.00029331446
MLP,test_ood,B0032_p1,B0032,15,0.96463746,0.94552666,0.9488075,-0.019110799
MLP,test_ood,B0032_p1,B0032,16,0.96320456,0.94155204,0.96463746,-0.02165252
MLP,test_ood,B0032_p1,B0032,17,0.9562217,0.9328335,0.96320456,-0.023388207
MLP,test_ood,B0032_p1,B0032,18,0.94861937,0.9313078,0.9562217,-0.017311573
MLP,test_ood,B0032_p1,B0032,19,0.93878263,0.9264776,0.94861937,-0.012305021
MLP,test_ood,B0032_p1,B0032,20,0.94867885,0.969151,0.93878263,0.020472169
MLP,test_ood,B0032_p1,B0032,21,0.94064736,0.93609965,0.94867885,-0.004547715
MLP,test_ood,B0032_p1,B0032,22,0.93214774,0.95660824,0.94064736,0.024460495
MLP,test_ood,B0032_p1,B0032,23,0.92936206,0.9163253,0.93214774,-0.0130367875
MLP,test_ood,B0032_p1,B0032,24,0.9193793,0.92579395,0.92936206,0.006414652
MLP,test_ood,B0032_p1,B0032,25,0.9361016,0.963394,0.9193793,0.02729237
MLP,test_ood,B0032_p1,B0032,26,0.9215514,0.9372714,0.9361016,0.01572001
MLP,test_ood,B0032_p1,B0032,27,0.9174951,0.9296103,0.9215514,0.01211524
MLP,test_ood,B0032_p1,B0032,28,0.9086625,0.8913033,0.9174951,-0.017359197
MLP,test_ood,B0032_p1,B0032,29,0.91156113,0.90611005,0.9086625,-0.005451083
MLP,test_ood,B0032_p1,B0032,30,0.91562784,0.9516371,0.91156113,0.036009252
MLP,test_ood,B0032_p1,B0032,31,0.90669537,0.9835613,0.91562784,0.07686591
MLP,test_ood,B0032_p1,B0032,32,0.9029505,0.92873067,0.90669537,0.025780141
MLP,test_ood,B0032_p1,B0032,33,0.8920087,0.8653884,0.9029505,-0.026620328
MLP,test_ood,B0032_p1,B0032,34,0.8944744,0.9067566,0.8920087,0.012282193
MLP,test_ood,B0032_p1,B0032,35,0.90589076,0.93021876,0.8944744,0.024327993
MLP,test_ood,B0032_p1,B0032,36,0.89490026,1.0050266,0.90589076,0.11012632
MLP,test_ood,B0032_p1,B0032,37,0.8916791,0.92217106,0.89490026,0.030491948
MLP,test_ood,B0032_p1,B0032,38,0.8810613,0.9021962,0.8916791,0.021134913
MLP,test_ood,B0032_p1,B0032,39,0.876872,0.8938134,0.8810613,0.016941369
MLP,test_ood,B0042_p2,B0042,97,0.8444038,0.7948555,0.84841186,-0.049548328
MLP,test_ood,B0042_p2,B0042,98,0.83652055,0.89999473,0.8444038,0.06347418
MLP,test_ood,B0042_p2,B0042,99,0.8332597,0.85720664,0.83652055,0.02394694
MLP,test_ood,B0042_p2,B0042,100,0.8268733,0.9460718,0.8332597,0.1191985
MLP,test_ood,B0042_p2,B0042,101,0.8182754,0.8301566,0.8268733,0.011881232
MLP,test_ood,B0042_p2,B0042,102,0.81910336,0.9478533,0.8182754,0.12874997
MLP,test_ood,B0042_p2,B0042,103,0.8097516,0.89656866,0.81910336,0.086817086
MLP,test_ood,B0042_p2,B0042,104,0.8077394,0.88677526,0.8097516,0.07903588
MLP,test_ood,B0042_p2,B0042,105,0.80601215,0.73282266,0.8077394,-0.0731895
MLP,test_ood,B0042_p2,B0042,106,0.7950754,0.824103,0.80601215,0.029027581
MLP,test_ood,B0042_p2,B0042,107,0.79575366,0.94476354,0.7950754,0.14900988
MLP,test_ood,B0042_p2,B0042,108,0.7910941,0.86179924,0.79575366,0.070705116
MLP,test_ood,B0042_p2,B0042,109,0.7851291,0.69800544,0.7910941,-0.08712363
MLP,test_ood,B0042_p2,B0042,110,0.7782113,0.89817584,0.7851291,0.11996454
MLP,test_ood,B0042_p2,B0042,111,0.7738931,0.84585065,0.7782113,0.07195753
MLP,test_ood,B0043_p2,B0043,97,0.85993755,0.84920585,0.8662328,-0.010731697
MLP,test_ood,B0043_p2,B0043,98,0.8519736,0.847419,0.85993755,-0.0045545697
MLP,test_ood,B0043_p2,B0043,99,0.8443309,0.7600154,0.8519736,-0.08431548
MLP,test_ood,B0043_p2,B0043,100,0.8333455,0.97718465,0.8443309,0.14383918
MLP,test_ood,B0043_p2,B0043,101,0.8244438,0.86693764,0.8333455,0.04249382
MLP,test_ood,B0043_p2,B0043,102,0.82315665,0.9104903,0.8244438,0.08733362
MLP,test_ood,B0043_p2,B0043,103,0.8118834,0.8802755,0.82315665,0.0683921
MLP,test_ood,B0043_p2,B0043,104,0.8097032,0.82873964,0.8118834,0.019036472
MLP,test_ood,B0043_p2,B0043,105,0.80345476,0.8898241,0.8097032,0.086369336
MLP,test_ood,B0043_p2,B0043,106,0.78992933,0.8634197,0.80345476,0.07349038
MLP,test_ood,B0043_p2,B0043,107,0.7884199,0.9177342,0.78992933,0.1293143
MLP,test_ood,B0043_p2,B0043,108,0.7816225,0.82238746,0.7884199,0.040764928
MLP,test_ood,B0043_p2,B0043,109,0.7733174,0.707444,0.7816225,-0.065873384
MLP,test_ood,B0043_p2,B0043,110,0.76605076,0.83316576,0.7733174,0.06711501
MLP,test_ood,B0043_p2,B0043,111,0.7593145,0.8113211,0.76605076,0.052006602
SimpleRNN,train,B0005_p1,B0005,10,0.9941539,0.99274755,0.99415046,-0.0014063716
SimpleRNN,train,B0005_p1,B0005,11,0.9884778,0.9931166,0.9941539,0.004638791
SimpleRNN,train,B0005_p1,B0005,12,0.98823273,0.98684114,0.9884778,-0.0013915896
SimpleRNN,train,B0005_p1,B0005,13,0.9880629,0.9869258,0.98823273,-0.0011371374
SimpleRNN,train,B0005_p1,B0005,14,0.9821553,0.98698133,0.9880629,0.0048260093
SimpleRNN,train,B0005_p1,B0005,15,0.98188776,0.9801821,0.9821553,-0.0017056465
SimpleRNN,train,B0005_p1,B0005,16,0.98214525,0.98042804,0.98188776,-0.0017172098
SimpleRNN,train,B0005_p1,B0005,17,0.98241156,0.98078114,0.98214525,-0.0016304255
SimpleRNN,train,B0005_p1,B0005,18,0.9822532,0.9811359,0.98241156,-0.0011172891
SimpleRNN,train,B0005_p1,B0005,19,1.0063622,0.9816639,0.9822532,-0.024698317
SimpleRNN,train,B0005_p1,B0005,20,1.0065753,1.0049233,1.0063622,-0.0016520023
SimpleRNN,train,B0005_p1,B0005,21,1.0004512,1.0053896,1.0065753,0.004938364
SimpleRNN,train,B0005_p1,B0005,22,0.99478656,0.99897957,1.0004512,0.004193008
SimpleRNN,train,B0005_p1,B0005,23,0.9944231,0.99283254,0.99478656,-0.00159055
SimpleRNN,train,B0005_p1,B0005,24,0.994678,0.99302137,0.9944231,-0.0016566515
SimpleRNN,train,B0005_p1,B0005,25,0.9883847,0.99369234,0.994678,0.005307615
SimpleRNN,train,B0005_p1,B0005,26,0.9887869,0.9866314,0.9883847,-0.0021554828
SimpleRNN,train,B0005_p1,B0005,27,0.9883511,0.9880888,0.9887869,-0.00026232004
SimpleRNN,train,B0005_p1,B0005,28,0.9822467,0.9882052,0.9883511,0.0059584975
SimpleRNN,train,B0005_p1,B0005,29,0.9829612,0.9808099,0.9822467,-0.0021512508
SimpleRNN,train,B0005_p1,B0005,30,1.0089647,0.98247916,0.9829612,-0.026485503
SimpleRNN,train,B0005_p1,B0005,31,0.99746895,1.0079503,1.0089647,0.010481358
SimpleRNN,train,B0005_p1,B0005,32,0.99158466,0.996317,0.99746895,0.0047323704
SimpleRNN,train,B0005_p1,B0005,33,0.9858113,0.9909525,0.99158466,0.0051411986
SimpleRNN,train,B0005_p1,B0005,34,0.9832515,0.9854037,0.9858113,0.0021522045
SimpleRNN,train,B0005_p1,B0005,35,0.9804004,0.9828793,0.9832515,0.0024788976
SimpleRNN,train,B0005_p1,B0005,36,0.974443,0.97935724,0.9804004,0.004914224
SimpleRNN,train,B0005_p1,B0005,37,0.9714353,0.97378606,0.974443,0.0023507476
SimpleRNN,train,B0005_p1,B0005,38,0.96604705,0.9710727,0.9714353,0.005025625
SimpleRNN,train,B0005_p1,B0005,39,0.96604925,0.96551347,0.96604705,-0.00053578615
SimpleRNN,train,B0005_p1,B0005,40,0.9632347,0.96553993,0.96604925,0.0023052096
SimpleRNN,train,B0005_p1,B0005,41,0.960207,0.9619977,0.9632347,0.0017907023
SimpleRNN,train,B0005_p1,B0005,42,0.9630959,0.9589605,0.960207,-0.00413543
SimpleRNN,train,B0005_p1,B0005,43,0.96039945,0.96255326,0.9630959,0.0021538138
SimpleRNN,train,B0005_p1,B0005,44,0.9544399,0.9587952,0.96039945,0.0043553114
SimpleRNN,train,B0005_p1,B0005,45,0.94905627,0.95358735,0.9544399,0.0045310855
SimpleRNN,train,B0005_p1,B0005,46,0.9459188,0.9485879,0.94905627,0.002669096
SimpleRNN,train,B0005_p1,B0005,47,0.97726583,0.94545895,0.9459188,-0.031806886
SimpleRNN,train,B0005_p1,B0005,48,0.97158027,0.9740354,0.97726583,0.0024551153
SimpleRNN,train,B0005_p1,B0005,49,0.96295804,0.9694331,0.97158027,0.006475091
SimpleRNN,train,B0005_p1,B0005,50,0.9573207,0.96140915,0.96295804,0.0040884614
SimpleRNN,train,B0005_p1,B0005,51,0.95179194,0.9558085,0.9573207,0.004016578
SimpleRNN,train,B0005_p1,B0005,52,0.94898415,0.95099646,0.95179194,0.0020123124
SimpleRNN,train,B0005_p1,B0005,53,0.9460993,0.94801605,0.94898415,0.0019167662
SimpleRNN,train,B0005_p1,B0005,54,0.9405958,0.9447362,0.9460993,0.004140377
SimpleRNN,train,B0005_p1,B0005,55,0.93486655,0.93956155,0.9405958,0.0046949983
SimpleRNN,train,B0005_p1,B0005,56,0.9319934,0.9339705,0.93486655,0.001977086
SimpleRNN,train,B0005_p1,B0005,57,0.9295313,0.93126386,0.9319934,0.0017325878
SimpleRNN,train,B0005_p1,B0005,58,0.9264237,0.9285528,0.9295313,0.002129078
SimpleRNN,train,B0005_p1,B0005,59,0.92330104,0.92489487,0.9264237,0.0015938282
SimpleRNN,train,B0005_p1,B0005,60,0.91802853,0.92206734,0.92330104,0.0040388107
SimpleRNN,train,B0005_p1,B0005,61,0.91234636,0.91682905,0.91802853,0.0044826865
SimpleRNN,train,B0005_p1,B0005,62,0.91239816,0.911219,0.91234636,-0.0011791587
SimpleRNN,train,B0005_p1,B0005,63,0.9064849,0.9113296,0.91239816,0.004844725
SimpleRNN,train,B0005_p1,B0005,64,0.90392274,0.905045,0.9064849,0.0011222363
SimpleRNN,train,B0005_p1,B0005,65,0.90111136,0.90235233,0.90392274,0.0012409687
SimpleRNN,train,B0005_p1,B0005,66,0.89500886,0.89992434,0.90111136,0.004915476
SimpleRNN,train,B0005_p1,B0005,67,0.89239573,0.89374435,0.89500886,0.0013486147
SimpleRNN,train,B0005_p1,B0005,68,0.88960457,0.8912323,0.89239573,0.0016277432
SimpleRNN,train,B0005_p1,B0005,69,0.88689005,0.88833016,0.88960457,0.0014401078
SimpleRNN,train,B0005_p1,B0005,70,0.88382393,0.8856366,0.88689005,0.0018126965
SimpleRNN,train,B0005_p1,B0005,71,0.8779396,0.8826047,0.88382393,0.0046651363
SimpleRNN,train,B0005_p1,B0005,72,0.8753447,0.87662363,0.8779396,0.0012789369
SimpleRNN,train,B0005_p1,B0005,73,0.87259376,0.87421125,0.8753447,0.0016174912
SimpleRNN,train,B0005_p1,B0005,74,0.86652136,0.8714622,0.87259376,0.0049408674
SimpleRNN,train,B0005_p1,B0005,75,0.8640258,0.86512357,0.86652136,0.0010977983
SimpleRNN,train,B0005_p1,B0005,76,0.86356485,0.86291033,0.8640258,-0.0006545186
SimpleRNN,train,B0005_p1,B0005,77,0.86933124,0.8624504,0.86356485,-0.00688082
SimpleRNN,train,B0005_p1,B0005,78,0.85800034,0.8674105,0.86933124,0.009410143
SimpleRNN,train,B0005_p1,B0005,79,0.8526454,0.8569143,0.85800034,0.0042688847
SimpleRNN,train,B0005_p1,B0005,80,0.84984696,0.85189307,0.8526454,0.0020461082
SimpleRNN,train,B0005_p1,B0005,81,0.84969205,0.8487679,0.84984696,-0.00092417
SimpleRNN,train,B0005_p1,B0005,82,0.84708095,0.8483405,0.84969205,0.0012595654
SimpleRNN,train,B0005_p1,B0005,83,0.8439125,0.84543395,0.84708095,0.0015214682
SimpleRNN,train,B0005_p1,B0005,84,0.8381166,0.8424913,0.8439125,0.0043747425
SimpleRNN,train,B0005_p1,B0005,85,0.8324924,0.83669215,0.8381166,0.0041997433
SimpleRNN,train,B0005_p1,B0005,86,0.8328253,0.83141065,0.8324924,-0.0014146566
SimpleRNN,train,B0005_p1,B0005,87,0.8296227,0.83172184,0.8328253,0.0020991564
SimpleRNN,train,B0005_p1,B0005,88,0.8268105,0.8278318,0.8296227,0.0010213256
SimpleRNN,train,B0005_p1,B0005,89,0.87493914,0.82506937,0.8268105,-0.049869776
SimpleRNN,train,B0005_p1,B0005,90,0.8520717,0.87908924,0.87493914,0.027017534
SimpleRNN,train,B0005_p1,B0005,91,0.8434861,0.85013366,0.8520717,0.006647587
SimpleRNN,train,B0005_p1,B0005,92,0.83492315,0.8417278,0.8434861,0.006804645
SimpleRNN,train,B0005_p1,B0005,93,0.83196855,0.8326035,0.83492315,0.0006349683
SimpleRNN,train,B0005_p1,B0005,94,0.82652247,0.82998097,0.83196855,0.0034585
SimpleRNN,train,B0005_p1,B0005,95,0.82376564,0.825112,0.82652247,0.0013463497
SimpleRNN,train,B0005_p1,B0005,96,0.82085955,0.82243425,0.82376564,0.0015746951
SimpleRNN,train,B0005_p1,B0005,97,0.8181252,0.81938785,0.82085955,0.0012626648
SimpleRNN,train,B0005_p1,B0005,98,0.81229466,0.8165132,0.8181252,0.0042185187
SimpleRNN,train,B0005_p1,B0005,99,0.8095835,0.81041765,0.81229466,0.000834167
SimpleRNN,train,B0005_p1,B0005,100,0.8066115,0.8078873,0.8095835,0.0012758374
SimpleRNN,train,B0005_p1,B0005,101,0.80377597,0.8047872,0.8066115,0.0010112524
SimpleRNN,train,B0005_p1,B0005,102,0.8096027,0.8019632,0.80377597,-0.0076394677
SimpleRNN,train,B0005_p1,B0005,103,0.8151538,0.807917,0.8096027,-0.0072367787
SimpleRNN,train,B0005_p1,B0005,104,0.80682224,0.8126514,0.8151538,0.0058291554
SimpleRNN,train,B0005_p1,B0005,105,0.80080366,0.804696,0.80682224,0.0038923621
SimpleRNN,train,B0005_p1,B0005,106,0.792166,0.7986431,0.80080366,0.0064771175
SimpleRNN,train,B0005_p1,B0005,107,0.79229945,0.7903502,0.792166,-0.0019492507
SimpleRNN,train,B0005_p1,B0005,108,0.7927776,0.79014105,0.79229945,-0.0026365519
SimpleRNN,train,B0005_p1,B0005,109,0.78951854,0.7907187,0.7927776,0.0012001395
SimpleRNN,train,B0005_p1,B0005,110,0.7838677,0.78714746,0.78951854,0.0032797456
SimpleRNN,train,B0005_p1,B0005,111,0.7810205,0.781729,0.7838677,0.0007084608
SimpleRNN,train,B0005_p1,B0005,112,0.7809936,0.7788658,0.7810205,-0.0021277666
SimpleRNN,train,B0005_p1,B0005,113,0.7780889,0.7788144,0.7809936,0.00072544813
SimpleRNN,train,B0005_p1,B0005,114,0.7752859,0.7756023,0.7780889,0.00031638145
SimpleRNN,train,B0005_p1,B0005,115,0.7722939,0.7728924,0.7752859,0.00059849024
SimpleRNN,train,B0005_p1,B0005,116,0.76955885,0.76998335,0.7722939,0.00042450428
SimpleRNN,train,B0005_p1,B0005,117,0.76965123,0.7674898,0.76955885,-0.0021614432
SimpleRNN,train,B0005_p1,B0005,118,0.7669376,0.7675505,0.76965123,0.00061291456
SimpleRNN,train,B0005_p1,B0005,119,0.78099144,0.7644294,0.7669376,-0.016562045
SimpleRNN,train,B0005_p1,B0005,120,0.7836411,0.77863616,0.78099144,-0.0050049424
SimpleRNN,train,B0005_p1,B0005,121,0.77225345,0.78120047,0.7836411,0.008947015
SimpleRNN,train,B0005_p1,B0005,122,0.7666016,0.7700842,0.77225345,0.0034825802
SimpleRNN,train,B0005_p1,B0005,123,0.7634535,0.7645402,0.7666016,0.0010867119
SimpleRNN,train,B0005_p1,B0005,124,0.76100004,0.76154375,0.7634535,0.00054371357
SimpleRNN,train,B0005_p1,B0005,125,0.7580491,0.7587897,0.76100004,0.0007406473
SimpleRNN,train,B0005_p1,B0005,126,0.75529426,0.7561143,0.7580491,0.0008200407
SimpleRNN,train,B0005_p1,B0005,127,0.75213844,0.7533881,0.75529426,0.001249671
SimpleRNN,train,B0005_p1,B0005,128,0.74930507,0.7503487,0.75213844,0.0010436177
SimpleRNN,train,B0005_p1,B0005,129,0.74673134,0.74748755,0.74930507,0.0007562041
SimpleRNN,train,B0005_p1,B0005,130,0.7467291,0.7450762,0.74673134,-0.0016528964
SimpleRNN,train,B0005_p1,B0005,131,0.74358356,0.74505687,0.7467291,0.0014733076
SimpleRNN,train,B0005_p1,B0005,132,0.7493898,0.74189603,0.74358356,-0.007493794
SimpleRNN,train,B0005_p1,B0005,133,0.7552304,0.7472234,0.7493898,-0.00800705
SimpleRNN,train,B0005_p1,B0005,134,0.74637026,0.752704,0.7552304,0.0063337684
SimpleRNN,train,B0005_p1,B0005,135,0.7436093,0.7440833,0.74637026,0.00047397614
SimpleRNN,train,B0005_p1,B0005,136,0.73790973,0.7415476,0.7436093,0.0036378503
SimpleRNN,train,B0005_p1,B0005,137,0.7380839,0.7360182,0.73790973,-0.0020657182
SimpleRNN,train,B0005_p1,B0005,138,0.7381178,0.7359898,0.7380839,-0.002128005
SimpleRNN,train,B0005_p1,B0005,139,0.7351816,0.73578537,0.7381178,0.00060373545
SimpleRNN,train,B0005_p1,B0005,140,0.7323888,0.73309135,0.7351816,0.00070255995
SimpleRNN,train,B0005_p1,B0005,141,0.72955674,0.7305878,0.7323888,0.0010310411
SimpleRNN,train,B0005_p1,B0005,142,0.72951484,0.7279528,0.72955674,-0.0015620589
SimpleRNN,train,B0005_p1,B0005,143,0.7268408,0.727811,0.72951484,0.0009701848
SimpleRNN,train,B0005_p1,B0005,144,0.72391915,0.7248117,0.7268408,0.00089251995
SimpleRNN,train,B0005_p1,B0005,145,0.7209369,0.7221935,0.72391915,0.0012565851
SimpleRNN,train,B0005_p1,B0005,146,0.71821165,0.7193251,0.7209369,0.0011134744
SimpleRNN,train,B0005_p1,B0005,147,0.7183736,0.71675026,0.71821165,-0.0016233325
SimpleRNN,train,B0005_p1,B0005,148,0.7182791,0.7166512,0.7183736,-0.001627922
SimpleRNN,train,B0005_p1,B0005,149,0.7213191,0.716592,0.7182791,-0.0047270656
SimpleRNN,train,B0005_p1,B0005,150,0.7410697,0.7199307,0.7213191,-0.021138966
SimpleRNN,train,B0005_p1,B0005,151,0.7298506,0.7392305,0.7410697,0.009379923
SimpleRNN,train,B0005_p1,B0005,152,0.7241285,0.7278929,0.7298506,0.003764391
SimpleRNN,train,B0005_p1,B0005,153,0.7212111,0.72229946,0.7241285,0.0010883808
SimpleRNN,train,B0005_p1,B0005,154,0.71846485,0.71942407,0.7212111,0.00095921755
SimpleRNN,train,B0005_p1,B0005,155,0.7156541,0.7166836,0.71846485,0.001029551
SimpleRNN,train,B0005_p1,B0005,156,0.7155053,0.7139912,0.7156541,-0.0015140772
SimpleRNN,train,B0005_p1,B0005,157,0.71255976,0.71393746,0.7155053,0.0013777018
SimpleRNN,train,B0005_p1,B0005,158,0.7099646,0.7109242,0.71255976,0.0009596348
SimpleRNN,train,B0005_p1,B0005,159,0.71014136,0.7083051,0.7099646,-0.0018362403
SimpleRNN,train,B0005_p1,B0005,160,0.71017003,0.70857066,0.71014136,-0.0015993714
SimpleRNN,train,B0005_p1,B0005,161,0.70716083,0.7086736,0.71017003,0.0015127659
SimpleRNN,train,B0005_p1,B0005,162,0.7072624,0.7053922,0.70716083,-0.0018702149
SimpleRNN,train,B0005_p1,B0005,163,0.7047507,0.70584524,0.7072624,0.0010945201
SimpleRNN,train,B0005_p1,B0005,164,0.70177567,0.7030414,0.7047507,0.0012657046
SimpleRNN,train,B0005_p1,B0005,165,0.7014755,0.7000454,0.70177567,-0.0014300942
SimpleRNN,train,B0005_p1,B0005,166,0.7132242,0.6997148,0.7014755,-0.013509393
SimpleRNN,train,B0005_p1,B0005,167,0.7219767,0.7110586,0.7132242,-0.010918081
SimpleRNN,train,B0006_p1,B0006,10,0.9663605,0.97195065,0.97213787,0.005590141
SimpleRNN,train,B0006_p1,B0006,11,0.96097213,0.96617866,0.9663605,0.0052065253
SimpleRNN,train,B0006_p1,B0006,12,0.9552748,0.95982057,0.96097213,0.0045457482
SimpleRNN,train,B0006_p1,B0006,13,0.9496175,0.95401704,0.9552748,0.004399538
SimpleRNN,train,B0006_p1,B0006,14,0.9442417,0.9484746,0.9496175,0.0042328835
SimpleRNN,train,B0006_p1,B0006,15,0.9383471,0.943811,0.9442417,0.005463898
SimpleRNN,train,B0006_p1,B0006,16,0.93292296,0.94577205,0.9383471,0.0128490925
SimpleRNN,train,B0006_p1,B0006,17,0.9276041,0.93301475,0.93292296,0.0054106712
SimpleRNN,train,B0006_p1,B0006,18,0.9276138,0.9279439,0.9276041,0.00033009052
SimpleRNN,train,B0006_p1,B0006,19,0.98326164,0.92711115,0.9276138,-0.056150496
SimpleRNN,train,B0006_p1,B0006,20,0.97229636,0.98316216,0.98326164,0.0108658075
SimpleRNN,train,B0006_p1,B0006,21,0.96646774,0.9717508,0.97229636,0.0052830577
SimpleRNN,train,B0006_p1,B0006,22,0.9557547,0.9664488,0.96646774,0.010694087
SimpleRNN,train,B0006_p1,B0006,23,0.9665503,0.9558011,0.9557547,-0.010749161
SimpleRNN,train,B0006_p1,B0006,24,0.94441116,0.96615213,0.9665503,0.021740973
SimpleRNN,train,B0006_p1,B0006,25,0.93311954,0.9435861,0.94441116,0.010466576
SimpleRNN,train,B0006_p1,B0006,26,0.9279698,0.95561194,0.93311954,0.02764213
SimpleRNN,train,B0006_p1,B0006,27,0.92186964,0.9280161,0.9279698,0.0061464906
SimpleRNN,train,B0006_p1,B0006,28,0.9164931,0.9222771,0.92186964,0.005783975
SimpleRNN,train,B0006_p1,B0006,29,0.9224679,0.91601825,0.9164931,-0.00644964
SimpleRNN,train,B0006_p1,B0006,30,0.9560179,0.9307261,0.9224679,-0.0252918
SimpleRNN,train,B0006_p1,B0006,31,0.9348866,0.9553326,0.9560179,0.020446002
SimpleRNN,train,B0006_p1,B0006,32,0.92149824,0.933889,0.9348866,0.012390733
SimpleRNN,train,B0006_p1,B0006,33,0.9135384,0.9215363,0.92149824,0.00799793
SimpleRNN,train,B0006_p1,B0006,34,0.9032513,0.91333556,0.9135384,0.010084271
SimpleRNN,train,B0006_p1,B0006,35,0.90073675,0.9030635,0.9032513,0.002326727
SimpleRNN,train,B0006_p1,B0006,36,0.89260334,0.90042704,0.90073675,0.007823706
SimpleRNN,train,B0006_p1,B0006,37,0.88460803,0.89270765,0.89260334,0.008099616
SimpleRNN,train,B0006_p1,B0006,38,0.8796453,0.88511986,0.88460803,0.0054745674
SimpleRNN,train,B0006_p1,B0006,39,0.87440926,0.88020957,0.8796453,0.005800307
SimpleRNN,train,B0006_p1,B0006,40,0.86935306,0.87476015,0.87440926,0.005407095
SimpleRNN,train,B0006_p1,B0006,41,0.86398935,0.8692229,0.86935306,0.005233526
SimpleRNN,train,B0006_p1,B0006,42,0.8715311,0.86376107,0.86398935,-0.0077700615
SimpleRNN,train,B0006_p1,B0006,43,0.8771251,0.87174207,0.8715311,-0.0053830147
SimpleRNN,train,B0006_p1,B0006,44,0.86115634,0.87619823,0.8771251,0.015041888
SimpleRNN,train,B0006_p1,B0006,45,0.8509926,0.86104494,0.86115634,0.010052323
SimpleRNN,train,B0006_p1,B0006,46,0.84556973,0.85121757,0.8509926,0.005647838
SimpleRNN,train,B0006_p1,B0006,47,0.90582407,0.8452388,0.84556973,-0.06058526
SimpleRNN,train,B0006_p1,B0006,48,0.8980801,0.9030943,0.90582407,0.005014181
SimpleRNN,train,B0006_p1,B0006,49,0.8820036,0.8964065,0.8980801,0.014402866
SimpleRNN,train,B0006_p1,B0006,50,0.8665962,0.88077706,0.8820036,0.014180839
SimpleRNN,train,B0006_p1,B0006,51,0.85888064,0.8652253,0.8665962,0.006344676
SimpleRNN,train,B0006_p1,B0006,52,0.84840125,0.8581306,0.85888064,0.009729326
SimpleRNN,train,B0006_p1,B0006,53,0.84317946,0.84782666,0.84840125,0.0046471953
SimpleRNN,train,B0006_p1,B0006,54,0.8354649,0.8419573,0.84317946,0.0064923763
SimpleRNN,train,B0006_p1,B0006,55,0.8302066,0.83421755,0.8354649,0.0040109754
SimpleRNN,train,B0006_p1,B0006,56,0.8248832,0.82922024,0.8302066,0.004337013
SimpleRNN,train,B0006_p1,B0006,57,0.8200961,0.8242235,0.8248832,0.004127443
SimpleRNN,train,B0006_p1,B0006,58,0.8146394,0.8192816,0.8200961,0.0046421885
SimpleRNN,train,B0006_p1,B0006,59,0.8092081,0.8132677,0.8146394,0.0040596128
SimpleRNN,train,B0006_p1,B0006,60,0.7991003,0.80806124,0.8092081,0.008960962
SimpleRNN,train,B0006_p1,B0006,61,0.7964553,0.7975013,0.7991003,0.0010460019
SimpleRNN,train,B0006_p1,B0006,62,0.79419374,0.7956394,0.7964553,0.001445651
SimpleRNN,train,B0006_p1,B0006,63,0.7885593,0.79305184,0.79419374,0.0044925213
SimpleRNN,train,B0006_p1,B0006,64,0.7862471,0.7874542,0.7885593,0.0012071133
SimpleRNN,train,B0006_p1,B0006,65,0.7783823,0.7847649,0.7862471,0.0063825846
SimpleRNN,train,B0006_p1,B0006,66,0.77550495,0.7773361,0.7783823,0.0018311739
SimpleRNN,train,B0006_p1,B0006,67,0.7704519,0.7746486,0.77550495,0.0041967034
SimpleRNN,train,B0006_p1,B0006,68,0.76523817,0.76935935,0.7704519,0.0041211843
SimpleRNN,train,B0006_p1,B0006,69,0.75760883,0.7646477,0.76523817,0.0070388913
SimpleRNN,train,B0006_p1,B0006,70,0.7600144,0.75717413,0.75760883,-0.0028402805
SimpleRNN,train,B0006_p1,B0006,71,0.75728244,0.75915176,0.7600144,0.0018693209
SimpleRNN,train,B0006_p1,B0006,72,0.7522622,0.7568115,0.75728244,0.0045493245
SimpleRNN,train,B0006_p1,B0006,73,0.74970037,0.750692,0.7522622,0.0009916425
SimpleRNN,train,B0006_p1,B0006,74,0.7470212,0.74866635,0.74970037,0.0016451478
SimpleRNN,train,B0006_p1,B0006,75,0.74181724,0.7458372,0.7470212,0.0040199757
SimpleRNN,train,B0006_p1,B0006,76,0.7388928,0.7404624,0.74181724,0.0015696287
SimpleRNN,train,B0006_p1,B0006,77,0.76007926,0.73808694,0.7388928,-0.021992326
SimpleRNN,train,B0006_p1,B0006,78,0.7470602,0.75880975,0.76007926,0.011749566
SimpleRNN,train,B0006_p1,B0006,79,0.73945254,0.7459714,0.7470602,0.006518841
SimpleRNN,train,B0006_p1,B0006,80,0.73424655,0.7393794,0.73945254,0.005132854
SimpleRNN,train,B0006_p1,B0006,81,0.734337,0.7331759,0.73424655,-0.0011610985
SimpleRNN,train,B0006_p1,B0006,82,0.7317318,0.73329157,0.734337,0.001559794
SimpleRNN,train,B0006_p1,B0006,83,0.72890145,0.72984093,0.7317318,0.0009394884
SimpleRNN,train,B0006_p1,B0006,84,0.7210104,0.72734183,0.72890145,0.006331444
SimpleRNN,train,B0006_p1,B0006,85,0.72115666,0.7197761,0.7210104,-0.0013805628
SimpleRNN,train,B0006_p1,B0006,86,0.7187848,0.72024715,0.72115666,0.0014623404
SimpleRNN,train,B0006_p1,B0006,87,0.7186385,0.7172049,0.7187848,-0.0014335513
SimpleRNN,train,B0006_p1,B0006,88,0.7160658,0.71713585,0.7186385,0.0010700226
SimpleRNN,train,B0006_p1,B0006,89,0.7915193,0.7141126,0.7160658,-0.077406704
SimpleRNN,train,B0006_p1,B0006,90,0.76807725,0.77684313,0.7915193,0.008765876
SimpleRNN,train,B0006_p1,B0006,91,0.75233984,0.76222354,0.76807725,0.009883702
SimpleRNN,train,B0006_p1,B0006,92,0.74452835,0.7511133,0.75233984,0.0065849423
SimpleRNN,train,B0006_p1,B0006,93,0.7366471,0.7429614,0.74452835,0.0063142776
SimpleRNN,train,B0006_p1,B0006,94,0.7316084,0.73522955,0.7366471,0.003621161
SimpleRNN,train,B0006_p1,B0006,95,0.72653913,0.73088384,0.7316084,0.0043447018
SimpleRNN,train,B0006_p1,B0006,96,0.7211133,0.7254523,0.72653913,0.0043389797
SimpleRNN,train,B0006_p1,B0006,97,0.7186451,0.72030026,0.7211133,0.0016551614
SimpleRNN,train,B0006_p1,B0006,98,0.7159199,0.71758103,0.7186451,0.0016611218
SimpleRNN,train,B0006_p1,B0006,99,0.7108687,0.71492136,0.7159199,0.004052639
SimpleRNN,train,B0006_p1,B0006,100,0.7082929,0.7095577,0.7108687,0.0012648106
SimpleRNN,train,B0006_p1,B0006,101,0.7055427,0.7071565,0.7082929,0.0016137958
SimpleRNN,train,B0006_p1,B0006,102,0.7056484,0.7039711,0.7055427,-0.0016773343
SimpleRNN,train,B0006_p1,B0006,103,0.7213216,0.7048075,0.7056484,-0.016514063
SimpleRNN,train,B0006_p1,B0006,104,0.71104103,0.7193088,0.7213216,0.00826776
SimpleRNN,train,B0006_p1,B0006,105,0.70282483,0.7094662,0.71104103,0.006641388
SimpleRNN,train,B0006_p1,B0006,106,0.7002,0.70112306,0.70282483,0.0009230375
SimpleRNN,train,B0006_p1,B0006,107,0.69780904,0.6986067,0.7002,0.00079768896
SimpleRNN,train,B0006_p1,B0006,108,0.6929648,0.6959542,0.69780904,0.0029894114
SimpleRNN,train,B0006_p1,B0006,109,0.6926519,0.6910452,0.6929648,-0.0016067028
SimpleRNN,train,B0006_p1,B0006,110,0.69006056,0.69056684,0.6926519,0.00050628185
SimpleRNN,train,B0006_p1,B0006,111,0.6873391,0.68828267,0.69006056,0.0009435415
SimpleRNN,train,B0006_p1,B0006,112,0.6822944,0.68565834,0.6873391,0.0033639073
SimpleRNN,train,B0006_p1,B0006,113,0.6847404,0.68102324,0.6822944,-0.003717184
SimpleRNN,train,B0006_p1,B0006,114,0.6823335,0.6832323,0.6847404,0.00089877844
SimpleRNN,train,B0006_p1,B0006,115,0.6796007,0.68088883,0.6823335,0.001288116
SimpleRNN,train,B0006_p1,B0006,116,0.6771393,0.6781117,0.6796007,0.0009723902
SimpleRNN,train,B0006_p1,B0006,117,0.67455363,0.67568994,0.6771393,0.001136303
SimpleRNN,train,B0006_p1,B0006,118,0.67215586,0.67282355,0.67455363,0.00066769123
SimpleRNN,train,B0006_p1,B0006,119,0.68749934,0.6705632,0.67215586,-0.016936123
SimpleRNN,train,B0006_p1,B0006,120,0.697923,0.6859592,0.68749934,-0.011963785
SimpleRNN,train,B0006_p1,B0006,121,0.6847966,0.692616,0.697923,0.007819414
SimpleRNN,train,B0006_p1,B0006,122,0.67960453,0.68357,0.6847966,0.003965497
SimpleRNN,train,B0006_p1,B0006,123,0.6741655,0.67818266,0.67960453,0.0040171742
SimpleRNN,train,B0006_p1,B0006,124,0.6717706,0.6789185,0.6741655,0.007147908
SimpleRNN,train,B0006_p1,B0006,125,0.66924566,0.67030615,0.6717706,0.0010604858
SimpleRNN,train,B0006_p1,B0006,126,0.6640789,0.6679918,0.66924566,0.0039129257
SimpleRNN,train,B0006_p1,B0006,127,0.66121185,0.6625366,0.6640789,0.0013247728
SimpleRNN,train,B0006_p1,B0006,128,0.65857697,0.6602621,0.66121185,0.0016851425
SimpleRNN,train,B0006_p1,B0006,129,0.6564156,0.65721244,0.65857697,0.0007968545
SimpleRNN,train,B0006_p1,B0006,130,0.65623987,0.65830153,0.6564156,0.002061665
SimpleRNN,train,B0006_p1,B0006,131,0.6534701,0.654729,0.65623987,0.0012589097
SimpleRNN,train,B0006_p1,B0006,132,0.6560797,0.65175927,0.6534701,-0.0043204427
SimpleRNN,train,B0006_p1,B0006,133,0.66925704,0.65451,0.6560797,-0.014747024
SimpleRNN,train,B0006_p1,B0006,134,0.6586179,0.6637129,0.66925704,0.005095005
SimpleRNN,train,B0006_p1,B0006,135,0.65072346,0.657351,0.6586179,0.0066275597
SimpleRNN,train,B0006_p1,B0006,136,0.6482884,0.6487262,0.65072346,0.00043779612
SimpleRNN,train,B0006_p1,B0006,137,0.64589936,0.64662844,0.6482884,0.000729084
SimpleRNN,train,B0006_p1,B0006,138,0.64581466,0.6444476,0.64589936,-0.0013670325
SimpleRNN,train,B0006_p1,B0006,139,0.64048564,0.64432293,0.64581466,0.0038372874
SimpleRNN,train,B0006_p1,B0006,140,0.6353928,0.6372701,0.64048564,0.0018773079
SimpleRNN,train,B0006_p1,B0006,141,0.6353703,0.6343625,0.6353928,-0.0010077953
SimpleRNN,train,B0006_p1,B0006,142,0.6328019,0.63414377,0.6353703,0.0013418794
SimpleRNN,train,B0006_p1,B0006,143,0.6328469,0.6318969,0.6328019,-0.0009499788
SimpleRNN,train,B0006_p1,B0006,144,0.6276995,0.63162035,0.6328469,0.003920853
SimpleRNN,train,B0006_p1,B0006,145,0.6249048,0.6263731,0.6276995,0.0014683008
SimpleRNN,train,B0006_p1,B0006,146,0.62248224,0.62347966,0.6249048,0.0009974241
SimpleRNN,train,B0006_p1,B0006,147,0.62246805,0.62894684,0.62248224,0.0064787865
SimpleRNN,train,B0006_p1,B0006,148,0.61991316,0.62150353,0.62246805,0.0015903711
SimpleRNN,train,B0006_p1,B0006,149,0.62256944,0.61880803,0.61991316,-0.0037614107
SimpleRNN,train,B0006_p1,B0006,150,0.64063376,0.6218092,0.62256944,-0.018824577
SimpleRNN,train,B0006_p1,B0006,151,0.6275884,0.63861126,0.64063376,0.011022866
SimpleRNN,train,B0006_p1,B0006,152,0.61985785,0.62635434,0.6275884,0.006496489
SimpleRNN,train,B0006_p1,B0006,153,0.6119824,0.6180757,0.61985785,0.006093323
SimpleRNN,train,B0006_p1,B0006,154,0.6094957,0.61031735,0.6119824,0.00082165
SimpleRNN,train,B0006_p1,B0006,155,0.6068265,0.6080227,0.6094957,0.0011962056
SimpleRNN,train,B0006_p1,B0006,156,0.6015431,0.6052305,0.6068265,0.0036873817
SimpleRNN,train,B0006_p1,B0006,157,0.59881794,0.60008144,0.6015431,0.0012634993
SimpleRNN,train,B0006_p1,B0006,158,0.5964724,0.59743655,0.59881794,0.00096416473
SimpleRNN,train,B0006_p1,B0006,159,0.5913549,0.59806514,0.5964724,0.0067102313
SimpleRNN,train,B0006_p1,B0006,160,0.5886672,0.5900519,0.5913549,0.0013846755
SimpleRNN,train,B0006_p1,B0006,161,0.5859312,0.58724254,0.5886672,0.0013113618
SimpleRNN,train,B0006_p1,B0006,162,0.58341026,0.5844549,0.5859312,0.001044631
SimpleRNN,train,B0006_p1,B0006,163,0.57309055,0.5820497,0.58341026,0.008959174
SimpleRNN,train,B0006_p1,B0006,164,0.57834685,0.5718522,0.57309055,-0.0064946413
SimpleRNN,train,B0006_p1,B0006,165,0.57556367,0.57657206,0.57834685,0.0010083914
SimpleRNN,train,B0006_p1,B0006,166,0.5835988,0.5744934,0.57556367,-0.009105384
SimpleRNN,train,B0006_p1,B0006,167,0.58891356,0.58240885,0.5835988,-0.0065047145
SimpleRNN,validation,B0007_p1,B0007,10,0.9943539,0.99341685,0.99435824,-0.0009370446
SimpleRNN,validation,B0007_p1,B0007,11,0.988828,0.9943888,0.9943539,0.0055608153
SimpleRNN,validation,B0007_p1,B0007,12,0.98852104,0.98866457,0.988828,0.00014352798
SimpleRNN,validation,B0007_p1,B0007,13,0.9884859,0.98810506,0.98852104,-0.00038081408
SimpleRNN,validation,B0007_p1,B0007,14,0.988674,0.9886009,0.9884859,-7.3075294e-05
SimpleRNN,validation,B0007_p1,B0007,15,0.98834074,0.98642856,0.988674,-0.0019121766
SimpleRNN,validation,B0007_p1,B0007,16,0.9825352,0.9661621,0.98834074,-0.016373098
SimpleRNN,validation,B0007_p1,B0007,17,0.98291165,0.97935146,0.9825352,-0.0035601854
SimpleRNN,validation,B0007_p1,B0007,18,0.98283386,0.9676986,0.98291165,-0.015135288
SimpleRNN,validation,B0007_p1,B0007,19,1.0000627,0.9441152,0.98283386,-0.055947483
SimpleRNN,validation,B0007_p1,B0007,20,1.0004305,0.99103856,1.0000627,-0.009391904
SimpleRNN,validation,B0007_p1,B0007,21,1.0002301,0.9943687,1.0004305,-0.0058614016
SimpleRNN,validation,B0007_p1,B0007,22,0.99486685,0.9979389,1.0002301,0.0030720234
SimpleRNN,validation,B0007_p1,B0007,23,0.99443644,0.98943233,0.99486685,-0.005004108
SimpleRNN,validation,B0007_p1,B0007,24,0.99468744,1.0034798,0.99443644,0.0087924
SimpleRNN,validation,B0007_p1,B0007,25,0.988807,0.99393404,0.99468744,0.0051270127
SimpleRNN,validation,B0007_p1,B0007,26,0.98903114,0.9790336,0.988807,-0.009997547
SimpleRNN,validation,B0007_p1,B0007,27,0.98856926,0.98778546,0.98903114,-0.0007838011
SimpleRNN,validation,B0007_p1,B0007,28,0.9827067,0.99548537,0.98856926,0.01277864
SimpleRNN,validation,B0007_p1,B0007,29,0.98327136,0.9821451,0.9827067,-0.0011262894
SimpleRNN,validation,B0007_p1,B0007,30,1.0014915,0.98222625,0.98327136,-0.019265294
SimpleRNN,validation,B0007_p1,B0007,31,0.99051315,1.0022371,1.0014915,0.011723936
SimpleRNN,validation,B0007_p1,B0007,32,0.9848045,0.9896887,0.99051315,0.0048841834
SimpleRNN,validation,B0007_p1,B0007,33,0.9820743,0.9835656,0.9848045,0.0014913082
SimpleRNN,validation,B0007_p1,B0007,34,0.97669214,0.9813522,0.9820743,0.00466007
SimpleRNN,validation,B0007_p1,B0007,35,0.97686946,0.9755794,0.97669214,-0.0012900829
SimpleRNN,validation,B0007_p1,B0007,36,0.97395045,0.9756764,0.97686946,0.0017259717
SimpleRNN,validation,B0007_p1,B0007,37,0.9683539,0.97316283,0.97395045,0.0048089027
SimpleRNN,validation,B0007_p1,B0007,38,0.9658862,0.96699417,0.9683539,0.0011079907
SimpleRNN,validation,B0007_p1,B0007,39,0.96316135,0.9653011,0.9658862,0.0021397471
SimpleRNN,validation,B0007_p1,B0007,40,0.9632805,0.9622218,0.96316135,-0.0010586977
SimpleRNN,validation,B0007_p1,B0007,41,0.960329,0.9620998,0.9632805,0.0017707944
SimpleRNN,validation,B0007_p1,B0007,42,0.96413046,0.9588301,0.960329,-0.005300343
SimpleRNN,validation,B0007_p1,B0007,43,0.9604403,0.96009976,0.96413046,-0.00034052134
SimpleRNN,validation,B0007_p1,B0007,44,0.9548927,0.95876986,0.9604403,0.003877163
SimpleRNN,validation,B0007_p1,B0007,45,0.9496043,0.9541075,0.9548927,0.00450325
SimpleRNN,validation,B0007_p1,B0007,46,0.9466487,0.9485672,0.9496043,0.0019184947
SimpleRNN,validation,B0007_p1,B0007,47,0.9651256,0.9460345,0.9466487,-0.01909113
SimpleRNN,validation,B0007_p1,B0007,48,0.9654589,0.8972501,0.9651256,-0.06820881
SimpleRNN,validation,B0007_p1,B0007,49,0.9572388,0.93843323,0.9654589,-0.018805563
SimpleRNN,validation,B0007_p1,B0007,50,0.9520302,0.9375097,0.9572388,-0.014520466
SimpleRNN,validation,B0007_p1,B0007,51,0.9466573,0.9526126,0.9520302,0.005955279
SimpleRNN,validation,B0007_p1,B0007,52,0.94399107,0.94560254,0.9466573,0.0016114712
SimpleRNN,validation,B0007_p1,B0007,53,0.9412975,0.94283795,0.94399107,0.001540482
SimpleRNN,validation,B0007_p1,B0007,54,0.93588346,0.93963236,0.9412975,0.0037488937
SimpleRNN,validation,B0007_p1,B0007,55,0.9303357,0.93436843,0.93588346,0.004032731
SimpleRNN,validation,B0007_p1,B0007,56,0.930337,0.9296225,0.9303357,-0.0007145405
SimpleRNN,validation,B0007_p1,B0007,57,0.9278797,0.9292012,0.930337,0.0013214946
SimpleRNN,validation,B0007_p1,B0007,58,0.9250174,0.9267974,0.9278797,0.0017799735
SimpleRNN,validation,B0007_p1,B0007,59,0.9191251,0.9235717,0.9250174,0.0044466257
SimpleRNN,validation,B0007_p1,B0007,60,0.91664517,0.918243,0.9191251,0.0015978217
SimpleRNN,validation,B0007_p1,B0007,61,0.9113696,0.91509956,0.91664517,0.0037299395
SimpleRNN,validation,B0007_p1,B0007,62,0.91136503,0.910801,0.9113696,-0.00056403875
SimpleRNN,validation,B0007_p1,B0007,63,0.9058786,0.90993327,0.91136503,0.0040546656
SimpleRNN,validation,B0007_p1,B0007,64,0.9060709,0.9049587,0.9058786,-0.0011121631
SimpleRNN,validation,B0007_p1,B0007,65,0.90051854,0.9046016,0.9060709,0.0040830374
SimpleRNN,validation,B0007_p1,B0007,66,0.897374,0.8990295,0.90051854,0.001655519
SimpleRNN,validation,B0007_p1,B0007,67,0.8949369,0.8962739,0.897374,0.0013369918
SimpleRNN,validation,B0007_p1,B0007,68,0.8921999,0.89351106,0.8949369,0.001311183
SimpleRNN,validation,B0007_p1,B0007,69,0.8896896,0.8904065,0.8921999,0.00071686506
SimpleRNN,validation,B0007_p1,B0007,70,0.8866219,0.88812906,0.8896896,0.001507163
SimpleRNN,validation,B0007_p1,B0007,71,0.8838726,0.8850505,0.8866219,0.0011778474
SimpleRNN,validation,B0007_p1,B0007,72,0.881298,0.88225424,0.8838726,0.0009562373
SimpleRNN,validation,B0007_p1,B0007,73,0.8787002,0.8798152,0.881298,0.0011150241
SimpleRNN,validation,B0007_p1,B0007,74,0.87587076,0.8771725,0.8787002,0.0013017654
SimpleRNN,validation,B0007_p1,B0007,75,0.8701261,0.8742478,0.87587076,0.004121661
SimpleRNN,validation,B0007_p1,B0007,76,0.87004197,0.86887157,0.8701261,-0.0011703968
SimpleRNN,validation,B0007_p1,B0007,77,0.87262815,0.8686003,0.87004197,-0.0040278435
SimpleRNN,validation,B0007_p1,B0007,78,0.8675506,0.8708612,0.87262815,0.0033105612
SimpleRNN,validation,B0007_p1,B0007,79,0.8620436,0.8661311,0.8675506,0.0040875077
SimpleRNN,validation,B0007_p1,B0007,80,0.8594988,0.86140245,0.8620436,0.0019036531
SimpleRNN,validation,B0007_p1,B0007,81,0.85917777,0.8579443,0.8594988,-0.0012334585
SimpleRNN,validation,B0007_p1,B0007,82,0.85965663,0.8578862,0.85917777,-0.0017704368
SimpleRNN,validation,B0007_p1,B0007,83,0.85654145,0.8576669,0.85965663,0.0011254549
SimpleRNN,validation,B0007_p1,B0007,84,0.85111505,0.85489,0.85654145,0.003774941
SimpleRNN,validation,B0007_p1,B0007,85,0.8485931,0.8497469,0.85111505,0.0011537671
SimpleRNN,validation,B0007_p1,B0007,86,0.8487529,0.8475875,0.8485931,-0.00116539
SimpleRNN,validation,B0007_p1,B0007,87,0.84853417,0.8465905,0.8487529,-0.0019436479
SimpleRNN,validation,B0007_p1,B0007,88,0.8457927,0.8471689,0.84853417,0.0013762116
SimpleRNN,validation,B0007_p1,B0007,89,0.89799255,0.84464866,0.8457927,-0.053343892
SimpleRNN,validation,B0007_p1,B0007,90,0.8645856,0.9051168,0.89799255,0.040531218
SimpleRNN,validation,B0007_p1,B0007,91,0.85913515,0.86256164,0.8645856,0.0034264922
SimpleRNN,validation,B0007_p1,B0007,92,0.85377496,0.8579347,0.85913515,0.0041597486
SimpleRNN,validation,B0007_p1,B0007,93,0.84809184,0.852151,0.85377496,0.004059136
SimpleRNN,validation,B0007_p1,B0007,94,0.8456648,0.8456848,0.84809184,2.002716e-05
SimpleRNN,validation,B0007_p1,B0007,95,0.842975,0.8446321,0.8456648,0.0016570687
SimpleRNN,validation,B0007_p1,B0007,96,0.8401154,0.8412819,0.842975,0.0011664629
SimpleRNN,validation,B0007_p1,B0007,97,0.83758694,0.8383933,0.8401154,0.00080633163
SimpleRNN,validation,B0007_p1,B0007,98,0.834705,0.8356906,0.83758694,0.0009856224
SimpleRNN,validation,B0007_p1,B0007,99,0.83494854,0.83290917,0.834705,-0.002039373
SimpleRNN,validation,B0007_p1,B0007,100,0.83228636,0.8327212,0.83494854,0.00043481588
SimpleRNN,validation,B0007_p1,B0007,101,0.8293002,0.8310837,0.83228636,0.0017834902
SimpleRNN,validation,B0007_p1,B0007,102,0.83214396,0.8273641,0.8293002,-0.0047798753
SimpleRNN,validation,B0007_p1,B0007,103,0.83745986,0.8306699,0.83214396,-0.0067899823
SimpleRNN,validation,B0007_p1,B0007,104,0.832303,0.835295,0.83745986,0.002992034
SimpleRNN,validation,B0007_p1,B0007,105,0.82936484,0.8304816,0.832303,0.0011167526
SimpleRNN,validation,B0007_p1,B0007,106,0.82412314,0.8272537,0.82936484,0.0031305552
SimpleRNN,validation,B0007_p1,B0007,107,0.8209219,0.8231489,0.82412314,0.0022270083
SimpleRNN,validation,B0007_p1,B0007,108,0.8215289,0.8186801,0.8209219,-0.002848804
SimpleRNN,validation,B0007_p1,B0007,109,0.82130307,0.8202494,0.8215289,-0.0010536909
SimpleRNN,validation,B0007_p1,B0007,110,0.81583405,0.8189868,0.82130307,0.003152728
SimpleRNN,validation,B0007_p1,B0007,111,0.8128839,0.81423616,0.81583405,0.0013522506
SimpleRNN,validation,B0007_p1,B0007,112,0.81297195,0.8105561,0.8128839,-0.0024158359
SimpleRNN,validation,B0007_p1,B0007,113,0.81306005,0.8108758,0.81297195,-0.0021842718
SimpleRNN,validation,B0007_p1,B0007,114,0.8103026,0.81109285,0.81306005,0.0007902384
SimpleRNN,validation,B0007_p1,B0007,115,0.80751723,0.80848217,0.8103026,0.0009649396
SimpleRNN,validation,B0007_p1,B0007,116,0.8048483,0.8056421,0.80751723,0.00079381466
SimpleRNN,validation,B0007_p1,B0007,117,0.80482537,0.803132,0.8048483,-0.001693368
SimpleRNN,validation,B0007_p1,B0007,118,0.8050072,0.802864,0.80482537,-0.0021432042
SimpleRNN,validation,B0007_p1,B0007,119,0.8156486,0.8028374,0.8050072,-0.0128112435
SimpleRNN,validation,B0007_p1,B0007,120,0.8184016,0.81382066,0.8156486,-0.004580915
SimpleRNN,validation,B0007_p1,B0007,121,0.8101531,0.8161388,0.8184016,0.0059856772
SimpleRNN,validation,B0007_p1,B0007,122,0.8048127,0.8077859,0.8101531,0.002973199
SimpleRNN,validation,B0007_p1,B0007,123,0.80173075,0.8025,0.8048127,0.00076925755
SimpleRNN,validation,B0007_p1,B0007,124,0.79929066,0.8001745,0.80173075,0.0008838177
SimpleRNN,validation,B0007_p1,B0007,125,0.79643315,0.7971692,0.79929066,0.00073605776
SimpleRNN,validation,B0007_p1,B0007,126,0.79378855,0.7943581,0.79643315,0.0005695224
SimpleRNN,validation,B0007_p1,B0007,127,0.7935577,0.7914204,0.79378855,-0.0021373034
SimpleRNN,validation,B0007_p1,B0007,128,0.79093546,0.7913475,0.7935577,0.0004120469
SimpleRNN,validation,B0007_p1,B0007,129,0.7883047,0.78959954,0.79093546,0.0012948513
SimpleRNN,validation,B0007_p1,B0007,130,0.7884388,0.7863836,0.7883047,-0.0020551682
SimpleRNN,validation,B0007_p1,B0007,131,0.78534615,0.7864949,0.7884388,0.0011487603
SimpleRNN,validation,B0007_p1,B0007,132,0.78796774,0.78417933,0.78534615,-0.0037884116
SimpleRNN,validation,B0007_p1,B0007,133,0.7966004,0.7855551,0.78796774,-0.011045277
SimpleRNN,validation,B0007_p1,B0007,134,0.7880613,0.7940062,0.7966004,0.0059449077
SimpleRNN,validation,B0007_p1,B0007,135,0.7854229,0.7858536,0.7880613,0.00043070316
SimpleRNN,validation,B0007_p1,B0007,136,0.78274393,0.7836221,0.7854229,0.00087815523
SimpleRNN,validation,B0007_p1,B0007,137,0.7828347,0.7814766,0.78274393,-0.0013580918
SimpleRNN,validation,B0007_p1,B0007,138,0.78004986,0.7805899,0.7828347,0.0005400181
SimpleRNN,validation,B0007_p1,B0007,139,0.7772618,0.77847403,0.78004986,0.0012122393
SimpleRNN,validation,B0007_p1,B0007,140,0.77456486,0.7749261,0.7772618,0.00036126375
SimpleRNN,validation,B0007_p1,B0007,141,0.7717253,0.77291477,0.77456486,0.0011894703
SimpleRNN,validation,B0007_p1,B0007,142,0.77186406,0.7698336,0.7717253,-0.0020304322
SimpleRNN,validation,B0007_p1,B0007,143,0.7693119,0.77021366,0.77186406,0.00090175867
SimpleRNN,validation,B0007_p1,B0007,144,0.7692805,0.7668622,0.7693119,-0.0024182796
SimpleRNN,validation,B0007_p1,B0007,145,0.7664212,0.76829505,0.7692805,0.0018738508
SimpleRNN,validation,B0007_p1,B0007,146,0.76369125,0.7652446,0.7664212,0.0015533566
SimpleRNN,validation,B0007_p1,B0007,147,0.7639942,0.7625022,0.76369125,-0.0014920235
SimpleRNN,validation,B0007_p1,B0007,148,0.76371723,0.7631458,0.7639942,-0.00057142973
SimpleRNN,validation,B0007_p1,B0007,149,0.76667523,0.7626522,0.76371723,-0.0040230155
SimpleRNN,validation,B0007_p1,B0007,150,0.78015393,0.7661623,0.76667523,-0.013991654
SimpleRNN,validation,B0007_p1,B0007,151,0.77199596,0.7777513,0.78015393,0.005755365
SimpleRNN,validation,B0007_p1,B0007,152,0.76948303,0.7714504,0.77199596,0.0019673705
SimpleRNN,validation,B0007_p1,B0007,153,0.76663965,0.76715505,0.76948303,0.00051540136
SimpleRNN,validation,B0007_p1,B0007,154,0.7612375,0.76541907,0.76663965,0.004181564
SimpleRNN,validation,B0007_p1,B0007,155,0.76133186,0.7592975,0.7612375,-0.0020343661
SimpleRNN,validation,B0007_p1,B0007,156,0.75837964,0.7606097,0.76133186,0.0022300482
SimpleRNN,validation,B0007_p1,B0007,157,0.75829005,0.75626254,0.75837964,-0.0020275116
SimpleRNN,validation,B0007_p1,B0007,158,0.7557248,0.75702226,0.75829005,0.0012974739
SimpleRNN,validation,B0007_p1,B0007,159,0.7531001,0.75484675,0.7557248,0.0017466545
SimpleRNN,validation,B0007_p1,B0007,160,0.75323355,0.7508638,0.7531001,-0.0023697615
SimpleRNN,validation,B0007_p1,B0007,161,0.75018245,0.7527582,0.75323355,0.0025757551
SimpleRNN,validation,B0007_p1,B0007,162,0.75026476,0.748026,0.75018245,-0.0022387505
SimpleRNN,validation,B0007_p1,B0007,163,0.7477,0.7501091,0.75026476,0.0024091005
SimpleRNN,validation,B0007_p1,B0007,164,0.7477874,0.74568033,0.7477,-0.0021070838
SimpleRNN,validation,B0007_p1,B0007,165,0.7446605,0.7475345,0.7477874,0.0028740168
SimpleRNN,validation,B0007_p1,B0007,166,0.75600296,0.742365,0.7446605,-0.01363796
SimpleRNN,validation,B0007_p1,B0007,167,0.76167583,0.7743271,0.75600296,0.012651265
SimpleRNN,test_id,B0018_p1,B0018,10,0.9850639,0.98961365,0.9910298,0.0045497417
SimpleRNN,test_id,B0018_p1,B0018,11,0.98102295,0.98352396,0.9850639,0.002501011
SimpleRNN,test_id,B0018_p1,B0018,12,0.9734956,0.9795077,0.98102295,0.006012082
SimpleRNN,test_id,B0018_p1,B0018,13,0.96948737,0.9718948,0.9734956,0.0024074316
SimpleRNN,test_id,B0018_p1,B0018,14,0.9681109,0.9681152,0.96948737,4.2915344e-06
SimpleRNN,test_id,B0018_p1,B0018,15,0.96282196,0.96700263,0.9681109,0.00418067
SimpleRNN,test_id,B0018_p1,B0018,16,0.96142024,0.9611192,0.96282196,-0.00030106306
SimpleRNN,test_id,B0018_p1,B0018,17,0.9532663,0.95980144,0.96142024,0.006535113
SimpleRNN,test_id,B0018_p1,B0018,18,0.9492379,0.95161235,0.9532663,0.0023744702
SimpleRNN,test_id,B0018_p1,B0018,19,0.9445874,0.9481508,0.9492379,0.003563404
SimpleRNN,test_id,B0018_p1,B0018,20,0.9412453,0.94405746,0.9445874,0.0028121471
SimpleRNN,test_id,B0018_p1,B0018,21,0.9287852,0.94034696,0.9412453,0.011561751
SimpleRNN,test_id,B0018_p1,B0018,22,0.93034804,0.92827195,0.9287852,-0.0020760894
SimpleRNN,test_id,B0018_p1,B0018,23,0.9281911,0.92977124,0.93034804,0.0015801191
SimpleRNN,test_id,B0018_p1,B0018,24,0.9508787,0.92718965,0.9281911,-0.023689032
SimpleRNN,test_id,B0018_p1,B0018,25,0.9419265,0.95042115,0.9508787,0.008494675
SimpleRNN,test_id,B0018_p1,B0018,26,0.9361979,0.9411467,0.9419265,0.004948795
SimpleRNN,test_id,B0018_p1,B0018,27,0.9305526,0.934267,0.9361979,0.0037143826
SimpleRNN,test_id,B0018_p1,B0018,28,0.923715,0.9289536,0.9305526,0.0052385926
SimpleRNN,test_id,B0018_p1,B0018,29,0.9208714,0.9225067,0.923715,0.001635313
SimpleRNN,test_id,B0018_p1,B0018,30,0.9142754,0.9190876,0.9208714,0.004812181
SimpleRNN,test_id,B0018_p1,B0018,31,0.91159785,0.91249305,0.9142754,0.00089520216
SimpleRNN,test_id,B0018_p1,B0018,32,0.9053714,0.91001433,0.91159785,0.004642904
SimpleRNN,test_id,B0018_p1,B0018,33,0.900843,0.90327615,0.9053714,0.0024331212
SimpleRNN,test_id,B0018_p1,B0018,34,0.8959679,0.89898556,0.900843,0.003017664
SimpleRNN,test_id,B0018_p1,B0018,35,0.8908287,0.8946147,0.8959679,0.0037859678
SimpleRNN,test_id,B0018_p1,B0018,36,0.88478315,0.88999987,0.8908287,0.0052167177
SimpleRNN,test_id,B0018_p1,B0018,37,0.88179606,0.88334423,0.88478315,0.001548171
SimpleRNN,test_id,B0018_p1,B0018,38,0.8773674,0.8809227,0.88179606,0.0035552979
SimpleRNN,test_id,B0018_p1,B0018,39,0.9110948,0.8765555,0.8773674,-0.034539282
SimpleRNN,test_id,B0018_p1,B0018,40,0.89655304,0.9108652,0.9110948,0.014312148
SimpleRNN,test_id,B0018_p1,B0018,41,0.8873567,0.8952852,0.89655304,0.007928491
SimpleRNN,test_id,B0018_p1,B0018,42,0.87867707,0.8867096,0.8873567,0.008032501
SimpleRNN,test_id,B0018_p1,B0018,43,0.87568015,0.8782781,0.87867707,0.002597928
SimpleRNN,test_id,B0018_p1,B0018,44,0.8672876,0.8746535,0.87568015,0.007365942
SimpleRNN,test_id,B0018_p1,B0018,45,0.93863106,0.8667526,0.8672876,-0.07187843
SimpleRNN,test_id,B0018_p1,B0018,46,0.933119,0.93813986,0.93863106,0.005020857
SimpleRNN,test_id,B0018_p1,B0018,47,0.9218427,0.9321444,0.933119,0.010301709
SimpleRNN,test_id,B0018_p1,B0018,48,0.9120334,0.9209736,0.9218427,0.00894022
SimpleRNN,test_id,B0018_p1,B0018,49,0.90272725,0.91148293,0.9120334,0.008755684
SimpleRNN,test_id,B0018_p1,B0018,50,0.9058541,0.9019323,0.90272725,-0.003921807
SimpleRNN,test_id,B0018_p1,B0018,51,0.895212,0.9042533,0.9058541,0.009041309
SimpleRNN,test_id,B0018_p1,B0018,52,0.8837586,0.89426976,0.895212,0.01051116
SimpleRNN,test_id,B0018_p1,B0018,53,0.8763623,0.88221484,0.8837586,0.0058525205
SimpleRNN,test_id,B0018_p1,B0018,54,0.8728719,0.8756332,0.8763623,0.0027613044
SimpleRNN,test_id,B0018_p1,B0018,55,0.9097867,0.87230456,0.8728719,-0.037482142
SimpleRNN,test_id,B0018_p1,B0018,56,0.89173365,0.90824604,0.9097867,0.016512394
SimpleRNN,test_id,B0018_p1,B0018,57,0.8769644,0.89033294,0.89173365,0.013368547
SimpleRNN,test_id,B0018_p1,B0018,58,0.86545706,0.8758004,0.8769644,0.010343313
SimpleRNN,test_id,B0018_p1,B0018,59,0.86246985,0.86421794,0.86545706,0.001748085
SimpleRNN,test_id,B0018_p1,B0018,60,0.8589232,0.8611275,0.86246985,0.002204299
SimpleRNN,test_id,B0018_p1,B0018,61,0.8502782,0.85761076,0.8589232,0.0073325634
SimpleRNN,test_id,B0018_p1,B0018,62,0.8456277,0.84925926,0.8502782,0.0036315322
SimpleRNN,test_id,B0018_p1,B0018,63,0.83724886,0.8440237,0.8456277,0.0067748427
SimpleRNN,test_id,B0018_p1,B0018,64,0.83287656,0.83601195,0.83724886,0.0031353831
SimpleRNN,test_id,B0018_p1,B0018,65,0.8325841,0.8318561,0.83287656,-0.00072801113
SimpleRNN,test_id,B0018_p1,B0018,66,0.8274941,0.83169866,0.8325841,0.0042045712
SimpleRNN,test_id,B0018_p1,B0018,67,0.8189417,0.82620347,0.8274941,0.007261753
SimpleRNN,test_id,B0018_p1,B0018,68,0.8161668,0.81837803,0.8189417,0.002211213
SimpleRNN,test_id,B0018_p1,B0018,69,0.8134116,0.815716,0.8161668,0.0023044348
SimpleRNN,test_id,B0018_p1,B0018,70,0.83356416,0.81345785,0.8134116,-0.020106316
SimpleRNN,test_id,B0018_p1,B0018,71,0.828356,0.8331087,0.83356416,0.0047526956
SimpleRNN,test_id,B0018_p1,B0018,72,0.8160418,0.8269629,0.828356,0.010921061
SimpleRNN,test_id,B0018_p1,B0018,73,0.8112721,0.8152895,0.8160418,0.0040174127
SimpleRNN,test_id,B0018_p1,B0018,74,0.8063288,0.8102198,0.8112721,0.0038910508
SimpleRNN,test_id,B0018_p1,B0018,75,0.80492294,0.80530035,0.8063288,0.0003774166
SimpleRNN,test_id,B0018_p1,B0018,76,0.8009928,0.80408293,0.80492294,0.0030901432
SimpleRNN,test_id,B0018_p1,B0018,77,0.7980093,0.799458,0.8009928,0.0014487505
SimpleRNN,test_id,B0018_p1,B0018,78,0.792613,0.7970476,0.7980093,0.0044345856
SimpleRNN,test_id,B0018_p1,B0018,79,0.78705406,0.79206336,0.792613,0.0050092936
SimpleRNN,test_id,B0018_p1,B0018,80,0.7897257,0.78700995,0.78705406,-0.0027157664
SimpleRNN,test_id,B0018_p1,B0018,81,0.78415644,0.789511,0.7897257,0.0053545833
SimpleRNN,test_id,B0018_p1,B0018,82,0.78238195,0.7834033,0.78415644,0.0010213256
SimpleRNN,test_id,B0018_p1,B0018,83,0.7766069,0.781132,0.78238195,0.0045250654
SimpleRNN,test_id,B0018_p1,B0018,84,0.77457124,0.7752335,0.7766069,0.0006622672
SimpleRNN,test_id,B0018_p1,B0018,85,0.7989835,0.7729065,0.77457124,-0.026077032
SimpleRNN,test_id,B0018_p1,B0018,86,0.7896176,0.79826194,0.7989835,0.008644342
SimpleRNN,test_id,B0018_p1,B0018,87,0.78431875,0.78902024,0.7896176,0.004701495
SimpleRNN,test_id,B0018_p1,B0018,88,0.77645934,0.78370035,0.78431875,0.0072410107
SimpleRNN,test_id,B0018_p1,B0018,89,0.7694354,0.76983756,0.77645934,0.00040215254
SimpleRNN,test_id,B0018_p1,B0018,90,0.7907019,0.76878506,0.7694354,-0.021916866
SimpleRNN,test_id,B0018_p1,B0018,91,0.77642775,0.79011965,0.7907019,0.013691902
SimpleRNN,test_id,B0018_p1,B0018,92,0.77174455,0.7756663,0.77642775,0.003921747
SimpleRNN,test_id,B0018_p1,B0018,93,0.769493,0.76792175,0.77174455,-0.001571238
SimpleRNN,test_id,B0018_p1,B0018,94,0.7641219,0.7641952,0.769493,7.331371e-05
SimpleRNN,test_id,B0018_p1,B0018,95,0.76562554,0.75560844,0.7641219,-0.010017097
SimpleRNN,test_id,B0018_p1,B0018,96,0.7593245,0.7462418,0.76562554,-0.013082683
SimpleRNN,test_id,B0018_p1,B0018,97,0.7575373,0.73347104,0.7593245,-0.02406627
SimpleRNN,test_id,B0018_p1,B0018,98,0.7552528,0.7567411,0.7575373,0.001488328
SimpleRNN,test_id,B0018_p1,B0018,99,0.7493823,0.7542408,0.7552528,0.004858494
SimpleRNN,test_id,B0018_p1,B0018,100,0.7528266,0.74849194,0.7493823,-0.0043346286
SimpleRNN,test_id,B0018_p1,B0018,101,0.74490315,0.75148106,0.7528266,0.006577909
SimpleRNN,test_id,B0018_p1,B0018,102,0.7465455,0.7318224,0.74490315,-0.014723122
SimpleRNN,test_id,B0018_p1,B0018,103,0.74361134,0.748158,0.7465455,0.0045466423
SimpleRNN,test_id,B0018_p1,B0018,104,0.7375042,0.73944855,0.74361134,0.0019443631
SimpleRNN,test_id,B0018_p1,B0018,105,0.7938843,0.736864,0.7375042,-0.057020307
SimpleRNN,test_id,B0018_p1,B0018,106,0.7882683,0.79514056,0.7938843,0.0068722367
SimpleRNN,test_id,B0018_p1,B0018,107,0.78176737,0.78788114,0.7882683,0.0061137676
SimpleRNN,test_id,B0018_p1,B0018,108,0.7764551,0.7803632,0.78176737,0.0039080977
SimpleRNN,test_id,B0018_p1,B0018,109,0.76907265,0.77537614,0.7764551,0.006303489
SimpleRNN,test_id,B0018_p1,B0018,110,0.7685843,0.7680763,0.76907265,-0.0005080104
SimpleRNN,test_id,B0018_p1,B0018,111,0.7604543,0.76805884,0.7685843,0.0076045394
SimpleRNN,test_id,B0018_p1,B0018,112,0.7584969,0.75943255,0.7604543,0.0009356737
SimpleRNN,test_id,B0018_p1,B0018,113,0.75562334,0.7534441,0.7584969,-0.002179265
SimpleRNN,test_id,B0018_p1,B0018,114,0.75343865,0.76131517,0.75562334,0.007876515
SimpleRNN,test_id,B0018_p1,B0018,115,0.7546281,0.7498217,0.75343865,-0.0048063993
SimpleRNN,test_id,B0018_p1,B0018,116,0.7480872,0.7586342,0.7546281,0.010546982
SimpleRNN,test_id,B0018_p1,B0018,117,0.7418545,0.75396323,0.7480872,0.012108743
SimpleRNN,test_id,B0018_p1,B0018,118,0.7387389,0.73385787,0.7418545,-0.0048810244
SimpleRNN,test_id,B0018_p1,B0018,119,0.73180556,0.7286755,0.7387389,-0.0031300783
SimpleRNN,test_id,B0018_p1,B0018,120,0.7756259,0.71018887,0.73180556,-0.06543702
SimpleRNN,test_id,B0018_p1,B0018,121,0.7645394,0.76136184,0.7756259,-0.0031775832
SimpleRNN,test_id,B0018_p1,B0018,122,0.7574958,0.7516396,0.7645394,-0.005856216
SimpleRNN,test_id,B0018_p1,B0018,123,0.75464666,0.7588267,0.7574958,0.004180014
SimpleRNN,test_id,B0018_p1,B0018,124,0.74482846,0.74882716,0.75464666,0.003998697
SimpleRNN,test_id,B0018_p1,B0018,125,0.7499966,0.74009246,0.74482846,-0.009904146
SimpleRNN,test_id,B0018_p1,B0018,126,0.7439972,0.7494146,0.7499966,0.0054174066
SimpleRNN,test_id,B0018_p1,B0018,127,0.7407783,0.71669155,0.7439972,-0.024086773
SimpleRNN,test_id,B0018_p1,B0018,128,0.74114144,0.7412386,0.7407783,9.715557e-05
SimpleRNN,test_id,B0018_p1,B0018,129,0.73486805,0.7236193,0.74114144,-0.011248767
SimpleRNN,test_id,B0018_p1,B0018,130,0.73646206,0.7416441,0.73486805,0.005182028
SimpleRNN,test_id,B0018_p1,B0018,131,0.7289901,0.7529549,0.73646206,0.023964822
SimpleRNN,test_id,B0042_p1,B0042,16,0.96157336,0.9687619,0.9697696,0.0071885586
SimpleRNN,test_id,B0042_p1,B0042,17,0.9609058,0.9607606,0.96157336,-0.00014519691
SimpleRNN,test_id,B0042_p1,B0042,18,0.95650446,0.9594005,0.9609058,0.0028960109
SimpleRNN,test_id,B0042_p1,B0042,19,0.95470464,0.9557453,0.95650446,0.0010406375
SimpleRNN,test_id,B0042_p1,B0042,20,0.97284096,0.9532673,0.95470464,-0.019573689
SimpleRNN,test_id,B0042_p1,B0042,21,0.96633387,0.97156453,0.97284096,0.005230665
SimpleRNN,test_id,B0042_p1,B0042,22,0.9646731,0.96417123,0.96633387,-0.0005018711
SimpleRNN,test_id,B0042_p1,B0042,23,0.958716,0.9630419,0.9646731,0.0043259263
SimpleRNN,test_id,B0042_p1,B0042,24,0.9518277,0.956803,0.958716,0.004975319
SimpleRNN,test_id,B0042_p1,B0042,25,0.94849056,0.9497529,0.9518277,0.0012623668
SimpleRNN,test_id,B0042_p1,B0042,26,0.9495583,0.9464604,0.94849056,-0.0030978918
SimpleRNN,test_id,B0042_p1,B0042,27,0.9508369,0.9478896,0.9495583,-0.0029472709
SimpleRNN,test_id,B0042_p1,B0042,28,0.943082,0.94877046,0.9508369,0.0056884885
SimpleRNN,test_id,B0042_p1,B0042,29,0.9396023,0.9415827,0.943082,0.0019803643
SimpleRNN,test_id,B0042_p1,B0042,30,0.9365803,0.9376527,0.9396023,0.0010724068
SimpleRNN,test_id,B0042_p1,B0042,31,0.93699163,0.93539715,0.9365803,-0.0015944839
SimpleRNN,test_id,B0042_p1,B0042,32,0.93424404,0.9357683,0.93699163,0.0015242696
SimpleRNN,test_id,B0042_p1,B0042,33,0.9299685,0.93292415,0.93424404,0.0029556751
SimpleRNN,test_id,B0042_p1,B0042,34,0.92653275,0.92894286,0.9299685,0.0024101138
SimpleRNN,test_id,B0042_p1,B0042,35,0.92235184,0.92495716,0.92653275,0.002605319
SimpleRNN,test_id,B0042_p1,B0042,36,0.9227268,0.92043024,0.92235184,-0.002296567
SimpleRNN,test_id,B0042_p1,B0042,37,0.9189781,0.9215474,0.9227268,0.0025693178
SimpleRNN,test_id,B0042_p1,B0042,38,0.91884816,0.9175356,0.9189781,-0.0013125539
SimpleRNN,test_id,B0042_p1,B0042,39,0.9141792,0.9178819,0.91884816,0.0037027001
SimpleRNN,test_id,B0042_p1,B0042,40,0.9058922,0.9131512,0.9141792,0.0072590113
SimpleRNN,test_id,B0043_p1,B0043,16,0.94864297,0.9522103,0.9535306,0.003567338
SimpleRNN,test_id,B0043_p1,B0043,17,0.94428927,0.9469844,0.94864297,0.0026951432
SimpleRNN,test_id,B0043_p1,B0043,18,0.93967825,0.94216245,0.94428927,0.0024842024
SimpleRNN,test_id,B0043_p1,B0043,19,0.937005,0.9377927,0.93967825,0.000787735
SimpleRNN,test_id,B0043_p1,B0043,20,0.9485732,0.9349595,0.937005,-0.013613701
SimpleRNN,test_id,B0043_p1,B0043,21,0.9454751,0.94660944,0.9485732,0.001134336
SimpleRNN,test_id,B0043_p1,B0043,22,0.94011545,0.9435577,0.9454751,0.0034422278
SimpleRNN,test_id,B0043_p1,B0043,23,0.93395305,0.9383303,0.94011545,0.004377246
SimpleRNN,test_id,B0043_p1,B0043,24,0.9303274,0.93209034,0.93395305,0.0017629266
SimpleRNN,test_id,B0043_p1,B0043,25,0.9267414,0.9284553,0.9303274,0.001713872
SimpleRNN,test_id,B0043_p1,B0043,26,0.92401046,0.9248557,0.9267414,0.00084525347
SimpleRNN,test_id,B0043_p1,B0043,27,0.9215206,0.9219032,0.92401046,0.00038260221
SimpleRNN,test_id,B0043_p1,B0043,28,0.91730696,0.9195472,0.9215206,0.0022402406
SimpleRNN,test_id,B0043_p1,B0043,29,0.9173778,0.9153764,0.91730696,-0.0020014048
SimpleRNN,test_id,B0043_p1,B0043,30,0.9104634,0.9154071,0.9173778,0.0049437284
SimpleRNN,test_id,B0043_p1,B0043,31,0.9067986,0.90854514,0.9104634,0.0017465353
SimpleRNN,test_id,B0043_p1,B0043,32,0.9037661,0.90468633,0.9067986,0.0009202361
SimpleRNN,test_id,B0043_p1,B0043,33,0.899422,0.9016917,0.9037661,0.0022696853
SimpleRNN,test_id,B0043_p1,B0043,34,0.89201474,0.8976073,0.899422,0.0055925846
SimpleRNN,test_id,B0043_p1,B0043,35,0.88755214,0.88999623,0.89201474,0.0024440885
SimpleRNN,test_id,B0043_p1,B0043,36,0.88767964,0.88541406,0.88755214,-0.0022655725
SimpleRNN,test_id,B0043_p1,B0043,37,0.88754725,0.88563603,0.88767964,-0.0019112229
SimpleRNN,test_id,B0043_p1,B0043,38,0.88332456,0.8856272,0.88754725,0.0023026466
SimpleRNN,test_id,B0043_p1,B0043,39,0.8785111,0.88149124,0.88332456,0.0029801726
SimpleRNN,test_id,B0043_p1,B0043,40,0.8739114,0.87671137,0.8785111,0.0027999878
SimpleRNN,test_ood,B0029_p1,B0029,10,0.9832192,0.97593844,0.9781473,-0.007280767
SimpleRNN,test_ood,B0029_p1,B0029,11,0.97469985,0.98136306,0.9832192,0.0066632032
SimpleRNN,test_ood,B0029_p1,B0029,12,0.96738136,0.97288734,0.97469985,0.005505979
SimpleRNN,test_ood,B0029_p1,B0029,13,0.9661798,0.96585107,0.96738136,-0.00032871962
SimpleRNN,test_ood,B0029_p1,B0029,14,0.9578891,0.9648112,0.9661798,0.006922126
SimpleRNN,test_ood,B0029_p1,B0029,15,0.98019224,0.9568002,0.9578891,-0.023392022
SimpleRNN,test_ood,B0029_p1,B0029,16,0.9724403,0.9802938,0.98019224,0.007853508
SimpleRNN,test_ood,B0029_p1,B0029,17,0.9651074,0.97042733,0.9724403,0.005319953
SimpleRNN,test_ood,B0029_p1,B0029,18,0.9571905,0.9630855,0.9651074,0.005894959
SimpleRNN,test_ood,B0029_p1,B0029,19,0.9534468,0.95504636,0.9571905,0.0015995502
SimpleRNN,test_ood,B0029_p1,B0029,20,0.95713204,0.95129126,0.9534468,-0.0058407784
SimpleRNN,test_ood,B0029_p1,B0029,21,0.9486034,0.9554466,0.95713204,0.0068432093
SimpleRNN,test_ood,B0029_p1,B0029,22,0.94639736,0.946298,0.9486034,-9.936094e-05
SimpleRNN,test_ood,B0029_p1,B0029,23,0.9368149,0.9451086,0.94639736,0.008293688
SimpleRNN,test_ood,B0029_p1,B0029,24,0.9327817,0.9347637,0.9368149,0.0019820333
SimpleRNN,test_ood,B0029_p1,B0029,25,0.94345164,0.9307528,0.9327817,-0.012698829
SimpleRNN,test_ood,B0029_p1,B0029,26,0.9349838,0.94116145,0.94345164,0.006177664
SimpleRNN,test_ood,B0029_p1,B0029,27,0.93070686,0.93282425,0.9349838,0.0021173954
SimpleRNN,test_ood,B0029_p1,B0029,28,0.92800397,0.928821,0.93070686,0.00081706047
SimpleRNN,test_ood,B0029_p1,B0029,29,0.92435056,0.9257284,0.92800397,0.001377821
SimpleRNN,test_ood,B0029_p1,B0029,30,0.9218198,0.9222552,0.92435056,0.00043541193
SimpleRNN,test_ood,B0029_p1,B0029,31,0.91906345,0.9199358,0.9218198,0.0008723736
SimpleRNN,test_ood,B0029_p1,B0029,32,0.90830576,0.9167497,0.91906345,0.008443952
SimpleRNN,test_ood,B0029_p1,B0029,33,0.90374076,0.90648925,0.90830576,0.0027484894
SimpleRNN,test_ood,B0029_p1,B0029,34,0.9063118,0.90191984,0.90374076,-0.0043919683
SimpleRNN,test_ood,B0029_p1,B0029,35,0.9112198,0.9042226,0.9063118,-0.006997168
SimpleRNN,test_ood,B0029_p1,B0029,36,0.9065784,0.9095827,0.9112198,0.003004253
SimpleRNN,test_ood,B0029_p1,B0029,37,0.8963302,0.9042437,0.9065784,0.00791353
SimpleRNN,test_ood,B0029_p1,B0029,38,0.89222234,0.8945623,0.8963302,0.0023399591
SimpleRNN,test_ood,B0029_p1,B0029,39,0.88783115,0.8902683,0.89222234,0.0024371743
SimpleRNN,test_ood,B0030_p1,B0030,10,0.98106015,0.9679925,0.96990836,-0.013067663
SimpleRNN,test_ood,B0030_p1,B0030,11,0.97230905,0.9788064,0.98106015,0.0064973235
SimpleRNN,test_ood,B0030_p1,B0030,12,0.96443737,0.9702951,0.97230905,0.005857706
SimpleRNN,test_ood,B0030_p1,B0030,13,0.9565342,0.9626155,0.96443737,0.006081283
SimpleRNN,test_ood,B0030_p1,B0030,14,0.95438045,0.9545832,0.9565342,0.000202775
SimpleRNN,test_ood,B0030_p1,B0030,15,0.9837595,0.9528574,0.95438045,-0.030902147
SimpleRNN,test_ood,B0030_p1,B0030,16,0.97571135,0.982282,0.9837595,0.006570637
SimpleRNN,test_ood,B0030_p1,B0030,17,0.9613226,0.9748647,0.97571135,0.013542116
SimpleRNN,test_ood,B0030_p1,B0030,18,0.95275134,0.96017766,0.9613226,0.0074263215
SimpleRNN,test_ood,B0030_p1,B0030,19,0.9488022,0.95147336,0.95275134,0.0026711822
SimpleRNN,test_ood,B0030_p1,B0030,20,0.95259035,0.94796014,0.9488022,-0.004630208
SimpleRNN,test_ood,B0030_p1,B0030,21,0.9434893,0.9507914,0.95259035,0.0073021054
SimpleRNN,test_ood,B0030_p1,B0030,22,0.9410456,0.9421668,0.9434893,0.001121223
SimpleRNN,test_ood,B0030_p1,B0030,23,0.9309182,0.939127,0.9410456,0.008208811
SimpleRNN,test_ood,B0030_p1,B0030,24,0.92663085,0.92933667,0.9309182,0.0027058125
SimpleRNN,test_ood,B0030_p1,B0030,25,0.94430476,0.92512614,0.92663085,-0.019178629
SimpleRNN,test_ood,B0030_p1,B0030,26,0.9353559,0.94213736,0.94430476,0.006781459
SimpleRNN,test_ood,B0030_p1,B0030,27,0.924129,0.9335206,0.9353559,0.009391606
SimpleRNN,test_ood,B0030_p1,B0030,28,0.9210313,0.9228466,0.924129,0.0018153191
SimpleRNN,test_ood,B0030_p1,B0030,29,0.9171627,0.9196437,0.9210313,0.0024809837
SimpleRNN,test_ood,B0030_p1,B0030,30,0.92126966,0.91574126,0.9171627,-0.0055283904
SimpleRNN,test_ood,B0030_p1,B0030,31,0.9112744,0.9198625,0.92126966,0.008588135
SimpleRNN,test_ood,B0030_p1,B0030,32,0.9071352,0.9105676,0.9112744,0.003432393
SimpleRNN,test_ood,B0030_p1,B0030,33,0.9022655,0.90699935,0.9071352,0.0047338605
SimpleRNN,test_ood,B0030_p1,B0030,34,0.904586,0.9024511,0.9022655,-0.0021349192
SimpleRNN,test_ood,B0030_p1,B0030,35,0.90975344,0.90427625,0.904586,-0.00547719
SimpleRNN,test_ood,B0030_p1,B0030,36,0.9047997,0.9092474,0.90975344,0.0044476986
SimpleRNN,test_ood,B0030_p1,B0030,37,0.9012142,0.90322655,0.9047997,0.002012372
SimpleRNN,test_ood,B0030_p1,B0030,38,0.8966468,0.9001577,0.9012142,0.0035108924
SimpleRNN,test_ood,B0030_p1,B0030,39,0.8921227,0.895509,0.8966468,0.0033863187
SimpleRNN,test_ood,B0031_p1,B0031,10,0.9895714,0.9829475,0.9845389,-0.006623864
SimpleRNN,test_ood,B0031_p1,B0031,11,0.9872119,0.98847216,0.9895714,0.0012602806
SimpleRNN,test_ood,B0031_p1,B0031,12,0.9800775,0.9861626,0.9872119,0.006085098
SimpleRNN,test_ood,B0031_p1,B0031,13,0.9789777,0.9787118,0.9800775,-0.00026589632
SimpleRNN,test_ood,B0031_p1,B0031,14,0.9707952,0.97750145,0.9789777,0.006706238
SimpleRNN,test_ood,B0031_p1,B0031,15,0.96164805,0.9692815,0.9707952,0.0076334476
SimpleRNN,test_ood,B0031_p1,B0031,16,0.9855019,0.9607594,0.96164805,-0.024742484
SimpleRNN,test_ood,B0031_p1,B0031,17,0.9781377,0.9845422,0.9855019,0.006404519
SimpleRNN,test_ood,B0031_p1,B0031,18,0.9768086,0.9770066,0.9781377,0.00019800663
SimpleRNN,test_ood,B0031_p1,B0031,19,0.9666799,0.9756613,0.9768086,0.008981407
SimpleRNN,test_ood,B0031_p1,B0031,20,0.976945,0.96548325,0.9666799,-0.011461735
SimpleRNN,test_ood,B0031_p1,B0031,21,0.96864355,0.97547215,0.976945,0.006828606
SimpleRNN,test_ood,B0031_p1,B0031,22,0.9665702,0.96778065,0.96864355,0.0012104511
SimpleRNN,test_ood,B0031_p1,B0031,23,0.9569969,0.9652684,0.9665702,0.008271456
SimpleRNN,test_ood,B0031_p1,B0031,24,0.9533764,0.95600706,0.9569969,0.002630651
SimpleRNN,test_ood,B0031_p1,B0031,25,0.9639699,0.9525568,0.9533764,-0.011413097
SimpleRNN,test_ood,B0031_p1,B0031,26,0.96248126,0.96336484,0.9639699,0.00088357925
SimpleRNN,test_ood,B0031_p1,B0031,27,0.9515222,0.96130437,0.96248126,0.009782195
SimpleRNN,test_ood,B0031_p1,B0031,28,0.9492023,0.9505412,0.9515222,0.0013388991
SimpleRNN,test_ood,B0031_p1,B0031,29,0.9455064,0.94776046,0.9492023,0.0022540689
SimpleRNN,test_ood,B0031_p1,B0031,30,0.9497317,0.9438471,0.9455064,-0.0058845878
SimpleRNN,test_ood,B0031_p1,B0031,31,0.9473015,0.94801813,0.9497317,0.00071662664
SimpleRNN,test_ood,B0031_p1,B0031,32,0.9366348,0.9460479,0.9473015,0.009413123
SimpleRNN,test_ood,B0031_p1,B0031,33,0.9391775,0.93574023,0.9366348,-0.0034372807
SimpleRNN,test_ood,B0031_p1,B0031,34,0.9349228,0.9386135,0.9391775,0.00369066
SimpleRNN,test_ood,B0031_p1,B0031,35,0.939742,0.93431294,0.9349228,-0.005429089
SimpleRNN,test_ood,B0031_p1,B0031,36,0.935303,0.939165,0.939742,0.0038620234
SimpleRNN,test_ood,B0031_p1,B0031,37,0.9321246,0.9348421,0.935303,0.002717495
SimpleRNN,test_ood,B0031_p1,B0031,38,0.9282684,0.9309136,0.9321246,0.0026452541
SimpleRNN,test_ood,B0031_p1,B0031,39,0.92399853,0.92690885,0.9282684,0.002910316
SimpleRNN,test_ood,B0032_p1,B0032,10,0.97292316,0.96617365,0.96800023,-0.0067495108
SimpleRNN,test_ood,B0032_p1,B0032,11,0.96463156,0.97089964,0.97292316,0.006268084
SimpleRNN,test_ood,B0032_p1,B0032,12,0.95773613,0.9626864,0.96463156,0.004950285
SimpleRNN,test_ood,B0032_p1,B0032,13,0.95071566,0.9558336,0.95773613,0.005117953
SimpleRNN,test_ood,B0032_p1,B0032,14,0.9488075,0.9488186,0.95071566,1.1146069e-05
SimpleRNN,test_ood,B0032_p1,B0032,15,0.96463746,0.9468602,0.9488075,-0.017777264
SimpleRNN,test_ood,B0032_p1,B0032,16,0.96320456,0.962383,0.96463746,-0.0008215904
SimpleRNN,test_ood,B0032_p1,B0032,17,0.9562217,0.9612484,0.96320456,0.005026698
SimpleRNN,test_ood,B0032_p1,B0032,18,0.94861937,0.95448697,0.9562217,0.0058676004
SimpleRNN,test_ood,B0032_p1,B0032,19,0.93878263,0.946955,0.94861937,0.008172393
SimpleRNN,test_ood,B0032_p1,B0032,20,0.94867885,0.936962,0.93878263,-0.011716843
SimpleRNN,test_ood,B0032_p1,B0032,21,0.94064736,0.94668734,0.94867885,0.006039977
SimpleRNN,test_ood,B0032_p1,B0032,22,0.93214774,0.938743,0.94064736,0.006595254
SimpleRNN,test_ood,B0032_p1,B0032,23,0.92936206,0.9303589,0.93214774,0.0009968281
SimpleRNN,test_ood,B0032_p1,B0032,24,0.9193793,0.9275662,0.92936206,0.008186877
SimpleRNN,test_ood,B0032_p1,B0032,25,0.9361016,0.91757053,0.9193793,-0.018531084
SimpleRNN,test_ood,B0032_p1,B0032,26,0.9215514,0.9341183,0.9361016,0.0125668645
SimpleRNN,test_ood,B0032_p1,B0032,27,0.9174951,0.91950846,0.9215514,0.0020133853
SimpleRNN,test_ood,B0032_p1,B0032,28,0.9086625,0.9156781,0.9174951,0.007015586
SimpleRNN,test_ood,B0032_p1,B0032,29,0.91156113,0.90684444,0.9086625,-0.0047166944
SimpleRNN,test_ood,B0032_p1,B0032,30,0.91562784,0.9098655,0.91156113,-0.0057623386
SimpleRNN,test_ood,B0032_p1,B0032,31,0.90669537,0.9136328,0.91562784,0.006937444
SimpleRNN,test_ood,B0032_p1,B0032,32,0.9029505,0.90476185,0.90669537,0.0018113256
SimpleRNN,test_ood,B0032_p1,B0032,33,0.8920087,0.90117306,0.9029505,0.009164333
SimpleRNN,test_ood,B0032_p1,B0032,34,0.8944744,0.8901621,0.8920087,-0.004312277
SimpleRNN,test_ood,B0032_p1,B0032,35,0.90589076,0.8926743,0.8944744,-0.013216436
SimpleRNN,test_ood,B0032_p1,B0032,36,0.89490026,0.90396124,0.90589076,0.009060979
SimpleRNN,test_ood,B0032_p1,B0032,37,0.8916791,0.8930367,0.89490026,0.001357615
SimpleRNN,test_ood,B0032_p1,B0032,38,0.8810613,0.890083,0.8916791,0.009021699
SimpleRNN,test_ood,B0032_p1,B0032,39,0.876872,0.879228,0.8810613,0.0023559928
SimpleRNN,test_ood,B0042_p2,B0042,97,0.8444038,0.8470224,0.84841186,0.0026186109
SimpleRNN,test_ood,B0042_p2,B0042,98,0.83652055,0.84280014,0.8444038,0.0062795877
SimpleRNN,test_ood,B0042_p2,B0042,99,0.8332597,0.8365368,0.83652055,0.003277123
SimpleRNN,test_ood,B0042_p2,B0042,100,0.8268733,0.83165044,0.8332597,0.0047771335
SimpleRNN,test_ood,B0042_p2,B0042,101,0.8182754,0.8252751,0.8268733,0.006999731
SimpleRNN,test_ood,B0042_p2,B0042,102,0.81910336,0.8166395,0.8182754,-0.0024638772
SimpleRNN,test_ood,B0042_p2,B0042,103,0.8097516,0.8173502,0.81910336,0.0075986385
SimpleRNN,test_ood,B0042_p2,B0042,104,0.8077394,0.8077711,0.8097516,3.170967e-05
SimpleRNN,test_ood,B0042_p2,B0042,105,0.80601215,0.80563015,0.8077394,-0.00038200617
SimpleRNN,test_ood,B0042_p2,B0042,106,0.7950754,0.80439055,0.80601215,0.009315133
SimpleRNN,test_ood,B0042_p2,B0042,107,0.79575366,0.79327935,0.7950754,-0.002474308
SimpleRNN,test_ood,B0042_p2,B0042,108,0.7910941,0.79406744,0.79575366,0.002973318
SimpleRNN,test_ood,B0042_p2,B0042,109,0.7851291,0.78925663,0.7910941,0.004127562
SimpleRNN,test_ood,B0042_p2,B0042,110,0.7782113,0.7829293,0.7851291,0.0047180057
SimpleRNN,test_ood,B0042_p2,B0042,111,0.7738931,0.77665776,0.7782113,0.0027646422
SimpleRNN,test_ood,B0043_p2,B0043,97,0.85993755,0.86474085,0.8662328,0.0048033
SimpleRNN,test_ood,B0043_p2,B0043,98,0.8519736,0.8581901,0.85993755,0.006216526
SimpleRNN,test_ood,B0043_p2,B0043,99,0.8443309,0.85053796,0.8519736,0.006207049
SimpleRNN,test_ood,B0043_p2,B0043,100,0.8333455,0.8422212,0.8443309,0.008875728
SimpleRNN,test_ood,B0043_p2,B0043,101,0.8244438,0.83176464,0.8333455,0.0073208213
SimpleRNN,test_ood,B0043_p2,B0043,102,0.82315665,0.82280755,0.8244438,-0.0003491044
SimpleRNN,test_ood,B0043_p2,B0043,103,0.8118834,0.8213831,0.82315665,0.009499729
SimpleRNN,test_ood,B0043_p2,B0043,104,0.8097032,0.80989736,0.8118834,0.00019419193
SimpleRNN,test_ood,B0043_p2,B0043,105,0.80345476,0.80768925,0.8097032,0.004234493
SimpleRNN,test_ood,B0043_p2,B0043,106,0.78992933,0.80190766,0.80345476,0.011978328
SimpleRNN,test_ood,B0043_p2,B0043,107,0.7884199,0.78836125,0.78992933,-5.865097e-05
SimpleRNN,test_ood,B0043_p2,B0043,108,0.7816225,0.7869504,0.7884199,0.0053278804
SimpleRNN,test_ood,B0043_p2,B0043,109,0.7733174,0.78003365,0.7816225,0.0067162514
SimpleRNN,test_ood,B0043_p2,B0043,110,0.76605076,0.7710781,0.7733174,0.0050273538
SimpleRNN,test_ood,B0043_p2,B0043,111,0.7593145,0.76447076,0.76605076,0.0051562786
LSTM,train,B0005_p1,B0005,10,0.9941539,0.99268526,0.99415046,-0.0014686584
LSTM,train,B0005_p1,B0005,11,0.9884778,0.9923244,0.9941539,0.0038465858
LSTM,train,B0005_p1,B0005,12,0.98823273,0.98710304,0.9884778,-0.0011296868
LSTM,train,B0005_p1,B0005,13,0.9880629,0.98685634,0.98823273,-0.0012065768
LSTM,train,B0005_p1,B0005,14,0.9821553,0.9865585,0.9880629,0.004403174
LSTM,train,B0005_p1,B0005,15,0.98188776,0.9811534,0.9821553,-0.0007343292
LSTM,train,B0005_p1,B0005,16,0.98214525,0.9810743,0.98188776,-0.0010709763
LSTM,train,B0005_p1,B0005,17,0.98241156,0.9813175,0.98214525,-0.0010940433
LSTM,train,B0005_p1,B0005,18,0.9822532,0.9812947,0.98241156,-0.0009585023
LSTM,train,B0005_p1,B0005,19,1.0063622,0.98069715,0.9822532,-0.025665045
LSTM,train,B0005_p1,B0005,20,1.0065753,1.0047652,1.0063622,-0.0018101931
LSTM,train,B0005_p1,B0005,21,1.0004512,1.0046953,1.0065753,0.004244089
LSTM,train,B0005_p1,B0005,22,0.99478656,0.99883515,1.0004512,0.004048586
LSTM,train,B0005_p1,B0005,23,0.9944231,0.99368256,0.99478656,-0.0007405281
LSTM,train,B0005_p1,B0005,24,0.994678,0.99347025,0.9944231,-0.0012077689
LSTM,train,B0005_p1,B0005,25,0.9883847,0.9935664,0.994678,0.00518167
LSTM,train,B0005_p1,B0005,26,0.9887869,0.98766685,0.9883847,-0.0011200309
LSTM,train,B0005_p1,B0005,27,0.9883511,0.9880689,0.9887869,-0.000282228
LSTM,train,B0005_p1,B0005,28,0.9822467,0.9873632,0.9883511,0.0051165223
LSTM,train,B0005_p1,B0005,29,0.9829612,0.9814918,0.9822467,-0.0014693737
LSTM,train,B0005_p1,B0005,30,1.0089647,0.98213136,0.9829612,-0.026833296
LSTM,train,B0005_p1,B0005,31,0.99746895,1.007242,1.0089647,0.009773016
LSTM,train,B0005_p1,B0005,32,0.99158466,0.9951556,0.99746895,0.0035709143
LSTM,train,B0005_p1,B0005,33,0.9858113,0.98901767,0.99158466,0.0032063723
LSTM,train,B0005_p1,B0005,34,0.9832515,0.9832783,0.9858113,2.6762486e-05
LSTM,train,B0005_p1,B0005,35,0.9804004,0.9804654,0.9832515,6.502867e-05
LSTM,train,B0005_p1,B0005,36,0.974443,0.97754484,0.9804004,0.0031018257
LSTM,train,B0005_p1,B0005,37,0.9714353,0.9718643,0.974443,0.00042897463
LSTM,train,B0005_p1,B0005,38,0.96604705,0.9688104,0.9714353,0.002763331
LSTM,train,B0005_p1,B0005,39,0.96604925,0.96357197,0.96604705,-0.0024772882
LSTM,train,B0005_p1,B0005,40,0.9632347,0.96340394,0.96604925,0.00016921759
LSTM,train,B0005_p1,B0005,41,0.960207,0.960592,0.9632347,0.0003849864
LSTM,train,B0005_p1,B0005,42,0.9630959,0.9577222,0.960207,-0.0053737164
LSTM,train,B0005_p1,B0005,43,0.96039945,0.96065795,0.9630959,0.00025850534
LSTM,train,B0005_p1,B0005,44,0.9544399,0.9581091,0.96039945,0.0036692023
LSTM,train,B0005_p1,B0005,45,0.94905627,0.95224005,0.9544399,0.003183782
LSTM,train,B0005_p1,B0005,46,0.9459188,0.9470356,0.94905627,0.0011168122
LSTM,train,B0005_p1,B0005,47,0.97726583,0.94399023,0.9459188,-0.033275604
LSTM,train,B0005_p1,B0005,48,0.97158027,0.9759072,0.97726583,0.0043269396
LSTM,train,B0005_p1,B0005,49,0.96295804,0.97096735,0.97158027,0.008009315
LSTM,train,B0005_p1,B0005,50,0.9573207,0.96239537,0.96295804,0.00507468
LSTM,train,B0005_p1,B0005,51,0.95179194,0.95617473,0.9573207,0.004382789
LSTM,train,B0005_p1,B0005,52,0.94898415,0.950422,0.95179194,0.0014378428
LSTM,train,B0005_p1,B0005,53,0.9460993,0.9468553,0.94898415,0.0007560253
LSTM,train,B0005_p1,B0005,54,0.9405958,0.94375,0.9460993,0.0031542182
LSTM,train,B0005_p1,B0005,55,0.93486655,0.93804204,0.9405958,0.003175497
LSTM,train,B0005_p1,B0005,56,0.9319934,0.93247247,0.93486655,0.00047904253
LSTM,train,B0005_p1,B0005,57,0.9295313,0.9296647,0.9319934,0.0001333952
LSTM,train,B0005_p1,B0005,58,0.9264237,0.92718065,0.9295313,0.0007569194
LSTM,train,B0005_p1,B0005,59,0.92330104,0.9242128,0.9264237,0.00091177225
LSTM,train,B0005_p1,B0005,60,0.91802853,0.92099184,0.92330104,0.0029633045
LSTM,train,B0005_p1,B0005,61,0.91234636,0.91588736,0.91802853,0.0035409927
LSTM,train,B0005_p1,B0005,62,0.91239816,0.9105312,0.91234636,-0.0018669367
LSTM,train,B0005_p1,B0005,63,0.9064849,0.910564,0.91239816,0.0040791035
LSTM,train,B0005_p1,B0005,64,0.90392274,0.904946,0.9064849,0.0010232925
LSTM,train,B0005_p1,B0005,65,0.90111136,0.90250367,0.90392274,0.0013923049
LSTM,train,B0005_p1,B0005,66,0.89500886,0.8995951,0.90111136,0.00458622
LSTM,train,B0005_p1,B0005,67,0.89239573,0.8937475,0.89500886,0.0013517737
LSTM,train,B0005_p1,B0005,68,0.88960457,0.8911694,0.89239573,0.0015648603
LSTM,train,B0005_p1,B0005,69,0.88689005,0.88843995,0.88960457,0.0015498996
LSTM,train,B0005_p1,B0005,70,0.88382393,0.88564545,0.88689005,0.001821518
LSTM,train,B0005_p1,B0005,71,0.8779396,0.8824943,0.88382393,0.004554689
LSTM,train,B0005_p1,B0005,72,0.8753447,0.87693787,0.8779396,0.0015931726
LSTM,train,B0005_p1,B0005,73,0.87259376,0.87442887,0.8753447,0.0018351078
LSTM,train,B0005_p1,B0005,74,0.86652136,0.8715482,0.87259376,0.0050268173
LSTM,train,B0005_p1,B0005,75,0.8640258,0.86581385,0.86652136,0.0017880797
LSTM,train,B0005_p1,B0005,76,0.86356485,0.86330205,0.8640258,-0.00026279688
LSTM,train,B0005_p1,B0005,77,0.86933124,0.8627442,0.86356485,-0.0065870285
LSTM,train,B0005_p1,B0005,78,0.85800034,0.8686632,0.86933124,0.010662854
LSTM,train,B0005_p1,B0005,79,0.8526454,0.85697055,0.85800034,0.0043251514
LSTM,train,B0005_p1,B0005,80,0.84984696,0.8516102,0.8526454,0.0017632246
LSTM,train,B0005_p1,B0005,81,0.84969205,0.8489344,0.84984696,-0.00075763464
LSTM,train,B0005_p1,B0005,82,0.84708095,0.8487953,0.84969205,0.0017143488
LSTM,train,B0005_p1,B0005,83,0.8439125,0.84612525,0.84708095,0.0022127628
LSTM,train,B0005_p1,B0005,84,0.8381166,0.84268224,0.8439125,0.004565656
LSTM,train,B0005_p1,B0005,85,0.8324924,0.8370962,0.8381166,0.004603803
LSTM,train,B0005_p1,B0005,86,0.8328253,0.83151704,0.8324924,-0.0013082623
LSTM,train,B0005_p1,B0005,87,0.8296227,0.8320279,0.8328253,0.0024052262
LSTM,train,B0005_p1,B0005,88,0.8268105,0.8292423,0.8296227,0.00243181
LSTM,train,B0005_p1,B0005,89,0.87493914,0.8265474,0.8268105,-0.04839176
LSTM,train,B0005_p1,B0005,90,0.8520717,0.87442154,0.87493914,0.022349834
LSTM,train,B0005_p1,B0005,91,0.8434861,0.8514967,0.8520717,0.008010626
LSTM,train,B0005_p1,B0005,92,0.83492315,0.8417839,0.8434861,0.006860733
LSTM,train,B0005_p1,B0005,93,0.83196855,0.83288544,0.83492315,0.00091689825
LSTM,train,B0005_p1,B0005,94,0.82652247,0.8295522,0.83196855,0.003029704
LSTM,train,B0005_p1,B0005,95,0.82376564,0.82439476,0.82652247,0.000629127
LSTM,train,B0005_p1,B0005,96,0.82085955,0.8218439,0.82376564,0.0009843707
LSTM,train,B0005_p1,B0005,97,0.8181252,0.81908816,0.82085955,0.00096297264
LSTM,train,B0005_p1,B0005,98,0.81229466,0.8165038,0.8181252,0.004209161
LSTM,train,B0005_p1,B0005,99,0.8095835,0.8110924,0.81229466,0.0015088916
LSTM,train,B0005_p1,B0005,100,0.8066115,0.80933315,0.8095835,0.0027216673
LSTM,train,B0005_p1,B0005,101,0.80377597,0.80641586,0.8066115,0.0026398897
LSTM,train,B0005_p1,B0005,102,0.8096027,0.803588,0.80377597,-0.0060147047
LSTM,train,B0005_p1,B0005,103,0.8151538,0.8085074,0.8096027,-0.0066463947
LSTM,train,B0005_p1,B0005,104,0.80682224,0.8120754,0.8151538,0.005253136
LSTM,train,B0005_p1,B0005,105,0.80080366,0.8024133,0.80682224,0.0016096234
LSTM,train,B0005_p1,B0005,106,0.792166,0.7968303,0.80080366,0.004664302
LSTM,train,B0005_p1,B0005,107,0.79229945,0.78986835,0.792166,-0.0024310946
LSTM,train,B0005_p1,B0005,108,0.7927776,0.79058796,0.79229945,-0.0021896362
LSTM,train,B0005_p1,B0005,109,0.78951854,0.7889523,0.7927776,-0.0005662441
LSTM,train,B0005_p1,B0005,110,0.7838677,0.78494614,0.78951854,0.0010784268
LSTM,train,B0005_p1,B0005,111,0.7810205,0.7816597,0.7838677,0.0006392002
LSTM,train,B0005_p1,B0005,112,0.7809936,0.78072995,0.7810205,-0.00026363134
LSTM,train,B0005_p1,B0005,113,0.7780889,0.77940625,0.7809936,0.0013173223
LSTM,train,B0005_p1,B0005,114,0.7752859,0.7769606,0.7780889,0.0016747117
LSTM,train,B0005_p1,B0005,115,0.7722939,0.77494955,0.7752859,0.0026556253
LSTM,train,B0005_p1,B0005,116,0.76955885,0.7724175,0.7722939,0.0028586388
LSTM,train,B0005_p1,B0005,117,0.76965123,0.77045065,0.76955885,0.0007994175
LSTM,train,B0005_p1,B0005,118,0.7669376,0.7685089,0.76965123,0.0015712976
LSTM,train,B0005_p1,B0005,119,0.78099144,0.766388,0.7669376,-0.014603436
LSTM,train,B0005_p1,B0005,120,0.7836411,0.78624743,0.78099144,0.0026063323
LSTM,train,B0005_p1,B0005,121,0.77225345,0.7851156,0.7836411,0.012862146
LSTM,train,B0005_p1,B0005,122,0.7666016,0.77445644,0.77225345,0.007854819
LSTM,train,B0005_p1,B0005,123,0.7634535,0.7659368,0.7666016,0.0024833083
LSTM,train,B0005_p1,B0005,124,0.76100004,0.76285505,0.7634535,0.0018550158
LSTM,train,B0005_p1,B0005,125,0.7580491,0.7604437,0.76100004,0.0023946166
LSTM,train,B0005_p1,B0005,126,0.75529426,0.75716007,0.7580491,0.0018658042
LSTM,train,B0005_p1,B0005,127,0.75213844,0.7541026,0.75529426,0.0019641519
LSTM,train,B0005_p1,B0005,128,0.74930507,0.75147516,0.75213844,0.002170086
LSTM,train,B0005_p1,B0005,129,0.74673134,0.7483009,0.74930507,0.0015695691
LSTM,train,B0005_p1,B0005,130,0.7467291,0.74668646,0.74673134,-4.261732e-05
LSTM,train,B0005_p1,B0005,131,0.74358356,0.7446091,0.7467291,0.0010255575
LSTM,train,B0005_p1,B0005,132,0.7493898,0.7416704,0.74358356,-0.0077193975
LSTM,train,B0005_p1,B0005,133,0.7552304,0.75123435,0.7493898,-0.003996074
LSTM,train,B0005_p1,B0005,134,0.74637026,0.7518371,0.7552304,0.005466819
LSTM,train,B0005_p1,B0005,135,0.7436093,0.7410147,0.74637026,-0.0025945902
LSTM,train,B0005_p1,B0005,136,0.73790973,0.73818177,0.7436093,0.0002720356
LSTM,train,B0005_p1,B0005,137,0.7380839,0.7343759,0.73790973,-0.003708005
LSTM,train,B0005_p1,B0005,138,0.7381178,0.7338154,0.7380839,-0.004302442
LSTM,train,B0005_p1,B0005,139,0.7351816,0.7345845,0.7381178,-0.00059711933
LSTM,train,B0005_p1,B0005,140,0.7323888,0.73259777,0.7351816,0.00020897388
LSTM,train,B0005_p1,B0005,141,0.72955674,0.7278102,0.7323888,-0.0017465353
LSTM,train,B0005_p1,B0005,142,0.72951484,0.7235158,0.72955674,-0.0059990287
LSTM,train,B0005_p1,B0005,143,0.7268408,0.7240975,0.72951484,-0.0027433038
LSTM,train,B0005_p1,B0005,144,0.72391915,0.7221773,0.7268408,-0.0017418265
LSTM,train,B0005_p1,B0005,145,0.7209369,0.7185371,0.72391915,-0.0023998022
LSTM,train,B0005_p1,B0005,146,0.71821165,0.7158615,0.7209369,-0.0023501515
LSTM,train,B0005_p1,B0005,147,0.7183736,0.7142567,0.71821165,-0.004116893
LSTM,train,B0005_p1,B0005,148,0.7182791,0.7146681,0.7183736,-0.0036110282
LSTM,train,B0005_p1,B0005,149,0.7213191,0.71273786,0.7182791,-0.008581221
LSTM,train,B0005_p1,B0005,150,0.7410697,0.72419506,0.7213191,-0.016874611
LSTM,train,B0005_p1,B0005,151,0.7298506,0.73427814,0.7410697,0.004427552
LSTM,train,B0005_p1,B0005,152,0.7241285,0.7248126,0.7298506,0.0006841421
LSTM,train,B0005_p1,B0005,153,0.7212111,0.71904904,0.7241285,-0.0021620393
LSTM,train,B0005_p1,B0005,154,0.71846485,0.71538717,0.7212111,-0.0030776858
LSTM,train,B0005_p1,B0005,155,0.7156541,0.7123311,0.71846485,-0.003322959
LSTM,train,B0005_p1,B0005,156,0.7155053,0.7098813,0.7156541,-0.0056239963
LSTM,train,B0005_p1,B0005,157,0.71255976,0.7077956,0.7155053,-0.0047641397
LSTM,train,B0005_p1,B0005,158,0.7099646,0.7054348,0.71255976,-0.004529774
LSTM,train,B0005_p1,B0005,159,0.71014136,0.7047414,0.7099646,-0.0053999424
LSTM,train,B0005_p1,B0005,160,0.71017003,0.7046084,0.71014136,-0.00556165
LSTM,train,B0005_p1,B0005,161,0.70716083,0.7032839,0.71017003,-0.0038769245
LSTM,train,B0005_p1,B0005,162,0.7072624,0.7016526,0.70716083,-0.0056098104
LSTM,train,B0005_p1,B0005,163,0.7047507,0.7000025,0.7072624,-0.004748225
LSTM,train,B0005_p1,B0005,164,0.70177567,0.6983793,0.7047507,-0.0033963919
LSTM,train,B0005_p1,B0005,165,0.7014755,0.6968077,0.70177567,-0.0046678185
LSTM,train,B0005_p1,B0005,166,0.7132242,0.695883,0.7014755,-0.017341197
LSTM,train,B0005_p1,B0005,167,0.7219767,0.7158645,0.7132242,-0.006112218
LSTM,train,B0006_p1,B0006,10,0.9663605,0.968784,0.97213787,0.0024234653
LSTM,train,B0006_p1,B0006,11,0.96097213,0.963278,0.9663605,0.0023058653
LSTM,train,B0006_p1,B0006,12,0.9552748,0.9584413,0.96097213,0.0031664968
LSTM,train,B0006_p1,B0006,13,0.9496175,0.9534245,0.9552748,0.0038070083
LSTM,train,B0006_p1,B0006,14,0.9442417,0.9475777,0.9496175,0.0033360124
LSTM,train,B0006_p1,B0006,15,0.9383471,0.9414966,0.9442417,0.0031495094
LSTM,train,B0006_p1,B0006,16,0.93292296,0.93713015,0.9383471,0.004207194
LSTM,train,B0006_p1,B0006,17,0.9276041,0.93010116,0.93292296,0.002497077
LSTM,train,B0006_p1,B0006,18,0.9276138,0.9251645,0.9276041,-0.002449274
LSTM,train,B0006_p1,B0006,19,0.98326164,0.9252347,0.9276138,-0.05802697
LSTM,train,B0006_p1,B0006,20,0.97229636,0.9816055,0.98326164,0.009309173
LSTM,train,B0006_p1,B0006,21,0.96646774,0.97050613,0.97229636,0.0040383935
LSTM,train,B0006_p1,B0006,22,0.9557547,0.96552485,0.96646774,0.009770155
LSTM,train,B0006_p1,B0006,23,0.9665503,0.9533767,0.9557547,-0.01317358
LSTM,train,B0006_p1,B0006,24,0.94441116,0.96266645,0.9665503,0.018255293
LSTM,train,B0006_p1,B0006,25,0.93311954,0.94158477,0.94441116,0.00846523
LSTM,train,B0006_p1,B0006,26,0.9279698,0.9306805,0.93311954,0.0027107
LSTM,train,B0006_p1,B0006,27,0.92186964,0.92543286,0.9279698,0.0035632253
LSTM,train,B0006_p1,B0006,28,0.9164931,0.9195861,0.92186964,0.0030930042
LSTM,train,B0006_p1,B0006,29,0.9224679,0.9156151,0.9164931,-0.0068528056
LSTM,train,B0006_p1,B0006,30,0.9560179,0.920202,0.9224679,-0.035815895
LSTM,train,B0006_p1,B0006,31,0.9348866,0.9531896,0.9560179,0.018303037
LSTM,train,B0006_p1,B0006,32,0.92149824,0.93081135,0.9348866,0.009313107
LSTM,train,B0006_p1,B0006,33,0.9135384,0.9162901,0.92149824,0.002751708
LSTM,train,B0006_p1,B0006,34,0.9032513,0.9077927,0.9135384,0.004541397
LSTM,train,B0006_p1,B0006,35,0.90073675,0.89684194,0.9032513,-0.003894806
LSTM,train,B0006_p1,B0006,36,0.89260334,0.8936732,0.90073675,0.0010698438
LSTM,train,B0006_p1,B0006,37,0.88460803,0.88489044,0.89260334,0.0002824068
LSTM,train,B0006_p1,B0006,38,0.8796453,0.87674904,0.88460803,-0.0028962493
LSTM,train,B0006_p1,B0006,39,0.87440926,0.8715467,0.8796453,-0.0028625727
LSTM,train,B0006_p1,B0006,40,0.86935306,0.86637855,0.87440926,-0.0029745102
LSTM,train,B0006_p1,B0006,41,0.86398935,0.8612482,0.86935306,-0.002741158
LSTM,train,B0006_p1,B0006,42,0.8715311,0.8558966,0.86398935,-0.015634537
LSTM,train,B0006_p1,B0006,43,0.8771251,0.86696714,0.8715311,-0.010157943
LSTM,train,B0006_p1,B0006,44,0.86115634,0.87118834,0.8771251,0.010031998
LSTM,train,B0006_p1,B0006,45,0.8509926,0.854781,0.86115634,0.003788352
LSTM,train,B0006_p1,B0006,46,0.84556973,0.8462387,0.8509926,0.0006689429
LSTM,train,B0006_p1,B0006,47,0.90582407,0.8417094,0.84556973,-0.06411469
LSTM,train,B0006_p1,B0006,48,0.8980801,0.897492,0.90582407,-0.00058811903
LSTM,train,B0006_p1,B0006,49,0.8820036,0.88978106,0.8980801,0.0077774525
LSTM,train,B0006_p1,B0006,50,0.8665962,0.8742714,0.8820036,0.007675171
LSTM,train,B0006_p1,B0006,51,0.85888064,0.85883546,0.8665962,-4.518032e-05
LSTM,train,B0006_p1,B0006,52,0.84840125,0.8514682,0.85888064,0.003066957
LSTM,train,B0006_p1,B0006,53,0.84317946,0.8421438,0.84840125,-0.0010356903
LSTM,train,B0006_p1,B0006,54,0.8354649,0.83801425,0.84317946,0.0025493503
LSTM,train,B0006_p1,B0006,55,0.8302066,0.83166164,0.8354649,0.0014550686
LSTM,train,B0006_p1,B0006,56,0.8248832,0.82709,0.8302066,0.0022068024
LSTM,train,B0006_p1,B0006,57,0.8200961,0.8215952,0.8248832,0.0014991164
LSTM,train,B0006_p1,B0006,58,0.8146394,0.81474113,0.8200961,0.00010174513
LSTM,train,B0006_p1,B0006,59,0.8092081,0.80974334,0.8146394,0.0005352497
LSTM,train,B0006_p1,B0006,60,0.7991003,0.8043614,0.8092081,0.005261123
LSTM,train,B0006_p1,B0006,61,0.7964553,0.7962346,0.7991003,-0.000220716
LSTM,train,B0006_p1,B0006,62,0.79419374,0.7930901,0.7964553,-0.0011036396
LSTM,train,B0006_p1,B0006,63,0.7885593,0.7907674,0.79419374,0.002208054
LSTM,train,B0006_p1,B0006,64,0.7862471,0.78702104,0.7885593,0.0007739663
LSTM,train,B0006_p1,B0006,65,0.7783823,0.78350246,0.7862471,0.005120158
LSTM,train,B0006_p1,B0006,66,0.77550495,0.7761797,0.7783823,0.0006747246
LSTM,train,B0006_p1,B0006,67,0.7704519,0.77380264,0.77550495,0.0033507347
LSTM,train,B0006_p1,B0006,68,0.76523817,0.7697961,0.7704519,0.0045579076
LSTM,train,B0006_p1,B0006,69,0.75760883,0.76390994,0.76523817,0.006301105
LSTM,train,B0006_p1,B0006,70,0.7600144,0.75437766,0.75760883,-0.0056367517
LSTM,train,B0006_p1,B0006,71,0.75728244,0.75601906,0.7600144,-0.00126338
LSTM,train,B0006_p1,B0006,72,0.7522622,0.7533839,0.75728244,0.0011216998
LSTM,train,B0006_p1,B0006,73,0.74970037,0.75142795,0.7522622,0.001727581
LSTM,train,B0006_p1,B0006,74,0.7470212,0.7506816,0.74970037,0.0036603808
LSTM,train,B0006_p1,B0006,75,0.74181724,0.74599695,0.7470212,0.004179716
LSTM,train,B0006_p1,B0006,76,0.7388928,0.7432802,0.74181724,0.0043873787
LSTM,train,B0006_p1,B0006,77,0.76007926,0.7350051,0.7388928,-0.025074184
LSTM,train,B0006_p1,B0006,78,0.7470602,0.7556957,0.76007926,0.008635521
LSTM,train,B0006_p1,B0006,79,0.73945254,0.74515206,0.7470602,0.0056995153
LSTM,train,B0006_p1,B0006,80,0.73424655,0.7343958,0.73945254,0.00014925003
LSTM,train,B0006_p1,B0006,81,0.734337,0.7348351,0.73424655,0.000498116
LSTM,train,B0006_p1,B0006,82,0.7317318,0.734,0.734337,0.0022682548
LSTM,train,B0006_p1,B0006,83,0.72890145,0.7348914,0.7317318,0.005989969
LSTM,train,B0006_p1,B0006,84,0.7210104,0.73284465,0.72890145,0.011834264
LSTM,train,B0006_p1,B0006,85,0.72115666,0.72561896,0.7210104,0.0044623017
LSTM,train,B0006_p1,B0006,86,0.7187848,0.7228365,0.72115666,0.0040516853
LSTM,train,B0006_p1,B0006,87,0.7186385,0.72048306,0.7187848,0.001844585
LSTM,train,B0006_p1,B0006,88,0.7160658,0.72189593,0.7186385,0.005830109
LSTM,train,B0006_p1,B0006,89,0.7915193,0.71999156,0.7160658,-0.07152772
LSTM,train,B0006_p1,B0006,90,0.76807725,0.7735577,0.7915193,0.0054804683
LSTM,train,B0006_p1,B0006,91,0.75233984,0.75172865,0.76807725,-0.000611186
LSTM,train,B0006_p1,B0006,92,0.74452835,0.74825805,0.75233984,0.003729701
LSTM,train,B0006_p1,B0006,93,0.7366471,0.7460123,0.74452835,0.009365141
LSTM,train,B0006_p1,B0006,94,0.7316084,0.7367895,0.7366471,0.0051811337
LSTM,train,B0006_p1,B0006,95,0.72653913,0.73132014,0.7316084,0.0047810078
LSTM,train,B0006_p1,B0006,96,0.7211133,0.72479016,0.72653913,0.0036768317
LSTM,train,B0006_p1,B0006,97,0.7186451,0.7197733,0.7211133,0.0011281967
LSTM,train,B0006_p1,B0006,98,0.7159199,0.71777886,0.7186451,0.0018589497
LSTM,train,B0006_p1,B0006,99,0.7108687,0.71417195,0.7159199,0.0033032298
LSTM,train,B0006_p1,B0006,100,0.7082929,0.70984197,0.7108687,0.0015490651
LSTM,train,B0006_p1,B0006,101,0.7055427,0.7071776,0.7082929,0.0016348958
LSTM,train,B0006_p1,B0006,102,0.7056484,0.7048964,0.7055427,-0.0007520318
LSTM,train,B0006_p1,B0006,103,0.7213216,0.7163626,0.7056484,-0.0049589872
LSTM,train,B0006_p1,B0006,104,0.71104103,0.72682005,0.7213216,0.015779018
LSTM,train,B0006_p1,B0006,105,0.70282483,0.7178645,0.71104103,0.015039682
LSTM,train,B0006_p1,B0006,106,0.7002,0.7106957,0.70282483,0.010495663
LSTM,train,B0006_p1,B0006,107,0.69780904,0.70431906,0.7002,0.0065100193
LSTM,train,B0006_p1,B0006,108,0.6929648,0.70058674,0.69780904,0.007621944
LSTM,train,B0006_p1,B0006,109,0.6926519,0.6972886,0.6929648,0.0046366453
LSTM,train,B0006_p1,B0006,110,0.69006056,0.6969031,0.6926519,0.0068425536
LSTM,train,B0006_p1,B0006,111,0.6873391,0.6918674,0.69006056,0.004528284
LSTM,train,B0006_p1,B0006,112,0.6822944,0.6873654,0.6873391,0.0050709844
LSTM,train,B0006_p1,B0006,113,0.6847404,0.68466985,0.6822944,-7.05719e-05
LSTM,train,B0006_p1,B0006,114,0.6823335,0.6869264,0.6847404,0.0045928955
LSTM,train,B0006_p1,B0006,115,0.6796007,0.684001,0.6823335,0.004400313
LSTM,train,B0006_p1,B0006,116,0.6771393,0.6798108,0.6796007,0.0026715398
LSTM,train,B0006_p1,B0006,117,0.67455363,0.67554116,0.6771393,0.0009875298
LSTM,train,B0006_p1,B0006,118,0.67215586,0.67394406,0.67455363,0.001788199
LSTM,train,B0006_p1,B0006,119,0.68749934,0.67534083,0.67215586,-0.012158513
LSTM,train,B0006_p1,B0006,120,0.697923,0.701841,0.68749934,0.003917992
LSTM,train,B0006_p1,B0006,121,0.6847966,0.7007139,0.697923,0.015917301
LSTM,train,B0006_p1,B0006,122,0.67960453,0.6868556,0.6847966,0.007251084
LSTM,train,B0006_p1,B0006,123,0.6741655,0.678725,0.67960453,0.004559517
LSTM,train,B0006_p1,B0006,124,0.6717706,0.67087495,0.6741655,-0.0008956194
LSTM,train,B0006_p1,B0006,125,0.66924566,0.6678508,0.6717706,-0.0013948679
LSTM,train,B0006_p1,B0006,126,0.6640789,0.6650099,0.66924566,0.00093102455
LSTM,train,B0006_p1,B0006,127,0.66121185,0.65971726,0.6640789,-0.0014945865
LSTM,train,B0006_p1,B0006,128,0.65857697,0.6568022,0.66121185,-0.0017747879
LSTM,train,B0006_p1,B0006,129,0.6564156,0.65692943,0.65857697,0.00051385164
LSTM,train,B0006_p1,B0006,130,0.65623987,0.6542582,0.6564156,-0.0019816756
LSTM,train,B0006_p1,B0006,131,0.6534701,0.6544002,0.65623987,0.0009301305
LSTM,train,B0006_p1,B0006,132,0.6560797,0.6524346,0.6534701,-0.003645122
LSTM,train,B0006_p1,B0006,133,0.66925704,0.6654518,0.6560797,-0.0038052201
LSTM,train,B0006_p1,B0006,134,0.6586179,0.6672365,0.66925704,0.008618593
LSTM,train,B0006_p1,B0006,135,0.65072346,0.6543262,0.6586179,0.0036027431
LSTM,train,B0006_p1,B0006,136,0.6482884,0.6473871,0.65072346,-0.00090134144
LSTM,train,B0006_p1,B0006,137,0.64589936,0.64474803,0.6482884,-0.0011513233
LSTM,train,B0006_p1,B0006,138,0.64581466,0.6421307,0.64589936,-0.0036839843
LSTM,train,B0006_p1,B0006,139,0.64048564,0.64200246,0.64581466,0.001516819
LSTM,train,B0006_p1,B0006,140,0.6353928,0.6359923,0.64048564,0.0005995035
LSTM,train,B0006_p1,B0006,141,0.6353703,0.6308574,0.6353928,-0.004512906
LSTM,train,B0006_p1,B0006,142,0.6328019,0.6302145,0.6353703,-0.002587378
LSTM,train,B0006_p1,B0006,143,0.6328469,0.62820745,0.6328019,-0.0046394467
LSTM,train,B0006_p1,B0006,144,0.6276995,0.6291606,0.6328469,0.0014610887
LSTM,train,B0006_p1,B0006,145,0.6249048,0.62709284,0.6276995,0.002188027
LSTM,train,B0006_p1,B0006,146,0.62248224,0.623599,0.6249048,0.0011167526
LSTM,train,B0006_p1,B0006,147,0.62246805,0.61855793,0.62248224,-0.0039101243
LSTM,train,B0006_p1,B0006,148,0.61991316,0.6168908,0.62246805,-0.0030223727
LSTM,train,B0006_p1,B0006,149,0.62256944,0.61711663,0.61991316,-0.0054528117
LSTM,train,B0006_p1,B0006,150,0.64063376,0.6331554,0.62256944,-0.0074783564
LSTM,train,B0006_p1,B0006,151,0.6275884,0.6402554,0.64063376,0.012667
LSTM,train,B0006_p1,B0006,152,0.61985785,0.62783587,0.6275884,0.007978022
LSTM,train,B0006_p1,B0006,153,0.6119824,0.61970484,0.61985785,0.0077224374
LSTM,train,B0006_p1,B0006,154,0.6094957,0.6120439,0.6119824,0.0025482178
LSTM,train,B0006_p1,B0006,155,0.6068265,0.6075733,0.6094957,0.0007467866
LSTM,train,B0006_p1,B0006,156,0.6015431,0.60492295,0.6068265,0.0033798218
LSTM,train,B0006_p1,B0006,157,0.59881794,0.5988049,0.6015431,-1.3053417e-05
LSTM,train,B0006_p1,B0006,158,0.5964724,0.59469354,0.59881794,-0.001778841
LSTM,train,B0006_p1,B0006,159,0.5913549,0.59103525,0.5964724,-0.0003196597
LSTM,train,B0006_p1,B0006,160,0.5886672,0.5886966,0.5913549,2.938509e-05
LSTM,train,B0006_p1,B0006,161,0.5859312,0.5869278,0.5886672,0.0009965897
LSTM,train,B0006_p1,B0006,162,0.58341026,0.5844351,0.5859312,0.0010248423
LSTM,train,B0006_p1,B0006,163,0.57309055,0.5817765,0.58341026,0.008685946
LSTM,train,B0006_p1,B0006,164,0.57834685,0.5791686,0.57309055,0.00082176924
LSTM,train,B0006_p1,B0006,165,0.57556367,0.58047825,0.57834685,0.004914582
LSTM,train,B0006_p1,B0006,166,0.5835988,0.5720829,0.57556367,-0.011515915
LSTM,train,B0006_p1,B0006,167,0.58891356,0.5912115,0.5835988,0.0022979379
LSTM,validation,B0007_p1,B0007,10,0.9943539,0.992236,0.99435824,-0.0021178722
LSTM,validation,B0007_p1,B0007,11,0.988828,0.99234897,0.9943539,0.0035209656
LSTM,validation,B0007_p1,B0007,12,0.98852104,0.9859278,0.988828,-0.0025932193
LSTM,validation,B0007_p1,B0007,13,0.9884859,0.98501134,0.98852104,-0.0034745336
LSTM,validation,B0007_p1,B0007,14,0.988674,0.9857113,0.9884859,-0.0029627085
LSTM,validation,B0007_p1,B0007,15,0.98834074,0.9853969,0.988674,-0.0029438138
LSTM,validation,B0007_p1,B0007,16,0.9825352,0.9853298,0.98834074,0.0027946234
LSTM,validation,B0007_p1,B0007,17,0.98291165,0.9790455,0.9825352,-0.003866136
LSTM,validation,B0007_p1,B0007,18,0.98283386,0.9805289,0.98291165,-0.0023049712
LSTM,validation,B0007_p1,B0007,19,1.0000627,0.98088604,0.98283386,-0.019176662
LSTM,validation,B0007_p1,B0007,20,1.0004305,0.9978418,1.0000627,-0.0025886893
LSTM,validation,B0007_p1,B0007,21,1.0002301,0.99891865,1.0004305,-0.0013114214
LSTM,validation,B0007_p1,B0007,22,0.99486685,0.997732,1.0002301,0.0028651357
LSTM,validation,B0007_p1,B0007,23,0.99443644,0.9925255,0.99486685,-0.0019109249
LSTM,validation,B0007_p1,B0007,24,0.99468744,0.9932884,0.99443644,-0.0013990402
LSTM,validation,B0007_p1,B0007,25,0.988807,0.9912158,0.99468744,0.0024088025
LSTM,validation,B0007_p1,B0007,26,0.98903114,0.9850151,0.988807,-0.0040160418
LSTM,validation,B0007_p1,B0007,27,0.98856926,0.9862019,0.98903114,-0.0023673773
LSTM,validation,B0007_p1,B0007,28,0.9827067,0.98591673,0.98856926,0.0032100081
LSTM,validation,B0007_p1,B0007,29,0.98327136,0.9795834,0.9827067,-0.0036879778
LSTM,validation,B0007_p1,B0007,30,1.0014915,0.9805788,0.98327136,-0.020912766
LSTM,validation,B0007_p1,B0007,31,0.99051315,0.99988467,1.0014915,0.009371519
LSTM,validation,B0007_p1,B0007,32,0.9848045,0.99117225,0.99051315,0.006367743
LSTM,validation,B0007_p1,B0007,33,0.9820743,0.9873228,0.9848045,0.005248487
LSTM,validation,B0007_p1,B0007,34,0.97669214,0.9844998,0.9820743,0.007807672
LSTM,validation,B0007_p1,B0007,35,0.97686946,0.9796173,0.97669214,0.0027478337
LSTM,validation,B0007_p1,B0007,36,0.97395045,0.97988796,0.97686946,0.0059375167
LSTM,validation,B0007_p1,B0007,37,0.9683539,0.9755597,0.97395045,0.0072057843
LSTM,validation,B0007_p1,B0007,38,0.9658862,0.9684925,0.9683539,0.0026063323
LSTM,validation,B0007_p1,B0007,39,0.96316135,0.96825683,0.9658862,0.005095482
LSTM,validation,B0007_p1,B0007,40,0.9632805,0.9628797,0.96316135,-0.00040078163
LSTM,validation,B0007_p1,B0007,41,0.960329,0.9652254,0.9632805,0.0048964024
LSTM,validation,B0007_p1,B0007,42,0.96413046,0.95941347,0.960329,-0.0047169924
LSTM,validation,B0007_p1,B0007,43,0.9604403,0.9661028,0.96413046,0.005662501
LSTM,validation,B0007_p1,B0007,44,0.9548927,0.9617539,0.9604403,0.00686121
LSTM,validation,B0007_p1,B0007,45,0.9496043,0.95571584,0.9548927,0.0061115623
LSTM,validation,B0007_p1,B0007,46,0.9466487,0.9502837,0.9496043,0.0036349893
LSTM,validation,B0007_p1,B0007,47,0.9651256,0.9484819,0.9466487,-0.016643703
LSTM,validation,B0007_p1,B0007,48,0.9654589,0.9717231,0.9651256,0.00626415
LSTM,validation,B0007_p1,B0007,49,0.9572388,0.97373396,0.9654589,0.016495168
LSTM,validation,B0007_p1,B0007,50,0.9520302,0.96539,0.9572388,0.013359845
LSTM,validation,B0007_p1,B0007,51,0.9466573,0.9571578,0.9520302,0.010500491
LSTM,validation,B0007_p1,B0007,52,0.94399107,0.95126075,0.9466573,0.0072696805
LSTM,validation,B0007_p1,B0007,53,0.9412975,0.94089633,0.94399107,-0.00040113926
LSTM,validation,B0007_p1,B0007,54,0.93588346,0.93715125,0.9412975,0.0012677908
LSTM,validation,B0007_p1,B0007,55,0.9303357,0.9306656,0.93588346,0.0003299117
LSTM,validation,B0007_p1,B0007,56,0.930337,0.92852813,0.9303357,-0.0018088818
LSTM,validation,B0007_p1,B0007,57,0.9278797,0.92695814,0.930337,-0.0009215474
LSTM,validation,B0007_p1,B0007,58,0.9250174,0.92523897,0.9278797,0.00022155046
LSTM,validation,B0007_p1,B0007,59,0.9191251,0.9197058,0.9250174,0.00058072805
LSTM,validation,B0007_p1,B0007,60,0.91664517,0.91371197,0.9191251,-0.0029332042
LSTM,validation,B0007_p1,B0007,61,0.9113696,0.91043484,0.91664517,-0.00093477964
LSTM,validation,B0007_p1,B0007,62,0.91136503,0.9074563,0.9113696,-0.0039087534
LSTM,validation,B0007_p1,B0007,63,0.9058786,0.90662897,0.91136503,0.0007503629
LSTM,validation,B0007_p1,B0007,64,0.9060709,0.90169394,0.9058786,-0.004376948
LSTM,validation,B0007_p1,B0007,65,0.90051854,0.90013015,0.9060709,-0.00038838387
LSTM,validation,B0007_p1,B0007,66,0.897374,0.89635533,0.90051854,-0.0010186434
LSTM,validation,B0007_p1,B0007,67,0.8949369,0.8963399,0.897374,0.0014029741
LSTM,validation,B0007_p1,B0007,68,0.8921999,0.89574564,0.8949369,0.003545761
LSTM,validation,B0007_p1,B0007,69,0.8896896,0.8946176,0.8921999,0.004927993
LSTM,validation,B0007_p1,B0007,70,0.8866219,0.89334786,0.8896896,0.006725967
LSTM,validation,B0007_p1,B0007,71,0.8838726,0.8905147,0.8866219,0.0066420436
LSTM,validation,B0007_p1,B0007,72,0.881298,0.8904797,0.8838726,0.009181678
LSTM,validation,B0007_p1,B0007,73,0.8787002,0.88887167,0.881298,0.010171473
LSTM,validation,B0007_p1,B0007,74,0.87587076,0.8883511,0.8787002,0.012480319
LSTM,validation,B0007_p1,B0007,75,0.8701261,0.8865478,0.87587076,0.016421676
LSTM,validation,B0007_p1,B0007,76,0.87004197,0.8797613,0.8701261,0.009719312
LSTM,validation,B0007_p1,B0007,77,0.87262815,0.8776509,0.87004197,0.005022764
LSTM,validation,B0007_p1,B0007,78,0.8675506,0.87713075,0.87262815,0.009580135
LSTM,validation,B0007_p1,B0007,79,0.8620436,0.87299955,0.8675506,0.01095593
LSTM,validation,B0007_p1,B0007,80,0.8594988,0.8673542,0.8620436,0.007855415
LSTM,validation,B0007_p1,B0007,81,0.85917777,0.8642111,0.8594988,0.005033314
LSTM,validation,B0007_p1,B0007,82,0.85965663,0.86177987,0.85917777,0.0021232367
LSTM,validation,B0007_p1,B0007,83,0.85654145,0.861889,0.85965663,0.00534755
LSTM,validation,B0007_p1,B0007,84,0.85111505,0.85941744,0.85654145,0.008302391
LSTM,validation,B0007_p1,B0007,85,0.8485931,0.8535336,0.85111505,0.00494051
LSTM,validation,B0007_p1,B0007,86,0.8487529,0.85084,0.8485931,0.0020870566
LSTM,validation,B0007_p1,B0007,87,0.84853417,0.85155827,0.8487529,0.0030241013
LSTM,validation,B0007_p1,B0007,88,0.8457927,0.8513751,0.84853417,0.005582392
LSTM,validation,B0007_p1,B0007,89,0.89799255,0.84655184,0.8457927,-0.051440716
LSTM,validation,B0007_p1,B0007,90,0.8645856,0.8970932,0.89799255,0.0325076
LSTM,validation,B0007_p1,B0007,91,0.85913515,0.8640155,0.8645856,0.0048803687
LSTM,validation,B0007_p1,B0007,92,0.85377496,0.8581922,0.85913515,0.0044172406
LSTM,validation,B0007_p1,B0007,93,0.84809184,0.8527195,0.85377496,0.004627645
LSTM,validation,B0007_p1,B0007,94,0.8456648,0.8478804,0.84809184,0.0022156239
LSTM,validation,B0007_p1,B0007,95,0.842975,0.8455868,0.8456648,0.0026117563
LSTM,validation,B0007_p1,B0007,96,0.8401154,0.84325105,0.842975,0.0031356215
LSTM,validation,B0007_p1,B0007,97,0.83758694,0.8409627,0.8401154,0.0033757687
LSTM,validation,B0007_p1,B0007,98,0.834705,0.83881444,0.83758694,0.0041094422
LSTM,validation,B0007_p1,B0007,99,0.83494854,0.83631647,0.834705,0.0013679266
LSTM,validation,B0007_p1,B0007,100,0.83228636,0.83760315,0.83494854,0.005316794
LSTM,validation,B0007_p1,B0007,101,0.8293002,0.83346283,0.83228636,0.0041626096
LSTM,validation,B0007_p1,B0007,102,0.83214396,0.83031183,0.8293002,-0.0018321276
LSTM,validation,B0007_p1,B0007,103,0.83745986,0.83618784,0.83214396,-0.0012720227
LSTM,validation,B0007_p1,B0007,104,0.832303,0.83231497,0.83745986,1.1980534e-05
LSTM,validation,B0007_p1,B0007,105,0.82936484,0.8189824,0.832303,-0.010382414
LSTM,validation,B0007_p1,B0007,106,0.82412314,0.82397544,0.82936484,-0.00014770031
LSTM,validation,B0007_p1,B0007,107,0.8209219,0.8163699,0.82412314,-0.0045520067
LSTM,validation,B0007_p1,B0007,108,0.8215289,0.8186148,0.8209219,-0.0029141307
LSTM,validation,B0007_p1,B0007,109,0.82130307,0.81480765,0.8215289,-0.006495416
LSTM,validation,B0007_p1,B0007,110,0.81583405,0.8188998,0.82130307,0.003065765
LSTM,validation,B0007_p1,B0007,111,0.8128839,0.814322,0.81583405,0.0014380813
LSTM,validation,B0007_p1,B0007,112,0.81297195,0.81237626,0.8128839,-0.0005956888
LSTM,validation,B0007_p1,B0007,113,0.81306005,0.8109733,0.81297195,-0.0020867586
LSTM,validation,B0007_p1,B0007,114,0.8103026,0.8017776,0.81306005,-0.008525014
LSTM,validation,B0007_p1,B0007,115,0.80751723,0.79311556,0.8103026,-0.014401674
LSTM,validation,B0007_p1,B0007,116,0.8048483,0.7895829,0.80751723,-0.015265405
LSTM,validation,B0007_p1,B0007,117,0.80482537,0.790964,0.8048483,-0.013861358
LSTM,validation,B0007_p1,B0007,118,0.8050072,0.78681064,0.80482537,-0.018196583
LSTM,validation,B0007_p1,B0007,119,0.8156486,0.78367174,0.8050072,-0.03197688
LSTM,validation,B0007_p1,B0007,120,0.8184016,0.79150707,0.8156486,-0.02689451
LSTM,validation,B0007_p1,B0007,121,0.8101531,0.80068505,0.8184016,-0.009468079
LSTM,validation,B0007_p1,B0007,122,0.8048127,0.78908396,0.8101531,-0.015728772
LSTM,validation,B0007_p1,B0007,123,0.80173075,0.7918013,0.8048127,-0.009929478
LSTM,validation,B0007_p1,B0007,124,0.79929066,0.79830116,0.80173075,-0.0009894967
LSTM,validation,B0007_p1,B0007,125,0.79643315,0.7978161,0.79929066,0.001382947
LSTM,validation,B0007_p1,B0007,126,0.79378855,0.79682255,0.79643315,0.0030339956
LSTM,validation,B0007_p1,B0007,127,0.7935577,0.79535687,0.79378855,0.0017991662
LSTM,validation,B0007_p1,B0007,128,0.79093546,0.7877495,0.7935577,-0.0031859279
LSTM,validation,B0007_p1,B0007,129,0.7883047,0.7929429,0.79093546,0.004638195
LSTM,validation,B0007_p1,B0007,130,0.7884388,0.7905282,0.7883047,0.0020893812
LSTM,validation,B0007_p1,B0007,131,0.78534615,0.79018104,0.7884388,0.0048348904
LSTM,validation,B0007_p1,B0007,132,0.78796774,0.7871681,0.78534615,-0.0007996559
LSTM,validation,B0007_p1,B0007,133,0.7966004,0.7906695,0.78796774,-0.0059309006
LSTM,validation,B0007_p1,B0007,134,0.7880613,0.79542124,0.7966004,0.007359922
LSTM,validation,B0007_p1,B0007,135,0.7854229,0.78754663,0.7880613,0.0021237135
LSTM,validation,B0007_p1,B0007,136,0.78274393,0.78300166,0.7854229,0.00025773048
LSTM,validation,B0007_p1,B0007,137,0.7828347,0.7794428,0.78274393,-0.0033919215
LSTM,validation,B0007_p1,B0007,138,0.78004986,0.7802321,0.7828347,0.0001822114
LSTM,validation,B0007_p1,B0007,139,0.7772618,0.7763227,0.78004986,-0.0009390712
LSTM,validation,B0007_p1,B0007,140,0.77456486,0.7739873,0.7772618,-0.000577569
LSTM,validation,B0007_p1,B0007,141,0.7717253,0.77193743,0.77456486,0.00021213293
LSTM,validation,B0007_p1,B0007,142,0.77186406,0.7707995,0.7717253,-0.001064539
LSTM,validation,B0007_p1,B0007,143,0.7693119,0.7707386,0.77186406,0.0014266968
LSTM,validation,B0007_p1,B0007,144,0.7692805,0.7697155,0.7693119,0.0004349947
LSTM,validation,B0007_p1,B0007,145,0.7664212,0.76751286,0.7692805,0.0010916591
LSTM,validation,B0007_p1,B0007,146,0.76369125,0.7639238,0.7664212,0.00023257732
LSTM,validation,B0007_p1,B0007,147,0.7639942,0.76274097,0.76369125,-0.0012532473
LSTM,validation,B0007_p1,B0007,148,0.76371723,0.7623168,0.7639942,-0.0014004111
LSTM,validation,B0007_p1,B0007,149,0.76667523,0.75741297,0.76371723,-0.009262264
LSTM,validation,B0007_p1,B0007,150,0.78015393,0.76460314,0.76667523,-0.015550792
LSTM,validation,B0007_p1,B0007,151,0.77199596,0.7774287,0.78015393,0.005432725
LSTM,validation,B0007_p1,B0007,152,0.76948303,0.76750714,0.77199596,-0.001975894
LSTM,validation,B0007_p1,B0007,153,0.76663965,0.77038145,0.76948303,0.0037418008
LSTM,validation,B0007_p1,B0007,154,0.7612375,0.7698048,0.76663965,0.008567274
LSTM,validation,B0007_p1,B0007,155,0.76133186,0.7575814,0.7612375,-0.0037504435
LSTM,validation,B0007_p1,B0007,156,0.75837964,0.76459515,0.76133186,0.0062155128
LSTM,validation,B0007_p1,B0007,157,0.75829005,0.7611629,0.75837964,0.0028728247
LSTM,validation,B0007_p1,B0007,158,0.7557248,0.75627315,0.75829005,0.00054836273
LSTM,validation,B0007_p1,B0007,159,0.7531001,0.7566714,0.7557248,0.0035713315
LSTM,validation,B0007_p1,B0007,160,0.75323355,0.7514576,0.7531001,-0.00177598
LSTM,validation,B0007_p1,B0007,161,0.75018245,0.7534827,0.75323355,0.0033002496
LSTM,validation,B0007_p1,B0007,162,0.75026476,0.7480189,0.75018245,-0.0022458434
LSTM,validation,B0007_p1,B0007,163,0.7477,0.74992657,0.75026476,0.002226591
LSTM,validation,B0007_p1,B0007,164,0.7477874,0.7457484,0.7477,-0.0020390153
LSTM,validation,B0007_p1,B0007,165,0.7446605,0.7451979,0.7477874,0.0005373955
LSTM,validation,B0007_p1,B0007,166,0.75600296,0.74079734,0.7446605,-0.015205622
LSTM,validation,B0007_p1,B0007,167,0.76167583,0.7580483,0.75600296,-0.0036275387
LSTM,test_id,B0018_p1,B0018,10,0.9850639,0.9897807,0.9910298,0.0047168136
LSTM,test_id,B0018_p1,B0018,11,0.98102295,0.98362553,0.9850639,0.0026025772
LSTM,test_id,B0018_p1,B0018,12,0.9734956,0.9796405,0.98102295,0.0061448812
LSTM,test_id,B0018_p1,B0018,13,0.96948737,0.9724651,0.9734956,0.0029777288
LSTM,test_id,B0018_p1,B0018,14,0.9681109,0.9687607,0.96948737,0.00064980984
LSTM,test_id,B0018_p1,B0018,15,0.96282196,0.96720564,0.9681109,0.004383683
LSTM,test_id,B0018_p1,B0018,16,0.96142024,0.9616442,0.96282196,0.00022393465
LSTM,test_id,B0018_p1,B0018,17,0.9532663,0.9601763,0.96142024,0.0069099665
LSTM,test_id,B0018_p1,B0018,18,0.9492379,0.95233107,0.9532663,0.003093183
LSTM,test_id,B0018_p1,B0018,19,0.9445874,0.9484598,0.9492379,0.0038723946
LSTM,test_id,B0018_p1,B0018,20,0.9412453,0.9437403,0.9445874,0.0024949908
LSTM,test_id,B0018_p1,B0018,21,0.9287852,0.9404246,0.9412453,0.011639416
LSTM,test_id,B0018_p1,B0018,22,0.93034804,0.9281103,0.9287852,-0.0022377372
LSTM,test_id,B0018_p1,B0018,23,0.9281911,0.9297664,0.93034804,0.0015752912
LSTM,test_id,B0018_p1,B0018,24,0.9508787,0.9277771,0.9281911,-0.023101568
LSTM,test_id,B0018_p1,B0018,25,0.9419265,0.9504997,0.9508787,0.008573234
LSTM,test_id,B0018_p1,B0018,26,0.9361979,0.9412244,0.9419265,0.0050265193
LSTM,test_id,B0018_p1,B0018,27,0.9305526,0.9354787,0.9361979,0.0049260855
LSTM,test_id,B0018_p1,B0018,28,0.923715,0.93003863,0.9305526,0.0063236356
LSTM,test_id,B0018_p1,B0018,29,0.9208714,0.9231705,0.923715,0.00229913
LSTM,test_id,B0018_p1,B0018,30,0.9142754,0.92057353,0.9208714,0.006298125
LSTM,test_id,B0018_p1,B0018,31,0.91159785,0.91433984,0.9142754,0.0027419925
LSTM,test_id,B0018_p1,B0018,32,0.9053714,0.912471,0.91159785,0.007099569
LSTM,test_id,B0018_p1,B0018,33,0.900843,0.9116502,0.9053714,0.010807157
LSTM,test_id,B0018_p1,B0018,34,0.8959679,0.9082325,0.900843,0.012264609
LSTM,test_id,B0018_p1,B0018,35,0.8908287,0.90228635,0.8959679,0.011457622
LSTM,test_id,B0018_p1,B0018,36,0.88478315,0.89571685,0.8908287,0.010933697
LSTM,test_id,B0018_p1,B0018,37,0.88179606,0.8914426,0.88478315,0.009646535
LSTM,test_id,B0018_p1,B0018,38,0.8773674,0.89485586,0.88179606,0.01748848
LSTM,test_id,B0018_p1,B0018,39,0.9110948,0.8907465,0.8773674,-0.02034831
LSTM,test_id,B0018_p1,B0018,40,0.89655304,0.9157967,0.9110948,0.019243658
LSTM,test_id,B0018_p1,B0018,41,0.8873567,0.8969206,0.89655304,0.009563923
LSTM,test_id,B0018_p1,B0018,42,0.87867707,0.88770115,0.8873567,0.009024084
LSTM,test_id,B0018_p1,B0018,43,0.87568015,0.87896615,0.87867707,0.003286004
LSTM,test_id,B0018_p1,B0018,44,0.8672876,0.8761717,0.87568015,0.008884132
LSTM,test_id,B0018_p1,B0018,45,0.93863106,0.87097925,0.8672876,-0.06765181
LSTM,test_id,B0018_p1,B0018,46,0.933119,0.939003,0.93863106,0.0058839917
LSTM,test_id,B0018_p1,B0018,47,0.9218427,0.93300086,0.933119,0.011158168
LSTM,test_id,B0018_p1,B0018,48,0.9120334,0.92156535,0.9218427,0.009531975
LSTM,test_id,B0018_p1,B0018,49,0.90272725,0.9117007,0.9120334,0.008973479
LSTM,test_id,B0018_p1,B0018,50,0.9058541,0.90243584,0.90272725,-0.0034182668
LSTM,test_id,B0018_p1,B0018,51,0.895212,0.9055896,0.9058541,0.010377586
LSTM,test_id,B0018_p1,B0018,52,0.8837586,0.89488477,0.895212,0.011126161
LSTM,test_id,B0018_p1,B0018,53,0.8763623,0.8835914,0.8837586,0.0072290897
LSTM,test_id,B0018_p1,B0018,54,0.8728719,0.87635374,0.8763623,0.003481865
LSTM,test_id,B0018_p1,B0018,55,0.9097867,0.8728,0.8728719,-0.03698671
LSTM,test_id,B0018_p1,B0018,56,0.89173365,0.90982974,0.9097867,0.01809609
LSTM,test_id,B0018_p1,B0018,57,0.8769644,0.8920477,0.89173365,0.015083313
LSTM,test_id,B0018_p1,B0018,58,0.86545706,0.8773924,0.8769644,0.011935353
LSTM,test_id,B0018_p1,B0018,59,0.86246985,0.8659737,0.86545706,0.003503859
LSTM,test_id,B0018_p1,B0018,60,0.8589232,0.8632365,0.86246985,0.00431329
LSTM,test_id,B0018_p1,B0018,61,0.8502782,0.86296874,0.8589232,0.012690544
LSTM,test_id,B0018_p1,B0018,62,0.8456277,0.85684216,0.8502782,0.011214435
LSTM,test_id,B0018_p1,B0018,63,0.83724886,0.8575049,0.8456277,0.020256042
LSTM,test_id,B0018_p1,B0018,64,0.83287656,0.85141253,0.83724886,0.018535972
LSTM,test_id,B0018_p1,B0018,65,0.8325841,0.8515479,0.83287656,0.018963814
LSTM,test_id,B0018_p1,B0018,66,0.8274941,0.84837234,0.8325841,0.020878255
LSTM,test_id,B0018_p1,B0018,67,0.8189417,0.8495129,0.8274941,0.030571163
LSTM,test_id,B0018_p1,B0018,68,0.8161668,0.84017384,0.8189417,0.024007022
LSTM,test_id,B0018_p1,B0018,69,0.8134116,0.8383726,0.8161668,0.024960995
LSTM,test_id,B0018_p1,B0018,70,0.83356416,0.8373337,0.8134116,0.003769517
LSTM,test_id,B0018_p1,B0018,71,0.828356,0.86337113,0.83356416,0.035015106
LSTM,test_id,B0018_p1,B0018,72,0.8160418,0.8635135,0.828356,0.047471702
LSTM,test_id,B0018_p1,B0018,73,0.8112721,0.84504664,0.8160418,0.033774555
LSTM,test_id,B0018_p1,B0018,74,0.8063288,0.8426669,0.8112721,0.03633815
LSTM,test_id,B0018_p1,B0018,75,0.80492294,0.83913887,0.8063288,0.034215927
LSTM,test_id,B0018_p1,B0018,76,0.8009928,0.8396723,0.80492294,0.03867954
LSTM,test_id,B0018_p1,B0018,77,0.7980093,0.84252405,0.8009928,0.044514775
LSTM,test_id,B0018_p1,B0018,78,0.792613,0.83825177,0.7980093,0.04563874
LSTM,test_id,B0018_p1,B0018,79,0.78705406,0.83371973,0.792613,0.04666567
LSTM,test_id,B0018_p1,B0018,80,0.7897257,0.8296517,0.78705406,0.039925992
LSTM,test_id,B0018_p1,B0018,81,0.78415644,0.8302352,0.7897257,0.04607874
LSTM,test_id,B0018_p1,B0018,82,0.78238195,0.83141863,0.78415644,0.04903668
LSTM,test_id,B0018_p1,B0018,83,0.7766069,0.8373233,0.78238195,0.06071639
LSTM,test_id,B0018_p1,B0018,84,0.77457124,0.8331143,0.7766069,0.058543086
LSTM,test_id,B0018_p1,B0018,85,0.7989835,0.83715117,0.77457124,0.038167655
LSTM,test_id,B0018_p1,B0018,86,0.7896176,0.85552233,0.7989835,0.06590474
LSTM,test_id,B0018_p1,B0018,87,0.78431875,0.8431572,0.7896176,0.058838427
LSTM,test_id,B0018_p1,B0018,88,0.77645934,0.8378919,0.78431875,0.06143254
LSTM,test_id,B0018_p1,B0018,89,0.7694354,0.8233697,0.77645934,0.053934276
LSTM,test_id,B0018_p1,B0018,90,0.7907019,0.8213063,0.7694354,0.030604362
LSTM,test_id,B0018_p1,B0018,91,0.77642775,0.84377724,0.7907019,0.06734949
LSTM,test_id,B0018_p1,B0018,92,0.77174455,0.8299418,0.77642775,0.05819726
LSTM,test_id,B0018_p1,B0018,93,0.769493,0.8260145,0.77174455,0.056521535
LSTM,test_id,B0018_p1,B0018,94,0.7641219,0.8215663,0.769493,0.057444394
LSTM,test_id,B0018_p1,B0018,95,0.76562554,0.81517667,0.7641219,0.04955113
LSTM,test_id,B0018_p1,B0018,96,0.7593245,0.81524235,0.76562554,0.05591786
LSTM,test_id,B0018_p1,B0018,97,0.7575373,0.8089069,0.7593245,0.051369607
LSTM,test_id,B0018_p1,B0018,98,0.7552528,0.81163776,0.7575373,0.05638498
LSTM,test_id,B0018_p1,B0018,99,0.7493823,0.8128519,0.7552528,0.06346959
LSTM,test_id,B0018_p1,B0018,100,0.7528266,0.80846053,0.7493823,0.055633962
LSTM,test_id,B0018_p1,B0018,101,0.74490315,0.8156287,0.7528266,0.07072556
LSTM,test_id,B0018_p1,B0018,102,0.7465455,0.8051886,0.74490315,0.058643103
LSTM,test_id,B0018_p1,B0018,103,0.74361134,0.8116963,0.7465455,0.068084955
LSTM,test_id,B0018_p1,B0018,104,0.7375042,0.81141734,0.74361134,0.07391316
LSTM,test_id,B0018_p1,B0018,105,0.7938843,0.80585456,0.7375042,0.011970282
LSTM,test_id,B0018_p1,B0018,106,0.7882683,0.85165226,0.7938843,0.06338394
LSTM,test_id,B0018_p1,B0018,107,0.78176737,0.8449684,0.7882683,0.06320101
LSTM,test_id,B0018_p1,B0018,108,0.7764551,0.83896625,0.78176737,0.062511146
LSTM,test_id,B0018_p1,B0018,109,0.76907265,0.83108556,0.7764551,0.06201291
LSTM,test_id,B0018_p1,B0018,110,0.7685843,0.8228686,0.76907265,0.054284275
LSTM,test_id,B0018_p1,B0018,111,0.7604543,0.8189901,0.7685843,0.058535814
LSTM,test_id,B0018_p1,B0018,112,0.7584969,0.81690973,0.7604543,0.05841285
LSTM,test_id,B0018_p1,B0018,113,0.75562334,0.8134352,0.7584969,0.057811856
LSTM,test_id,B0018_p1,B0018,114,0.75343865,0.813302,0.75562334,0.05986333
LSTM,test_id,B0018_p1,B0018,115,0.7546281,0.814486,0.75343865,0.059857905
LSTM,test_id,B0018_p1,B0018,116,0.7480872,0.8077866,0.7546281,0.059699357
LSTM,test_id,B0018_p1,B0018,117,0.7418545,0.80065006,0.7480872,0.05879557
LSTM,test_id,B0018_p1,B0018,118,0.7387389,0.7901747,0.7418545,0.05143583
LSTM,test_id,B0018_p1,B0018,119,0.73180556,0.78662616,0.7387389,0.054820597
LSTM,test_id,B0018_p1,B0018,120,0.7756259,0.78107285,0.73180556,0.0054469705
LSTM,test_id,B0018_p1,B0018,121,0.7645394,0.8212133,0.7756259,0.056673884
LSTM,test_id,B0018_p1,B0018,122,0.7574958,0.81371236,0.7645394,0.056216538
LSTM,test_id,B0018_p1,B0018,123,0.75464666,0.8031516,0.7574958,0.04850495
LSTM,test_id,B0018_p1,B0018,124,0.74482846,0.8029739,0.75464666,0.058145463
LSTM,test_id,B0018_p1,B0018,125,0.7499966,0.79132605,0.74482846,0.041329443
LSTM,test_id,B0018_p1,B0018,126,0.7439972,0.7984076,0.7499966,0.054410398
LSTM,test_id,B0018_p1,B0018,127,0.7407783,0.79148626,0.7439972,0.050707936
LSTM,test_id,B0018_p1,B0018,128,0.74114144,0.8005682,0.7407783,0.059426785
LSTM,test_id,B0018_p1,B0018,129,0.73486805,0.80801,0.74114144,0.07314193
LSTM,test_id,B0018_p1,B0018,130,0.73646206,0.79823565,0.73486805,0.0617736
LSTM,test_id,B0018_p1,B0018,131,0.7289901,0.80230474,0.73646206,0.07331467
LSTM,test_id,B0042_p1,B0042,16,0.96157336,0.96900606,0.9697696,0.007432699
LSTM,test_id,B0042_p1,B0042,17,0.9609058,0.960576,0.96157336,-0.0003297925
LSTM,test_id,B0042_p1,B0042,18,0.95650446,0.96034694,0.9609058,0.003842473
LSTM,test_id,B0042_p1,B0042,19,0.95470464,0.95580506,0.95650446,0.001100421
LSTM,test_id,B0042_p1,B0042,20,0.97284096,0.95440066,0.95470464,-0.018440306
LSTM,test_id,B0042_p1,B0042,21,0.96633387,0.9725457,0.97284096,0.0062118173
LSTM,test_id,B0042_p1,B0042,22,0.9646731,0.966431,0.96633387,0.0017579198
LSTM,test_id,B0042_p1,B0042,23,0.958716,0.9655391,0.9646731,0.0068231225
LSTM,test_id,B0042_p1,B0042,24,0.9518277,0.9606504,0.958716,0.0088226795
LSTM,test_id,B0042_p1,B0042,25,0.94849056,0.9549718,0.9518277,0.0064812303
LSTM,test_id,B0042_p1,B0042,26,0.9495583,0.9529879,0.94849056,0.0034295917
LSTM,test_id,B0042_p1,B0042,27,0.9508369,0.95858634,0.9495583,0.0077494383
LSTM,test_id,B0042_p1,B0042,28,0.943082,0.9555947,0.9508369,0.0125127435
LSTM,test_id,B0042_p1,B0042,29,0.9396023,0.94643503,0.943082,0.006832719
LSTM,test_id,B0042_p1,B0042,30,0.9365803,0.9377265,0.9396023,0.0011461973
LSTM,test_id,B0042_p1,B0042,31,0.93699163,0.9369585,0.9365803,-3.3140182e-05
LSTM,test_id,B0042_p1,B0042,32,0.93424404,0.93467504,0.93699163,0.0004310012
LSTM,test_id,B0042_p1,B0042,33,0.9299685,0.9276191,0.93424404,-0.0023493767
LSTM,test_id,B0042_p1,B0042,34,0.92653275,0.92744553,0.9299685,0.00091278553
LSTM,test_id,B0042_p1,B0042,35,0.92235184,0.91949177,0.92653275,-0.0028600693
LSTM,test_id,B0042_p1,B0042,36,0.9227268,0.9188265,0.92235184,-0.0039002895
LSTM,test_id,B0042_p1,B0042,37,0.9189781,0.93016434,0.9227268,0.011186242
LSTM,test_id,B0042_p1,B0042,38,0.91884816,0.92896503,0.9189781,0.010116875
LSTM,test_id,B0042_p1,B0042,39,0.9141792,0.9324582,0.91884816,0.018279016
LSTM,test_id,B0042_p1,B0042,40,0.9058922,0.9270863,0.9141792,0.0211941
LSTM,test_id,B0043_p1,B0043,16,0.94864297,0.95338035,0.9535306,0.004737377
LSTM,test_id,B0043_p1,B0043,17,0.94428927,0.948622,0.94864297,0.0043327212
LSTM,test_id,B0043_p1,B0043,18,0.93967825,0.9444828,0.94428927,0.0048045516
LSTM,test_id,B0043_p1,B0043,19,0.937005,0.94006014,0.93967825,0.0030551553
LSTM,test_id,B0043_p1,B0043,20,0.9485732,0.9375455,0.937005,-0.011027694
LSTM,test_id,B0043_p1,B0043,21,0.9454751,0.95412934,0.9485732,0.008654237
LSTM,test_id,B0043_p1,B0043,22,0.94011545,0.9581894,0.9454751,0.018073976
LSTM,test_id,B0043_p1,B0043,23,0.93395305,0.9556763,0.94011545,0.02172327
LSTM,test_id,B0043_p1,B0043,24,0.9303274,0.95050406,0.93395305,0.02017665
LSTM,test_id,B0043_p1,B0043,25,0.9267414,0.9494931,0.9303274,0.022751689
LSTM,test_id,B0043_p1,B0043,26,0.92401046,0.9507525,0.9267414,0.026742041
LSTM,test_id,B0043_p1,B0043,27,0.9215206,0.95575446,0.92401046,0.034233868
LSTM,test_id,B0043_p1,B0043,28,0.91730696,0.95431477,0.9215206,0.03700781
LSTM,test_id,B0043_p1,B0043,29,0.9173778,0.94166607,0.91730696,0.024288237
LSTM,test_id,B0043_p1,B0043,30,0.9104634,0.92852837,0.9173778,0.018064976
LSTM,test_id,B0043_p1,B0043,31,0.9067986,0.93149674,0.9104634,0.024698138
LSTM,test_id,B0043_p1,B0043,32,0.9037661,0.94393647,0.9067986,0.04017037
LSTM,test_id,B0043_p1,B0043,33,0.899422,0.94326425,0.9037661,0.043842256
LSTM,test_id,B0043_p1,B0043,34,0.89201474,0.9389041,0.899422,0.046889365
LSTM,test_id,B0043_p1,B0043,35,0.88755214,0.9394742,0.89201474,0.051922083
LSTM,test_id,B0043_p1,B0043,36,0.88767964,0.9479126,0.88755214,0.060232937
LSTM,test_id,B0043_p1,B0043,37,0.88754725,0.95989746,0.88767964,0.072350204
LSTM,test_id,B0043_p1,B0043,38,0.88332456,0.966093,0.88754725,0.08276844
LSTM,test_id,B0043_p1,B0043,39,0.8785111,0.95824975,0.88332456,0.07973868
LSTM,test_id,B0043_p1,B0043,40,0.8739114,0.9463929,0.8785111,0.07248151
LSTM,test_ood,B0029_p1,B0029,10,0.9832192,0.9792744,0.9781473,-0.003944814
LSTM,test_ood,B0029_p1,B0029,11,0.97469985,0.98379356,0.9832192,0.009093702
LSTM,test_ood,B0029_p1,B0029,12,0.96738136,0.9756478,0.97469985,0.008266449
LSTM,test_ood,B0029_p1,B0029,13,0.9661798,0.9683407,0.96738136,0.0021609068
LSTM,test_ood,B0029_p1,B0029,14,0.9578891,0.9668183,0.9661798,0.008929193
LSTM,test_ood,B0029_p1,B0029,15,0.98019224,0.9586881,0.9578891,-0.021504164
LSTM,test_ood,B0029_p1,B0029,16,0.9724403,0.9808536,0.98019224,0.008413315
LSTM,test_ood,B0029_p1,B0029,17,0.9651074,0.97306997,0.9724403,0.0079625845
LSTM,test_ood,B0029_p1,B0029,18,0.9571905,0.9658219,0.9651074,0.008631408
LSTM,test_ood,B0029_p1,B0029,19,0.9534468,0.9580893,0.9571905,0.0046424866
LSTM,test_ood,B0029_p1,B0029,20,0.95713204,0.95426077,0.9534468,-0.002871275
LSTM,test_ood,B0029_p1,B0029,21,0.9486034,0.9586478,0.95713204,0.010044396
LSTM,test_ood,B0029_p1,B0029,22,0.94639736,0.95005465,0.9486034,0.0036572814
LSTM,test_ood,B0029_p1,B0029,23,0.9368149,0.94774806,0.94639736,0.010933161
LSTM,test_ood,B0029_p1,B0029,24,0.9327817,0.9380728,0.9368149,0.0052911043
LSTM,test_ood,B0029_p1,B0029,25,0.94345164,0.9339933,0.9327817,-0.009458363
LSTM,test_ood,B0029_p1,B0029,26,0.9349838,0.94510245,0.94345164,0.010118663
LSTM,test_ood,B0029_p1,B0029,27,0.93070686,0.93747544,0.9349838,0.0067685843
LSTM,test_ood,B0029_p1,B0029,28,0.92800397,0.93216676,0.93070686,0.0041627884
LSTM,test_ood,B0029_p1,B0029,29,0.92435056,0.92918754,0.92800397,0.0048369765
LSTM,test_ood,B0029_p1,B0029,30,0.9218198,0.92540073,0.92435056,0.0035809278
LSTM,test_ood,B0029_p1,B0029,31,0.91906345,0.9234241,0.9218198,0.004360676
LSTM,test_ood,B0029_p1,B0029,32,0.90830576,0.9203391,0.91906345,0.012033343
LSTM,test_ood,B0029_p1,B0029,33,0.90374076,0.9096762,0.90830576,0.0059354305
LSTM,test_ood,B0029_p1,B0029,34,0.9063118,0.9047576,0.90374076,-0.0015541911
LSTM,test_ood,B0029_p1,B0029,35,0.9112198,0.9071764,0.9063118,-0.0040434003
LSTM,test_ood,B0029_p1,B0029,36,0.9065784,0.91231096,0.9112198,0.0057325363
LSTM,test_ood,B0029_p1,B0029,37,0.8963302,0.90775144,0.9065784,0.011421263
LSTM,test_ood,B0029_p1,B0029,38,0.89222234,0.89735705,0.8963302,0.0051347017
LSTM,test_ood,B0029_p1,B0029,39,0.88783115,0.89312726,0.89222234,0.005296111
LSTM,test_ood,B0030_p1,B0030,10,0.98106015,0.9703919,0.96990836,-0.010668218
LSTM,test_ood,B0030_p1,B0030,11,0.97230905,0.9812093,0.98106015,0.008900225
LSTM,test_ood,B0030_p1,B0030,12,0.96443737,0.9724932,0.97230905,0.008055806
LSTM,test_ood,B0030_p1,B0030,13,0.9565342,0.9645371,0.96443737,0.008002877
LSTM,test_ood,B0030_p1,B0030,14,0.95438045,0.95652235,0.9565342,0.002141893
LSTM,test_ood,B0030_p1,B0030,15,0.9837595,0.95438987,0.95438045,-0.029369652
LSTM,test_ood,B0030_p1,B0030,16,0.97571135,0.9847512,0.9837595,0.009039879
LSTM,test_ood,B0030_p1,B0030,17,0.9613226,0.9772086,0.97571135,0.015886009
LSTM,test_ood,B0030_p1,B0030,18,0.95275134,0.96231943,0.9613226,0.009568095
LSTM,test_ood,B0030_p1,B0030,19,0.9488022,0.9534207,0.95275134,0.0046185255
LSTM,test_ood,B0030_p1,B0030,20,0.95259035,0.9500684,0.9488022,-0.0025219321
LSTM,test_ood,B0030_p1,B0030,21,0.9434893,0.9528202,0.95259035,0.009330869
LSTM,test_ood,B0030_p1,B0030,22,0.9410456,0.94373614,0.9434893,0.0026905537
LSTM,test_ood,B0030_p1,B0030,23,0.9309182,0.9413283,0.9410456,0.01041007
LSTM,test_ood,B0030_p1,B0030,24,0.92663085,0.93147904,0.9309182,0.004848182
LSTM,test_ood,B0030_p1,B0030,25,0.94430476,0.9274746,0.92663085,-0.016830146
LSTM,test_ood,B0030_p1,B0030,26,0.9353559,0.9448984,0.94430476,0.009542525
LSTM,test_ood,B0030_p1,B0030,27,0.924129,0.9361528,0.9353559,0.012023807
LSTM,test_ood,B0030_p1,B0030,28,0.9210313,0.9255824,0.924129,0.0045511127
LSTM,test_ood,B0030_p1,B0030,29,0.9171627,0.9223598,0.9210313,0.005197108
LSTM,test_ood,B0030_p1,B0030,30,0.92126966,0.91830224,0.9171627,-0.0029674172
LSTM,test_ood,B0030_p1,B0030,31,0.9112744,0.922377,0.92126966,0.011102617
LSTM,test_ood,B0030_p1,B0030,32,0.9071352,0.9131172,0.9112744,0.0059819818
LSTM,test_ood,B0030_p1,B0030,33,0.9022655,0.90938747,0.9071352,0.00712198
LSTM,test_ood,B0030_p1,B0030,34,0.904586,0.9046437,0.9022655,5.7697296e-05
LSTM,test_ood,B0030_p1,B0030,35,0.90975344,0.90537673,0.904586,-0.0043767095
LSTM,test_ood,B0030_p1,B0030,36,0.9047997,0.9102473,0.90975344,0.005447626
LSTM,test_ood,B0030_p1,B0030,37,0.9012142,0.90452534,0.9047997,0.0033111572
LSTM,test_ood,B0030_p1,B0030,38,0.8966468,0.9014075,0.9012142,0.0047606826
LSTM,test_ood,B0030_p1,B0030,39,0.8921227,0.8965701,0.8966468,0.0044474006
LSTM,test_ood,B0031_p1,B0031,10,0.9895714,0.98559153,0.9845389,-0.0039798617
LSTM,test_ood,B0031_p1,B0031,11,0.9872119,0.9905877,0.9895714,0.0033758283
LSTM,test_ood,B0031_p1,B0031,12,0.9800775,0.987896,0.9872119,0.00781852
LSTM,test_ood,B0031_p1,B0031,13,0.9789777,0.9803061,0.9800775,0.0013284087
LSTM,test_ood,B0031_p1,B0031,14,0.9707952,0.97849685,0.9789777,0.0077016354
LSTM,test_ood,B0031_p1,B0031,15,0.96164805,0.9702855,0.9707952,0.008637428
LSTM,test_ood,B0031_p1,B0031,16,0.9855019,0.9614949,0.96164805,-0.024006963
LSTM,test_ood,B0031_p1,B0031,17,0.9781377,0.9859809,0.9855019,0.007843256
LSTM,test_ood,B0031_p1,B0031,18,0.9768086,0.97876364,0.9781377,0.0019550323
LSTM,test_ood,B0031_p1,B0031,19,0.9666799,0.9770599,0.9768086,0.01038003
LSTM,test_ood,B0031_p1,B0031,20,0.976945,0.96687955,0.9666799,-0.010065436
LSTM,test_ood,B0031_p1,B0031,21,0.96864355,0.97673494,0.976945,0.00809139
LSTM,test_ood,B0031_p1,B0031,22,0.9665702,0.96854293,0.96864355,0.001972735
LSTM,test_ood,B0031_p1,B0031,23,0.9569969,0.96586215,0.9665702,0.008865237
LSTM,test_ood,B0031_p1,B0031,24,0.9533764,0.95631325,0.9569969,0.00293684
LSTM,test_ood,B0031_p1,B0031,25,0.9639699,0.9526243,0.9533764,-0.011345565
LSTM,test_ood,B0031_p1,B0031,26,0.96248126,0.96349794,0.9639699,0.0010166764
LSTM,test_ood,B0031_p1,B0031,27,0.9515222,0.9612319,0.96248126,0.009709716
LSTM,test_ood,B0031_p1,B0031,28,0.9492023,0.95006514,0.9515222,0.00086283684
LSTM,test_ood,B0031_p1,B0031,29,0.9455064,0.94814616,0.9492023,0.0026397705
LSTM,test_ood,B0031_p1,B0031,30,0.9497317,0.94463736,0.9455064,-0.0050943494
LSTM,test_ood,B0031_p1,B0031,31,0.9473015,0.9491794,0.9497317,0.0018779039
LSTM,test_ood,B0031_p1,B0031,32,0.9366348,0.94647306,0.9473015,0.009838283
LSTM,test_ood,B0031_p1,B0031,33,0.9391775,0.9354341,0.9366348,-0.00374341
LSTM,test_ood,B0031_p1,B0031,34,0.9349228,0.937808,0.9391775,0.0028851628
LSTM,test_ood,B0031_p1,B0031,35,0.939742,0.93359214,0.9349228,-0.006149888
LSTM,test_ood,B0031_p1,B0031,36,0.935303,0.9386214,0.939742,0.003318429
LSTM,test_ood,B0031_p1,B0031,37,0.9321246,0.933893,0.935303,0.0017684102
LSTM,test_ood,B0031_p1,B0031,38,0.9282684,0.93105507,0.9321246,0.002786696
LSTM,test_ood,B0031_p1,B0031,39,0.92399853,0.9274593,0.9282684,0.003460765
LSTM,test_ood,B0032_p1,B0032,10,0.97292316,0.96958846,0.96800023,-0.003334701
LSTM,test_ood,B0032_p1,B0032,11,0.96463156,0.97387004,0.97292316,0.0092384815
LSTM,test_ood,B0032_p1,B0032,12,0.95773613,0.9655632,0.96463156,0.0078270435
LSTM,test_ood,B0032_p1,B0032,13,0.95071566,0.95865625,0.95773613,0.00794059
LSTM,test_ood,B0032_p1,B0032,14,0.9488075,0.9571919,0.95071566,0.008384407
LSTM,test_ood,B0032_p1,B0032,15,0.96463746,0.9629481,0.9488075,-0.0016893744
LSTM,test_ood,B0032_p1,B0032,16,0.96320456,0.97658414,0.96463746,0.013379574
LSTM,test_ood,B0032_p1,B0032,17,0.9562217,0.9801129,0.96320456,0.02389121
LSTM,test_ood,B0032_p1,B0032,18,0.94861937,0.9782214,0.9562217,0.02960205
LSTM,test_ood,B0032_p1,B0032,19,0.93878263,0.97244924,0.94861937,0.03366661
LSTM,test_ood,B0032_p1,B0032,20,0.94867885,0.9570178,0.93878263,0.008338928
LSTM,test_ood,B0032_p1,B0032,21,0.94064736,0.9743593,0.94867885,0.03371191
LSTM,test_ood,B0032_p1,B0032,22,0.93214774,0.9589716,0.94064736,0.026823878
LSTM,test_ood,B0032_p1,B0032,23,0.92936206,0.948479,0.93214774,0.019116938
LSTM,test_ood,B0032_p1,B0032,24,0.9193793,0.9470638,0.92936206,0.02768451
LSTM,test_ood,B0032_p1,B0032,25,0.9361016,0.93445253,0.9193793,-0.0016490817
LSTM,test_ood,B0032_p1,B0032,26,0.9215514,0.9652394,0.9361016,0.043688
LSTM,test_ood,B0032_p1,B0032,27,0.9174951,0.9375863,0.9215514,0.020091236
LSTM,test_ood,B0032_p1,B0032,28,0.9086625,0.9361706,0.9174951,0.02750808
LSTM,test_ood,B0032_p1,B0032,29,0.91156113,0.9323458,0.9086625,0.020784676
LSTM,test_ood,B0032_p1,B0032,30,0.91562784,0.9382967,0.91156113,0.022668839
LSTM,test_ood,B0032_p1,B0032,31,0.90669537,0.9479302,0.91562784,0.04123485
LSTM,test_ood,B0032_p1,B0032,32,0.9029505,0.9328052,0.90669537,0.029854655
LSTM,test_ood,B0032_p1,B0032,33,0.8920087,0.9315222,0.9029505,0.03951347
LSTM,test_ood,B0032_p1,B0032,34,0.8944744,0.9214386,0.8920087,0.026964188
LSTM,test_ood,B0032_p1,B0032,35,0.90589076,0.9267117,0.8944744,0.020820916
LSTM,test_ood,B0032_p1,B0032,36,0.89490026,0.9467455,0.90589076,0.051845253
LSTM,test_ood,B0032_p1,B0032,37,0.8916791,0.92740303,0.89490026,0.035723925
LSTM,test_ood,B0032_p1,B0032,38,0.8810613,0.92676127,0.8916791,0.045699954
LSTM,test_ood,B0032_p1,B0032,39,0.876872,0.9127937,0.8810613,0.035921693
LSTM,test_ood,B0042_p2,B0042,97,0.8444038,0.85247505,0.84841186,0.008071244
LSTM,test_ood,B0042_p2,B0042,98,0.83652055,0.84713113,0.8444038,0.01061058
LSTM,test_ood,B0042_p2,B0042,99,0.8332597,0.8357348,0.83652055,0.0024750829
LSTM,test_ood,B0042_p2,B0042,100,0.8268733,0.8361438,0.8332597,0.009270489
LSTM,test_ood,B0042_p2,B0042,101,0.8182754,0.83058167,0.8268733,0.012306273
LSTM,test_ood,B0042_p2,B0042,102,0.81910336,0.8220806,0.8182754,0.002977252
LSTM,test_ood,B0042_p2,B0042,103,0.8097516,0.8238132,0.81910336,0.01406163
LSTM,test_ood,B0042_p2,B0042,104,0.8077394,0.8132685,0.8097516,0.0055291057
LSTM,test_ood,B0042_p2,B0042,105,0.80601215,0.81398183,0.8077394,0.007969677
LSTM,test_ood,B0042_p2,B0042,106,0.7950754,0.8131187,0.80601215,0.01804328
LSTM,test_ood,B0042_p2,B0042,107,0.79575366,0.80235744,0.7950754,0.0066037774
LSTM,test_ood,B0042_p2,B0042,108,0.7910941,0.80314666,0.79575366,0.012052536
LSTM,test_ood,B0042_p2,B0042,109,0.7851291,0.7998506,0.7910941,0.014721513
LSTM,test_ood,B0042_p2,B0042,110,0.7782113,0.8037145,0.7851291,0.025503218
LSTM,test_ood,B0042_p2,B0042,111,0.7738931,0.8099008,0.7782113,0.036007702
LSTM,test_ood,B0043_p2,B0043,97,0.85993755,0.8688931,0.8662328,0.008955538
LSTM,test_ood,B0043_p2,B0043,98,0.8519736,0.8687401,0.85993755,0.016766489
LSTM,test_ood,B0043_p2,B0043,99,0.8443309,0.869674,0.8519736,0.02534312
LSTM,test_ood,B0043_p2,B0043,100,0.8333455,0.8612498,0.8443309,0.027904332
LSTM,test_ood,B0043_p2,B0043,101,0.8244438,0.84513175,0.8333455,0.020687938
LSTM,test_ood,B0043_p2,B0043,102,0.82315665,0.83068264,0.8244438,0.0075259805
LSTM,test_ood,B0043_p2,B0043,103,0.8118834,0.8395845,0.82315665,0.02770114
LSTM,test_ood,B0043_p2,B0043,104,0.8097032,0.8150944,0.8118834,0.00539124
LSTM,test_ood,B0043_p2,B0043,105,0.80345476,0.81747365,0.8097032,0.014018893
LSTM,test_ood,B0043_p2,B0043,106,0.78992933,0.8162985,0.80345476,0.026369154
LSTM,test_ood,B0043_p2,B0043,107,0.7884199,0.8031949,0.78992933,0.014774978
LSTM,test_ood,B0043_p2,B0043,108,0.7816225,0.8246977,0.7884199,0.043075144
LSTM,test_ood,B0043_p2,B0043,109,0.7733174,0.8072466,0.7816225,0.03392923
LSTM,test_ood,B0043_p2,B0043,110,0.76605076,0.8026238,0.7733174,0.036573052
LSTM,test_ood,B0043_p2,B0043,111,0.7593145,0.801611,0.76605076,0.04229653
GRU,train,B0005_p1,B0005,10,0.9941539,0.9954603,0.99415046,0.001306355
GRU,train,B0005_p1,B0005,11,0.9884778,0.99645555,0.9941539,0.007977724
GRU,train,B0005_p1,B0005,12,0.98823273,0.9896956,0.9884778,0.0014628768
GRU,train,B0005_p1,B0005,13,0.9880629,0.98993224,0.98823273,0.0018693209
GRU,train,B0005_p1,B0005,14,0.9821553,0.98998517,0.9880629,0.007829845
GRU,train,B0005_p1,B0005,15,0.98188776,0.982633,0.9821553,0.0007452369
GRU,train,B0005_p1,B0005,16,0.98214525,0.98309225,0.98188776,0.0009469986
GRU,train,B0005_p1,B0005,17,0.98241156,0.98446405,0.98214525,0.002052486
GRU,train,B0005_p1,B0005,18,0.9822532,0.98564816,0.98241156,0.0033949614
GRU,train,B0005_p1,B0005,19,1.0063622,0.9858185,0.9822532,-0.020543694
GRU,train,B0005_p1,B0005,20,1.0065753,1.0073972,1.0063622,0.00082182884
GRU,train,B0005_p1,B0005,21,1.0004512,1.0083647,1.0065753,0.00791347
GRU,train,B0005_p1,B0005,22,0.99478656,1.0006235,1.0004512,0.005836904
GRU,train,B0005_p1,B0005,23,0.9944231,0.9940237,0.99478656,-0.00039941072
GRU,train,B0005_p1,B0005,24,0.994678,0.9945867,0.9944231,-9.1314316e-05
GRU,train,B0005_p1,B0005,25,0.9883847,0.9968219,0.994678,0.008437157
GRU,train,B0005_p1,B0005,26,0.9887869,0.98945576,0.9883847,0.0006688833
GRU,train,B0005_p1,B0005,27,0.9883511,0.9911846,0.9887869,0.0028334856
GRU,train,B0005_p1,B0005,28,0.9822467,0.99169946,0.9883511,0.00945276
GRU,train,B0005_p1,B0005,29,0.9829612,0.9840341,0.9822467,0.0010729432
GRU,train,B0005_p1,B0005,30,1.0089647,0.9856429,0.9829612,-0.023321748
GRU,train,B0005_p1,B0005,31,0.99746895,1.0085146,1.0089647,0.011045694
GRU,train,B0005_p1,B0005,32,0.99158466,0.99467343,0.99746895,0.0030887723
GRU,train,B0005_p1,B0005,33,0.9858113,0.9873095,0.99158466,0.0014982224
GRU,train,B0005_p1,B0005,34,0.9832515,0.98075104,0.9858113,-0.0025004745
GRU,train,B0005_p1,B0005,35,0.9804004,0.97885704,0.9832515,-0.0015433431
GRU,train,B0005_p1,B0005,36,0.974443,0.97658956,0.9804004,0.002146542
GRU,train,B0005_p1,B0005,37,0.9714353,0.9701025,0.974443,-0.0013328195
GRU,train,B0005_p1,B0005,38,0.96604705,0.9680442,0.9714353,0.0019971728
GRU,train,B0005_p1,B0005,39,0.96604925,0.96408045,0.96604705,-0.001968801
GRU,train,B0005_p1,B0005,40,0.9632347,0.96338725,0.96604925,0.00015252829
GRU,train,B0005_p1,B0005,41,0.960207,0.96006924,0.9632347,-0.00013774633
GRU,train,B0005_p1,B0005,42,0.9630959,0.9569477,0.960207,-0.006148219
GRU,train,B0005_p1,B0005,43,0.96039945,0.965363,0.9630959,0.004963577
GRU,train,B0005_p1,B0005,44,0.9544399,0.95954907,0.96039945,0.005109191
GRU,train,B0005_p1,B0005,45,0.94905627,0.9526224,0.9544399,0.003566146
GRU,train,B0005_p1,B0005,46,0.9459188,0.94828945,0.94905627,0.0023706555
GRU,train,B0005_p1,B0005,47,0.97726583,0.9456824,0.9459188,-0.03158343
GRU,train,B0005_p1,B0005,48,0.97158027,0.9713134,0.97726583,-0.00026685
GRU,train,B0005_p1,B0005,49,0.96295804,0.96667385,0.97158027,0.0037158132
GRU,train,B0005_p1,B0005,50,0.9573207,0.9577938,0.96295804,0.00047308207
GRU,train,B0005_p1,B0005,51,0.95179194,0.95246947,0.9573207,0.000677526
GRU,train,B0005_p1,B0005,52,0.94898415,0.94710183,0.95179194,-0.0018823147
GRU,train,B0005_p1,B0005,53,0.9460993,0.94480145,0.94898415,-0.0012978315
GRU,train,B0005_p1,B0005,54,0.9405958,0.9423743,0.9460993,0.0017784834
GRU,train,B0005_p1,B0005,55,0.93486655,0.9361615,0.9405958,0.0012949705
GRU,train,B0005_p1,B0005,56,0.9319934,0.9297582,0.93486655,-0.0022352338
GRU,train,B0005_p1,B0005,57,0.9295313,0.92689955,0.9319934,-0.0026317239
GRU,train,B0005_p1,B0005,58,0.9264237,0.9250496,0.9295313,-0.0013741255
GRU,train,B0005_p1,B0005,59,0.92330104,0.9222706,0.9264237,-0.0010304451
GRU,train,B0005_p1,B0005,60,0.91802853,0.919045,0.92330104,0.001016438
GRU,train,B0005_p1,B0005,61,0.91234636,0.9138051,0.91802853,0.0014587641
GRU,train,B0005_p1,B0005,62,0.91239816,0.9078189,0.91234636,-0.004579246
GRU,train,B0005_p1,B0005,63,0.9064849,0.90852034,0.91239816,0.002035439
GRU,train,B0005_p1,B0005,64,0.90392274,0.9020661,0.9064849,-0.0018566251
GRU,train,B0005_p1,B0005,65,0.90111136,0.9003172,0.90392274,-0.0007941723
GRU,train,B0005_p1,B0005,66,0.89500886,0.8977994,0.90111136,0.0027905107
GRU,train,B0005_p1,B0005,67,0.89239573,0.89141804,0.89500886,-0.000977695
GRU,train,B0005_p1,B0005,68,0.88960457,0.8887152,0.89239573,-0.0008893609
GRU,train,B0005_p1,B0005,69,0.88689005,0.8859221,0.88960457,-0.00096797943
GRU,train,B0005_p1,B0005,70,0.88382393,0.8833578,0.88689005,-0.00046610832
GRU,train,B0005_p1,B0005,71,0.8779396,0.88007337,0.88382393,0.0021337867
GRU,train,B0005_p1,B0005,72,0.8753447,0.87398577,0.8779396,-0.0013589263
GRU,train,B0005_p1,B0005,73,0.87259376,0.8713807,0.8753447,-0.0012130737
GRU,train,B0005_p1,B0005,74,0.86652136,0.8686035,0.87259376,0.002082169
GRU,train,B0005_p1,B0005,75,0.8640258,0.8624895,0.86652136,-0.0015362501
GRU,train,B0005_p1,B0005,76,0.86356485,0.85999924,0.8640258,-0.0035656095
GRU,train,B0005_p1,B0005,77,0.86933124,0.85971403,0.86356485,-0.009617209
GRU,train,B0005_p1,B0005,78,0.85800034,0.8662623,0.86933124,0.008261979
GRU,train,B0005_p1,B0005,79,0.8526454,0.8547554,0.85800034,0.0021100044
GRU,train,B0005_p1,B0005,80,0.84984696,0.85112834,0.8526454,0.0012813807
GRU,train,B0005_p1,B0005,81,0.84969205,0.8484978,0.84984696,-0.0011942387
GRU,train,B0005_p1,B0005,82,0.84708095,0.8458082,0.84969205,-0.001272738
GRU,train,B0005_p1,B0005,83,0.8439125,0.8429621,0.84708095,-0.00095039606
GRU,train,B0005_p1,B0005,84,0.8381166,0.8393857,0.8439125,0.0012691021
GRU,train,B0005_p1,B0005,85,0.8324924,0.8334055,0.8381166,0.00091308355
GRU,train,B0005_p1,B0005,86,0.8328253,0.82808375,0.8324924,-0.0047415495
GRU,train,B0005_p1,B0005,87,0.8296227,0.82777476,0.8328253,-0.0018479228
GRU,train,B0005_p1,B0005,88,0.8268105,0.8249007,0.8296227,-0.0019097924
GRU,train,B0005_p1,B0005,89,0.87493914,0.8248771,0.8268105,-0.05006206
GRU,train,B0005_p1,B0005,90,0.8520717,0.83766025,0.87493914,-0.014411449
GRU,train,B0005_p1,B0005,91,0.8434861,0.8368946,0.8520717,-0.006591499
GRU,train,B0005_p1,B0005,92,0.83492315,0.837289,0.8434861,0.0023658276
GRU,train,B0005_p1,B0005,93,0.83196855,0.8322043,0.83492315,0.00023573637
GRU,train,B0005_p1,B0005,94,0.82652247,0.82864714,0.83196855,0.0021246672
GRU,train,B0005_p1,B0005,95,0.82376564,0.8225893,0.82652247,-0.0011763573
GRU,train,B0005_p1,B0005,96,0.82085955,0.8194277,0.82376564,-0.0014318228
GRU,train,B0005_p1,B0005,97,0.8181252,0.8164723,0.82085955,-0.0016528964
GRU,train,B0005_p1,B0005,98,0.81229466,0.81311125,0.8181252,0.00081658363
GRU,train,B0005_p1,B0005,99,0.8095835,0.8127907,0.81229466,0.0032072067
GRU,train,B0005_p1,B0005,100,0.8066115,0.81241435,0.8095835,0.00580287
GRU,train,B0005_p1,B0005,101,0.80377597,0.8099889,0.8066115,0.0062129498
GRU,train,B0005_p1,B0005,102,0.8096027,0.8072323,0.80377597,-0.0023703575
GRU,train,B0005_p1,B0005,103,0.8151538,0.8072849,0.8096027,-0.007868886
GRU,train,B0005_p1,B0005,104,0.80682224,0.80547017,0.8151538,-0.0013520718
GRU,train,B0005_p1,B0005,105,0.80080366,0.7985322,0.80682224,-0.0022714734
GRU,train,B0005_p1,B0005,106,0.792166,0.7967093,0.80080366,0.0045433044
GRU,train,B0005_p1,B0005,107,0.79229945,0.79375106,0.792166,0.0014516115
GRU,train,B0005_p1,B0005,108,0.7927776,0.79839194,0.79229945,0.0056143403
GRU,train,B0005_p1,B0005,109,0.78951854,0.7906468,0.7927776,0.0011282563
GRU,train,B0005_p1,B0005,110,0.7838677,0.7830147,0.78951854,-0.0008530021
GRU,train,B0005_p1,B0005,111,0.7810205,0.7851268,0.7838677,0.004106283
GRU,train,B0005_p1,B0005,112,0.7809936,0.78486645,0.7810205,0.0038728714
GRU,train,B0005_p1,B0005,113,0.7780889,0.7789406,0.7809936,0.00085169077
GRU,train,B0005_p1,B0005,114,0.7752859,0.7736119,0.7780889,-0.0016739964
GRU,train,B0005_p1,B0005,115,0.7722939,0.7719297,0.7752859,-0.00036424398
GRU,train,B0005_p1,B0005,116,0.76955885,0.7700935,0.7722939,0.00053465366
GRU,train,B0005_p1,B0005,117,0.76965123,0.76876205,0.76955885,-0.0008891821
GRU,train,B0005_p1,B0005,118,0.7669376,0.7607469,0.76965123,-0.006190717
GRU,train,B0005_p1,B0005,119,0.78099144,0.75699216,0.7669376,-0.023999274
GRU,train,B0005_p1,B0005,120,0.7836411,0.7842596,0.78099144,0.0006185174
GRU,train,B0005_p1,B0005,121,0.77225345,0.7679127,0.7836411,-0.004340768
GRU,train,B0005_p1,B0005,122,0.7666016,0.7675479,0.77225345,0.00094628334
GRU,train,B0005_p1,B0005,123,0.7634535,0.76795965,0.7666016,0.0045061707
GRU,train,B0005_p1,B0005,124,0.76100004,0.7651678,0.7634535,0.0041677356
GRU,train,B0005_p1,B0005,125,0.7580491,0.7630984,0.76100004,0.005049348
GRU,train,B0005_p1,B0005,126,0.75529426,0.76146626,0.7580491,0.0061720014
GRU,train,B0005_p1,B0005,127,0.75213844,0.7589455,0.75529426,0.006807089
GRU,train,B0005_p1,B0005,128,0.74930507,0.75803125,0.75213844,0.00872618
GRU,train,B0005_p1,B0005,129,0.74673134,0.7568318,0.74930507,0.010100484
GRU,train,B0005_p1,B0005,130,0.7467291,0.7534757,0.74673134,0.0067466497
GRU,train,B0005_p1,B0005,131,0.74358356,0.7457464,0.7467291,0.0021628141
GRU,train,B0005_p1,B0005,132,0.7493898,0.74375415,0.74358356,-0.005635679
GRU,train,B0005_p1,B0005,133,0.7552304,0.77034086,0.7493898,0.015110433
GRU,train,B0005_p1,B0005,134,0.74637026,0.74479246,0.7552304,-0.0015777946
GRU,train,B0005_p1,B0005,135,0.7436093,0.7415406,0.74637026,-0.0020686984
GRU,train,B0005_p1,B0005,136,0.73790973,0.73240405,0.7436093,-0.005505681
GRU,train,B0005_p1,B0005,137,0.7380839,0.7392253,0.73790973,0.001141429
GRU,train,B0005_p1,B0005,138,0.7381178,0.7344846,0.7380839,-0.0036332011
GRU,train,B0005_p1,B0005,139,0.7351816,0.72985035,0.7381178,-0.005331278
GRU,train,B0005_p1,B0005,140,0.7323888,0.7260648,0.7351816,-0.006323993
GRU,train,B0005_p1,B0005,141,0.72955674,0.72491574,0.7323888,-0.0046409965
GRU,train,B0005_p1,B0005,142,0.72951484,0.7260925,0.72955674,-0.00342232
GRU,train,B0005_p1,B0005,143,0.7268408,0.72976243,0.72951484,0.0029216409
GRU,train,B0005_p1,B0005,144,0.72391915,0.7290047,0.7268408,0.005085528
GRU,train,B0005_p1,B0005,145,0.7209369,0.72674006,0.72391915,0.005803168
GRU,train,B0005_p1,B0005,146,0.71821165,0.72476643,0.7209369,0.0065547824
GRU,train,B0005_p1,B0005,147,0.7183736,0.7202668,0.71821165,0.0018932223
GRU,train,B0005_p1,B0005,148,0.7182791,0.7246788,0.7183736,0.006399691
GRU,train,B0005_p1,B0005,149,0.7213191,0.723155,0.7182791,0.0018359423
GRU,train,B0005_p1,B0005,150,0.7410697,0.75838834,0.7213191,0.017318666
GRU,train,B0005_p1,B0005,151,0.7298506,0.740075,0.7410697,0.010224402
GRU,train,B0005_p1,B0005,152,0.7241285,0.73356885,0.7298506,0.009440362
GRU,train,B0005_p1,B0005,153,0.7212111,0.73040164,0.7241285,0.009190559
GRU,train,B0005_p1,B0005,154,0.71846485,0.7262027,0.7212111,0.007737875
GRU,train,B0005_p1,B0005,155,0.7156541,0.7242709,0.71846485,0.008616805
GRU,train,B0005_p1,B0005,156,0.7155053,0.72336227,0.7156541,0.007856965
GRU,train,B0005_p1,B0005,157,0.71255976,0.7189027,0.7155053,0.0063429475
GRU,train,B0005_p1,B0005,158,0.7099646,0.7183977,0.71255976,0.008433104
GRU,train,B0005_p1,B0005,159,0.71014136,0.7184899,0.7099646,0.008348525
GRU,train,B0005_p1,B0005,160,0.71017003,0.71665794,0.71014136,0.006487906
GRU,train,B0005_p1,B0005,161,0.70716083,0.7143305,0.71017003,0.007169664
GRU,train,B0005_p1,B0005,162,0.7072624,0.7135684,0.70716083,0.0063059926
GRU,train,B0005_p1,B0005,163,0.7047507,0.71056527,0.7072624,0.0058145523
GRU,train,B0005_p1,B0005,164,0.70177567,0.707727,0.7047507,0.005951345
GRU,train,B0005_p1,B0005,165,0.7014755,0.7076315,0.70177567,0.0061560273
GRU,train,B0005_p1,B0005,166,0.7132242,0.7071082,0.7014755,-0.006115973
GRU,train,B0005_p1,B0005,167,0.7219767,0.73317105,0.7132242,0.011194348
GRU,train,B0006_p1,B0006,10,0.9663605,0.9767038,0.97213787,0.010343313
GRU,train,B0006_p1,B0006,11,0.96097213,0.9685643,0.9663605,0.0075921416
GRU,train,B0006_p1,B0006,12,0.9552748,0.96196264,0.96097213,0.00668782
GRU,train,B0006_p1,B0006,13,0.9496175,0.9548952,0.9552748,0.0052776933
GRU,train,B0006_p1,B0006,14,0.9442417,0.9503063,0.9496175,0.006064594
GRU,train,B0006_p1,B0006,15,0.9383471,0.9464191,0.9442417,0.008072019
GRU,train,B0006_p1,B0006,16,0.93292296,0.9391234,0.9383471,0.006200433
GRU,train,B0006_p1,B0006,17,0.9276041,0.9317477,0.93292296,0.0041435957
GRU,train,B0006_p1,B0006,18,0.9276138,0.92622435,0.9276041,-0.0013894439
GRU,train,B0006_p1,B0006,19,0.98326164,0.92615527,0.9276138,-0.057106376
GRU,train,B0006_p1,B0006,20,0.97229636,0.98292357,0.98326164,0.01062721
GRU,train,B0006_p1,B0006,21,0.96646774,0.9716056,0.97229636,0.005137861
GRU,train,B0006_p1,B0006,22,0.9557547,0.96644545,0.96646774,0.010690749
GRU,train,B0006_p1,B0006,23,0.9665503,0.95484346,0.9557547,-0.011706829
GRU,train,B0006_p1,B0006,24,0.94441116,0.967218,0.9665503,0.022806823
GRU,train,B0006_p1,B0006,25,0.93311954,0.9461229,0.94441116,0.013003349
GRU,train,B0006_p1,B0006,26,0.9279698,0.9351127,0.93311954,0.0071429014
GRU,train,B0006_p1,B0006,27,0.92186964,0.9288981,0.9279698,0.0070284605
GRU,train,B0006_p1,B0006,28,0.9164931,0.92258996,0.92186964,0.00609684
GRU,train,B0006_p1,B0006,29,0.9224679,0.9168393,0.9164931,-0.005628586
GRU,train,B0006_p1,B0006,30,0.9560179,0.9257028,0.9224679,-0.030315101
GRU,train,B0006_p1,B0006,31,0.9348866,0.95564866,0.9560179,0.020762086
GRU,train,B0006_p1,B0006,32,0.92149824,0.93219197,0.9348866,0.010693729
GRU,train,B0006_p1,B0006,33,0.9135384,0.9180649,0.92149824,0.004526496
GRU,train,B0006_p1,B0006,34,0.9032513,0.9097906,0.9135384,0.006539285
GRU,train,B0006_p1,B0006,35,0.90073675,0.8988496,0.9032513,-0.0018871427
GRU,train,B0006_p1,B0006,36,0.89260334,0.8969568,0.90073675,0.0043534636
GRU,train,B0006_p1,B0006,37,0.88460803,0.88846844,0.89260334,0.003860414
GRU,train,B0006_p1,B0006,38,0.8796453,0.87979203,0.88460803,0.00014674664
GRU,train,B0006_p1,B0006,39,0.87440926,0.87437403,0.8796453,-3.5226345e-05
GRU,train,B0006_p1,B0006,40,0.86935306,0.8695573,0.87440926,0.00020426512
GRU,train,B0006_p1,B0006,41,0.86398935,0.8654839,0.86935306,0.0014945269
GRU,train,B0006_p1,B0006,42,0.8715311,0.860713,0.86398935,-0.010818124
GRU,train,B0006_p1,B0006,43,0.8771251,0.87044823,0.8715311,-0.0066768527
GRU,train,B0006_p1,B0006,44,0.86115634,0.87548625,0.8771251,0.01432991
GRU,train,B0006_p1,B0006,45,0.8509926,0.85832846,0.86115634,0.0073358417
GRU,train,B0006_p1,B0006,46,0.84556973,0.849714,0.8509926,0.0041442513
GRU,train,B0006_p1,B0006,47,0.90582407,0.84536123,0.84556973,-0.060462832
GRU,train,B0006_p1,B0006,48,0.8980801,0.89228946,0.90582407,-0.005790651
GRU,train,B0006_p1,B0006,49,0.8820036,0.8879772,0.8980801,0.0059735775
GRU,train,B0006_p1,B0006,50,0.8665962,0.8777618,0.8820036,0.011165559
GRU,train,B0006_p1,B0006,51,0.85888064,0.8614465,0.8665962,0.0025658607
GRU,train,B0006_p1,B0006,52,0.84840125,0.8538727,0.85888064,0.005471468
GRU,train,B0006_p1,B0006,53,0.84317946,0.84387815,0.84840125,0.00069868565
GRU,train,B0006_p1,B0006,54,0.8354649,0.8393384,0.84317946,0.003873527
GRU,train,B0006_p1,B0006,55,0.8302066,0.8318163,0.8354649,0.0016097426
GRU,train,B0006_p1,B0006,56,0.8248832,0.8270715,0.8302066,0.0021882653
GRU,train,B0006_p1,B0006,57,0.8200961,0.82185245,0.8248832,0.0017563701
GRU,train,B0006_p1,B0006,58,0.8146394,0.8168582,0.8200961,0.002218783
GRU,train,B0006_p1,B0006,59,0.8092081,0.811157,0.8146394,0.0019488931
GRU,train,B0006_p1,B0006,60,0.7991003,0.8054707,0.8092081,0.006370425
GRU,train,B0006_p1,B0006,61,0.7964553,0.79459953,0.7991003,-0.0018557906
GRU,train,B0006_p1,B0006,62,0.79419374,0.7913484,0.7964553,-0.002845347
GRU,train,B0006_p1,B0006,63,0.7885593,0.7913659,0.79419374,0.002806604
GRU,train,B0006_p1,B0006,64,0.7862471,0.7816557,0.7885593,-0.004591346
GRU,train,B0006_p1,B0006,65,0.7783823,0.7809551,0.7862471,0.002572775
GRU,train,B0006_p1,B0006,66,0.77550495,0.77218866,0.7783823,-0.0033162832
GRU,train,B0006_p1,B0006,67,0.7704519,0.7695748,0.77550495,-0.00087708235
GRU,train,B0006_p1,B0006,68,0.76523817,0.7638497,0.7704519,-0.0013884902
GRU,train,B0006_p1,B0006,69,0.75760883,0.7611141,0.76523817,0.0035052896
GRU,train,B0006_p1,B0006,70,0.7600144,0.75420773,0.75760883,-0.0058066845
GRU,train,B0006_p1,B0006,71,0.75728244,0.7551028,0.7600144,-0.0021796227
GRU,train,B0006_p1,B0006,72,0.7522622,0.7540913,0.75728244,0.0018291473
GRU,train,B0006_p1,B0006,73,0.74970037,0.7486639,0.7522622,-0.0010364652
GRU,train,B0006_p1,B0006,74,0.7470212,0.7467898,0.74970037,-0.00023138523
GRU,train,B0006_p1,B0006,75,0.74181724,0.745314,0.7470212,0.003496766
GRU,train,B0006_p1,B0006,76,0.7388928,0.74010915,0.74181724,0.001216352
GRU,train,B0006_p1,B0006,77,0.76007926,0.74012655,0.7388928,-0.019952714
GRU,train,B0006_p1,B0006,78,0.7470602,0.7580562,0.76007926,0.010996044
GRU,train,B0006_p1,B0006,79,0.73945254,0.7529283,0.7470602,0.013475776
GRU,train,B0006_p1,B0006,80,0.73424655,0.7442847,0.73945254,0.010038137
GRU,train,B0006_p1,B0006,81,0.734337,0.7405326,0.73424655,0.006195605
GRU,train,B0006_p1,B0006,82,0.7317318,0.7447486,0.734337,0.01301682
GRU,train,B0006_p1,B0006,83,0.72890145,0.74764943,0.7317318,0.018747985
GRU,train,B0006_p1,B0006,84,0.7210104,0.733235,0.72890145,0.012224615
GRU,train,B0006_p1,B0006,85,0.72115666,0.72071517,0.7210104,-0.0004414916
GRU,train,B0006_p1,B0006,86,0.7187848,0.7201845,0.72115666,0.0013996959
GRU,train,B0006_p1,B0006,87,0.7186385,0.72643214,0.7187848,0.007793665
GRU,train,B0006_p1,B0006,88,0.7160658,0.7249692,0.7186385,0.008903384
GRU,train,B0006_p1,B0006,89,0.7915193,0.72933203,0.7160658,-0.062187254
GRU,train,B0006_p1,B0006,90,0.76807725,0.7541853,0.7915193,-0.013891935
GRU,train,B0006_p1,B0006,91,0.75233984,0.73334914,0.76807725,-0.018990695
GRU,train,B0006_p1,B0006,92,0.74452835,0.7369816,0.75233984,-0.0075467825
GRU,train,B0006_p1,B0006,93,0.7366471,0.73882186,0.74452835,0.002174735
GRU,train,B0006_p1,B0006,94,0.7316084,0.7480897,0.7366471,0.01648128
GRU,train,B0006_p1,B0006,95,0.72653913,0.74301463,0.7316084,0.016475499
GRU,train,B0006_p1,B0006,96,0.7211133,0.7381915,0.72653913,0.017078161
GRU,train,B0006_p1,B0006,97,0.7186451,0.7266114,0.7211133,0.00796628
GRU,train,B0006_p1,B0006,98,0.7159199,0.719574,0.7186451,0.0036540627
GRU,train,B0006_p1,B0006,99,0.7108687,0.72019655,0.7159199,0.009327829
GRU,train,B0006_p1,B0006,100,0.7082929,0.7089306,0.7108687,0.0006377101
GRU,train,B0006_p1,B0006,101,0.7055427,0.70033354,0.7082929,-0.005209148
GRU,train,B0006_p1,B0006,102,0.7056484,0.70654887,0.7055427,0.00090044737
GRU,train,B0006_p1,B0006,103,0.7213216,0.7052736,0.7056484,-0.016047955
GRU,train,B0006_p1,B0006,104,0.71104103,0.71886504,0.7213216,0.007824004
GRU,train,B0006_p1,B0006,105,0.70282483,0.7124501,0.71104103,0.009625256
GRU,train,B0006_p1,B0006,106,0.7002,0.6954099,0.70282483,-0.0047901273
GRU,train,B0006_p1,B0006,107,0.69780904,0.692623,0.7002,-0.0051860213
GRU,train,B0006_p1,B0006,108,0.6929648,0.69265926,0.69780904,-0.0003055334
GRU,train,B0006_p1,B0006,109,0.6926519,0.6976821,0.6929648,0.005030155
GRU,train,B0006_p1,B0006,110,0.69006056,0.6956719,0.6926519,0.00561136
GRU,train,B0006_p1,B0006,111,0.6873391,0.6813932,0.69006056,-0.005945921
GRU,train,B0006_p1,B0006,112,0.6822944,0.6725593,0.6873391,-0.009735107
GRU,train,B0006_p1,B0006,113,0.6847404,0.6723798,0.6822944,-0.012360632
GRU,train,B0006_p1,B0006,114,0.6823335,0.6735696,0.6847404,-0.008763909
GRU,train,B0006_p1,B0006,115,0.6796007,0.6672812,0.6823335,-0.012319505
GRU,train,B0006_p1,B0006,116,0.6771393,0.6613222,0.6796007,-0.015817106
GRU,train,B0006_p1,B0006,117,0.67455363,0.65492594,0.6771393,-0.01962769
GRU,train,B0006_p1,B0006,118,0.67215586,0.6625026,0.67455363,-0.00965327
GRU,train,B0006_p1,B0006,119,0.68749934,0.67098224,0.67215586,-0.016517103
GRU,train,B0006_p1,B0006,120,0.697923,0.70292807,0.68749934,0.0050050616
GRU,train,B0006_p1,B0006,121,0.6847966,0.6818945,0.697923,-0.0029020905
GRU,train,B0006_p1,B0006,122,0.67960453,0.6739095,0.6847966,-0.005695045
GRU,train,B0006_p1,B0006,123,0.6741655,0.66307515,0.67960453,-0.011090338
GRU,train,B0006_p1,B0006,124,0.6717706,0.6548191,0.6741655,-0.016951501
GRU,train,B0006_p1,B0006,125,0.66924566,0.65078306,0.6717706,-0.018462598
GRU,train,B0006_p1,B0006,126,0.6640789,0.64827967,0.66924566,-0.015799224
GRU,train,B0006_p1,B0006,127,0.66121185,0.64751047,0.6640789,-0.013701379
GRU,train,B0006_p1,B0006,128,0.65857697,0.6444076,0.66121185,-0.014169395
GRU,train,B0006_p1,B0006,129,0.6564156,0.647049,0.65857697,-0.009366572
GRU,train,B0006_p1,B0006,130,0.65623987,0.65000975,0.6564156,-0.006230116
GRU,train,B0006_p1,B0006,131,0.6534701,0.6447963,0.65623987,-0.008673787
GRU,train,B0006_p1,B0006,132,0.6560797,0.64289707,0.6534701,-0.01318264
GRU,train,B0006_p1,B0006,133,0.66925704,0.6722093,0.6560797,0.0029522777
GRU,train,B0006_p1,B0006,134,0.6586179,0.65397865,0.66925704,-0.004639268
GRU,train,B0006_p1,B0006,135,0.65072346,0.66369134,0.6586179,0.012967885
GRU,train,B0006_p1,B0006,136,0.6482884,0.64861125,0.65072346,0.00032281876
GRU,train,B0006_p1,B0006,137,0.64589936,0.65515476,0.6482884,0.009255409
GRU,train,B0006_p1,B0006,138,0.64581466,0.63540643,0.64589936,-0.010408223
GRU,train,B0006_p1,B0006,139,0.64048564,0.633667,0.64581466,-0.006818652
GRU,train,B0006_p1,B0006,140,0.6353928,0.6282699,0.64048564,-0.0071228743
GRU,train,B0006_p1,B0006,141,0.6353703,0.6211879,0.6353928,-0.014182389
GRU,train,B0006_p1,B0006,142,0.6328019,0.6256112,0.6353703,-0.0071907043
GRU,train,B0006_p1,B0006,143,0.6328469,0.6208221,0.6328019,-0.01202482
GRU,train,B0006_p1,B0006,144,0.6276995,0.6193555,0.6328469,-0.008343995
GRU,train,B0006_p1,B0006,145,0.6249048,0.6151543,0.6276995,-0.009750485
GRU,train,B0006_p1,B0006,146,0.62248224,0.6132509,0.6249048,-0.009231329
GRU,train,B0006_p1,B0006,147,0.62246805,0.6057076,0.62248224,-0.016760468
GRU,train,B0006_p1,B0006,148,0.61991316,0.61056566,0.62246805,-0.009347498
GRU,train,B0006_p1,B0006,149,0.62256944,0.60869026,0.61991316,-0.01387918
GRU,train,B0006_p1,B0006,150,0.64063376,0.61866134,0.62256944,-0.021972418
GRU,train,B0006_p1,B0006,151,0.6275884,0.62019235,0.64063376,-0.0073960423
GRU,train,B0006_p1,B0006,152,0.61985785,0.6119359,0.6275884,-0.007921934
GRU,train,B0006_p1,B0006,153,0.6119824,0.604891,0.61985785,-0.007091403
GRU,train,B0006_p1,B0006,154,0.6094957,0.60398793,0.6119824,-0.005507767
GRU,train,B0006_p1,B0006,155,0.6068265,0.6039113,0.6094957,-0.0029152036
GRU,train,B0006_p1,B0006,156,0.6015431,0.5964081,0.6068265,-0.0051349998
GRU,train,B0006_p1,B0006,157,0.59881794,0.5965635,0.6015431,-0.0022544265
GRU,train,B0006_p1,B0006,158,0.5964724,0.5954497,0.59881794,-0.0010226965
GRU,train,B0006_p1,B0006,159,0.5913549,0.5947825,0.5964724,0.003427565
GRU,train,B0006_p1,B0006,160,0.5886672,0.59168047,0.5913549,0.0030132532
GRU,train,B0006_p1,B0006,161,0.5859312,0.58823377,0.5886672,0.002302587
GRU,train,B0006_p1,B0006,162,0.58341026,0.5851673,0.5859312,0.0017570257
GRU,train,B0006_p1,B0006,163,0.57309055,0.5849274,0.58341026,0.011836827
GRU,train,B0006_p1,B0006,164,0.57834685,0.5861453,0.57309055,0.0077984333
GRU,train,B0006_p1,B0006,165,0.57556367,0.5838257,0.57834685,0.008262038
GRU,train,B0006_p1,B0006,166,0.5835988,0.5812836,0.57556367,-0.0023151636
GRU,train,B0006_p1,B0006,167,0.58891356,0.5928104,0.5835988,0.0038968325
GRU,validation,B0007_p1,B0007,10,0.9943539,0.9965384,0.99435824,0.0021845102
GRU,validation,B0007_p1,B0007,11,0.988828,0.9970957,0.9943539,0.008267701
GRU,validation,B0007_p1,B0007,12,0.98852104,0.9896199,0.988828,0.0010988712
GRU,validation,B0007_p1,B0007,13,0.9884859,0.9881782,0.98852104,-0.00030767918
GRU,validation,B0007_p1,B0007,14,0.988674,0.98740005,0.9884859,-0.0012739301
GRU,validation,B0007_p1,B0007,15,0.98834074,0.98653895,0.988674,-0.0018017888
GRU,validation,B0007_p1,B0007,16,0.9825352,0.9861095,0.98834074,0.0035743117
GRU,validation,B0007_p1,B0007,17,0.98291165,0.98066324,0.9825352,-0.0022484064
GRU,validation,B0007_p1,B0007,18,0.98283386,0.9797865,0.98291165,-0.003047347
GRU,validation,B0007_p1,B0007,19,1.0000627,0.9806424,0.98283386,-0.019420326
GRU,validation,B0007_p1,B0007,20,1.0004305,1.0011826,1.0000627,0.0007520914
GRU,validation,B0007_p1,B0007,21,1.0002301,1.0025256,1.0004305,0.002295494
GRU,validation,B0007_p1,B0007,22,0.99486685,1.0000728,1.0002301,0.005205989
GRU,validation,B0007_p1,B0007,23,0.99443644,0.99539953,0.99486685,0.00096309185
GRU,validation,B0007_p1,B0007,24,0.99468744,0.9947129,0.99443644,2.5451183e-05
GRU,validation,B0007_p1,B0007,25,0.988807,0.9910622,0.99468744,0.0022552013
GRU,validation,B0007_p1,B0007,26,0.98903114,0.98527557,0.988807,-0.0037555695
GRU,validation,B0007_p1,B0007,27,0.98856926,0.98375005,0.98903114,-0.0048192143
GRU,validation,B0007_p1,B0007,28,0.9827067,0.9839502,0.98856926,0.0012434721
GRU,validation,B0007_p1,B0007,29,0.98327136,0.97949964,0.9827067,-0.0037717223
GRU,validation,B0007_p1,B0007,30,1.0014915,0.97828364,0.98327136,-0.023207903
GRU,validation,B0007_p1,B0007,31,0.99051315,0.9916186,1.0014915,0.0011054277
GRU,validation,B0007_p1,B0007,32,0.9848045,0.9783634,0.99051315,-0.0064411163
GRU,validation,B0007_p1,B0007,33,0.9820743,0.9736185,0.9848045,-0.008455813
GRU,validation,B0007_p1,B0007,34,0.97669214,0.97170055,0.9820743,-0.004991591
GRU,validation,B0007_p1,B0007,35,0.97686946,0.966627,0.97669214,-0.010242462
GRU,validation,B0007_p1,B0007,36,0.97395045,0.9662344,0.97686946,-0.0077160597
GRU,validation,B0007_p1,B0007,37,0.9683539,0.96141493,0.97395045,-0.006938994
GRU,validation,B0007_p1,B0007,38,0.9658862,0.95629597,0.9683539,-0.0095902085
GRU,validation,B0007_p1,B0007,39,0.96316135,0.9552808,0.9658862,-0.0078805685
GRU,validation,B0007_p1,B0007,40,0.9632805,0.9534098,0.96316135,-0.009870708
GRU,validation,B0007_p1,B0007,41,0.960329,0.9526017,0.9632805,-0.007727325
GRU,validation,B0007_p1,B0007,42,0.96413046,0.94834363,0.960329,-0.015786827
GRU,validation,B0007_p1,B0007,43,0.9604403,0.9557708,0.96413046,-0.0046694875
GRU,validation,B0007_p1,B0007,44,0.9548927,0.94956475,0.9604403,-0.00532794
GRU,validation,B0007_p1,B0007,45,0.9496043,0.9441526,0.9548927,-0.005451679
GRU,validation,B0007_p1,B0007,46,0.9466487,0.94054604,0.9496043,-0.006102681
GRU,validation,B0007_p1,B0007,47,0.9651256,0.9391301,0.9466487,-0.025995493
GRU,validation,B0007_p1,B0007,48,0.9654589,0.9516889,0.9651256,-0.013770044
GRU,validation,B0007_p1,B0007,49,0.9572388,0.95366806,0.9654589,-0.0035707355
GRU,validation,B0007_p1,B0007,50,0.9520302,0.9487719,0.9572388,-0.003258288
GRU,validation,B0007_p1,B0007,51,0.9466573,0.9427064,0.9520302,-0.003950894
GRU,validation,B0007_p1,B0007,52,0.94399107,0.9373447,0.9466573,-0.0066463947
GRU,validation,B0007_p1,B0007,53,0.9412975,0.93437445,0.94399107,-0.00692302
GRU,validation,B0007_p1,B0007,54,0.93588346,0.9301769,0.9412975,-0.0057065487
GRU,validation,B0007_p1,B0007,55,0.9303357,0.92524517,0.93588346,-0.0050905347
GRU,validation,B0007_p1,B0007,56,0.930337,0.91820574,0.9303357,-0.012131274
GRU,validation,B0007_p1,B0007,57,0.9278797,0.9171399,0.930337,-0.010739803
GRU,validation,B0007_p1,B0007,58,0.9250174,0.9136617,0.9278797,-0.011355698
GRU,validation,B0007_p1,B0007,59,0.9191251,0.91047055,0.9250174,-0.008654535
GRU,validation,B0007_p1,B0007,60,0.91664517,0.9041669,0.9191251,-0.012478292
GRU,validation,B0007_p1,B0007,61,0.9113696,0.90225416,0.91664517,-0.009115458
GRU,validation,B0007_p1,B0007,62,0.91136503,0.8971385,0.9113696,-0.014226556
GRU,validation,B0007_p1,B0007,63,0.9058786,0.89853853,0.91136503,-0.0073400736
GRU,validation,B0007_p1,B0007,64,0.9060709,0.8919793,0.9058786,-0.014091611
GRU,validation,B0007_p1,B0007,65,0.90051854,0.8924096,0.9060709,-0.008108914
GRU,validation,B0007_p1,B0007,66,0.897374,0.88987875,0.90051854,-0.0074952245
GRU,validation,B0007_p1,B0007,67,0.8949369,0.8896038,0.897374,-0.0053331256
GRU,validation,B0007_p1,B0007,68,0.8921999,0.88943106,0.8949369,-0.0027688146
GRU,validation,B0007_p1,B0007,69,0.8896896,0.8884127,0.8921999,-0.0012769103
GRU,validation,B0007_p1,B0007,70,0.8866219,0.88690805,0.8896896,0.0002861619
GRU,validation,B0007_p1,B0007,71,0.8838726,0.88459426,0.8866219,0.00072163343
GRU,validation,B0007_p1,B0007,72,0.881298,0.8826286,0.8838726,0.0013306141
GRU,validation,B0007_p1,B0007,73,0.8787002,0.87981373,0.881298,0.001113534
GRU,validation,B0007_p1,B0007,74,0.87587076,0.87646973,0.8787002,0.0005989671
GRU,validation,B0007_p1,B0007,75,0.8701261,0.87365067,0.87587076,0.0035245419
GRU,validation,B0007_p1,B0007,76,0.87004197,0.86713576,0.8701261,-0.0029062033
GRU,validation,B0007_p1,B0007,77,0.87262815,0.8670564,0.87004197,-0.005571723
GRU,validation,B0007_p1,B0007,78,0.8675506,0.8678705,0.87262815,0.00031989813
GRU,validation,B0007_p1,B0007,79,0.8620436,0.8648018,0.8675506,0.002758205
GRU,validation,B0007_p1,B0007,80,0.8594988,0.859624,0.8620436,0.00012522936
GRU,validation,B0007_p1,B0007,81,0.85917777,0.85732824,0.8594988,-0.0018495321
GRU,validation,B0007_p1,B0007,82,0.85965663,0.8548375,0.85917777,-0.0048191547
GRU,validation,B0007_p1,B0007,83,0.85654145,0.85504436,0.85965663,-0.0014970899
GRU,validation,B0007_p1,B0007,84,0.85111505,0.85684943,0.85654145,0.005734384
GRU,validation,B0007_p1,B0007,85,0.8485931,0.84742343,0.85111505,-0.0011696815
GRU,validation,B0007_p1,B0007,86,0.8487529,0.84282357,0.8485931,-0.005929351
GRU,validation,B0007_p1,B0007,87,0.84853417,0.84786373,0.8487529,-0.00067043304
GRU,validation,B0007_p1,B0007,88,0.8457927,0.8493962,0.84853417,0.003603518
GRU,validation,B0007_p1,B0007,89,0.89799255,0.83497,0.8457927,-0.063022554
GRU,validation,B0007_p1,B0007,90,0.8645856,0.8564693,0.89799255,-0.008116305
GRU,validation,B0007_p1,B0007,91,0.85913515,0.85928977,0.8645856,0.00015461445
GRU,validation,B0007_p1,B0007,92,0.85377496,0.85119265,0.85913515,-0.0025823116
GRU,validation,B0007_p1,B0007,93,0.84809184,0.8435392,0.85377496,-0.0045526624
GRU,validation,B0007_p1,B0007,94,0.8456648,0.83904487,0.84809184,-0.0066199303
GRU,validation,B0007_p1,B0007,95,0.842975,0.8370028,0.8456648,-0.0059722066
GRU,validation,B0007_p1,B0007,96,0.8401154,0.8348916,0.842975,-0.0052238107
GRU,validation,B0007_p1,B0007,97,0.83758694,0.83421886,0.8401154,-0.0033680797
GRU,validation,B0007_p1,B0007,98,0.834705,0.8350212,0.83758694,0.00031620264
GRU,validation,B0007_p1,B0007,99,0.83494854,0.83528936,0.834705,0.00034081936
GRU,validation,B0007_p1,B0007,100,0.83228636,0.8517232,0.83494854,0.019436836
GRU,validation,B0007_p1,B0007,101,0.8293002,0.8225155,0.83228636,-0.006784737
GRU,validation,B0007_p1,B0007,102,0.83214396,0.8201762,0.8293002,-0.011967778
GRU,validation,B0007_p1,B0007,103,0.83745986,0.8298063,0.83214396,-0.0076535344
GRU,validation,B0007_p1,B0007,104,0.832303,0.8214245,0.83745986,-0.010878503
GRU,validation,B0007_p1,B0007,105,0.82936484,0.81306624,0.832303,-0.016298592
GRU,validation,B0007_p1,B0007,106,0.82412314,0.83607864,0.82936484,0.0119555
GRU,validation,B0007_p1,B0007,107,0.8209219,0.80825573,0.82412314,-0.012666166
GRU,validation,B0007_p1,B0007,108,0.8215289,0.8340961,0.8209219,0.0125671625
GRU,validation,B0007_p1,B0007,109,0.82130307,0.8162112,0.8215289,-0.005091846
GRU,validation,B0007_p1,B0007,110,0.81583405,0.8415328,0.82130307,0.025698781
GRU,validation,B0007_p1,B0007,111,0.8128839,0.8309819,0.81583405,0.018097997
GRU,validation,B0007_p1,B0007,112,0.81297195,0.83377665,0.8128839,0.020804703
GRU,validation,B0007_p1,B0007,113,0.81306005,0.81688684,0.81297195,0.003826797
GRU,validation,B0007_p1,B0007,114,0.8103026,0.79528666,0.81306005,-0.01501596
GRU,validation,B0007_p1,B0007,115,0.80751723,0.7975983,0.8103026,-0.009918928
GRU,validation,B0007_p1,B0007,116,0.8048483,0.8010611,0.80751723,-0.0037872195
GRU,validation,B0007_p1,B0007,117,0.80482537,0.80426484,0.8048483,-0.0005605221
GRU,validation,B0007_p1,B0007,118,0.8050072,0.8013362,0.80482537,-0.0036709905
GRU,validation,B0007_p1,B0007,119,0.8156486,0.78470355,0.8050072,-0.030945063
GRU,validation,B0007_p1,B0007,120,0.8184016,0.80536056,0.8156486,-0.013041019
GRU,validation,B0007_p1,B0007,121,0.8101531,0.83811784,0.8184016,0.027964711
GRU,validation,B0007_p1,B0007,122,0.8048127,0.8038825,0.8101531,-0.0009302497
GRU,validation,B0007_p1,B0007,123,0.80173075,0.8095341,0.8048127,0.007803321
GRU,validation,B0007_p1,B0007,124,0.79929066,0.8133408,0.80173075,0.014050126
GRU,validation,B0007_p1,B0007,125,0.79643315,0.8115495,0.79929066,0.015116334
GRU,validation,B0007_p1,B0007,126,0.79378855,0.81940264,0.79643315,0.025614083
GRU,validation,B0007_p1,B0007,127,0.7935577,0.8257722,0.79378855,0.032214522
GRU,validation,B0007_p1,B0007,128,0.79093546,0.8349455,0.7935577,0.044010043
GRU,validation,B0007_p1,B0007,129,0.7883047,0.7918746,0.79093546,0.003569901
GRU,validation,B0007_p1,B0007,130,0.7884388,0.7894721,0.7883047,0.0010333061
GRU,validation,B0007_p1,B0007,131,0.78534615,0.813865,0.7884388,0.028518856
GRU,validation,B0007_p1,B0007,132,0.78796774,0.7877201,0.78534615,-0.0002476573
GRU,validation,B0007_p1,B0007,133,0.7966004,0.8146292,0.78796774,0.018028796
GRU,validation,B0007_p1,B0007,134,0.7880613,0.8159605,0.7966004,0.027899206
GRU,validation,B0007_p1,B0007,135,0.7854229,0.79780513,0.7880613,0.012382209
GRU,validation,B0007_p1,B0007,136,0.78274393,0.77335525,0.7854229,-0.009388685
GRU,validation,B0007_p1,B0007,137,0.7828347,0.77076054,0.78274393,-0.0120741725
GRU,validation,B0007_p1,B0007,138,0.78004986,0.7960055,0.7828347,0.015955627
GRU,validation,B0007_p1,B0007,139,0.7772618,0.78326505,0.78004986,0.0060032606
GRU,validation,B0007_p1,B0007,140,0.77456486,0.7836704,0.7772618,0.009105563
GRU,validation,B0007_p1,B0007,141,0.7717253,0.7770865,0.77456486,0.0053611994
GRU,validation,B0007_p1,B0007,142,0.77186406,0.7820689,0.7717253,0.010204852
GRU,validation,B0007_p1,B0007,143,0.7693119,0.7858378,0.77186406,0.016525924
GRU,validation,B0007_p1,B0007,144,0.7692805,0.7997008,0.7693119,0.030420303
GRU,validation,B0007_p1,B0007,145,0.7664212,0.76561236,0.7692805,-0.00080883503
GRU,validation,B0007_p1,B0007,146,0.76369125,0.75819963,0.7664212,-0.0054916143
GRU,validation,B0007_p1,B0007,147,0.7639942,0.768833,0.76369125,0.0048387647
GRU,validation,B0007_p1,B0007,148,0.76371723,0.76407015,0.7639942,0.0003529191
GRU,validation,B0007_p1,B0007,149,0.76667523,0.7546983,0.76371723,-0.011976957
GRU,validation,B0007_p1,B0007,150,0.78015393,0.78827965,0.76667523,0.008125722
GRU,validation,B0007_p1,B0007,151,0.77199596,0.8082561,0.78015393,0.036260128
GRU,validation,B0007_p1,B0007,152,0.76948303,0.7764754,0.77199596,0.0069923997
GRU,validation,B0007_p1,B0007,153,0.76663965,0.8043238,0.76948303,0.037684143
GRU,validation,B0007_p1,B0007,154,0.7612375,0.8079502,0.76663965,0.046712697
GRU,validation,B0007_p1,B0007,155,0.76133186,0.8021009,0.7612375,0.04076904
GRU,validation,B0007_p1,B0007,156,0.75837964,0.763594,0.76133186,0.0052143335
GRU,validation,B0007_p1,B0007,157,0.75829005,0.77577263,0.75837964,0.017482579
GRU,validation,B0007_p1,B0007,158,0.7557248,0.79918736,0.75829005,0.043462574
GRU,validation,B0007_p1,B0007,159,0.7531001,0.7678784,0.7557248,0.014778316
GRU,validation,B0007_p1,B0007,160,0.75323355,0.786183,0.7531001,0.032949448
GRU,validation,B0007_p1,B0007,161,0.75018245,0.7551836,0.75323355,0.0050011277
GRU,validation,B0007_p1,B0007,162,0.75026476,0.7795393,0.75018245,0.029274523
GRU,validation,B0007_p1,B0007,163,0.7477,0.7539515,0.75026476,0.006251514
GRU,validation,B0007_p1,B0007,164,0.7477874,0.77078635,0.7477,0.022998929
GRU,validation,B0007_p1,B0007,165,0.7446605,0.75341153,0.7477874,0.008751035
GRU,validation,B0007_p1,B0007,166,0.75600296,0.7782415,0.7446605,0.022238553
GRU,validation,B0007_p1,B0007,167,0.76167583,0.7623579,0.75600296,0.00068205595
GRU,test_id,B0018_p1,B0018,10,0.9850639,0.9930605,0.9910298,0.007996619
GRU,test_id,B0018_p1,B0018,11,0.98102295,0.98804724,0.9850639,0.007024288
GRU,test_id,B0018_p1,B0018,12,0.9734956,0.9830616,0.98102295,0.009566009
GRU,test_id,B0018_p1,B0018,13,0.96948737,0.97382534,0.9734956,0.0043379664
GRU,test_id,B0018_p1,B0018,14,0.9681109,0.97018105,0.96948737,0.002070129
GRU,test_id,B0018_p1,B0018,15,0.96282196,0.970973,0.9681109,0.008151054
GRU,test_id,B0018_p1,B0018,16,0.96142024,0.9665793,0.96282196,0.00515908
GRU,test_id,B0018_p1,B0018,17,0.9532663,0.96499425,0.96142024,0.011727929
GRU,test_id,B0018_p1,B0018,18,0.9492379,0.9544565,0.9532663,0.005218625
GRU,test_id,B0018_p1,B0018,19,0.9445874,0.95042586,0.9492379,0.005838454
GRU,test_id,B0018_p1,B0018,20,0.9412453,0.94729674,0.9445874,0.006051421
GRU,test_id,B0018_p1,B0018,21,0.9287852,0.9438427,0.9412453,0.015057504
GRU,test_id,B0018_p1,B0018,22,0.93034804,0.93169874,0.9287852,0.0013507009
GRU,test_id,B0018_p1,B0018,23,0.9281911,0.93289995,0.93034804,0.0047088265
GRU,test_id,B0018_p1,B0018,24,0.9508787,0.9303991,0.9281911,-0.02047956
GRU,test_id,B0018_p1,B0018,25,0.9419265,0.9540208,0.9508787,0.012094319
GRU,test_id,B0018_p1,B0018,26,0.9361979,0.94574964,0.9419265,0.009551764
GRU,test_id,B0018_p1,B0018,27,0.9305526,0.93830675,0.9361979,0.007754147
GRU,test_id,B0018_p1,B0018,28,0.923715,0.93243164,0.9305526,0.008716643
GRU,test_id,B0018_p1,B0018,29,0.9208714,0.9256598,0.923715,0.0047883987
GRU,test_id,B0018_p1,B0018,30,0.9142754,0.92142415,0.9208714,0.0071487427
GRU,test_id,B0018_p1,B0018,31,0.91159785,0.9146817,0.9142754,0.003083825
GRU,test_id,B0018_p1,B0018,32,0.9053714,0.9134536,0.91159785,0.008082151
GRU,test_id,B0018_p1,B0018,33,0.900843,0.9072546,0.9053714,0.0064115524
GRU,test_id,B0018_p1,B0018,34,0.8959679,0.90167207,0.900843,0.0057041645
GRU,test_id,B0018_p1,B0018,35,0.8908287,0.896905,0.8959679,0.0060762763
GRU,test_id,B0018_p1,B0018,36,0.88478315,0.89306307,0.8908287,0.00827992
GRU,test_id,B0018_p1,B0018,37,0.88179606,0.88506764,0.88478315,0.0032715797
GRU,test_id,B0018_p1,B0018,38,0.8773674,0.8839245,0.88179606,0.006557107
GRU,test_id,B0018_p1,B0018,39,0.9110948,0.8794179,0.8773674,-0.03167689
GRU,test_id,B0018_p1,B0018,40,0.89655304,0.9133662,0.9110948,0.016813159
GRU,test_id,B0018_p1,B0018,41,0.8873567,0.89648443,0.89655304,0.009127736
GRU,test_id,B0018_p1,B0018,42,0.87867707,0.8877789,0.8873567,0.009101808
GRU,test_id,B0018_p1,B0018,43,0.87568015,0.87925935,0.87867707,0.0035791993
GRU,test_id,B0018_p1,B0018,44,0.8672876,0.8748678,0.87568015,0.0075802207
GRU,test_id,B0018_p1,B0018,45,0.93863106,0.8670713,0.8672876,-0.07155979
GRU,test_id,B0018_p1,B0018,46,0.933119,0.94035196,0.93863106,0.007232964
GRU,test_id,B0018_p1,B0018,47,0.9218427,0.9352147,0.933119,0.013372004
GRU,test_id,B0018_p1,B0018,48,0.9120334,0.9235942,0.9218427,0.011560798
GRU,test_id,B0018_p1,B0018,49,0.90272725,0.9139821,0.9120334,0.011254847
GRU,test_id,B0018_p1,B0018,50,0.9058541,0.9043151,0.90272725,-0.0015389919
GRU,test_id,B0018_p1,B0018,51,0.895212,0.90680015,0.9058541,0.011588156
GRU,test_id,B0018_p1,B0018,52,0.8837586,0.8967276,0.895212,0.012969017
GRU,test_id,B0018_p1,B0018,53,0.8763623,0.88347816,0.8837586,0.007115841
GRU,test_id,B0018_p1,B0018,54,0.8728719,0.8769233,0.8763623,0.004051447
GRU,test_id,B0018_p1,B0018,55,0.9097867,0.87325144,0.8728719,-0.036535263
GRU,test_id,B0018_p1,B0018,56,0.89173365,0.90933925,0.9097867,0.017605603
GRU,test_id,B0018_p1,B0018,57,0.8769644,0.89224666,0.89173365,0.015282273
GRU,test_id,B0018_p1,B0018,58,0.86545706,0.8784445,0.8769644,0.012987435
GRU,test_id,B0018_p1,B0018,59,0.86246985,0.8658813,0.86545706,0.0034114718
GRU,test_id,B0018_p1,B0018,60,0.8589232,0.86160904,0.86246985,0.002685845
GRU,test_id,B0018_p1,B0018,61,0.8502782,0.8579577,0.8589232,0.007679522
GRU,test_id,B0018_p1,B0018,62,0.8456277,0.85050803,0.8502782,0.004880309
GRU,test_id,B0018_p1,B0018,63,0.83724886,0.8452189,0.8456277,0.007970035
GRU,test_id,B0018_p1,B0018,64,0.83287656,0.8369706,0.83724886,0.0040940642
GRU,test_id,B0018_p1,B0018,65,0.8325841,0.83203447,0.83287656,-0.00054961443
GRU,test_id,B0018_p1,B0018,66,0.8274941,0.83232284,0.8325841,0.004828751
GRU,test_id,B0018_p1,B0018,67,0.8189417,0.8271829,0.8274941,0.008241177
GRU,test_id,B0018_p1,B0018,68,0.8161668,0.8181563,0.8189417,0.0019894838
GRU,test_id,B0018_p1,B0018,69,0.8134116,0.8159097,0.8161668,0.0024980903
GRU,test_id,B0018_p1,B0018,70,0.83356416,0.8128781,0.8134116,-0.02068609
GRU,test_id,B0018_p1,B0018,71,0.828356,0.8327991,0.83356416,0.0044430494
GRU,test_id,B0018_p1,B0018,72,0.8160418,0.8274731,0.828356,0.011431277
GRU,test_id,B0018_p1,B0018,73,0.8112721,0.81505424,0.8160418,0.0037821531
GRU,test_id,B0018_p1,B0018,74,0.8063288,0.809812,0.8112721,0.0034832358
GRU,test_id,B0018_p1,B0018,75,0.80492294,0.8044146,0.8063288,-0.000508368
GRU,test_id,B0018_p1,B0018,76,0.8009928,0.8032693,0.80492294,0.0022765398
GRU,test_id,B0018_p1,B0018,77,0.7980093,0.79999405,0.8009928,0.001984775
GRU,test_id,B0018_p1,B0018,78,0.792613,0.79741627,0.7980093,0.0048032403
GRU,test_id,B0018_p1,B0018,79,0.78705406,0.79228276,0.792613,0.0052286983
GRU,test_id,B0018_p1,B0018,80,0.7897257,0.78615,0.78705406,-0.0035757422
GRU,test_id,B0018_p1,B0018,81,0.78415644,0.7889111,0.7897257,0.0047546625
GRU,test_id,B0018_p1,B0018,82,0.78238195,0.7867893,0.78415644,0.0044073462
GRU,test_id,B0018_p1,B0018,83,0.7766069,0.7905361,0.78238195,0.013929188
GRU,test_id,B0018_p1,B0018,84,0.77457124,0.78198546,0.7766069,0.0074142218
GRU,test_id,B0018_p1,B0018,85,0.7989835,0.78611314,0.77457124,-0.012870371
GRU,test_id,B0018_p1,B0018,86,0.7896176,0.7978064,0.7989835,0.008188784
GRU,test_id,B0018_p1,B0018,87,0.78431875,0.7893156,0.7896176,0.004996836
GRU,test_id,B0018_p1,B0018,88,0.77645934,0.78290457,0.78431875,0.006445229
GRU,test_id,B0018_p1,B0018,89,0.7694354,0.77556455,0.77645934,0.0061291456
GRU,test_id,B0018_p1,B0018,90,0.7907019,0.77514905,0.7694354,-0.015552878
GRU,test_id,B0018_p1,B0018,91,0.77642775,0.79667455,0.7907019,0.020246804
GRU,test_id,B0018_p1,B0018,92,0.77174455,0.77631,0.77642775,0.0045654774
GRU,test_id,B0018_p1,B0018,93,0.769493,0.7654937,0.77174455,-0.003999293
GRU,test_id,B0018_p1,B0018,94,0.7641219,0.75924146,0.769493,-0.0048804283
GRU,test_id,B0018_p1,B0018,95,0.76562554,0.74912494,0.7641219,-0.016500592
GRU,test_id,B0018_p1,B0018,96,0.7593245,0.751223,0.76562554,-0.008101463
GRU,test_id,B0018_p1,B0018,97,0.7575373,0.7443396,0.7593245,-0.01319772
GRU,test_id,B0018_p1,B0018,98,0.7552528,0.7578847,0.7575373,0.0026319027
GRU,test_id,B0018_p1,B0018,99,0.7493823,0.7574554,0.7552528,0.0080730915
GRU,test_id,B0018_p1,B0018,100,0.7528266,0.7375407,0.7493823,-0.01528585
GRU,test_id,B0018_p1,B0018,101,0.74490315,0.7486572,0.7528266,0.0037540793
GRU,test_id,B0018_p1,B0018,102,0.7465455,0.71088344,0.74490315,-0.035662055
GRU,test_id,B0018_p1,B0018,103,0.74361134,0.72828084,0.7465455,-0.015330493
GRU,test_id,B0018_p1,B0018,104,0.7375042,0.73040205,0.74361134,-0.007102132
GRU,test_id,B0018_p1,B0018,105,0.7938843,0.69652635,0.7375042,-0.09735793
GRU,test_id,B0018_p1,B0018,106,0.7882683,0.7974706,0.7938843,0.0092023015
GRU,test_id,B0018_p1,B0018,107,0.78176737,0.79045635,0.7882683,0.008688986
GRU,test_id,B0018_p1,B0018,108,0.7764551,0.7869878,0.78176737,0.010532677
GRU,test_id,B0018_p1,B0018,109,0.76907265,0.78199154,0.7764551,0.0129188895
GRU,test_id,B0018_p1,B0018,110,0.7685843,0.778363,0.76907265,0.009778678
GRU,test_id,B0018_p1,B0018,111,0.7604543,0.7736624,0.7685843,0.013208091
GRU,test_id,B0018_p1,B0018,112,0.7584969,0.77054954,0.7604543,0.012052655
GRU,test_id,B0018_p1,B0018,113,0.75562334,0.75348574,0.7584969,-0.0021376014
GRU,test_id,B0018_p1,B0018,114,0.75343865,0.7442245,0.75562334,-0.009214163
GRU,test_id,B0018_p1,B0018,115,0.7546281,0.748694,0.75343865,-0.005934119
GRU,test_id,B0018_p1,B0018,116,0.7480872,0.7344512,0.7546281,-0.013636053
GRU,test_id,B0018_p1,B0018,117,0.7418545,0.7504217,0.7480872,0.008567214
GRU,test_id,B0018_p1,B0018,118,0.7387389,0.73087025,0.7418545,-0.007868648
GRU,test_id,B0018_p1,B0018,119,0.73180556,0.727604,0.7387389,-0.004201591
GRU,test_id,B0018_p1,B0018,120,0.7756259,0.7239416,0.73180556,-0.05168426
GRU,test_id,B0018_p1,B0018,121,0.7645394,0.7841176,0.7756259,0.019578159
GRU,test_id,B0018_p1,B0018,122,0.7574958,0.77108526,0.7645394,0.013589442
GRU,test_id,B0018_p1,B0018,123,0.75464666,0.7518414,0.7574958,-0.002805233
GRU,test_id,B0018_p1,B0018,124,0.74482846,0.7651098,0.75464666,0.020281315
GRU,test_id,B0018_p1,B0018,125,0.7499966,0.74644566,0.74482846,-0.0035509467
GRU,test_id,B0018_p1,B0018,126,0.7439972,0.7577959,0.7499966,0.013798654
GRU,test_id,B0018_p1,B0018,127,0.7407783,0.725326,0.7439972,-0.015452325
GRU,test_id,B0018_p1,B0018,128,0.74114144,0.7163579,0.7407783,-0.024783552
GRU,test_id,B0018_p1,B0018,129,0.73486805,0.7353845,0.74114144,0.00051647425
GRU,test_id,B0018_p1,B0018,130,0.73646206,0.7183474,0.73486805,-0.018114686
GRU,test_id,B0018_p1,B0018,131,0.7289901,0.7112645,0.73646206,-0.017725587
GRU,test_id,B0042_p1,B0042,16,0.96157336,0.96898043,0.9697696,0.007407069
GRU,test_id,B0042_p1,B0042,17,0.9609058,0.9614826,0.96157336,0.00057679415
GRU,test_id,B0042_p1,B0042,18,0.95650446,0.9591282,0.9609058,0.0026237369
GRU,test_id,B0042_p1,B0042,19,0.95470464,0.9558765,0.95650446,0.0011718869
GRU,test_id,B0042_p1,B0042,20,0.97284096,0.95333064,0.95470464,-0.019510329
GRU,test_id,B0042_p1,B0042,21,0.96633387,0.9716278,0.97284096,0.0052939057
GRU,test_id,B0042_p1,B0042,22,0.9646731,0.96374106,0.96633387,-0.00093203783
GRU,test_id,B0042_p1,B0042,23,0.958716,0.9626374,0.9646731,0.003921449
GRU,test_id,B0042_p1,B0042,24,0.9518277,0.95373374,0.958716,0.0019060373
GRU,test_id,B0042_p1,B0042,25,0.94849056,0.9454316,0.9518277,-0.00305897
GRU,test_id,B0042_p1,B0042,26,0.9495583,0.9416548,0.94849056,-0.007903516
GRU,test_id,B0042_p1,B0042,27,0.9508369,0.9377371,0.9495583,-0.01309979
GRU,test_id,B0042_p1,B0042,28,0.943082,0.9342637,0.9508369,-0.008818269
GRU,test_id,B0042_p1,B0042,29,0.9396023,0.92420006,0.943082,-0.015402257
GRU,test_id,B0042_p1,B0042,30,0.9365803,0.9248364,0.9396023,-0.011743903
GRU,test_id,B0042_p1,B0042,31,0.93699163,0.9219832,0.9365803,-0.01500845
GRU,test_id,B0042_p1,B0042,32,0.93424404,0.9256032,0.93699163,-0.008640826
GRU,test_id,B0042_p1,B0042,33,0.9299685,0.92262626,0.93424404,-0.0073422194
GRU,test_id,B0042_p1,B0042,34,0.92653275,0.9131438,0.9299685,-0.013388932
GRU,test_id,B0042_p1,B0042,35,0.92235184,0.91539633,0.92653275,-0.0069555044
GRU,test_id,B0042_p1,B0042,36,0.9227268,0.91514164,0.92235184,-0.007585168
GRU,test_id,B0042_p1,B0042,37,0.9189781,0.9153786,0.9227268,-0.0035995245
GRU,test_id,B0042_p1,B0042,38,0.91884816,0.90971386,0.9189781,-0.009134293
GRU,test_id,B0042_p1,B0042,39,0.9141792,0.8982755,0.91884816,-0.015903711
GRU,test_id,B0042_p1,B0042,40,0.9058922,0.89127034,0.9141792,-0.014621854
GRU,test_id,B0043_p1,B0043,16,0.94864297,0.9541697,0.9535306,0.0055267215
GRU,test_id,B0043_p1,B0043,17,0.94428927,0.9485209,0.94864297,0.0042316318
GRU,test_id,B0043_p1,B0043,18,0.93967825,0.9437798,0.94428927,0.0041015744
GRU,test_id,B0043_p1,B0043,19,0.937005,0.93931293,0.93967825,0.0023079515
GRU,test_id,B0043_p1,B0043,20,0.9485732,0.9368923,0.937005,-0.011680901
GRU,test_id,B0043_p1,B0043,21,0.9454751,0.9498994,0.9485732,0.004424274
GRU,test_id,B0043_p1,B0043,22,0.94011545,0.9481072,0.9454751,0.007991731
GRU,test_id,B0043_p1,B0043,23,0.93395305,0.94180393,0.94011545,0.007850885
GRU,test_id,B0043_p1,B0043,24,0.9303274,0.93117756,0.93395305,0.00085014105
GRU,test_id,B0043_p1,B0043,25,0.9267414,0.92855227,0.9303274,0.0018108487
GRU,test_id,B0043_p1,B0043,26,0.92401046,0.92773736,0.9267414,0.0037268996
GRU,test_id,B0043_p1,B0043,27,0.9215206,0.9161648,0.92401046,-0.0053557754
GRU,test_id,B0043_p1,B0043,28,0.91730696,0.8990893,0.9215206,-0.018217683
GRU,test_id,B0043_p1,B0043,29,0.9173778,0.888244,0.91730696,-0.029133856
GRU,test_id,B0043_p1,B0043,30,0.9104634,0.8836045,0.9173778,-0.026858866
GRU,test_id,B0043_p1,B0043,31,0.9067986,0.8785673,0.9104634,-0.028231323
GRU,test_id,B0043_p1,B0043,32,0.9037661,0.88158995,0.9067986,-0.022176147
GRU,test_id,B0043_p1,B0043,33,0.899422,0.87225807,0.9037661,-0.027163923
GRU,test_id,B0043_p1,B0043,34,0.89201474,0.86319286,0.899422,-0.028821886
GRU,test_id,B0043_p1,B0043,35,0.88755214,0.86196536,0.89201474,-0.025586784
GRU,test_id,B0043_p1,B0043,36,0.88767964,0.8649096,0.88755214,-0.022770047
GRU,test_id,B0043_p1,B0043,37,0.88754725,0.8651065,0.88767964,-0.022440732
GRU,test_id,B0043_p1,B0043,38,0.88332456,0.8525635,0.88754725,-0.030761063
GRU,test_id,B0043_p1,B0043,39,0.8785111,0.8397974,0.88332456,-0.038713694
GRU,test_id,B0043_p1,B0043,40,0.8739114,0.83301103,0.8785111,-0.04090035
GRU,test_ood,B0029_p1,B0029,10,0.9832192,0.9778308,0.9781473,-0.005388379
GRU,test_ood,B0029_p1,B0029,11,0.97469985,0.984114,0.9832192,0.009414136
GRU,test_ood,B0029_p1,B0029,12,0.96738136,0.9760541,0.97469985,0.008672714
GRU,test_ood,B0029_p1,B0029,13,0.9661798,0.9685725,0.96738136,0.0023927093
GRU,test_ood,B0029_p1,B0029,14,0.9578891,0.9662341,0.9661798,0.008345008
GRU,test_ood,B0029_p1,B0029,15,0.98019224,0.9589603,0.9578891,-0.02123195
GRU,test_ood,B0029_p1,B0029,16,0.9724403,0.97878426,0.98019224,0.0063439608
GRU,test_ood,B0029_p1,B0029,17,0.9651074,0.97025365,0.9724403,0.005146265
GRU,test_ood,B0029_p1,B0029,18,0.9571905,0.9638731,0.9651074,0.0066825747
GRU,test_ood,B0029_p1,B0029,19,0.9534468,0.95627993,0.9571905,0.002833128
GRU,test_ood,B0029_p1,B0029,20,0.95713204,0.9539279,0.9534468,-0.003204167
GRU,test_ood,B0029_p1,B0029,21,0.9486034,0.95799875,0.95713204,0.009395361
GRU,test_ood,B0029_p1,B0029,22,0.94639736,0.94682014,0.9486034,0.00042277575
GRU,test_ood,B0029_p1,B0029,23,0.9368149,0.947329,0.94639736,0.0105140805
GRU,test_ood,B0029_p1,B0029,24,0.9327817,0.9360613,0.9368149,0.0032796264
GRU,test_ood,B0029_p1,B0029,25,0.94345164,0.9323765,0.9327817,-0.011075139
GRU,test_ood,B0029_p1,B0029,26,0.9349838,0.94240034,0.94345164,0.0074165463
GRU,test_ood,B0029_p1,B0029,27,0.93070686,0.9344254,0.9349838,0.003718555
GRU,test_ood,B0029_p1,B0029,28,0.92800397,0.9323847,0.93070686,0.0043807626
GRU,test_ood,B0029_p1,B0029,29,0.92435056,0.92732817,0.92800397,0.0029776096
GRU,test_ood,B0029_p1,B0029,30,0.9218198,0.92319125,0.92435056,0.0013714433
GRU,test_ood,B0029_p1,B0029,31,0.91906345,0.9215093,0.9218198,0.0024458766
GRU,test_ood,B0029_p1,B0029,32,0.90830576,0.91790247,0.91906345,0.009596705
GRU,test_ood,B0029_p1,B0029,33,0.90374076,0.9078052,0.90830576,0.0040644407
GRU,test_ood,B0029_p1,B0029,34,0.9063118,0.90312845,0.90374076,-0.0031833649
GRU,test_ood,B0029_p1,B0029,35,0.9112198,0.9052611,0.9063118,-0.0059586763
GRU,test_ood,B0029_p1,B0029,36,0.9065784,0.91090375,0.9112198,0.0043253303
GRU,test_ood,B0029_p1,B0029,37,0.8963302,0.9043342,0.9065784,0.00800401
GRU,test_ood,B0029_p1,B0029,38,0.89222234,0.89418554,0.8963302,0.0019631982
GRU,test_ood,B0029_p1,B0029,39,0.88783115,0.89003175,0.89222234,0.0022006035
GRU,test_ood,B0030_p1,B0030,10,0.98106015,0.97067666,0.96990836,-0.010383487
GRU,test_ood,B0030_p1,B0030,11,0.97230905,0.9821058,0.98106015,0.009796739
GRU,test_ood,B0030_p1,B0030,12,0.96443737,0.97397053,0.97230905,0.009533167
GRU,test_ood,B0030_p1,B0030,13,0.9565342,0.9663503,0.96443737,0.00981611
GRU,test_ood,B0030_p1,B0030,14,0.95438045,0.95778203,0.9565342,0.0034015775
GRU,test_ood,B0030_p1,B0030,15,0.9837595,0.9571503,0.95438045,-0.026609242
GRU,test_ood,B0030_p1,B0030,16,0.97571135,0.9819281,0.9837595,0.0062167645
GRU,test_ood,B0030_p1,B0030,17,0.9613226,0.97447,0.97571135,0.013147414
GRU,test_ood,B0030_p1,B0030,18,0.95275134,0.962144,0.9613226,0.009392679
GRU,test_ood,B0030_p1,B0030,19,0.9488022,0.9534627,0.95275134,0.004660547
GRU,test_ood,B0030_p1,B0030,20,0.95259035,0.9485635,0.9488022,-0.00402683
GRU,test_ood,B0030_p1,B0030,21,0.9434893,0.9520099,0.95259035,0.008520603
GRU,test_ood,B0030_p1,B0030,22,0.9410456,0.9439096,0.9434893,0.0028640032
GRU,test_ood,B0030_p1,B0030,23,0.9309182,0.94132364,0.9410456,0.010405421
GRU,test_ood,B0030_p1,B0030,24,0.92663085,0.93119454,0.9309182,0.004563689
GRU,test_ood,B0030_p1,B0030,25,0.94430476,0.92774427,0.92663085,-0.016560495
GRU,test_ood,B0030_p1,B0030,26,0.9353559,0.9429397,0.94430476,0.007583797
GRU,test_ood,B0030_p1,B0030,27,0.924129,0.9354086,0.9353559,0.011279583
GRU,test_ood,B0030_p1,B0030,28,0.9210313,0.9214627,0.924129,0.00043141842
GRU,test_ood,B0030_p1,B0030,29,0.9171627,0.9201056,0.9210313,0.0029428601
GRU,test_ood,B0030_p1,B0030,30,0.92126966,0.91769075,0.9171627,-0.0035789013
GRU,test_ood,B0030_p1,B0030,31,0.9112744,0.92001873,0.92126966,0.008744359
GRU,test_ood,B0030_p1,B0030,32,0.9071352,0.90685683,0.9112744,-0.0002783537
GRU,test_ood,B0030_p1,B0030,33,0.9022655,0.902929,0.9071352,0.0006635189
GRU,test_ood,B0030_p1,B0030,34,0.904586,0.9003207,0.9022655,-0.0042653084
GRU,test_ood,B0030_p1,B0030,35,0.90975344,0.9065229,0.904586,-0.0032305121
GRU,test_ood,B0030_p1,B0030,36,0.9047997,0.9108955,0.90975344,0.0060958266
GRU,test_ood,B0030_p1,B0030,37,0.9012142,0.90535206,0.9047997,0.0041378736
GRU,test_ood,B0030_p1,B0030,38,0.8966468,0.90177965,0.9012142,0.005132854
GRU,test_ood,B0030_p1,B0030,39,0.8921227,0.8978277,0.8966468,0.005704999
GRU,test_ood,B0031_p1,B0031,10,0.9895714,0.98532206,0.9845389,-0.0042493343
GRU,test_ood,B0031_p1,B0031,11,0.9872119,0.99011624,0.9895714,0.0029043555
GRU,test_ood,B0031_p1,B0031,12,0.9800775,0.9868346,0.9872119,0.0067570806
GRU,test_ood,B0031_p1,B0031,13,0.9789777,0.9796452,0.9800775,0.0006675124
GRU,test_ood,B0031_p1,B0031,14,0.9707952,0.97832143,0.9789777,0.007526219
GRU,test_ood,B0031_p1,B0031,15,0.96164805,0.9713564,0.9707952,0.009708345
GRU,test_ood,B0031_p1,B0031,16,0.9855019,0.96969336,0.96164805,-0.015808523
GRU,test_ood,B0031_p1,B0031,17,0.9781377,0.98531234,0.9855019,0.0071746707
GRU,test_ood,B0031_p1,B0031,18,0.9768086,0.97828174,0.9781377,0.0014731288
GRU,test_ood,B0031_p1,B0031,19,0.9666799,0.9768109,0.9768086,0.0101310015
GRU,test_ood,B0031_p1,B0031,20,0.976945,0.96776676,0.9666799,-0.009178221
GRU,test_ood,B0031_p1,B0031,21,0.96864355,0.9766856,0.976945,0.0080420375
GRU,test_ood,B0031_p1,B0031,22,0.9665702,0.9693501,0.96864355,0.002779901
GRU,test_ood,B0031_p1,B0031,23,0.9569969,0.9672116,0.9665702,0.010214686
GRU,test_ood,B0031_p1,B0031,24,0.9533764,0.9587623,0.9569969,0.0053858757
GRU,test_ood,B0031_p1,B0031,25,0.9639699,0.9556385,0.9533764,-0.008331358
GRU,test_ood,B0031_p1,B0031,26,0.96248126,0.96398515,0.9639699,0.0015038848
GRU,test_ood,B0031_p1,B0031,27,0.9515222,0.96062493,0.96248126,0.009102762
GRU,test_ood,B0031_p1,B0031,28,0.9492023,0.95169616,0.9515222,0.0024938583
GRU,test_ood,B0031_p1,B0031,29,0.9455064,0.9490654,0.9492023,0.0035589933
GRU,test_ood,B0031_p1,B0031,30,0.9497317,0.945888,0.9455064,-0.0038437247
GRU,test_ood,B0031_p1,B0031,31,0.9473015,0.9490734,0.9497317,0.0017718673
GRU,test_ood,B0031_p1,B0031,32,0.9366348,0.94836396,0.9473015,0.011729181
GRU,test_ood,B0031_p1,B0031,33,0.9391775,0.93871707,0.9366348,-0.00046044588
GRU,test_ood,B0031_p1,B0031,34,0.9349228,0.9411264,0.9391775,0.006203592
GRU,test_ood,B0031_p1,B0031,35,0.939742,0.93642956,0.9349228,-0.0033124685
GRU,test_ood,B0031_p1,B0031,36,0.935303,0.9388487,0.939742,0.0035457015
GRU,test_ood,B0031_p1,B0031,37,0.9321246,0.93548197,0.935303,0.0033573508
GRU,test_ood,B0031_p1,B0031,38,0.9282684,0.9314724,0.9321246,0.0032040477
GRU,test_ood,B0031_p1,B0031,39,0.92399853,0.9280562,0.9282684,0.004057646
GRU,test_ood,B0032_p1,B0032,10,0.97292316,0.971124,0.96800023,-0.0017991662
GRU,test_ood,B0032_p1,B0032,11,0.96463156,0.97324735,0.97292316,0.008615792
GRU,test_ood,B0032_p1,B0032,12,0.95773613,0.9663481,0.96463156,0.008611977
GRU,test_ood,B0032_p1,B0032,13,0.95071566,0.96021634,0.95773613,0.009500682
GRU,test_ood,B0032_p1,B0032,14,0.9488075,0.9527306,0.95071566,0.003923118
GRU,test_ood,B0032_p1,B0032,15,0.96463746,0.94647676,0.9488075,-0.0181607
GRU,test_ood,B0032_p1,B0032,16,0.96320456,0.9700866,0.96463746,0.006882012
GRU,test_ood,B0032_p1,B0032,17,0.9562217,0.9495667,0.96320456,-0.006654978
GRU,test_ood,B0032_p1,B0032,18,0.94861937,0.9355569,0.9562217,-0.013062477
GRU,test_ood,B0032_p1,B0032,19,0.93878263,0.9238077,0.94861937,-0.014974952
GRU,test_ood,B0032_p1,B0032,20,0.94867885,0.91546446,0.93878263,-0.03321439
GRU,test_ood,B0032_p1,B0032,21,0.94064736,0.9274165,0.94867885,-0.01323086
GRU,test_ood,B0032_p1,B0032,22,0.93214774,0.906284,0.94064736,-0.025863767
GRU,test_ood,B0032_p1,B0032,23,0.92936206,0.8948323,0.93214774,-0.034529746
GRU,test_ood,B0032_p1,B0032,24,0.9193793,0.8879734,0.92936206,-0.031405866
GRU,test_ood,B0032_p1,B0032,25,0.9361016,0.87789357,0.9193793,-0.05820805
GRU,test_ood,B0032_p1,B0032,26,0.9215514,0.9030838,0.9361016,-0.018467605
GRU,test_ood,B0032_p1,B0032,27,0.9174951,0.88446796,0.9215514,-0.033027112
GRU,test_ood,B0032_p1,B0032,28,0.9086625,0.8778718,0.9174951,-0.030790687
GRU,test_ood,B0032_p1,B0032,29,0.91156113,0.8653723,0.9086625,-0.04618883
GRU,test_ood,B0032_p1,B0032,30,0.91562784,0.8674987,0.91156113,-0.04812914
GRU,test_ood,B0032_p1,B0032,31,0.90669537,0.8783419,0.91562784,-0.028353453
GRU,test_ood,B0032_p1,B0032,32,0.9029505,0.8674119,0.90669537,-0.035538614
GRU,test_ood,B0032_p1,B0032,33,0.8920087,0.86206996,0.9029505,-0.029938757
GRU,test_ood,B0032_p1,B0032,34,0.8944744,0.85011417,0.8920087,-0.04436022
GRU,test_ood,B0032_p1,B0032,35,0.90589076,0.8511614,0.8944744,-0.054729342
GRU,test_ood,B0032_p1,B0032,36,0.89490026,0.86860317,0.90589076,-0.026297092
GRU,test_ood,B0032_p1,B0032,37,0.8916791,0.8541045,0.89490026,-0.03757459
GRU,test_ood,B0032_p1,B0032,38,0.8810613,0.8474447,0.8916791,-0.033616602
GRU,test_ood,B0032_p1,B0032,39,0.876872,0.8327683,0.8810613,-0.044103682
GRU,test_ood,B0042_p2,B0042,97,0.8444038,0.85049504,0.84841186,0.006091237
GRU,test_ood,B0042_p2,B0042,98,0.83652055,0.84041405,0.8444038,0.0038934946
GRU,test_ood,B0042_p2,B0042,99,0.8332597,0.8668813,0.83652055,0.03362161
GRU,test_ood,B0042_p2,B0042,100,0.8268733,0.83355534,0.8332597,0.0066820383
GRU,test_ood,B0042_p2,B0042,101,0.8182754,0.8158693,0.8268733,-0.0024061203
GRU,test_ood,B0042_p2,B0042,102,0.81910336,0.8092874,0.8182754,-0.009815931
GRU,test_ood,B0042_p2,B0042,103,0.8097516,0.8114328,0.81910336,0.0016812086
GRU,test_ood,B0042_p2,B0042,104,0.8077394,0.8364486,0.8097516,0.028709233
GRU,test_ood,B0042_p2,B0042,105,0.80601215,0.81027436,0.8077394,0.004262209
GRU,test_ood,B0042_p2,B0042,106,0.7950754,0.79260767,0.80601215,-0.0024677515
GRU,test_ood,B0042_p2,B0042,107,0.79575366,0.7812781,0.7950754,-0.014475584
GRU,test_ood,B0042_p2,B0042,108,0.7910941,0.7850205,0.79575366,-0.0060736537
GRU,test_ood,B0042_p2,B0042,109,0.7851291,0.8203002,0.7910941,0.03517115
GRU,test_ood,B0042_p2,B0042,110,0.7782113,0.7933294,0.7851291,0.015118122
GRU,test_ood,B0042_p2,B0042,111,0.7738931,0.7754417,0.7782113,0.0015485883
GRU,test_ood,B0043_p2,B0043,97,0.85993755,0.86935294,0.8662328,0.009415388
GRU,test_ood,B0043_p2,B0043,98,0.8519736,0.84911335,0.85993755,-0.002860248
GRU,test_ood,B0043_p2,B0043,99,0.8443309,0.8822044,0.8519736,0.037873507
GRU,test_ood,B0043_p2,B0043,100,0.8333455,0.84618807,0.8443309,0.012842596
GRU,test_ood,B0043_p2,B0043,101,0.8244438,0.82196707,0.8333455,-0.0024767518
GRU,test_ood,B0043_p2,B0043,102,0.82315665,0.8197954,0.8244438,-0.0033612251
GRU,test_ood,B0043_p2,B0043,103,0.8118834,0.817589,0.82315665,0.005705595
GRU,test_ood,B0043_p2,B0043,104,0.8097032,0.83919847,0.8118834,0.029495299
GRU,test_ood,B0043_p2,B0043,105,0.80345476,0.80882895,0.8097032,0.005374193
GRU,test_ood,B0043_p2,B0043,106,0.78992933,0.7940805,0.80345476,0.0041511655
GRU,test_ood,B0043_p2,B0043,107,0.7884199,0.7746433,0.78992933,-0.0137766
GRU,test_ood,B0043_p2,B0043,108,0.7816225,0.77468044,0.7884199,-0.0069420934
GRU,test_ood,B0043_p2,B0043,109,0.7733174,0.7933942,0.7816225,0.020076811
GRU,test_ood,B0043_p2,B0043,110,0.76605076,0.77304167,0.7733174,0.0069909096
GRU,test_ood,B0043_p2,B0043,111,0.7593145,0.7589296,0.76605076,-0.0003848672
Baseline persistenza,train,B0005_p1,B0005,10,0.9941539,0.99415046,0.99415046,-3.4570694e-06
Baseline persistenza,train,B0005_p1,B0005,11,0.9884778,0.9941539,0.9941539,0.0056760907
Baseline persistenza,train,B0005_p1,B0005,12,0.98823273,0.9884778,0.9884778,0.0002450943
Baseline persistenza,train,B0005_p1,B0005,13,0.9880629,0.98823273,0.98823273,0.00016981363
Baseline persistenza,train,B0005_p1,B0005,14,0.9821553,0.9880629,0.9880629,0.005907595
Baseline persistenza,train,B0005_p1,B0005,15,0.98188776,0.9821553,0.9821553,0.00026756525
Baseline persistenza,train,B0005_p1,B0005,16,0.98214525,0.98188776,0.98188776,-0.00025749207
Baseline persistenza,train,B0005_p1,B0005,17,0.98241156,0.98214525,0.98214525,-0.00026631355
Baseline persistenza,train,B0005_p1,B0005,18,0.9822532,0.98241156,0.98241156,0.00015836954
Baseline persistenza,train,B0005_p1,B0005,19,1.0063622,0.9822532,0.9822532,-0.024109006
Baseline persistenza,train,B0005_p1,B0005,20,1.0065753,1.0063622,1.0063622,-0.00021314621
Baseline persistenza,train,B0005_p1,B0005,21,1.0004512,1.0065753,1.0065753,0.006124139
Baseline persistenza,train,B0005_p1,B0005,22,0.99478656,1.0004512,1.0004512,0.0056646466
Baseline persistenza,train,B0005_p1,B0005,23,0.9944231,0.99478656,0.99478656,0.00036346912
Baseline persistenza,train,B0005_p1,B0005,24,0.994678,0.9944231,0.9944231,-0.00025492907
Baseline persistenza,train,B0005_p1,B0005,25,0.9883847,0.994678,0.994678,0.006293297
Baseline persistenza,train,B0005_p1,B0005,26,0.9887869,0.9883847,0.9883847,-0.00040215254
Baseline persistenza,train,B0005_p1,B0005,27,0.9883511,0.9887869,0.9887869,0.00043576956
Baseline persistenza,train,B0005_p1,B0005,28,0.9822467,0.9883511,0.9883511,0.0061044097
Baseline persistenza,train,B0005_p1,B0005,29,0.9829612,0.9822467,0.9822467,-0.0007144809
Baseline persistenza,train,B0005_p1,B0005,30,1.0089647,0.9829612,0.9829612,-0.02600348
Baseline persistenza,train,B0005_p1,B0005,31,0.99746895,1.0089647,1.0089647,0.011495709
Baseline persistenza,train,B0005_p1,B0005,32,0.99158466,0.99746895,0.99746895,0.0058842897
Baseline persistenza,train,B0005_p1,B0005,33,0.9858113,0.99158466,0.99158466,0.0057733655
Baseline persistenza,train,B0005_p1,B0005,34,0.9832515,0.9858113,0.9858113,0.002559781
Baseline persistenza,train,B0005_p1,B0005,35,0.9804004,0.9832515,0.9832515,0.0028511286
Baseline persistenza,train,B0005_p1,B0005,36,0.974443,0.9804004,0.9804004,0.005957365
Baseline persistenza,train,B0005_p1,B0005,37,0.9714353,0.974443,0.974443,0.00300771
Baseline persistenza,train,B0005_p1,B0005,38,0.96604705,0.9714353,0.9714353,0.00538826
Baseline persistenza,train,B0005_p1,B0005,39,0.96604925,0.96604705,0.96604705,-2.2053719e-06
Baseline persistenza,train,B0005_p1,B0005,40,0.9632347,0.96604925,0.96604925,0.0028145313
Baseline persistenza,train,B0005_p1,B0005,41,0.960207,0.9632347,0.9632347,0.0030277371
Baseline persistenza,train,B0005_p1,B0005,42,0.9630959,0.960207,0.960207,-0.002888918
Baseline persistenza,train,B0005_p1,B0005,43,0.96039945,0.9630959,0.9630959,0.0026964545
Baseline persistenza,train,B0005_p1,B0005,44,0.9544399,0.96039945,0.96039945,0.0059595704
Baseline persistenza,train,B0005_p1,B0005,45,0.94905627,0.9544399,0.9544399,0.0053836107
Baseline persistenza,train,B0005_p1,B0005,46,0.9459188,0.94905627,0.94905627,0.0031374693
Baseline persistenza,train,B0005_p1,B0005,47,0.97726583,0.9459188,0.9459188,-0.031347036
Baseline persistenza,train,B0005_p1,B0005,48,0.97158027,0.97726583,0.97726583,0.005685568
Baseline persistenza,train,B0005_p1,B0005,49,0.96295804,0.97158027,0.97158027,0.008622229
Baseline persistenza,train,B0005_p1,B0005,50,0.9573207,0.96295804,0.96295804,0.0056373477
Baseline persistenza,train,B0005_p1,B0005,51,0.95179194,0.9573207,0.9573207,0.005528748
Baseline persistenza,train,B0005_p1,B0005,52,0.94898415,0.95179194,0.95179194,0.002807796
Baseline persistenza,train,B0005_p1,B0005,53,0.9460993,0.94898415,0.94898415,0.0028848648
Baseline persistenza,train,B0005_p1,B0005,54,0.9405958,0.9460993,0.9460993,0.0055034757
Baseline persistenza,train,B0005_p1,B0005,55,0.93486655,0.9405958,0.9405958,0.005729258
Baseline persistenza,train,B0005_p1,B0005,56,0.9319934,0.93486655,0.93486655,0.0028731227
Baseline persistenza,train,B0005_p1,B0005,57,0.9295313,0.9319934,0.9319934,0.0024621487
Baseline persistenza,train,B0005_p1,B0005,58,0.9264237,0.9295313,0.9295313,0.0031075478
Baseline persistenza,train,B0005_p1,B0005,59,0.92330104,0.9264237,0.9264237,0.0031226873
Baseline persistenza,train,B0005_p1,B0005,60,0.91802853,0.92330104,0.92330104,0.0052725077
Baseline persistenza,train,B0005_p1,B0005,61,0.91234636,0.91802853,0.91802853,0.0056821704
Baseline persistenza,train,B0005_p1,B0005,62,0.91239816,0.91234636,0.91234636,-5.1796436e-05
Baseline persistenza,train,B0005_p1,B0005,63,0.9064849,0.91239816,0.91239816,0.0059132576
Baseline persistenza,train,B0005_p1,B0005,64,0.90392274,0.9064849,0.9064849,0.0025621653
Baseline persistenza,train,B0005_p1,B0005,65,0.90111136,0.90392274,0.90392274,0.0028113723
Baseline persistenza,train,B0005_p1,B0005,66,0.89500886,0.90111136,0.90111136,0.0061025023
Baseline persistenza,train,B0005_p1,B0005,67,0.89239573,0.89500886,0.89500886,0.0026131272
Baseline persistenza,train,B0005_p1,B0005,68,0.88960457,0.89239573,0.89239573,0.0027911663
Baseline persistenza,train,B0005_p1,B0005,69,0.88689005,0.88960457,0.88960457,0.0027145147
Baseline persistenza,train,B0005_p1,B0005,70,0.88382393,0.88689005,0.88689005,0.0030661225
Baseline persistenza,train,B0005_p1,B0005,71,0.8779396,0.88382393,0.88382393,0.0058843493
Baseline persistenza,train,B0005_p1,B0005,72,0.8753447,0.8779396,0.8779396,0.0025948882
Baseline persistenza,train,B0005_p1,B0005,73,0.87259376,0.8753447,0.8753447,0.0027509332
Baseline persistenza,train,B0005_p1,B0005,74,0.86652136,0.87259376,0.87259376,0.006072402
Baseline persistenza,train,B0005_p1,B0005,75,0.8640258,0.86652136,0.86652136,0.0024955869
Baseline persistenza,train,B0005_p1,B0005,76,0.86356485,0.8640258,0.8640258,0.00046092272
Baseline persistenza,train,B0005_p1,B0005,77,0.86933124,0.86356485,0.86356485,-0.0057663918
Baseline persistenza,train,B0005_p1,B0005,78,0.85800034,0.86933124,0.86933124,0.011330903
Baseline persistenza,train,B0005_p1,B0005,79,0.8526454,0.85800034,0.85800034,0.005354941
Baseline persistenza,train,B0005_p1,B0005,80,0.84984696,0.8526454,0.8526454,0.002798438
Baseline persistenza,train,B0005_p1,B0005,81,0.84969205,0.84984696,0.84984696,0.00015491247
Baseline persistenza,train,B0005_p1,B0005,82,0.84708095,0.84969205,0.84969205,0.0026111007
Baseline persistenza,train,B0005_p1,B0005,83,0.8439125,0.84708095,0.84708095,0.0031684637
Baseline persistenza,train,B0005_p1,B0005,84,0.8381166,0.8439125,0.8439125,0.005795896
Baseline persistenza,train,B0005_p1,B0005,85,0.8324924,0.8381166,0.8381166,0.005624175
Baseline persistenza,train,B0005_p1,B0005,86,0.8328253,0.8324924,0.8324924,-0.00033289194
Baseline persistenza,train,B0005_p1,B0005,87,0.8296227,0.8328253,0.8328253,0.0032026172
Baseline persistenza,train,B0005_p1,B0005,88,0.8268105,0.8296227,0.8296227,0.0028122067
Baseline persistenza,train,B0005_p1,B0005,89,0.87493914,0.8268105,0.8268105,-0.048128664
Baseline persistenza,train,B0005_p1,B0005,90,0.8520717,0.87493914,0.87493914,0.022867441
Baseline persistenza,train,B0005_p1,B0005,91,0.8434861,0.8520717,0.8520717,0.008585632
Baseline persistenza,train,B0005_p1,B0005,92,0.83492315,0.8434861,0.8434861,0.0085629225
Baseline persistenza,train,B0005_p1,B0005,93,0.83196855,0.83492315,0.83492315,0.0029546022
Baseline persistenza,train,B0005_p1,B0005,94,0.82652247,0.83196855,0.83196855,0.0054460764
Baseline persistenza,train,B0005_p1,B0005,95,0.82376564,0.82652247,0.82652247,0.002756834
Baseline persistenza,train,B0005_p1,B0005,96,0.82085955,0.82376564,0.82376564,0.002906084
Baseline persistenza,train,B0005_p1,B0005,97,0.8181252,0.82085955,0.82085955,0.002734363
Baseline persistenza,train,B0005_p1,B0005,98,0.81229466,0.8181252,0.8181252,0.0058305264
Baseline persistenza,train,B0005_p1,B0005,99,0.8095835,0.81229466,0.81229466,0.0027111769
Baseline persistenza,train,B0005_p1,B0005,100,0.8066115,0.8095835,0.8095835,0.0029720068
Baseline persistenza,train,B0005_p1,B0005,101,0.80377597,0.8066115,0.8066115,0.0028355122
Baseline persistenza,train,B0005_p1,B0005,102,0.8096027,0.80377597,0.80377597,-0.0058267117
Baseline persistenza,train,B0005_p1,B0005,103,0.8151538,0.8096027,0.8096027,-0.0055511
Baseline persistenza,train,B0005_p1,B0005,104,0.80682224,0.8151538,0.8151538,0.008331537
Baseline persistenza,train,B0005_p1,B0005,105,0.80080366,0.80682224,0.80682224,0.006018579
Baseline persistenza,train,B0005_p1,B0005,106,0.792166,0.80080366,0.80080366,0.008637667
Baseline persistenza,train,B0005_p1,B0005,107,0.79229945,0.792166,0.792166,-0.0001334548
Baseline persistenza,train,B0005_p1,B0005,108,0.7927776,0.79229945,0.79229945,-0.00047814846
Baseline persistenza,train,B0005_p1,B0005,109,0.78951854,0.7927776,0.7927776,0.0032590628
Baseline persistenza,train,B0005_p1,B0005,110,0.7838677,0.78951854,0.78951854,0.0056508183
Baseline persistenza,train,B0005_p1,B0005,111,0.7810205,0.7838677,0.7838677,0.0028471947
Baseline persistenza,train,B0005_p1,B0005,112,0.7809936,0.7810205,0.7810205,2.69413e-05
Baseline persistenza,train,B0005_p1,B0005,113,0.7780889,0.7809936,0.7809936,0.0029046535
Baseline persistenza,train,B0005_p1,B0005,114,0.7752859,0.7780889,0.7780889,0.0028030276
Baseline persistenza,train,B0005_p1,B0005,115,0.7722939,0.7752859,0.7752859,0.0029919744
Baseline persistenza,train,B0005_p1,B0005,116,0.76955885,0.7722939,0.7722939,0.0027350783
Baseline persistenza,train,B0005_p1,B0005,117,0.76965123,0.76955885,0.76955885,-9.23872e-05
Baseline persistenza,train,B0005_p1,B0005,118,0.7669376,0.76965123,0.76965123,0.0027136207
Baseline persistenza,train,B0005_p1,B0005,119,0.78099144,0.7669376,0.7669376,-0.014053822
Baseline persistenza,train,B0005_p1,B0005,120,0.7836411,0.78099144,0.78099144,-0.0026496649
Baseline persistenza,train,B0005_p1,B0005,121,0.77225345,0.7836411,0.7836411,0.011387646
Baseline persistenza,train,B0005_p1,B0005,122,0.7666016,0.77225345,0.77225345,0.0056518316
Baseline persistenza,train,B0005_p1,B0005,123,0.7634535,0.7666016,0.7666016,0.0031481385
Baseline persistenza,train,B0005_p1,B0005,124,0.76100004,0.7634535,0.7634535,0.0024534464
Baseline persistenza,train,B0005_p1,B0005,125,0.7580491,0.76100004,0.76100004,0.0029509664
Baseline persistenza,train,B0005_p1,B0005,126,0.75529426,0.7580491,0.7580491,0.0027548075
Baseline persistenza,train,B0005_p1,B0005,127,0.75213844,0.75529426,0.75529426,0.0031558275
Baseline persistenza,train,B0005_p1,B0005,128,0.74930507,0.75213844,0.75213844,0.0028333664
Baseline persistenza,train,B0005_p1,B0005,129,0.74673134,0.74930507,0.74930507,0.0025737286
Baseline persistenza,train,B0005_p1,B0005,130,0.7467291,0.74673134,0.74673134,2.2649765e-06
Baseline persistenza,train,B0005_p1,B0005,131,0.74358356,0.7467291,0.7467291,0.003145516
Baseline persistenza,train,B0005_p1,B0005,132,0.7493898,0.74358356,0.74358356,-0.0058062673
Baseline persistenza,train,B0005_p1,B0005,133,0.7552304,0.7493898,0.7493898,-0.0058405995
Baseline persistenza,train,B0005_p1,B0005,134,0.74637026,0.7552304,0.7552304,0.008860171
Baseline persistenza,train,B0005_p1,B0005,135,0.7436093,0.74637026,0.74637026,0.0027609468
Baseline persistenza,train,B0005_p1,B0005,136,0.73790973,0.7436093,0.7436093,0.005699575
Baseline persistenza,train,B0005_p1,B0005,137,0.7380839,0.73790973,0.73790973,-0.00017416477
Baseline persistenza,train,B0005_p1,B0005,138,0.7381178,0.7380839,0.7380839,-3.3915043e-05
Baseline persistenza,train,B0005_p1,B0005,139,0.7351816,0.7381178,0.7381178,0.0029361844
Baseline persistenza,train,B0005_p1,B0005,140,0.7323888,0.7351816,0.7351816,0.0027928352
Baseline persistenza,train,B0005_p1,B0005,141,0.72955674,0.7323888,0.7323888,0.002832055
Baseline persistenza,train,B0005_p1,B0005,142,0.72951484,0.72955674,0.72955674,4.1902065e-05
Baseline persistenza,train,B0005_p1,B0005,143,0.7268408,0.72951484,0.72951484,0.0026740432
Baseline persistenza,train,B0005_p1,B0005,144,0.72391915,0.7268408,0.7268408,0.0029216409
Baseline persistenza,train,B0005_p1,B0005,145,0.7209369,0.72391915,0.72391915,0.0029822588
Baseline persistenza,train,B0005_p1,B0005,146,0.71821165,0.7209369,0.7209369,0.0027252436
Baseline persistenza,train,B0005_p1,B0005,147,0.7183736,0.71821165,0.71821165,-0.00016194582
Baseline persistenza,train,B0005_p1,B0005,148,0.7182791,0.7183736,0.7183736,9.447336e-05
Baseline persistenza,train,B0005_p1,B0005,149,0.7213191,0.7182791,0.7182791,-0.003039956
Baseline persistenza,train,B0005_p1,B0005,150,0.7410697,0.7213191,0.7213191,-0.019750595
Baseline persistenza,train,B0005_p1,B0005,151,0.7298506,0.7410697,0.7410697,0.011219084
Baseline persistenza,train,B0005_p1,B0005,152,0.7241285,0.7298506,0.7298506,0.0057221055
Baseline persistenza,train,B0005_p1,B0005,153,0.7212111,0.7241285,0.7241285,0.002917409
Baseline persistenza,train,B0005_p1,B0005,154,0.71846485,0.7212111,0.7212111,0.0027462244
Baseline persistenza,train,B0005_p1,B0005,155,0.7156541,0.71846485,0.71846485,0.0028107762
Baseline persistenza,train,B0005_p1,B0005,156,0.7155053,0.7156541,0.7156541,0.0001487732
Baseline persistenza,train,B0005_p1,B0005,157,0.71255976,0.7155053,0.7155053,0.0029455423
Baseline persistenza,train,B0005_p1,B0005,158,0.7099646,0.71255976,0.71255976,0.0025951862
Baseline persistenza,train,B0005_p1,B0005,159,0.71014136,0.7099646,0.7099646,-0.00017678738
Baseline persistenza,train,B0005_p1,B0005,160,0.71017003,0.71014136,0.71014136,-2.8669834e-05
Baseline persistenza,train,B0005_p1,B0005,161,0.70716083,0.71017003,0.71017003,0.0030092
Baseline persistenza,train,B0005_p1,B0005,162,0.7072624,0.70716083,0.70716083,-0.000101566315
Baseline persistenza,train,B0005_p1,B0005,163,0.7047507,0.7072624,0.7072624,0.0025116801
Baseline persistenza,train,B0005_p1,B0005,164,0.70177567,0.7047507,0.7047507,0.0029750466
Baseline persistenza,train,B0005_p1,B0005,165,0.7014755,0.70177567,0.70177567,0.000300169
Baseline persistenza,train,B0005_p1,B0005,166,0.7132242,0.7014755,0.7014755,-0.0117486715
Baseline persistenza,train,B0005_p1,B0005,167,0.7219767,0.7132242,0.7132242,-0.008752525
Baseline persistenza,train,B0006_p1,B0006,10,0.9663605,0.97213787,0.97213787,0.005777359
Baseline persistenza,train,B0006_p1,B0006,11,0.96097213,0.9663605,0.9663605,0.005388379
Baseline persistenza,train,B0006_p1,B0006,12,0.9552748,0.96097213,0.96097213,0.00569731
Baseline persistenza,train,B0006_p1,B0006,13,0.9496175,0.9552748,0.9552748,0.0056573153
Baseline persistenza,train,B0006_p1,B0006,14,0.9442417,0.9496175,0.9496175,0.0053758025
Baseline persistenza,train,B0006_p1,B0006,15,0.9383471,0.9442417,0.9442417,0.0058946013
Baseline persistenza,train,B0006_p1,B0006,16,0.93292296,0.9383471,0.9383471,0.005424142
Baseline persistenza,train,B0006_p1,B0006,17,0.9276041,0.93292296,0.93292296,0.00531888
Baseline persistenza,train,B0006_p1,B0006,18,0.9276138,0.9276041,0.9276041,-9.715557e-06
Baseline persistenza,train,B0006_p1,B0006,19,0.98326164,0.9276138,0.9276138,-0.05564785
Baseline persistenza,train,B0006_p1,B0006,20,0.97229636,0.98326164,0.98326164,0.010965288
Baseline persistenza,train,B0006_p1,B0006,21,0.96646774,0.97229636,0.97229636,0.005828619
Baseline persistenza,train,B0006_p1,B0006,22,0.9557547,0.96646774,0.96646774,0.010713041
Baseline persistenza,train,B0006_p1,B0006,23,0.9665503,0.9557547,0.9557547,-0.010795593
Baseline persistenza,train,B0006_p1,B0006,24,0.94441116,0.9665503,0.9665503,0.022139132
Baseline persistenza,train,B0006_p1,B0006,25,0.93311954,0.94441116,0.94441116,0.011291623
Baseline persistenza,train,B0006_p1,B0006,26,0.9279698,0.93311954,0.93311954,0.005149722
Baseline persistenza,train,B0006_p1,B0006,27,0.92186964,0.9279698,0.9279698,0.0061001778
Baseline persistenza,train,B0006_p1,B0006,28,0.9164931,0.92186964,0.92186964,0.005376518
Baseline persistenza,train,B0006_p1,B0006,29,0.9224679,0.9164931,0.9164931,-0.0059747696
Baseline persistenza,train,B0006_p1,B0006,30,0.9560179,0.9224679,0.9224679,-0.033550024
Baseline persistenza,train,B0006_p1,B0006,31,0.9348866,0.9560179,0.9560179,0.021131337
Baseline persistenza,train,B0006_p1,B0006,32,0.92149824,0.9348866,0.9348866,0.013388336
Baseline persistenza,train,B0006_p1,B0006,33,0.9135384,0.92149824,0.92149824,0.007959843
Baseline persistenza,train,B0006_p1,B0006,34,0.9032513,0.9135384,0.9135384,0.010287106
Baseline persistenza,train,B0006_p1,B0006,35,0.90073675,0.9032513,0.9032513,0.0025145411
Baseline persistenza,train,B0006_p1,B0006,36,0.89260334,0.90073675,0.90073675,0.008133411
Baseline persistenza,train,B0006_p1,B0006,37,0.88460803,0.89260334,0.89260334,0.007995307
Baseline persistenza,train,B0006_p1,B0006,38,0.8796453,0.88460803,0.88460803,0.0049627423
Baseline persistenza,train,B0006_p1,B0006,39,0.87440926,0.8796453,0.8796453,0.0052360296
Baseline persistenza,train,B0006_p1,B0006,40,0.86935306,0.87440926,0.87440926,0.0050562024
Baseline persistenza,train,B0006_p1,B0006,41,0.86398935,0.86935306,0.86935306,0.005363703
Baseline persistenza,train,B0006_p1,B0006,42,0.8715311,0.86398935,0.86398935,-0.0075417757
Baseline persistenza,train,B0006_p1,B0006,43,0.8771251,0.8715311,0.8715311,-0.0055939555
Baseline persistenza,train,B0006_p1,B0006,44,0.86115634,0.8771251,0.8771251,0.01596874
Baseline persistenza,train,B0006_p1,B0006,45,0.8509926,0.86115634,0.86115634,0.010163724
Baseline persistenza,train,B0006_p1,B0006,46,0.84556973,0.8509926,0.8509926,0.00542289
Baseline persistenza,train,B0006_p1,B0006,47,0.90582407,0.84556973,0.84556973,-0.060254335
Baseline persistenza,train,B0006_p1,B0006,48,0.8980801,0.90582407,0.90582407,0.0077439547
Baseline persistenza,train,B0006_p1,B0006,49,0.8820036,0.8980801,0.8980801,0.016076505
Baseline persistenza,train,B0006_p1,B0006,50,0.8665962,0.8820036,0.8820036,0.015407383
Baseline persistenza,train,B0006_p1,B0006,51,0.85888064,0.8665962,0.8665962,0.007715583
Baseline persistenza,train,B0006_p1,B0006,52,0.84840125,0.85888064,0.85888064,0.010479391
Baseline persistenza,train,B0006_p1,B0006,53,0.84317946,0.84840125,0.84840125,0.005221784
Baseline persistenza,train,B0006_p1,B0006,54,0.8354649,0.84317946,0.84317946,0.0077145696
Baseline persistenza,train,B0006_p1,B0006,55,0.8302066,0.8354649,0.8354649,0.0052583218
Baseline persistenza,train,B0006_p1,B0006,56,0.8248832,0.8302066,0.8302066,0.0053233504
Baseline persistenza,train,B0006_p1,B0006,57,0.8200961,0.8248832,0.8248832,0.004787147
Baseline persistenza,train,B0006_p1,B0006,58,0.8146394,0.8200961,0.8200961,0.005456686
Baseline persistenza,train,B0006_p1,B0006,59,0.8092081,0.8146394,0.8146394,0.0054312944
Baseline persistenza,train,B0006_p1,B0006,60,0.7991003,0.8092081,0.8092081,0.010107815
Baseline persistenza,train,B0006_p1,B0006,61,0.7964553,0.7991003,0.7991003,0.002644956
Baseline persistenza,train,B0006_p1,B0006,62,0.79419374,0.7964553,0.7964553,0.002261579
Baseline persistenza,train,B0006_p1,B0006,63,0.7885593,0.79419374,0.79419374,0.005634427
Baseline persistenza,train,B0006_p1,B0006,64,0.7862471,0.7885593,0.7885593,0.002312243
Baseline persistenza,train,B0006_p1,B0006,65,0.7783823,0.7862471,0.7862471,0.007864773
Baseline persistenza,train,B0006_p1,B0006,66,0.77550495,0.7783823,0.7783823,0.0028773546
Baseline persistenza,train,B0006_p1,B0006,67,0.7704519,0.77550495,0.77550495,0.0050530434
Baseline persistenza,train,B0006_p1,B0006,68,0.76523817,0.7704519,0.7704519,0.0052137375
Baseline persistenza,train,B0006_p1,B0006,69,0.75760883,0.76523817,0.76523817,0.007629335
Baseline persistenza,train,B0006_p1,B0006,70,0.7600144,0.75760883,0.75760883,-0.0024055839
Baseline persistenza,train,B0006_p1,B0006,71,0.75728244,0.7600144,0.7600144,0.002731979
Baseline persistenza,train,B0006_p1,B0006,72,0.7522622,0.75728244,0.75728244,0.005020261
Baseline persistenza,train,B0006_p1,B0006,73,0.74970037,0.7522622,0.7522622,0.0025618076
Baseline persistenza,train,B0006_p1,B0006,74,0.7470212,0.74970037,0.74970037,0.0026791692
Baseline persistenza,train,B0006_p1,B0006,75,0.74181724,0.7470212,0.7470212,0.0052039623
Baseline persistenza,train,B0006_p1,B0006,76,0.7388928,0.74181724,0.74181724,0.0029244423
Baseline persistenza,train,B0006_p1,B0006,77,0.76007926,0.7388928,0.7388928,-0.021186471
Baseline persistenza,train,B0006_p1,B0006,78,0.7470602,0.76007926,0.76007926,0.013019085
Baseline persistenza,train,B0006_p1,B0006,79,0.73945254,0.7470602,0.7470602,0.007607639
Baseline persistenza,train,B0006_p1,B0006,80,0.73424655,0.73945254,0.73945254,0.005205989
Baseline persistenza,train,B0006_p1,B0006,81,0.734337,0.73424655,0.73424655,-9.0420246e-05
Baseline persistenza,train,B0006_p1,B0006,82,0.7317318,0.734337,0.734337,0.0026051998
Baseline persistenza,train,B0006_p1,B0006,83,0.72890145,0.7317318,0.7317318,0.0028303266
Baseline persistenza,train,B0006_p1,B0006,84,0.7210104,0.72890145,0.72890145,0.007891059
Baseline persistenza,train,B0006_p1,B0006,85,0.72115666,0.7210104,0.7210104,-0.0001462698
Baseline persistenza,train,B0006_p1,B0006,86,0.7187848,0.72115666,0.72115666,0.0023718476
Baseline persistenza,train,B0006_p1,B0006,87,0.7186385,0.7187848,0.7187848,0.0001463294
Baseline persistenza,train,B0006_p1,B0006,88,0.7160658,0.7186385,0.7186385,0.0025726557
Baseline persistenza,train,B0006_p1,B0006,89,0.7915193,0.7160658,0.7160658,-0.07545346
Baseline persistenza,train,B0006_p1,B0006,90,0.76807725,0.7915193,0.7915193,0.02344203
Baseline persistenza,train,B0006_p1,B0006,91,0.75233984,0.76807725,0.76807725,0.015737414
Baseline persistenza,train,B0006_p1,B0006,92,0.74452835,0.75233984,0.75233984,0.0078114867
Baseline persistenza,train,B0006_p1,B0006,93,0.7366471,0.74452835,0.74452835,0.007881224
Baseline persistenza,train,B0006_p1,B0006,94,0.7316084,0.7366471,0.7366471,0.0050387383
Baseline persistenza,train,B0006_p1,B0006,95,0.72653913,0.7316084,0.7316084,0.005069256
Baseline persistenza,train,B0006_p1,B0006,96,0.7211133,0.72653913,0.72653913,0.005425811
Baseline persistenza,train,B0006_p1,B0006,97,0.7186451,0.7211133,0.7211133,0.0024682283
Baseline persistenza,train,B0006_p1,B0006,98,0.7159199,0.7186451,0.7186451,0.002725184
Baseline persistenza,train,B0006_p1,B0006,99,0.7108687,0.7159199,0.7159199,0.0050511956
Baseline persistenza,train,B0006_p1,B0006,100,0.7082929,0.7108687,0.7108687,0.0025758147
Baseline persistenza,train,B0006_p1,B0006,101,0.7055427,0.7082929,0.7082929,0.002750218
Baseline persistenza,train,B0006_p1,B0006,102,0.7056484,0.7055427,0.7055427,-0.00010573864
Baseline persistenza,train,B0006_p1,B0006,103,0.7213216,0.7056484,0.7056484,-0.01567316
Baseline persistenza,train,B0006_p1,B0006,104,0.71104103,0.7213216,0.7213216,0.0102805495
Baseline persistenza,train,B0006_p1,B0006,105,0.70282483,0.71104103,0.71104103,0.008216202
Baseline persistenza,train,B0006_p1,B0006,106,0.7002,0.70282483,0.70282483,0.0026248097
Baseline persistenza,train,B0006_p1,B0006,107,0.69780904,0.7002,0.7002,0.0023909807
Baseline persistenza,train,B0006_p1,B0006,108,0.6929648,0.69780904,0.69780904,0.0048442483
Baseline persistenza,train,B0006_p1,B0006,109,0.6926519,0.6929648,0.6929648,0.00031286478
Baseline persistenza,train,B0006_p1,B0006,110,0.69006056,0.6926519,0.6926519,0.0025913715
Baseline persistenza,train,B0006_p1,B0006,111,0.6873391,0.69006056,0.69006056,0.0027214289
Baseline persistenza,train,B0006_p1,B0006,112,0.6822944,0.6873391,0.6873391,0.0050446987
Baseline persistenza,train,B0006_p1,B0006,113,0.6847404,0.6822944,0.6822944,-0.0024459958
Baseline persistenza,train,B0006_p1,B0006,114,0.6823335,0.6847404,0.6847404,0.0024068952
Baseline persistenza,train,B0006_p1,B0006,115,0.6796007,0.6823335,0.6823335,0.0027328134
Baseline persistenza,train,B0006_p1,B0006,116,0.6771393,0.6796007,0.6796007,0.0024614334
Baseline persistenza,train,B0006_p1,B0006,117,0.67455363,0.6771393,0.6771393,0.0025856495
Baseline persistenza,train,B0006_p1,B0006,118,0.67215586,0.67455363,0.67455363,0.0023977757
Baseline persistenza,train,B0006_p1,B0006,119,0.68749934,0.67215586,0.67215586,-0.015343487
Baseline persistenza,train,B0006_p1,B0006,120,0.697923,0.68749934,0.68749934,-0.01042366
Baseline persistenza,train,B0006_p1,B0006,121,0.6847966,0.697923,0.697923,0.013126433
Baseline persistenza,train,B0006_p1,B0006,122,0.67960453,0.6847966,0.6847966,0.0051920414
Baseline persistenza,train,B0006_p1,B0006,123,0.6741655,0.67960453,0.67960453,0.005439043
Baseline persistenza,train,B0006_p1,B0006,124,0.6717706,0.6741655,0.6741655,0.0023949146
Baseline persistenza,train,B0006_p1,B0006,125,0.66924566,0.6717706,0.6717706,0.0025249124
Baseline persistenza,train,B0006_p1,B0006,126,0.6640789,0.66924566,0.66924566,0.005166769
Baseline persistenza,train,B0006_p1,B0006,127,0.66121185,0.6640789,0.6640789,0.002867043
Baseline persistenza,train,B0006_p1,B0006,128,0.65857697,0.66121185,0.66121185,0.002634883
Baseline persistenza,train,B0006_p1,B0006,129,0.6564156,0.65857697,0.65857697,0.0021613836
Baseline persistenza,train,B0006_p1,B0006,130,0.65623987,0.6564156,0.6564156,0.0001757145
Baseline persistenza,train,B0006_p1,B0006,131,0.6534701,0.65623987,0.65623987,0.0027697682
Baseline persistenza,train,B0006_p1,B0006,132,0.6560797,0.6534701,0.6534701,-0.0026096106
Baseline persistenza,train,B0006_p1,B0006,133,0.66925704,0.6560797,0.6560797,-0.013177335
Baseline persistenza,train,B0006_p1,B0006,134,0.6586179,0.66925704,0.66925704,0.010639131
Baseline persistenza,train,B0006_p1,B0006,135,0.65072346,0.6586179,0.6586179,0.007894456
Baseline persistenza,train,B0006_p1,B0006,136,0.6482884,0.65072346,0.65072346,0.0024350286
Baseline persistenza,train,B0006_p1,B0006,137,0.64589936,0.6482884,0.6482884,0.0023890734
Baseline persistenza,train,B0006_p1,B0006,138,0.64581466,0.64589936,0.64589936,8.46982e-05
Baseline persistenza,train,B0006_p1,B0006,139,0.64048564,0.64581466,0.64581466,0.005329013
Baseline persistenza,train,B0006_p1,B0006,140,0.6353928,0.64048564,0.64048564,0.0050928593
Baseline persistenza,train,B0006_p1,B0006,141,0.6353703,0.6353928,0.6353928,2.2470951e-05
Baseline persistenza,train,B0006_p1,B0006,142,0.6328019,0.6353703,0.6353703,0.0025684237
Baseline persistenza,train,B0006_p1,B0006,143,0.6328469,0.6328019,0.6328019,-4.5001507e-05
Baseline persistenza,train,B0006_p1,B0006,144,0.6276995,0.6328469,0.6328469,0.0051473975
Baseline persistenza,train,B0006_p1,B0006,145,0.6249048,0.6276995,0.6276995,0.002794683
Baseline persistenza,train,B0006_p1,B0006,146,0.62248224,0.6249048,0.6249048,0.0024225712
Baseline persistenza,train,B0006_p1,B0006,147,0.62246805,0.62248224,0.62248224,1.41859055e-05
Baseline persistenza,train,B0006_p1,B0006,148,0.61991316,0.62246805,0.62246805,0.0025548935
Baseline persistenza,train,B0006_p1,B0006,149,0.62256944,0.61991316,0.61991316,-0.002656281
Baseline persistenza,train,B0006_p1,B0006,150,0.64063376,0.62256944,0.62256944,-0.01806432
Baseline persistenza,train,B0006_p1,B0006,151,0.6275884,0.64063376,0.64063376,0.013045371
Baseline persistenza,train,B0006_p1,B0006,152,0.61985785,0.6275884,0.6275884,0.0077305436
Baseline persistenza,train,B0006_p1,B0006,153,0.6119824,0.61985785,0.61985785,0.0078754425
Baseline persistenza,train,B0006_p1,B0006,154,0.6094957,0.6119824,0.6119824,0.0024867058
Baseline persistenza,train,B0006_p1,B0006,155,0.6068265,0.6094957,0.6094957,0.0026692152
Baseline persistenza,train,B0006_p1,B0006,156,0.6015431,0.6068265,0.6068265,0.0052833557
Baseline persistenza,train,B0006_p1,B0006,157,0.59881794,0.6015431,0.6015431,0.002725184
Baseline persistenza,train,B0006_p1,B0006,158,0.5964724,0.59881794,0.59881794,0.002345562
Baseline persistenza,train,B0006_p1,B0006,159,0.5913549,0.5964724,0.5964724,0.005117476
Baseline persistenza,train,B0006_p1,B0006,160,0.5886672,0.5913549,0.5913549,0.0026876926
Baseline persistenza,train,B0006_p1,B0006,161,0.5859312,0.5886672,0.5886672,0.002736032
Baseline persistenza,train,B0006_p1,B0006,162,0.58341026,0.5859312,0.5859312,0.0025209188
Baseline persistenza,train,B0006_p1,B0006,163,0.57309055,0.58341026,0.58341026,0.01031971
Baseline persistenza,train,B0006_p1,B0006,164,0.57834685,0.57309055,0.57309055,-0.005256295
Baseline persistenza,train,B0006_p1,B0006,165,0.57556367,0.57834685,0.57834685,0.0027831793
Baseline persistenza,train,B0006_p1,B0006,166,0.5835988,0.57556367,0.57556367,-0.008035123
Baseline persistenza,train,B0006_p1,B0006,167,0.58891356,0.5835988,0.5835988,-0.0053147674
Baseline persistenza,validation,B0007_p1,B0007,10,0.9943539,0.99435824,0.99435824,4.351139e-06
Baseline persistenza,validation,B0007_p1,B0007,11,0.988828,0.9943539,0.9943539,0.005525887
Baseline persistenza,validation,B0007_p1,B0007,12,0.98852104,0.988828,0.988828,0.00030696392
Baseline persistenza,validation,B0007_p1,B0007,13,0.9884859,0.98852104,0.98852104,3.516674e-05
Baseline persistenza,validation,B0007_p1,B0007,14,0.988674,0.9884859,0.9884859,-0.00018811226
Baseline persistenza,validation,B0007_p1,B0007,15,0.98834074,0.988674,0.988674,0.00033324957
Baseline persistenza,validation,B0007_p1,B0007,16,0.9825352,0.98834074,0.98834074,0.005805552
Baseline persistenza,validation,B0007_p1,B0007,17,0.98291165,0.9825352,0.9825352,-0.00037646294
Baseline persistenza,validation,B0007_p1,B0007,18,0.98283386,0.98291165,0.98291165,7.778406e-05
Baseline persistenza,validation,B0007_p1,B0007,19,1.0000627,0.98283386,0.98283386,-0.017228842
Baseline persistenza,validation,B0007_p1,B0007,20,1.0004305,1.0000627,1.0000627,-0.00036776066
Baseline persistenza,validation,B0007_p1,B0007,21,1.0002301,1.0004305,1.0004305,0.00020039082
Baseline persistenza,validation,B0007_p1,B0007,22,0.99486685,1.0002301,1.0002301,0.005363226
Baseline persistenza,validation,B0007_p1,B0007,23,0.99443644,0.99486685,0.99486685,0.00043040514
Baseline persistenza,validation,B0007_p1,B0007,24,0.99468744,0.99443644,0.99443644,-0.00025099516
Baseline persistenza,validation,B0007_p1,B0007,25,0.988807,0.99468744,0.99468744,0.0058804154
Baseline persistenza,validation,B0007_p1,B0007,26,0.98903114,0.988807,0.988807,-0.00022411346
Baseline persistenza,validation,B0007_p1,B0007,27,0.98856926,0.98903114,0.98903114,0.0004618764
Baseline persistenza,validation,B0007_p1,B0007,28,0.9827067,0.98856926,0.98856926,0.005862534
Baseline persistenza,validation,B0007_p1,B0007,29,0.98327136,0.9827067,0.9827067,-0.0005646348
Baseline persistenza,validation,B0007_p1,B0007,30,1.0014915,0.98327136,0.98327136,-0.018220186
Baseline persistenza,validation,B0007_p1,B0007,31,0.99051315,1.0014915,1.0014915,0.010978401
Baseline persistenza,validation,B0007_p1,B0007,32,0.9848045,0.99051315,0.99051315,0.005708635
Baseline persistenza,validation,B0007_p1,B0007,33,0.9820743,0.9848045,0.9848045,0.0027301908
Baseline persistenza,validation,B0007_p1,B0007,34,0.97669214,0.9820743,0.9820743,0.00538218
Baseline persistenza,validation,B0007_p1,B0007,35,0.97686946,0.97669214,0.97669214,-0.00017732382
Baseline persistenza,validation,B0007_p1,B0007,36,0.97395045,0.97686946,0.97686946,0.0029190183
Baseline persistenza,validation,B0007_p1,B0007,37,0.9683539,0.97395045,0.97395045,0.0055965185
Baseline persistenza,validation,B0007_p1,B0007,38,0.9658862,0.9683539,0.9683539,0.0024677515
Baseline persistenza,validation,B0007_p1,B0007,39,0.96316135,0.9658862,0.9658862,0.0027248263
Baseline persistenza,validation,B0007_p1,B0007,40,0.9632805,0.96316135,0.96316135,-0.000119149685
Baseline persistenza,validation,B0007_p1,B0007,41,0.960329,0.9632805,0.9632805,0.0029515028
Baseline persistenza,validation,B0007_p1,B0007,42,0.96413046,0.960329,0.960329,-0.003801465
Baseline persistenza,validation,B0007_p1,B0007,43,0.9604403,0.96413046,0.96413046,0.0036901832
Baseline persistenza,validation,B0007_p1,B0007,44,0.9548927,0.9604403,0.9604403,0.005547583
Baseline persistenza,validation,B0007_p1,B0007,45,0.9496043,0.9548927,0.9548927,0.005288422
Baseline persistenza,validation,B0007_p1,B0007,46,0.9466487,0.9496043,0.9496043,0.002955556
Baseline persistenza,validation,B0007_p1,B0007,47,0.9651256,0.9466487,0.9466487,-0.018476903
Baseline persistenza,validation,B0007_p1,B0007,48,0.9654589,0.9651256,0.9651256,-0.00033330917
Baseline persistenza,validation,B0007_p1,B0007,49,0.9572388,0.9654589,0.9654589,0.008220136
Baseline persistenza,validation,B0007_p1,B0007,50,0.9520302,0.9572388,0.9572388,0.0052086115
Baseline persistenza,validation,B0007_p1,B0007,51,0.9466573,0.9520302,0.9520302,0.005372882
Baseline persistenza,validation,B0007_p1,B0007,52,0.94399107,0.9466573,0.9466573,0.002666235
Baseline persistenza,validation,B0007_p1,B0007,53,0.9412975,0.94399107,0.94399107,0.0026935935
Baseline persistenza,validation,B0007_p1,B0007,54,0.93588346,0.9412975,0.9412975,0.005414009
Baseline persistenza,validation,B0007_p1,B0007,55,0.9303357,0.93588346,0.93588346,0.005547762
Baseline persistenza,validation,B0007_p1,B0007,56,0.930337,0.9303357,0.9303357,-1.3113022e-06
Baseline persistenza,validation,B0007_p1,B0007,57,0.9278797,0.930337,0.930337,0.0024573207
Baseline persistenza,validation,B0007_p1,B0007,58,0.9250174,0.9278797,0.9278797,0.0028622746
Baseline persistenza,validation,B0007_p1,B0007,59,0.9191251,0.9250174,0.9250174,0.0058923364
Baseline persistenza,validation,B0007_p1,B0007,60,0.91664517,0.9191251,0.9191251,0.0024799109
Baseline persistenza,validation,B0007_p1,B0007,61,0.9113696,0.91664517,0.91664517,0.0052755475
Baseline persistenza,validation,B0007_p1,B0007,62,0.91136503,0.9113696,0.9113696,4.5895576e-06
Baseline persistenza,validation,B0007_p1,B0007,63,0.9058786,0.91136503,0.91136503,0.0054864287
Baseline persistenza,validation,B0007_p1,B0007,64,0.9060709,0.9058786,0.9058786,-0.00019228458
Baseline persistenza,validation,B0007_p1,B0007,65,0.90051854,0.9060709,0.9060709,0.0055523515
Baseline persistenza,validation,B0007_p1,B0007,66,0.897374,0.90051854,0.90051854,0.0031445622
Baseline persistenza,validation,B0007_p1,B0007,67,0.8949369,0.897374,0.897374,0.002437055
Baseline persistenza,validation,B0007_p1,B0007,68,0.8921999,0.8949369,0.8949369,0.0027370453
Baseline persistenza,validation,B0007_p1,B0007,69,0.8896896,0.8921999,0.8921999,0.0025102496
Baseline persistenza,validation,B0007_p1,B0007,70,0.8866219,0.8896896,0.8896896,0.0030677319
Baseline persistenza,validation,B0007_p1,B0007,71,0.8838726,0.8866219,0.8866219,0.0027492642
Baseline persistenza,validation,B0007_p1,B0007,72,0.881298,0.8838726,0.8838726,0.0025746226
Baseline persistenza,validation,B0007_p1,B0007,73,0.8787002,0.881298,0.881298,0.0025978088
Baseline persistenza,validation,B0007_p1,B0007,74,0.87587076,0.8787002,0.8787002,0.0028294325
Baseline persistenza,validation,B0007_p1,B0007,75,0.8701261,0.87587076,0.87587076,0.005744636
Baseline persistenza,validation,B0007_p1,B0007,76,0.87004197,0.8701261,0.8701261,8.416176e-05
Baseline persistenza,validation,B0007_p1,B0007,77,0.87262815,0.87004197,0.87004197,-0.002586186
Baseline persistenza,validation,B0007_p1,B0007,78,0.8675506,0.87262815,0.87262815,0.005077541
Baseline persistenza,validation,B0007_p1,B0007,79,0.8620436,0.8675506,0.8675506,0.0055069923
Baseline persistenza,validation,B0007_p1,B0007,80,0.8594988,0.8620436,0.8620436,0.0025448203
Baseline persistenza,validation,B0007_p1,B0007,81,0.85917777,0.8594988,0.8594988,0.00032103062
Baseline persistenza,validation,B0007_p1,B0007,82,0.85965663,0.85917777,0.85917777,-0.00047886372
Baseline persistenza,validation,B0007_p1,B0007,83,0.85654145,0.85965663,0.85965663,0.0031151772
Baseline persistenza,validation,B0007_p1,B0007,84,0.85111505,0.85654145,0.85654145,0.005426407
Baseline persistenza,validation,B0007_p1,B0007,85,0.8485931,0.85111505,0.85111505,0.0025219321
Baseline persistenza,validation,B0007_p1,B0007,86,0.8487529,0.8485931,0.8485931,-0.00015980005
Baseline persistenza,validation,B0007_p1,B0007,87,0.84853417,0.8487529,0.8487529,0.00021874905
Baseline persistenza,validation,B0007_p1,B0007,88,0.8457927,0.84853417,0.84853417,0.002741456
Baseline persistenza,validation,B0007_p1,B0007,89,0.89799255,0.8457927,0.8457927,-0.05219984
Baseline persistenza,validation,B0007_p1,B0007,90,0.8645856,0.89799255,0.89799255,0.033406973
Baseline persistenza,validation,B0007_p1,B0007,91,0.85913515,0.8645856,0.8645856,0.0054504275
Baseline persistenza,validation,B0007_p1,B0007,92,0.85377496,0.85913515,0.85913515,0.005360186
Baseline persistenza,validation,B0007_p1,B0007,93,0.84809184,0.85377496,0.85377496,0.005683124
Baseline persistenza,validation,B0007_p1,B0007,94,0.8456648,0.84809184,0.84809184,0.0024270415
Baseline persistenza,validation,B0007_p1,B0007,95,0.842975,0.8456648,0.8456648,0.0026897788
Baseline persistenza,validation,B0007_p1,B0007,96,0.8401154,0.842975,0.842975,0.0028595924
Baseline persistenza,validation,B0007_p1,B0007,97,0.83758694,0.8401154,0.8401154,0.0025284886
Baseline persistenza,validation,B0007_p1,B0007,98,0.834705,0.83758694,0.83758694,0.0028819442
Baseline persistenza,validation,B0007_p1,B0007,99,0.83494854,0.834705,0.834705,-0.00024354458
Baseline persistenza,validation,B0007_p1,B0007,100,0.83228636,0.83494854,0.83494854,0.0026621819
Baseline persistenza,validation,B0007_p1,B0007,101,0.8293002,0.83228636,0.83228636,0.002986133
Baseline persistenza,validation,B0007_p1,B0007,102,0.83214396,0.8293002,0.8293002,-0.0028437376
Baseline persistenza,validation,B0007_p1,B0007,103,0.83745986,0.83214396,0.83214396,-0.0053159
Baseline persistenza,validation,B0007_p1,B0007,104,0.832303,0.83745986,0.83745986,0.0051568747
Baseline persistenza,validation,B0007_p1,B0007,105,0.82936484,0.832303,0.832303,0.0029381514
Baseline persistenza,validation,B0007_p1,B0007,106,0.82412314,0.82936484,0.82936484,0.005241692
Baseline persistenza,validation,B0007_p1,B0007,107,0.8209219,0.82412314,0.82412314,0.0032012463
Baseline persistenza,validation,B0007_p1,B0007,108,0.8215289,0.8209219,0.8209219,-0.0006070137
Baseline persistenza,validation,B0007_p1,B0007,109,0.82130307,0.8215289,0.8215289,0.000225842
Baseline persistenza,validation,B0007_p1,B0007,110,0.81583405,0.82130307,0.82130307,0.005469024
Baseline persistenza,validation,B0007_p1,B0007,111,0.8128839,0.81583405,0.81583405,0.002950132
Baseline persistenza,validation,B0007_p1,B0007,112,0.81297195,0.8128839,0.8128839,-8.803606e-05
Baseline persistenza,validation,B0007_p1,B0007,113,0.81306005,0.81297195,0.81297195,-8.8095665e-05
Baseline persistenza,validation,B0007_p1,B0007,114,0.8103026,0.81306005,0.81306005,0.00275743
Baseline persistenza,validation,B0007_p1,B0007,115,0.80751723,0.8103026,0.8103026,0.0027853847
Baseline persistenza,validation,B0007_p1,B0007,116,0.8048483,0.80751723,0.80751723,0.0026689172
Baseline persistenza,validation,B0007_p1,B0007,117,0.80482537,0.8048483,0.8048483,2.2947788e-05
Baseline persistenza,validation,B0007_p1,B0007,118,0.8050072,0.80482537,0.80482537,-0.00018185377
Baseline persistenza,validation,B0007_p1,B0007,119,0.8156486,0.8050072,0.8050072,-0.010641396
Baseline persistenza,validation,B0007_p1,B0007,120,0.8184016,0.8156486,0.8156486,-0.0027529597
Baseline persistenza,validation,B0007_p1,B0007,121,0.8101531,0.8184016,0.8184016,0.008248448
Baseline persistenza,validation,B0007_p1,B0007,122,0.8048127,0.8101531,0.8101531,0.0053403974
Baseline persistenza,validation,B0007_p1,B0007,123,0.80173075,0.8048127,0.8048127,0.0030819774
Baseline persistenza,validation,B0007_p1,B0007,124,0.79929066,0.80173075,0.80173075,0.002440095
Baseline persistenza,validation,B0007_p1,B0007,125,0.79643315,0.79929066,0.79929066,0.0028575063
Baseline persistenza,validation,B0007_p1,B0007,126,0.79378855,0.79643315,0.79643315,0.0026445985
Baseline persistenza,validation,B0007_p1,B0007,127,0.7935577,0.79378855,0.79378855,0.00023084879
Baseline persistenza,validation,B0007_p1,B0007,128,0.79093546,0.7935577,0.7935577,0.0026222467
Baseline persistenza,validation,B0007_p1,B0007,129,0.7883047,0.79093546,0.79093546,0.0026307702
Baseline persistenza,validation,B0007_p1,B0007,130,0.7884388,0.7883047,0.7883047,-0.00013411045
Baseline persistenza,validation,B0007_p1,B0007,131,0.78534615,0.7884388,0.7884388,0.0030926466
Baseline persistenza,validation,B0007_p1,B0007,132,0.78796774,0.78534615,0.78534615,-0.002621591
Baseline persistenza,validation,B0007_p1,B0007,133,0.7966004,0.78796774,0.78796774,-0.00863266
Baseline persistenza,validation,B0007_p1,B0007,134,0.7880613,0.7966004,0.7966004,0.008539081
Baseline persistenza,validation,B0007_p1,B0007,135,0.7854229,0.7880613,0.7880613,0.0026383996
Baseline persistenza,validation,B0007_p1,B0007,136,0.78274393,0.7854229,0.7854229,0.0026789904
Baseline persistenza,validation,B0007_p1,B0007,137,0.7828347,0.78274393,0.78274393,-9.0777874e-05
Baseline persistenza,validation,B0007_p1,B0007,138,0.78004986,0.7828347,0.7828347,0.0027848482
Baseline persistenza,validation,B0007_p1,B0007,139,0.7772618,0.78004986,0.78004986,0.0027880669
Baseline persistenza,validation,B0007_p1,B0007,140,0.77456486,0.7772618,0.7772618,0.0026969314
Baseline persistenza,validation,B0007_p1,B0007,141,0.7717253,0.77456486,0.77456486,0.0028395653
Baseline persistenza,validation,B0007_p1,B0007,142,0.77186406,0.7717253,0.7717253,-0.00013875961
Baseline persistenza,validation,B0007_p1,B0007,143,0.7693119,0.77186406,0.77186406,0.0025521517
Baseline persistenza,validation,B0007_p1,B0007,144,0.7692805,0.7693119,0.7693119,3.1411648e-05
Baseline persistenza,validation,B0007_p1,B0007,145,0.7664212,0.7692805,0.7692805,0.0028592944
Baseline persistenza,validation,B0007_p1,B0007,146,0.76369125,0.7664212,0.7664212,0.0027299523
Baseline persistenza,validation,B0007_p1,B0007,147,0.7639942,0.76369125,0.76369125,-0.0003029704
Baseline persistenza,validation,B0007_p1,B0007,148,0.76371723,0.7639942,0.7639942,0.00027698278
Baseline persistenza,validation,B0007_p1,B0007,149,0.76667523,0.76371723,0.76371723,-0.0029579997
Baseline persistenza,validation,B0007_p1,B0007,150,0.78015393,0.76667523,0.76667523,-0.013478696
Baseline persistenza,validation,B0007_p1,B0007,151,0.77199596,0.78015393,0.78015393,0.0081579685
Baseline persistenza,validation,B0007_p1,B0007,152,0.76948303,0.77199596,0.77199596,0.0025129318
Baseline persistenza,validation,B0007_p1,B0007,153,0.76663965,0.76948303,0.76948303,0.00284338
Baseline persistenza,validation,B0007_p1,B0007,154,0.7612375,0.76663965,0.76663965,0.005402148
Baseline persistenza,validation,B0007_p1,B0007,155,0.76133186,0.7612375,0.7612375,-9.435415e-05
Baseline persistenza,validation,B0007_p1,B0007,156,0.75837964,0.76133186,0.76133186,0.002952218
Baseline persistenza,validation,B0007_p1,B0007,157,0.75829005,0.75837964,0.75837964,8.958578e-05
Baseline persistenza,validation,B0007_p1,B0007,158,0.7557248,0.75829005,0.75829005,0.0025652647
Baseline persistenza,validation,B0007_p1,B0007,159,0.7531001,0.7557248,0.7557248,0.0026246905
Baseline persistenza,validation,B0007_p1,B0007,160,0.75323355,0.7531001,0.7531001,-0.0001334548
Baseline persistenza,validation,B0007_p1,B0007,161,0.75018245,0.75323355,0.75323355,0.0030511022
Baseline persistenza,validation,B0007_p1,B0007,162,0.75026476,0.75018245,0.75018245,-8.2314014e-05
Baseline persistenza,validation,B0007_p1,B0007,163,0.7477,0.75026476,0.75026476,0.0025647879
Baseline persistenza,validation,B0007_p1,B0007,164,0.7477874,0.7477,0.7477,-8.7440014e-05
Baseline persistenza,validation,B0007_p1,B0007,165,0.7446605,0.7477874,0.7477874,0.0031269193
Baseline persistenza,validation,B0007_p1,B0007,166,0.75600296,0.7446605,0.7446605,-0.011342466
Baseline persistenza,validation,B0007_p1,B0007,167,0.76167583,0.75600296,0.75600296,-0.005672872
Baseline persistenza,test_id,B0018_p1,B0018,10,0.9850639,0.9910298,0.9910298,0.0059658885
Baseline persistenza,test_id,B0018_p1,B0018,11,0.98102295,0.9850639,0.9850639,0.0040409565
Baseline persistenza,test_id,B0018_p1,B0018,12,0.9734956,0.98102295,0.98102295,0.0075273514
Baseline persistenza,test_id,B0018_p1,B0018,13,0.96948737,0.9734956,0.9734956,0.0040082335
Baseline persistenza,test_id,B0018_p1,B0018,14,0.9681109,0.96948737,0.96948737,0.0013764501
Baseline persistenza,test_id,B0018_p1,B0018,15,0.96282196,0.9681109,0.9681109,0.0052889585
Baseline persistenza,test_id,B0018_p1,B0018,16,0.96142024,0.96282196,0.96282196,0.0014017224
Baseline persistenza,test_id,B0018_p1,B0018,17,0.9532663,0.96142024,0.96142024,0.008153915
Baseline persistenza,test_id,B0018_p1,B0018,18,0.9492379,0.9532663,0.9532663,0.0040284395
Baseline persistenza,test_id,B0018_p1,B0018,19,0.9445874,0.9492379,0.9492379,0.0046504736
Baseline persistenza,test_id,B0018_p1,B0018,20,0.9412453,0.9445874,0.9445874,0.003342092
Baseline persistenza,test_id,B0018_p1,B0018,21,0.9287852,0.9412453,0.9412453,0.012460113
Baseline persistenza,test_id,B0018_p1,B0018,22,0.93034804,0.9287852,0.9287852,-0.0015628338
Baseline persistenza,test_id,B0018_p1,B0018,23,0.9281911,0.93034804,0.93034804,0.0021569133
Baseline persistenza,test_id,B0018_p1,B0018,24,0.9508787,0.9281911,0.9281911,-0.022687554
Baseline persistenza,test_id,B0018_p1,B0018,25,0.9419265,0.9508787,0.9508787,0.0089522
Baseline persistenza,test_id,B0018_p1,B0018,26,0.9361979,0.9419265,0.9419265,0.0057286024
Baseline persistenza,test_id,B0018_p1,B0018,27,0.9305526,0.9361979,0.9361979,0.005645275
Baseline persistenza,test_id,B0018_p1,B0018,28,0.923715,0.9305526,0.9305526,0.0068376064
Baseline persistenza,test_id,B0018_p1,B0018,29,0.9208714,0.923715,0.923715,0.0028436184
Baseline persistenza,test_id,B0018_p1,B0018,30,0.9142754,0.9208714,0.9208714,0.006595969
Baseline persistenza,test_id,B0018_p1,B0018,31,0.91159785,0.9142754,0.9142754,0.0026775599
Baseline persistenza,test_id,B0018_p1,B0018,32,0.9053714,0.91159785,0.91159785,0.0062264204
Baseline persistenza,test_id,B0018_p1,B0018,33,0.900843,0.9053714,0.9053714,0.0045284033
Baseline persistenza,test_id,B0018_p1,B0018,34,0.8959679,0.900843,0.900843,0.0048751235
Baseline persistenza,test_id,B0018_p1,B0018,35,0.8908287,0.8959679,0.8959679,0.005139172
Baseline persistenza,test_id,B0018_p1,B0018,36,0.88478315,0.8908287,0.8908287,0.00604558
Baseline persistenza,test_id,B0018_p1,B0018,37,0.88179606,0.88478315,0.88478315,0.0029870868
Baseline persistenza,test_id,B0018_p1,B0018,38,0.8773674,0.88179606,0.88179606,0.0044286847
Baseline persistenza,test_id,B0018_p1,B0018,39,0.9110948,0.8773674,0.8773674,-0.033727407
Baseline persistenza,test_id,B0018_p1,B0018,40,0.89655304,0.9110948,0.9110948,0.014541745
Baseline persistenza,test_id,B0018_p1,B0018,41,0.8873567,0.89655304,0.89655304,0.009196341
Baseline persistenza,test_id,B0018_p1,B0018,42,0.87867707,0.8873567,0.8873567,0.008679628
Baseline persistenza,test_id,B0018_p1,B0018,43,0.87568015,0.87867707,0.87867707,0.0029969215
Baseline persistenza,test_id,B0018_p1,B0018,44,0.8672876,0.87568015,0.87568015,0.008392572
Baseline persistenza,test_id,B0018_p1,B0018,45,0.93863106,0.8672876,0.8672876,-0.07134348
Baseline persistenza,test_id,B0018_p1,B0018,46,0.933119,0.93863106,0.93863106,0.0055120587
Baseline persistenza,test_id,B0018_p1,B0018,47,0.9218427,0.933119,0.933119,0.011276305
Baseline persistenza,test_id,B0018_p1,B0018,48,0.9120334,0.9218427,0.9218427,0.009809315
Baseline persistenza,test_id,B0018_p1,B0018,49,0.90272725,0.9120334,0.9120334,0.009306133
Baseline persistenza,test_id,B0018_p1,B0018,50,0.9058541,0.90272725,0.90272725,-0.0031268597
Baseline persistenza,test_id,B0018_p1,B0018,51,0.895212,0.9058541,0.9058541,0.010642111
Baseline persistenza,test_id,B0018_p1,B0018,52,0.8837586,0.895212,0.895212,0.01145339
Baseline persistenza,test_id,B0018_p1,B0018,53,0.8763623,0.8837586,0.8837586,0.0073962808
Baseline persistenza,test_id,B0018_p1,B0018,54,0.8728719,0.8763623,0.8763623,0.003490448
Baseline persistenza,test_id,B0018_p1,B0018,55,0.9097867,0.8728719,0.8728719,-0.036914825
Baseline persistenza,test_id,B0018_p1,B0018,56,0.89173365,0.9097867,0.9097867,0.018053055
Baseline persistenza,test_id,B0018_p1,B0018,57,0.8769644,0.89173365,0.89173365,0.014769256
Baseline persistenza,test_id,B0018_p1,B0018,58,0.86545706,0.8769644,0.8769644,0.011507332
Baseline persistenza,test_id,B0018_p1,B0018,59,0.86246985,0.86545706,0.86545706,0.002987206
Baseline persistenza,test_id,B0018_p1,B0018,60,0.8589232,0.86246985,0.86246985,0.0035466552
Baseline persistenza,test_id,B0018_p1,B0018,61,0.8502782,0.8589232,0.8589232,0.008644998
Baseline persistenza,test_id,B0018_p1,B0018,62,0.8456277,0.8502782,0.8502782,0.0046504736
Baseline persistenza,test_id,B0018_p1,B0018,63,0.83724886,0.8456277,0.8456277,0.008378863
Baseline persistenza,test_id,B0018_p1,B0018,64,0.83287656,0.83724886,0.83724886,0.0043722987
Baseline persistenza,test_id,B0018_p1,B0018,65,0.8325841,0.83287656,0.83287656,0.00029248
Baseline persistenza,test_id,B0018_p1,B0018,66,0.8274941,0.8325841,0.8325841,0.0050899982
Baseline persistenza,test_id,B0018_p1,B0018,67,0.8189417,0.8274941,0.8274941,0.008552372
Baseline persistenza,test_id,B0018_p1,B0018,68,0.8161668,0.8189417,0.8189417,0.0027748942
Baseline persistenza,test_id,B0018_p1,B0018,69,0.8134116,0.8161668,0.8161668,0.0027552247
Baseline persistenza,test_id,B0018_p1,B0018,70,0.83356416,0.8134116,0.8134116,-0.020152569
Baseline persistenza,test_id,B0018_p1,B0018,71,0.828356,0.83356416,0.83356416,0.0052081347
Baseline persistenza,test_id,B0018_p1,B0018,72,0.8160418,0.828356,0.828356,0.0123142
Baseline persistenza,test_id,B0018_p1,B0018,73,0.8112721,0.8160418,0.8160418,0.0047697425
Baseline persistenza,test_id,B0018_p1,B0018,74,0.8063288,0.8112721,0.8112721,0.004943311
Baseline persistenza,test_id,B0018_p1,B0018,75,0.80492294,0.8063288,0.8063288,0.0014058352
Baseline persistenza,test_id,B0018_p1,B0018,76,0.8009928,0.80492294,0.80492294,0.0039301515
Baseline persistenza,test_id,B0018_p1,B0018,77,0.7980093,0.8009928,0.8009928,0.0029835105
Baseline persistenza,test_id,B0018_p1,B0018,78,0.792613,0.7980093,0.7980093,0.005396247
Baseline persistenza,test_id,B0018_p1,B0018,79,0.78705406,0.792613,0.792613,0.0055589676
Baseline persistenza,test_id,B0018_p1,B0018,80,0.7897257,0.78705406,0.78705406,-0.002671659
Baseline persistenza,test_id,B0018_p1,B0018,81,0.78415644,0.7897257,0.7897257,0.005569279
Baseline persistenza,test_id,B0018_p1,B0018,82,0.78238195,0.78415644,0.78415644,0.0017744899
Baseline persistenza,test_id,B0018_p1,B0018,83,0.7766069,0.78238195,0.78238195,0.0057750344
Baseline persistenza,test_id,B0018_p1,B0018,84,0.77457124,0.7766069,0.7766069,0.0020356774
Baseline persistenza,test_id,B0018_p1,B0018,85,0.7989835,0.77457124,0.77457124,-0.024412274
Baseline persistenza,test_id,B0018_p1,B0018,86,0.7896176,0.7989835,0.7989835,0.009365916
Baseline persistenza,test_id,B0018_p1,B0018,87,0.78431875,0.7896176,0.7896176,0.005298853
Baseline persistenza,test_id,B0018_p1,B0018,88,0.77645934,0.78431875,0.78431875,0.007859409
Baseline persistenza,test_id,B0018_p1,B0018,89,0.7694354,0.77645934,0.77645934,0.0070239305
Baseline persistenza,test_id,B0018_p1,B0018,90,0.7907019,0.7694354,0.7694354,-0.02126652
Baseline persistenza,test_id,B0018_p1,B0018,91,0.77642775,0.7907019,0.7907019,0.01427418
Baseline persistenza,test_id,B0018_p1,B0018,92,0.77174455,0.77642775,0.77642775,0.0046831965
Baseline persistenza,test_id,B0018_p1,B0018,93,0.769493,0.77174455,0.77174455,0.0022515655
Baseline persistenza,test_id,B0018_p1,B0018,94,0.7641219,0.769493,0.769493,0.0053710938
Baseline persistenza,test_id,B0018_p1,B0018,95,0.76562554,0.7641219,0.7641219,-0.0015036464
Baseline persistenza,test_id,B0018_p1,B0018,96,0.7593245,0.76562554,0.76562554,0.0063010454
Baseline persistenza,test_id,B0018_p1,B0018,97,0.7575373,0.7593245,0.7593245,0.0017871857
Baseline persistenza,test_id,B0018_p1,B0018,98,0.7552528,0.7575373,0.7575373,0.0022845268
Baseline persistenza,test_id,B0018_p1,B0018,99,0.7493823,0.7552528,0.7552528,0.0058704615
Baseline persistenza,test_id,B0018_p1,B0018,100,0.7528266,0.7493823,0.7493823,-0.0034442544
Baseline persistenza,test_id,B0018_p1,B0018,101,0.74490315,0.7528266,0.7528266,0.007923424
Baseline persistenza,test_id,B0018_p1,B0018,102,0.7465455,0.74490315,0.74490315,-0.0016423464
Baseline persistenza,test_id,B0018_p1,B0018,103,0.74361134,0.7465455,0.7465455,0.0029341578
Baseline persistenza,test_id,B0018_p1,B0018,104,0.7375042,0.74361134,0.74361134,0.0061071515
Baseline persistenza,test_id,B0018_p1,B0018,105,0.7938843,0.7375042,0.7375042,-0.056380093
Baseline persistenza,test_id,B0018_p1,B0018,106,0.7882683,0.7938843,0.7938843,0.0056159496
Baseline persistenza,test_id,B0018_p1,B0018,107,0.78176737,0.7882683,0.7882683,0.0065009594
Baseline persistenza,test_id,B0018_p1,B0018,108,0.7764551,0.78176737,0.78176737,0.005312264
Baseline persistenza,test_id,B0018_p1,B0018,109,0.76907265,0.7764551,0.7764551,0.0073824525
Baseline persistenza,test_id,B0018_p1,B0018,110,0.7685843,0.76907265,0.76907265,0.00048834085
Baseline persistenza,test_id,B0018_p1,B0018,111,0.7604543,0.7685843,0.7685843,0.008130014
Baseline persistenza,test_id,B0018_p1,B0018,112,0.7584969,0.7604543,0.7604543,0.0019574165
Baseline persistenza,test_id,B0018_p1,B0018,113,0.75562334,0.7584969,0.7584969,0.00287354
Baseline persistenza,test_id,B0018_p1,B0018,114,0.75343865,0.75562334,0.75562334,0.002184689
Baseline persistenza,test_id,B0018_p1,B0018,115,0.7546281,0.75343865,0.75343865,-0.0011894703
Baseline persistenza,test_id,B0018_p1,B0018,116,0.7480872,0.7546281,0.7546281,0.0065408945
Baseline persistenza,test_id,B0018_p1,B0018,117,0.7418545,0.7480872,0.7480872,0.0062327385
Baseline persistenza,test_id,B0018_p1,B0018,118,0.7387389,0.7418545,0.7418545,0.0031155944
Baseline persistenza,test_id,B0018_p1,B0018,119,0.73180556,0.7387389,0.7387389,0.0069333315
Baseline persistenza,test_id,B0018_p1,B0018,120,0.7756259,0.73180556,0.73180556,-0.04382032
Baseline persistenza,test_id,B0018_p1,B0018,121,0.7645394,0.7756259,0.7756259,0.011086464
Baseline persistenza,test_id,B0018_p1,B0018,122,0.7574958,0.7645394,0.7645394,0.0070436
Baseline persistenza,test_id,B0018_p1,B0018,123,0.75464666,0.7574958,0.7574958,0.0028491616
Baseline persistenza,test_id,B0018_p1,B0018,124,0.74482846,0.75464666,0.75464666,0.009818196
Baseline persistenza,test_id,B0018_p1,B0018,125,0.7499966,0.74482846,0.74482846,-0.00516814
Baseline persistenza,test_id,B0018_p1,B0018,126,0.7439972,0.7499966,0.7499966,0.0059993863
Baseline persistenza,test_id,B0018_p1,B0018,127,0.7407783,0.7439972,0.7439972,0.0032188892
Baseline persistenza,test_id,B0018_p1,B0018,128,0.74114144,0.7407783,0.7407783,-0.0003631115
Baseline persistenza,test_id,B0018_p1,B0018,129,0.73486805,0.74114144,0.74114144,0.006273389
Baseline persistenza,test_id,B0018_p1,B0018,130,0.73646206,0.73486805,0.73486805,-0.001594007
Baseline persistenza,test_id,B0018_p1,B0018,131,0.7289901,0.73646206,0.73646206,0.0074719787
Baseline persistenza,test_id,B0042_p1,B0042,16,0.96157336,0.9697696,0.9697696,0.008196235
Baseline persistenza,test_id,B0042_p1,B0042,17,0.9609058,0.96157336,0.96157336,0.000667572
Baseline persistenza,test_id,B0042_p1,B0042,18,0.95650446,0.9609058,0.9609058,0.004401326
Baseline persistenza,test_id,B0042_p1,B0042,19,0.95470464,0.95650446,0.95650446,0.0017998219
Baseline persistenza,test_id,B0042_p1,B0042,20,0.97284096,0.95470464,0.95470464,-0.018136322
Baseline persistenza,test_id,B0042_p1,B0042,21,0.96633387,0.97284096,0.97284096,0.0065070987
Baseline persistenza,test_id,B0042_p1,B0042,22,0.9646731,0.96633387,0.96633387,0.0016607642
Baseline persistenza,test_id,B0042_p1,B0042,23,0.958716,0.9646731,0.9646731,0.0059571266
Baseline persistenza,test_id,B0042_p1,B0042,24,0.9518277,0.958716,0.958716,0.0068882704
Baseline persistenza,test_id,B0042_p1,B0042,25,0.94849056,0.9518277,0.9518277,0.0033371449
Baseline persistenza,test_id,B0042_p1,B0042,26,0.9495583,0.94849056,0.94849056,-0.0010677576
Baseline persistenza,test_id,B0042_p1,B0042,27,0.9508369,0.9495583,0.9495583,-0.0012785792
Baseline persistenza,test_id,B0042_p1,B0042,28,0.943082,0.9508369,0.9508369,0.007754922
Baseline persistenza,test_id,B0042_p1,B0042,29,0.9396023,0.943082,0.943082,0.0034796596
Baseline persistenza,test_id,B0042_p1,B0042,30,0.9365803,0.9396023,0.9396023,0.003022015
Baseline persistenza,test_id,B0042_p1,B0042,31,0.93699163,0.9365803,0.9365803,-0.00041133165
Baseline persistenza,test_id,B0042_p1,B0042,32,0.93424404,0.93699163,0.93699163,0.0027475953
Baseline persistenza,test_id,B0042_p1,B0042,33,0.9299685,0.93424404,0.93424404,0.0042755604
Baseline persistenza,test_id,B0042_p1,B0042,34,0.92653275,0.9299685,0.9299685,0.003435731
Baseline persistenza,test_id,B0042_p1,B0042,35,0.92235184,0.92653275,0.92653275,0.004180908
Baseline persistenza,test_id,B0042_p1,B0042,36,0.9227268,0.92235184,0.92235184,-0.00037497282
Baseline persistenza,test_id,B0042_p1,B0042,37,0.9189781,0.9227268,0.9227268,0.003748715
Baseline persistenza,test_id,B0042_p1,B0042,38,0.91884816,0.9189781,0.9189781,0.00012993813
Baseline persistenza,test_id,B0042_p1,B0042,39,0.9141792,0.91884816,0.91884816,0.004668951
Baseline persistenza,test_id,B0042_p1,B0042,40,0.9058922,0.9141792,0.9141792,0.008287013
Baseline persistenza,test_id,B0043_p1,B0043,16,0.94864297,0.9535306,0.9535306,0.0048876405
Baseline persistenza,test_id,B0043_p1,B0043,17,0.94428927,0.94864297,0.94864297,0.004353702
Baseline persistenza,test_id,B0043_p1,B0043,18,0.93967825,0.94428927,0.94428927,0.0046110153
Baseline persistenza,test_id,B0043_p1,B0043,19,0.937005,0.93967825,0.93967825,0.0026732683
Baseline persistenza,test_id,B0043_p1,B0043,20,0.9485732,0.937005,0.937005,-0.011568189
Baseline persistenza,test_id,B0043_p1,B0043,21,0.9454751,0.9485732,0.9485732,0.0030980706
Baseline persistenza,test_id,B0043_p1,B0043,22,0.94011545,0.9454751,0.9454751,0.0053596497
Baseline persistenza,test_id,B0043_p1,B0043,23,0.93395305,0.94011545,0.94011545,0.006162405
Baseline persistenza,test_id,B0043_p1,B0043,24,0.9303274,0.93395305,0.93395305,0.0036256313
Baseline persistenza,test_id,B0043_p1,B0043,25,0.9267414,0.9303274,0.9303274,0.0035859942
Baseline persistenza,test_id,B0043_p1,B0043,26,0.92401046,0.9267414,0.9267414,0.0027309656
Baseline persistenza,test_id,B0043_p1,B0043,27,0.9215206,0.92401046,0.92401046,0.0024898648
Baseline persistenza,test_id,B0043_p1,B0043,28,0.91730696,0.9215206,0.9215206,0.004213631
Baseline persistenza,test_id,B0043_p1,B0043,29,0.9173778,0.91730696,0.91730696,-7.086992e-05
Baseline persistenza,test_id,B0043_p1,B0043,30,0.9104634,0.9173778,0.9173778,0.006914437
Baseline persistenza,test_id,B0043_p1,B0043,31,0.9067986,0.9104634,0.9104634,0.0036647916
Baseline persistenza,test_id,B0043_p1,B0043,32,0.9037661,0.9067986,0.9067986,0.0030325055
Baseline persistenza,test_id,B0043_p1,B0043,33,0.899422,0.9037661,0.9037661,0.0043441057
Baseline persistenza,test_id,B0043_p1,B0043,34,0.89201474,0.899422,0.899422,0.007407248
Baseline persistenza,test_id,B0043_p1,B0043,35,0.88755214,0.89201474,0.89201474,0.0044625998
Baseline persistenza,test_id,B0043_p1,B0043,36,0.88767964,0.88755214,0.88755214,-0.00012749434
Baseline persistenza,test_id,B0043_p1,B0043,37,0.88754725,0.88767964,0.88767964,0.00013238192
Baseline persistenza,test_id,B0043_p1,B0043,38,0.88332456,0.88754725,0.88754725,0.004222691
Baseline persistenza,test_id,B0043_p1,B0043,39,0.8785111,0.88332456,0.88332456,0.0048134923
Baseline persistenza,test_id,B0043_p1,B0043,40,0.8739114,0.8785111,0.8785111,0.0045996904
Baseline persistenza,test_ood,B0029_p1,B0029,10,0.9832192,0.9781473,0.9781473,-0.0050718784
Baseline persistenza,test_ood,B0029_p1,B0029,11,0.97469985,0.9832192,0.9832192,0.0085193515
Baseline persistenza,test_ood,B0029_p1,B0029,12,0.96738136,0.97469985,0.97469985,0.0073184967
Baseline persistenza,test_ood,B0029_p1,B0029,13,0.9661798,0.96738136,0.96738136,0.00120157
Baseline persistenza,test_ood,B0029_p1,B0029,14,0.9578891,0.9661798,0.9661798,0.008290708
Baseline persistenza,test_ood,B0029_p1,B0029,15,0.98019224,0.9578891,0.9578891,-0.022303164
Baseline persistenza,test_ood,B0029_p1,B0029,16,0.9724403,0.98019224,0.98019224,0.0077519417
Baseline persistenza,test_ood,B0029_p1,B0029,17,0.9651074,0.9724403,0.9724403,0.007332921
Baseline persistenza,test_ood,B0029_p1,B0029,18,0.9571905,0.9651074,0.9651074,0.007916868
Baseline persistenza,test_ood,B0029_p1,B0029,19,0.9534468,0.9571905,0.9571905,0.0037437081
Baseline persistenza,test_ood,B0029_p1,B0029,20,0.95713204,0.9534468,0.9534468,-0.003685236
Baseline persistenza,test_ood,B0029_p1,B0029,21,0.9486034,0.95713204,0.95713204,0.00852865
Baseline persistenza,test_ood,B0029_p1,B0029,22,0.94639736,0.9486034,0.9486034,0.0022060275
Baseline persistenza,test_ood,B0029_p1,B0029,23,0.9368149,0.94639736,0.94639736,0.00958246
Baseline persistenza,test_ood,B0029_p1,B0029,24,0.9327817,0.9368149,0.9368149,0.004033208
Baseline persistenza,test_ood,B0029_p1,B0029,25,0.94345164,0.9327817,0.9327817,-0.010669947
Baseline persistenza,test_ood,B0029_p1,B0029,26,0.9349838,0.94345164,0.94345164,0.008467853
Baseline persistenza,test_ood,B0029_p1,B0029,27,0.93070686,0.9349838,0.9349838,0.0042769313
Baseline persistenza,test_ood,B0029_p1,B0029,28,0.92800397,0.93070686,0.93070686,0.0027028918
Baseline persistenza,test_ood,B0029_p1,B0029,29,0.92435056,0.92800397,0.92800397,0.003653407
Baseline persistenza,test_ood,B0029_p1,B0029,30,0.9218198,0.92435056,0.92435056,0.0025307536
Baseline persistenza,test_ood,B0029_p1,B0029,31,0.91906345,0.9218198,0.9218198,0.0027563572
Baseline persistenza,test_ood,B0029_p1,B0029,32,0.90830576,0.91906345,0.91906345,0.010757685
Baseline persistenza,test_ood,B0029_p1,B0029,33,0.90374076,0.90830576,0.90830576,0.0045650005
Baseline persistenza,test_ood,B0029_p1,B0029,34,0.9063118,0.90374076,0.90374076,-0.0025710464
Baseline persistenza,test_ood,B0029_p1,B0029,35,0.9112198,0.9063118,0.9063118,-0.0049079657
Baseline persistenza,test_ood,B0029_p1,B0029,36,0.9065784,0.9112198,0.9112198,0.004641354
Baseline persistenza,test_ood,B0029_p1,B0029,37,0.8963302,0.9065784,0.9065784,0.010248244
Baseline persistenza,test_ood,B0029_p1,B0029,38,0.89222234,0.8963302,0.8963302,0.004107833
Baseline persistenza,test_ood,B0029_p1,B0029,39,0.88783115,0.89222234,0.89222234,0.0043911934
Baseline persistenza,test_ood,B0030_p1,B0030,10,0.98106015,0.96990836,0.96990836,-0.011151791
Baseline persistenza,test_ood,B0030_p1,B0030,11,0.97230905,0.98106015,0.98106015,0.008751094
Baseline persistenza,test_ood,B0030_p1,B0030,12,0.96443737,0.97230905,0.97230905,0.007871687
Baseline persistenza,test_ood,B0030_p1,B0030,13,0.9565342,0.96443737,0.96443737,0.007903159
Baseline persistenza,test_ood,B0030_p1,B0030,14,0.95438045,0.9565342,0.9565342,0.0021537542
Baseline persistenza,test_ood,B0030_p1,B0030,15,0.9837595,0.95438045,0.95438045,-0.02937907
Baseline persistenza,test_ood,B0030_p1,B0030,16,0.97571135,0.9837595,0.9837595,0.008048177
Baseline persistenza,test_ood,B0030_p1,B0030,17,0.9613226,0.97571135,0.97571135,0.01438874
Baseline persistenza,test_ood,B0030_p1,B0030,18,0.95275134,0.9613226,0.9613226,0.008571267
Baseline persistenza,test_ood,B0030_p1,B0030,19,0.9488022,0.95275134,0.95275134,0.0039491653
Baseline persistenza,test_ood,B0030_p1,B0030,20,0.95259035,0.9488022,0.9488022,-0.0037881732
Baseline persistenza,test_ood,B0030_p1,B0030,21,0.9434893,0.95259035,0.95259035,0.009101033
Baseline persistenza,test_ood,B0030_p1,B0030,22,0.9410456,0.9434893,0.9434893,0.0024437308
Baseline persistenza,test_ood,B0030_p1,B0030,23,0.9309182,0.9410456,0.9410456,0.010127366
Baseline persistenza,test_ood,B0030_p1,B0030,24,0.92663085,0.9309182,0.9309182,0.004287362
Baseline persistenza,test_ood,B0030_p1,B0030,25,0.94430476,0.92663085,0.92663085,-0.01767391
Baseline persistenza,test_ood,B0030_p1,B0030,26,0.9353559,0.94430476,0.94430476,0.008948863
Baseline persistenza,test_ood,B0030_p1,B0030,27,0.924129,0.9353559,0.9353559,0.0112268925
Baseline persistenza,test_ood,B0030_p1,B0030,28,0.9210313,0.924129,0.924129,0.003097713
Baseline persistenza,test_ood,B0030_p1,B0030,29,0.9171627,0.9210313,0.9210313,0.0038685799
Baseline persistenza,test_ood,B0030_p1,B0030,30,0.92126966,0.9171627,0.9171627,-0.004106939
Baseline persistenza,test_ood,B0030_p1,B0030,31,0.9112744,0.92126966,0.92126966,0.009995282
Baseline persistenza,test_ood,B0030_p1,B0030,32,0.9071352,0.9112744,0.9112744,0.004139185
Baseline persistenza,test_ood,B0030_p1,B0030,33,0.9022655,0.9071352,0.9071352,0.0048696995
Baseline persistenza,test_ood,B0030_p1,B0030,34,0.904586,0.9022655,0.9022655,-0.002320528
Baseline persistenza,test_ood,B0030_p1,B0030,35,0.90975344,0.904586,0.904586,-0.0051674247
Baseline persistenza,test_ood,B0030_p1,B0030,36,0.9047997,0.90975344,0.90975344,0.004953742
Baseline persistenza,test_ood,B0030_p1,B0030,37,0.9012142,0.9047997,0.9047997,0.0035855174
Baseline persistenza,test_ood,B0030_p1,B0030,38,0.8966468,0.9012142,0.9012142,0.0045673847
Baseline persistenza,test_ood,B0030_p1,B0030,39,0.8921227,0.8966468,0.8966468,0.0045241117
Baseline persistenza,test_ood,B0031_p1,B0031,10,0.9895714,0.9845389,0.9845389,-0.0050324798
Baseline persistenza,test_ood,B0031_p1,B0031,11,0.9872119,0.9895714,0.9895714,0.0023595095
Baseline persistenza,test_ood,B0031_p1,B0031,12,0.9800775,0.9872119,0.9872119,0.007134378
Baseline persistenza,test_ood,B0031_p1,B0031,13,0.9789777,0.9800775,0.9800775,0.0010998249
Baseline persistenza,test_ood,B0031_p1,B0031,14,0.9707952,0.9789777,0.9789777,0.008182466
Baseline persistenza,test_ood,B0031_p1,B0031,15,0.96164805,0.9707952,0.9707952,0.009147167
Baseline persistenza,test_ood,B0031_p1,B0031,16,0.9855019,0.96164805,0.96164805,-0.023853838
Baseline persistenza,test_ood,B0031_p1,B0031,17,0.9781377,0.9855019,0.9855019,0.0073642135
Baseline persistenza,test_ood,B0031_p1,B0031,18,0.9768086,0.9781377,0.9781377,0.0013290644
Baseline persistenza,test_ood,B0031_p1,B0031,19,0.9666799,0.9768086,0.9768086,0.0101287365
Baseline persistenza,test_ood,B0031_p1,B0031,20,0.976945,0.9666799,0.9666799,-0.010265112
Baseline persistenza,test_ood,B0031_p1,B0031,21,0.96864355,0.976945,0.976945,0.008301437
Baseline persistenza,test_ood,B0031_p1,B0031,22,0.9665702,0.96864355,0.96864355,0.0020733476
Baseline persistenza,test_ood,B0031_p1,B0031,23,0.9569969,0.9665702,0.9665702,0.009573281
Baseline persistenza,test_ood,B0031_p1,B0031,24,0.9533764,0.9569969,0.9569969,0.0036205053
Baseline persistenza,test_ood,B0031_p1,B0031,25,0.9639699,0.9533764,0.9533764,-0.010593474
Baseline persistenza,test_ood,B0031_p1,B0031,26,0.96248126,0.9639699,0.9639699,0.001488626
Baseline persistenza,test_ood,B0031_p1,B0031,27,0.9515222,0.96248126,0.96248126,0.010959089
Baseline persistenza,test_ood,B0031_p1,B0031,28,0.9492023,0.9515222,0.9515222,0.0023198724
Baseline persistenza,test_ood,B0031_p1,B0031,29,0.9455064,0.9492023,0.9492023,0.0036959052
Baseline persistenza,test_ood,B0031_p1,B0031,30,0.9497317,0.9455064,0.9455064,-0.0042253137
Baseline persistenza,test_ood,B0031_p1,B0031,31,0.9473015,0.9497317,0.9497317,0.0024302006
Baseline persistenza,test_ood,B0031_p1,B0031,32,0.9366348,0.9473015,0.9473015,0.010666728
Baseline persistenza,test_ood,B0031_p1,B0031,33,0.9391775,0.9366348,0.9366348,-0.0025427341
Baseline persistenza,test_ood,B0031_p1,B0031,34,0.9349228,0.9391775,0.9391775,0.0042546988
Baseline persistenza,test_ood,B0031_p1,B0031,35,0.939742,0.9349228,0.9349228,-0.0048192143
Baseline persistenza,test_ood,B0031_p1,B0031,36,0.935303,0.939742,0.939742,0.004439056
Baseline persistenza,test_ood,B0031_p1,B0031,37,0.9321246,0.935303,0.935303,0.003178358
Baseline persistenza,test_ood,B0031_p1,B0031,38,0.9282684,0.9321246,0.9321246,0.0038562417
Baseline persistenza,test_ood,B0031_p1,B0031,39,0.92399853,0.9282684,0.9282684,0.0042698383
Baseline persistenza,test_ood,B0032_p1,B0032,10,0.97292316,0.96800023,0.96800023,-0.0049229264
Baseline persistenza,test_ood,B0032_p1,B0032,11,0.96463156,0.97292316,0.97292316,0.008291602
Baseline persistenza,test_ood,B0032_p1,B0032,12,0.95773613,0.96463156,0.96463156,0.006895423
Baseline persistenza,test_ood,B0032_p1,B0032,13,0.95071566,0.95773613,0.95773613,0.0070204735
Baseline persistenza,test_ood,B0032_p1,B0032,14,0.9488075,0.95071566,0.95071566,0.0019081831
Baseline persistenza,test_ood,B0032_p1,B0032,15,0.96463746,0.9488075,0.9488075,-0.01582998
Baseline persistenza,test_ood,B0032_p1,B0032,16,0.96320456,0.96463746,0.96463746,0.0014328957
Baseline persistenza,test_ood,B0032_p1,B0032,17,0.9562217,0.96320456,0.96320456,0.006982863
Baseline persistenza,test_ood,B0032_p1,B0032,18,0.94861937,0.9562217,0.9562217,0.007602334
Baseline persistenza,test_ood,B0032_p1,B0032,19,0.93878263,0.94861937,0.94861937,0.009836733
Baseline persistenza,test_ood,B0032_p1,B0032,20,0.94867885,0.93878263,0.93878263,-0.009896219
Baseline persistenza,test_ood,B0032_p1,B0032,21,0.94064736,0.94867885,0.94867885,0.008031487
Baseline persistenza,test_ood,B0032_p1,B0032,22,0.93214774,0.94064736,0.94064736,0.008499622
Baseline persistenza,test_ood,B0032_p1,B0032,23,0.92936206,0.93214774,0.93214774,0.0027856827
Baseline persistenza,test_ood,B0032_p1,B0032,24,0.9193793,0.92936206,0.92936206,0.009982765
Baseline persistenza,test_ood,B0032_p1,B0032,25,0.9361016,0.9193793,0.9193793,-0.016722322
Baseline persistenza,test_ood,B0032_p1,B0032,26,0.9215514,0.9361016,0.9361016,0.014550209
Baseline persistenza,test_ood,B0032_p1,B0032,27,0.9174951,0.9215514,0.9215514,0.0040563345
Baseline persistenza,test_ood,B0032_p1,B0032,28,0.9086625,0.9174951,0.9174951,0.008832574
Baseline persistenza,test_ood,B0032_p1,B0032,29,0.91156113,0.9086625,0.9086625,-0.0028986335
Baseline persistenza,test_ood,B0032_p1,B0032,30,0.91562784,0.91156113,0.91156113,-0.0040667057
Baseline persistenza,test_ood,B0032_p1,B0032,31,0.90669537,0.91562784,0.91562784,0.008932471
Baseline persistenza,test_ood,B0032_p1,B0032,32,0.9029505,0.90669537,0.90669537,0.0037448406
Baseline persistenza,test_ood,B0032_p1,B0032,33,0.8920087,0.9029505,0.9029505,0.010941803
Baseline persistenza,test_ood,B0032_p1,B0032,34,0.8944744,0.8920087,0.8920087,-0.0024656653
Baseline persistenza,test_ood,B0032_p1,B0032,35,0.90589076,0.8944744,0.8944744,-0.011416376
Baseline persistenza,test_ood,B0032_p1,B0032,36,0.89490026,0.90589076,0.90589076,0.0109905
Baseline persistenza,test_ood,B0032_p1,B0032,37,0.8916791,0.89490026,0.89490026,0.0032211542
Baseline persistenza,test_ood,B0032_p1,B0032,38,0.8810613,0.8916791,0.8916791,0.010617793
Baseline persistenza,test_ood,B0032_p1,B0032,39,0.876872,0.8810613,0.8810613,0.0041893125
Baseline persistenza,test_ood,B0042_p2,B0042,97,0.8444038,0.84841186,0.84841186,0.0040080547
Baseline persistenza,test_ood,B0042_p2,B0042,98,0.83652055,0.8444038,0.8444038,0.007883251
Baseline persistenza,test_ood,B0042_p2,B0042,99,0.8332597,0.83652055,0.83652055,0.003260851
Baseline persistenza,test_ood,B0042_p2,B0042,100,0.8268733,0.8332597,0.8332597,0.0063863993
Baseline persistenza,test_ood,B0042_p2,B0042,101,0.8182754,0.8268733,0.8268733,0.00859791
Baseline persistenza,test_ood,B0042_p2,B0042,102,0.81910336,0.8182754,0.8182754,-0.0008279681
Baseline persistenza,test_ood,B0042_p2,B0042,103,0.8097516,0.81910336,0.81910336,0.00935179
Baseline persistenza,test_ood,B0042_p2,B0042,104,0.8077394,0.8097516,0.8097516,0.0020121932
Baseline persistenza,test_ood,B0042_p2,B0042,105,0.80601215,0.8077394,0.8077394,0.0017272234
Baseline persistenza,test_ood,B0042_p2,B0042,106,0.7950754,0.80601215,0.80601215,0.010936737
Baseline persistenza,test_ood,B0042_p2,B0042,107,0.79575366,0.7950754,0.7950754,-0.00067824125
Baseline persistenza,test_ood,B0042_p2,B0042,108,0.7910941,0.79575366,0.79575366,0.0046595335
Baseline persistenza,test_ood,B0042_p2,B0042,109,0.7851291,0.7910941,0.7910941,0.005965054
Baseline persistenza,test_ood,B0042_p2,B0042,110,0.7782113,0.7851291,0.7851291,0.0069177747
Baseline persistenza,test_ood,B0042_p2,B0042,111,0.7738931,0.7782113,0.7782113,0.0043181777
Baseline persistenza,test_ood,B0043_p2,B0043,97,0.85993755,0.8662328,0.8662328,0.006295264
Baseline persistenza,test_ood,B0043_p2,B0043,98,0.8519736,0.85993755,0.85993755,0.007963955
Baseline persistenza,test_ood,B0043_p2,B0043,99,0.8443309,0.8519736,0.8519736,0.0076426864
Baseline persistenza,test_ood,B0043_p2,B0043,100,0.8333455,0.8443309,0.8443309,0.010985434
Baseline persistenza,test_ood,B0043_p2,B0043,101,0.8244438,0.8333455,0.8333455,0.008901656
Baseline persistenza,test_ood,B0043_p2,B0043,102,0.82315665,0.8244438,0.8244438,0.0012871623
Baseline persistenza,test_ood,B0043_p2,B0043,103,0.8118834,0.82315665,0.82315665,0.011273265
Baseline persistenza,test_ood,B0043_p2,B0043,104,0.8097032,0.8118834,0.8118834,0.0021802187
Baseline persistenza,test_ood,B0043_p2,B0043,105,0.80345476,0.8097032,0.8097032,0.0062484145
Baseline persistenza,test_ood,B0043_p2,B0043,106,0.78992933,0.80345476,0.80345476,0.013525426
Baseline persistenza,test_ood,B0043_p2,B0043,107,0.7884199,0.78992933,0.78992933,0.001509428
Baseline persistenza,test_ood,B0043_p2,B0043,108,0.7816225,0.7884199,0.7884199,0.0067973733
Baseline persistenza,test_ood,B0043_p2,B0043,109,0.7733174,0.7816225,0.7816225,0.008305132
Baseline persistenza,test_ood,B0043_p2,B0043,110,0.76605076,0.7733174,0.7733174,0.0072666407
Baseline persistenza,test_ood,B0043_p2,B0043,111,0.7593145,0.76605076,0.76605076,0.0067362785
